url,source_of_discovery,first_seen
https://www.thedailystar.net/slow-reads/focus/news/the-forgotten-luminary-bangladeshs-liberation-war-3945801,search:liberation war [slow-reads]|listing:slow-reads/slow-reads-special|sitemap,2026-10-05T09:07:22+00:00
https://www.thedailystar.net/slow-reads/focus/news/battle-ground-baliadanga-milestone-our-liberation-war-2205411,search:liberation war [slow-reads]|listing:in-focus|sitemap,2026-10-05T09:07:22+00:00
https://www.thedailystar.net/slow-reads/focus/news/women-photographers-the-bangladesh-liberation-war-3197181,search:liberation war [slow-reads]|listing:in-focus|sitemap|package:supplements/victory-day-special-2022,2026-10-05T09:07:22+00:00
https://www.thedailystar.net/slow-reads/focus/news/man-hard-find-3945766,search:liberation war [slow-reads]|listing:in-focus|listing:slow-reads/slow-reads-special|sitemap,2026-10-05T09:07:22+00:00
https://www.thedailystar.net/slow-reads/slow-reads-special/news/genesis-genocide-report-4134546,search:liberation war [slow-reads]|listing:in-focus|listing:slow-reads/slow-reads-special|listing:slow-reads/slow-reads-special/operation-searchlight|sitemap,2026-10-05T09:07:22+00:00
https://www.thedailystar.net/slow-reads/focus/news/silencing-the-subaltern-voice-3574441,search:liberation war [slow-reads]|listing:in-focus|sitemap,2026-10-05T09:07:22+00:00
https://www.thedailystar.net/slow-reads/focus/news/operation-jackpot-how-bangladeshs-naval-commandos-struck-pakistans-lifeline-1971-4252981,search:liberation war [slow-reads]|listing:in-focus|sitemap,2026-10-05T09:07:22+00:00
https://www.thedailystar.net/slow-reads/focus/news/memories-indigo-rebellion-and-the-question-national-identity-4178196,search:liberation war [slow-reads]|listing:in-focus|sitemap,2026-10-05T09:07:22+00:00
https://www.thedailystar.net/slow-reads/focus/news/maj-gen-ishfakul-majid-soldier-gentleman-2210766,search:liberation war [slow-reads]|listing:in-focus|sitemap,2026-10-05T09:07:22+00:00
https://www.thedailystar.net/slow-reads/focus/news/british-witness-bangladesh-genocide-val-hardings-1971-story-4047561,search:1971 [slow-reads]|listing:in-focus|sitemap,2026-10-05T09:07:22+00:00
https://www.thedailystar.net/slow-reads/focus/news/wartime-treatment-the-heroes-who-saved-lives-silently-3777526,search:1971 [slow-reads]|listing:in-focus|sitemap,2026-10-05T09:07:22+00:00
https://www.thedailystar.net/slow-reads/focus/news/the-proclamation-gave-bangladesh-its-statehood-4148281,search:1971 [slow-reads]|listing:in-focus|sitemap,2026-10-05T09:07:22+00:00
https://www.thedailystar.net/slow-reads/focus/news/the-untold-story-behind-1971s-two-most-haunting-photographs-4056081,search:1971 [slow-reads]|listing:in-focus|listing:slow-reads/slow-reads-special|sitemap,2026-10-05T09:07:22+00:00
https://www.thedailystar.net/slow-reads/focus/news/why-does-tagore-still-trouble-bangladeshs-idea-us-4290436,search:1971 [slow-reads]|listing:slow-reads|listing:in-focus|sitemap,2026-10-05T09:07:22+00:00
https://www.thedailystar.net/slow-reads/focus/news/how-music-carried-bangladeshs-struggle-the-world-4059121,search:1971 [slow-reads]|listing:in-focus|listing:slow-reads/slow-reads-special|sitemap,2026-10-05T09:07:22+00:00
https://www.thedailystar.net/slow-reads/focus/news/the-art-lover-who-stole-the-love-letter-bangladeshs-freedom-4059101,search:1971 [slow-reads]|listing:in-focus|sitemap,2026-10-05T09:07:22+00:00
https://www.thedailystar.net/slow-reads/focus/news/the-making-bangladeshs-leftist-politics-3970861,search:Muktijuddho [slow-reads]|listing:in-focus|sitemap,2026-10-05T09:07:22+00:00
https://www.thedailystar.net/slow-reads/focus/news/bangladesh-and-1971-3558381,search:Muktijuddho [slow-reads]|listing:in-focus|sitemap,2026-10-05T09:07:22+00:00
https://www.thedailystar.net/slow-reads/focus/news/ethical-encounters-look-women-war-and-cinema-bangladesh-3150546,search:Muktijuddho [slow-reads]|listing:in-focus|sitemap,2026-10-05T09:07:22+00:00
https://www.thedailystar.net/slow-reads/focus/news/untold-stories-1971-through-private-letters-4266326,search:Muktijuddho [slow-reads]|listing:in-focus|sitemap,2026-10-05T09:07:22+00:00
https://www.thedailystar.net/slow-reads/focus/news/it-was-the-morning-after-nuclear-attack-2142386,search:Muktijuddho [slow-reads]|search:Muktijuddho memories [views/in-focus]|listing:in-focus|sitemap,2026-10-05T09:07:22+00:00
https://www.thedailystar.net/slow-reads/focus/news/the-pain-water-4026791,search:Muktijuddho [slow-reads]|listing:in-focus|sitemap,2026-10-05T09:07:22+00:00
https://www.thedailystar.net/slow-reads/focus/news/dhirendranath-dutta-portrait-patriot-2224291,search:Muktijuddho [slow-reads]|listing:in-focus|sitemap,2026-10-05T09:07:22+00:00
https://www.thedailystar.net/slow-reads/slow-reads-special/news/genocide-1505440,search:genocide [slow-reads]|listing:in-focus|listing:slow-reads/slow-reads-special|listing:slow-reads/slow-reads-special/operation-searchlight|sitemap|package:supplements/victory-day-special-2017,2026-10-05T09:07:22+00:00
https://www.thedailystar.net/slow-reads/focus/news/the-day-we-made-tryst-destiny-2972141,search:genocide [slow-reads]|listing:in-focus|sitemap,2026-10-05T09:07:22+00:00
https://www.thedailystar.net/slow-reads/focus/news/marc-ribouds-bangladesh-1971-mourning-and-morning-3156566,search:genocide [slow-reads]|listing:in-focus|sitemap,2026-10-05T09:07:22+00:00
https://www.thedailystar.net/slow-reads/focus/news/gender-and-genocide-bangladesh-3772441,search:genocide [slow-reads]|listing:in-focus|sitemap,2026-10-05T09:07:22+00:00
https://www.thedailystar.net/slow-reads/focus/news/unsung-hero-tajuddin-ahmad-and-the-bangladesh-revolution-3945786,search:genocide [slow-reads]|listing:slow-reads/slow-reads-special|sitemap,2026-10-05T09:07:22+00:00
https://www.thedailystar.net/slow-reads/focus/news/blind-spots-and-biases-bangladesh-studies-1754635,search:genocide [slow-reads]|listing:in-focus|sitemap,2026-10-05T09:07:22+00:00
https://www.thedailystar.net/slow-reads/slow-reads-special/operation-searchlight/news/echoes-anne-frank-swatis-war-diary-4135246,search:Operation Searchlight [slow-reads]|listing:in-focus|listing:slow-reads/slow-reads-special|listing:slow-reads/slow-reads-special/operation-searchlight|sitemap,2026-10-05T09:07:22+00:00
https://www.thedailystar.net/slow-reads/focus/news/snippets-our-history-heritage-3269836,search:Operation Searchlight [slow-reads]|listing:in-focus|sitemap,2026-10-05T09:07:22+00:00
https://www.thedailystar.net/slow-reads/focus/news/how-does-pakistan-write-1971-4130621,search:Operation Searchlight [slow-reads]|search:USSR China 1971 [slow-reads]|listing:in-focus|sitemap,2026-10-05T09:07:22+00:00
https://www.thedailystar.net/slow-reads/focus/news/maleka-khan-guardian-memory-4157096,search:Mukti Bahini [slow-reads]|listing:in-focus|sitemap,2026-10-05T09:07:22+00:00
https://www.thedailystar.net/slow-reads/focus/news/the-enduring-legacy-the-2nd-bangladesh-liberation-war-course-4241891,search:Mukti Bahini [slow-reads]|listing:in-focus|sitemap,2026-10-05T09:07:22+00:00
https://www.thedailystar.net/slow-reads/focus/news/the-forgotten-history-football-bangladesh-4214576,search:Mukti Bahini [slow-reads]|listing:in-focus|sitemap,2026-10-05T09:07:22+00:00
https://www.thedailystar.net/slow-reads/focus/news/kamruddin-ahmad-visionary-political-thinker-we-must-remember-3825991,search:Mukti Bahini [slow-reads]|listing:in-focus|sitemap,2026-10-05T09:07:22+00:00
https://www.thedailystar.net/slow-reads/focus/news/witnessing-nation-the-making-journalists-journey-mujibnagar-4153696,search:Mujibnagar [slow-reads]|listing:in-focus|sitemap,2026-10-05T09:07:22+00:00
https://www.thedailystar.net/slow-reads/focus/news/bangladesh-speaks-the-world-4153116,search:Mujibnagar [slow-reads]|listing:in-focus|sitemap,2026-10-05T09:07:22+00:00
https://www.thedailystar.net/slow-reads/focus/news/the-night-unspeakable-horror-survivors-account-3462816,search:Mujibnagar [slow-reads]|listing:in-focus|sitemap,2026-10-05T09:07:22+00:00
https://www.thedailystar.net/slow-reads/slow-reads-special/news/the-bangladeshi-diaspora-britain-forgotten-front-1971-4059086,search:Mujibnagar [slow-reads]|sitemap:slug,2026-10-05T09:07:22+00:00
https://www.thedailystar.net/slow-reads/focus/news/football-freedom-colonial-bengal-bangladesh-4225591,search:Mujibnagar [slow-reads]|listing:in-focus|sitemap,2026-10-05T09:07:22+00:00
https://www.thedailystar.net/slow-reads/unheard-voices/news/sea-widows-when-fishermen-never-return-the-sea-4182211,search:Mujibnagar [slow-reads]|listing:slow-reads/unheard-voices|sitemap,2026-10-05T09:07:22+00:00
https://www.thedailystar.net/slow-reads/focus/news/those-who-attempted-assassinate-jinnah-and-called-him-kafir-e-azam-4102861,search:Razakar [slow-reads]|listing:in-focus|sitemap,2026-10-05T09:07:22+00:00
https://www.thedailystar.net/slow-reads/focus/news/mufazzal-haider-chaudhury-and-the-idea-bangladesh-4232936,search:Razakar [slow-reads]|listing:in-focus|sitemap,2026-10-05T09:07:22+00:00
https://www.thedailystar.net/slow-reads/slow-reads-special/news/life-lit-courage-4057396,search:Razakar [slow-reads]|package:supplements/martyred-intellectuals-day-2025,2026-10-05T09:07:22+00:00
https://www.thedailystar.net/slow-reads/focus/news/the-crime-being-bengali-the-untold-story-bengali-internment-pakistan-3944131,search:freedom fighters [slow-reads]|listing:in-focus|sitemap,2026-10-05T09:07:22+00:00
https://www.thedailystar.net/slow-reads/focus/news/deshpriya-jatindra-mohan-nellie-sengupta-2036981,search:freedom fighters [slow-reads]|listing:in-focus|sitemap,2026-10-05T09:07:22+00:00
https://www.thedailystar.net/slow-reads/focus/news/the-australian-doctor-who-witnessed-what-bangladesh-wanted-forget-4118701,search:freedom fighters [slow-reads]|listing:in-focus|listing:slow-reads/slow-reads-special|listing:slow-reads/slow-reads-special/operation-searchlight|sitemap,2026-10-05T09:07:22+00:00
https://www.thedailystar.net/slow-reads/focus/news/nazrul-the-eternal-rebel-warrior-100-years-later-3034741,search:freedom fighters [slow-reads]|listing:in-focus|sitemap,2026-10-05T09:07:22+00:00
https://www.thedailystar.net/slow-reads/slow-reads-special/news/birangona-women-bangladesh-3857816,search:birangona [slow-reads]|listing:in-focus|listing:slow-reads/slow-reads-special|listing:slow-reads/slow-reads-special/operation-searchlight|sitemap|package:supplements/independence-day-special-2024-0|package:supplements/independence-day-special-2025,2026-10-05T09:07:22+00:00
https://www.thedailystar.net/slow-reads/wisdom/news/why-there-so-much-anxiety-about-womens-bodies-4263151,search:birangona [slow-reads]|listing:slow-reads/wisdom|sitemap,2026-10-05T09:07:22+00:00
https://www.thedailystar.net/slow-reads/slow-reads-special/news/echoes-exile-remembering-1971-confronting-the-rohingya-crisis-3857851,search:birangona [slow-reads]|listing:slow-reads/slow-reads-special|sitemap|package:supplements/independence-day-special-2024-0|package:supplements/independence-day-special-2025,2026-10-05T09:07:22+00:00
https://www.thedailystar.net/slow-reads/focus/news/beyond-the-loom-how-jamdani-preserves-the-values-peace-4184441,search:war crimes tribunal [slow-reads]|listing:in-focus|sitemap,2026-10-05T09:07:22+00:00
https://www.thedailystar.net/slow-reads/focus/news/football-and-nationalisms-bengal-1609426,search:Bijoy Dibosh [slow-reads]|listing:in-focus|sitemap,2026-10-05T09:07:22+00:00
https://www.thedailystar.net/slow-reads/focus/news/the-alchemy-sweet-making-bengal-4168781,search:Bijoy Dibosh [slow-reads]|listing:in-focus|sitemap,2026-10-05T09:07:22+00:00
https://www.thedailystar.net/slow-reads/unheard-voices/news/subaltern-aspirations-early-modern-bengal-3884076,search:16 December [slow-reads]|listing:slow-reads/unheard-voices|sitemap,2026-10-05T09:07:22+00:00
https://www.thedailystar.net/slow-reads/focus/news/muktadhara-how-tagore-exposed-the-tyranny-nationalism-3892571,search:16 December [slow-reads]|listing:in-focus|sitemap,2026-10-05T09:07:22+00:00
https://www.thedailystar.net/slow-reads/big-picture/news/the-history-behind-bangladeshs-bhasanchar-project-4239511,search:refugees 1971 [slow-reads]|listing:slow-reads/big-picture|sitemap,2026-10-05T09:07:22+00:00
https://www.thedailystar.net/slow-reads/big-picture/news/beyond-kaanta-taar-rethinking-life-the-bangladesh-india-border-4182226,search:refugees 1971 [slow-reads]|listing:slow-reads/big-picture|sitemap,2026-10-05T09:07:22+00:00
https://www.thedailystar.net/slow-reads/geopolitical-insights/news/new-political-voice-emerging-the-rohingya-diaspora-why-it-matters-4248391,search:refugees 1971 [slow-reads]|listing:slow-reads/geopolitical-insights|sitemap,2026-10-05T09:07:22+00:00
https://www.thedailystar.net/slow-reads/focus/news/calcuttas-muslims-after-partition-2961151,search:refugees 1971 [slow-reads]|listing:in-focus|sitemap,2026-10-05T09:07:22+00:00
https://www.thedailystar.net/slow-reads/focus/news/remembering-tajuddin-bhai-3945836,search:Tajuddin Ahmad [slow-reads]|listing:in-focus|listing:slow-reads/slow-reads-special|sitemap,2026-10-05T09:07:22+00:00
https://www.thedailystar.net/slow-reads/focus/news/1971-and-the-case-secularism-bangladesh-and-india-3117261,search:Tajuddin Ahmad [slow-reads]|listing:in-focus|sitemap,2026-10-05T09:07:22+00:00
https://www.thedailystar.net/opinion/views/news/operation-searchlight-and-the-unrecognised-genocide-1971-4134676,search:Archer Blood [slow-reads]|sitemap:slug,2026-10-05T09:07:22+00:00
https://www.thedailystar.net/freedom-in-the-air-documents-52351,search:Archer Blood [slow-reads],2026-10-05T09:07:22+00:00
https://www.thedailystar.net/opinion/peripherally-yours/archer-blood-americans-sacrifice-bangladesh-1332442,search:Archer Blood [slow-reads]|sitemap:slug,2026-10-05T09:07:22+00:00
https://www.thedailystar.net/frontpage/news/cables-genocide-184102,search:Archer Blood [slow-reads]|sitemap:slug,2026-10-05T09:07:22+00:00
https://www.thedailystar.net/slow-reads/focus/news/the-bhola-cyclone-and-the-making-bangladesh-4031136,search:Kissinger Bangladesh [slow-reads]|listing:in-focus|sitemap,2026-10-05T09:07:22+00:00
https://www.thedailystar.net/slow-reads/focus/news/sheikh-mujibs-killing-what-the-newspapers-told-and-what-they-omitted-4248181,search:Kissinger Bangladesh [slow-reads]|listing:in-focus|sitemap,2026-10-05T09:07:22+00:00
https://www.thedailystar.net/slow-reads/focus/news/the-incorrigible-zulfikar-ali-bhutto-2127616,search:Kissinger Bangladesh [slow-reads]|listing:in-focus|sitemap,2026-10-05T09:07:22+00:00
https://www.thedailystar.net/slow-reads/big-picture/news/bangladesh-world-impossible-choices-4184201,search:Kissinger Bangladesh [slow-reads]|listing:slow-reads/big-picture|sitemap,2026-10-05T09:07:22+00:00
https://www.thedailystar.net/slow-reads/big-picture/news/bangladesh-still-trapped-cycle-injustice-4185316,search:Kissinger Bangladesh [slow-reads]|listing:slow-reads/big-picture|sitemap,2026-10-05T09:07:22+00:00
https://www.thedailystar.net/slow-reads/geopolitical-insights/news/anti-west-network-emerging-how-should-bangladesh-respond-4259526,search:Kissinger Bangladesh [slow-reads]|listing:slow-reads/geopolitical-insights|sitemap,2026-10-05T09:07:22+00:00
https://www.thedailystar.net/slow-reads/geopolitical-insights/news/the-making-indias-bengali-muslim-problem-4193191,search:Kissinger Bangladesh [slow-reads]|listing:slow-reads/geopolitical-insights|sitemap,2026-10-05T09:07:22+00:00
https://www.thedailystar.net/slow-reads/geopolitical-insights/news/us-global-dominance-and-the-donroe-doctrine-the-making-4085796,search:Kissinger Bangladesh [slow-reads]|listing:slow-reads/geopolitical-insights|sitemap,2026-10-05T09:07:22+00:00
https://www.thedailystar.net/slow-reads/geopolitical-insights/news/bangladesh-between-india-and-china-the-dilemma-defence-diversification-4272751,search:Kissinger Bangladesh [slow-reads]|listing:slow-reads/geopolitical-insights|sitemap,2026-10-05T09:07:22+00:00
https://www.thedailystar.net/slow-reads/focus/news/historic-six-point-movement-the-photographs-they-suppressed-4192071,search:Six Points [slow-reads]|listing:in-focus|sitemap,2026-10-05T09:07:22+00:00
https://www.thedailystar.net/slow-reads/big-picture/news/bangladesh-prepared-the-next-food-shock-4289461,search:7 March speech [slow-reads]|listing:slow-reads|listing:slow-reads/big-picture|sitemap,2026-10-05T09:07:22+00:00
https://www.thedailystar.net/slow-reads/slow-reads-special/news/what-we-owe-the-martyred-intellectuals-4057471,search:martyred intellectuals [slow-reads]|sitemap:slug|package:supplements/martyred-intellectuals-day-2025,2026-10-05T09:07:22+00:00
https://www.thedailystar.net/slow-reads/slow-reads-special/news/why-the-martyred-intellectuals-list-still-incomplete-4057506,search:martyred intellectuals [slow-reads]|sitemap:slug|package:supplements/martyred-intellectuals-day-2025,2026-10-05T09:07:22+00:00
https://www.thedailystar.net/slow-reads/focus/news/remembering-munier-bhai-4042036,search:martyred intellectuals [slow-reads]|listing:in-focus|sitemap,2026-10-05T09:07:22+00:00
https://www.thedailystar.net/slow-reads/big-picture/news/how-pakistan-saw-1971-inside-the-hamoodur-rehman-commission-report-4137001,search:martyred intellectuals [slow-reads]|listing:slow-reads/big-picture|sitemap,2026-10-05T09:07:22+00:00
https://www.thedailystar.net/slow-reads/slow-reads-special/news/how-did-pahela-baishakh-become-public-celebration-3866386,search:martyred intellectuals [slow-reads]|listing:in-focus|listing:slow-reads/slow-reads-special|sitemap,2026-10-05T09:07:22+00:00
https://www.thedailystar.net/slow-reads/focus/news/amanul-huq-the-romantic-documentarian-4078731,search:martyred intellectuals [slow-reads]|listing:in-focus|sitemap,2026-10-05T09:07:22+00:00
https://www.thedailystar.net/slow-reads/slow-reads-classics/news/bangabandhu-and-the-world-4131081,search:Bangabandhu 1971 [slow-reads]|listing:slow-reads|listing:slow-reads/slow-reads-classics|sitemap,2026-10-05T09:07:22+00:00
https://www.thedailystar.net/slow-reads/focus/news/jasim-uddins-1971-3507586,search:Bangabandhu 1971 [slow-reads]|listing:in-focus|sitemap,2026-10-05T09:07:22+00:00
https://www.thedailystar.net/slow-reads/focus/news/once-again-the-debate-over-bengali-nationalism-4139921,search:Bangabandhu 1971 [slow-reads]|listing:in-focus|sitemap,2026-10-05T09:07:22+00:00
https://www.thedailystar.net/slow-reads/slow-reads-special/news/peoples-war-worlds-reckoning-4058996,search:Bangabandhu 1971 [slow-reads],2026-10-05T09:07:22+00:00
https://www.thedailystar.net/news/when-words-became-weapons,search:16 December [slow-reads],2026-10-05T09:07:22+00:00
https://www.thedailystar.net/slow-reads/focus/news/raghu-rai-the-man-behind-the-lens-1720066,search:In Focus 1971 [site-wide]|listing:in-focus|sitemap,2026-10-05T09:07:22+00:00
https://www.thedailystar.net/in-focus/the-war-not-over-yet-1380949,search:In Focus 1971 [site-wide]|search:liberation war [in-focus]|listing:in-focus|sitemap,2026-10-05T09:07:22+00:00
https://www.thedailystar.net/opinion/views/news/the-road-liberation-march-1971-and-the-years-led-it-3857441,search:liberation war [site-wide]|sitemap:slug,2026-10-05T09:07:22+00:00
https://www.thedailystar.net/opinion/views/news/the-spirit-1971-reflections-liberation-aspirations-and-modern-challenges-3780941,search:liberation war [site-wide]|sitemap:slug,2026-10-05T09:07:22+00:00
https://www.thedailystar.net/opinion/news/our-pride-and-glory-the-mukti-bahini-1971-2011981,search:liberation war [site-wide]|sitemap:slug,2026-10-05T09:07:22+00:00
https://www.thedailystar.net/opinion/views/news/the-unhealed-wounds-1971-bangladeshs-unfinished-liberation-4059396,search:liberation war [site-wide]|search:Mujibnagar [site-wide]|sitemap:slug,2026-10-05T09:07:22+00:00
https://www.thedailystar.net/supplements/independence-day-special-2024/news/administrative-dynamics-1971s-war-liberation-3575151,search:liberation war [site-wide]|sitemap:slug|package:supplements/independence-day-special-2024,2026-10-05T09:07:22+00:00
https://www.thedailystar.net/opinion/perspective/news/the-legacy-november-21-1971-1663198,search:liberation war [site-wide]|sitemap:slug,2026-10-05T09:07:22+00:00
https://www.thedailystar.net/opinion/news/die-was-cast-bangladeshs-liberation-war-april-1971-2090509,search:liberation war [site-wide]|sitemap:slug,2026-10-05T09:07:22+00:00
https://www.thedailystar.net/online-exclusive/reflections-bangladesh-liberation-war-1971-2066617,search:Muktijuddho [site-wide]|sitemap:slug,2026-10-05T09:07:22+00:00
https://www.thedailystar.net/in-focus/muktijuddho-polyphony-the-ocean-1206313,search:Muktijuddho [site-wide]|sitemap,2026-10-05T09:07:22+00:00
https://www.thedailystar.net/news-detail-82580,search:Muktijuddho [site-wide],2026-10-05T09:07:22+00:00
https://www.thedailystar.net/news/1971-re-emerging-silences,search:Muktijuddho [site-wide],2026-10-05T09:07:22+00:00
https://www.thedailystar.net/views/in-focus/news/revisiting-the-inheritances-bangladesh-liberation-war-2982286,search:Muktijuddho [site-wide]|search:Muktijuddho memories [views/in-focus]|listing:in-focus|sitemap,2026-10-05T09:07:22+00:00
https://www.thedailystar.net/daily-star-books/news/dispatches-independence-3054366,search:Muktijuddho [site-wide],2026-10-05T09:07:22+00:00
https://www.thedailystar.net/backpage/news/indomitable-march-roving-treasure-trove-war-stories-2057821,search:Muktijuddho [site-wide],2026-10-05T09:07:22+00:00
https://www.thedailystar.net/news/bangladesh/news/series-genocide-1971-three-times-survivor-3496086,search:Muktijuddho [site-wide]|sitemap:slug,2026-10-05T09:07:22+00:00
https://www.thedailystar.net/backpage/bangladesh-liberation-war-1971-muktijuddho-guerrilla-fighter-arms-freedom-1511812,search:Muktijuddho [site-wide]|sitemap:slug,2026-10-05T09:07:22+00:00
https://www.thedailystar.net/opinion/perspective/news/remembering-the-barbarities-operation-searchlight-1719859,search:genocide [site-wide]|sitemap:slug,2026-10-05T09:07:22+00:00
https://www.thedailystar.net/supplements/victory-day-special-2023/news/testimony-pakistans-cruelty-genocide-and-failure-bangladesh-3495491,search:genocide [site-wide]|sitemap:slug|package:supplements/victory-day-special-2023,2026-10-05T09:07:22+00:00
https://www.thedailystar.net/news-detail-164764,search:genocide [site-wide],2026-10-05T09:07:22+00:00
https://www.thedailystar.net/genocide-2351,search:genocide [site-wide]|sitemap:slug,2026-10-05T09:07:22+00:00
https://www.thedailystar.net/supplements/victory-day-special-2021/news/the-1971-saga-2917976,search:genocide [site-wide]|sitemap:slug|package:supplements/victory-day-special-2021,2026-10-05T09:07:22+00:00
https://www.thedailystar.net/news/bangladesh/news/1971-genocide-us-resolution-new-journey-towards-truth-3162291,search:genocide [site-wide]|sitemap:slug,2026-10-05T09:07:22+00:00
https://www.thedailystar.net/news/bangladesh/news/witnesses-genocide-4135726,search:genocide [site-wide]|sitemap:slug,2026-10-05T09:07:22+00:00
https://www.thedailystar.net/news/bangladesh/news/2-us-lawmakers-place-resolution-recognise-1971-atrocities-pakistani-army-genocide-3143206,search:genocide [site-wide]|sitemap:slug,2026-10-05T09:07:22+00:00
https://www.thedailystar.net/opinion/views/news/march-25-through-the-eyes-ordinary-people-3856476,search:genocide [site-wide],2026-10-05T09:07:22+00:00
https://www.thedailystar.net/news/bangladesh/news/operation-searchlight-the-massacre-ctg-cantonment-3856676,search:Operation Searchlight [site-wide]|sitemap:slug,2026-10-05T09:07:22+00:00
https://www.thedailystar.net/news/bangladesh/news/operation-searchlight-55-years-the-scars-are-still-fresh-4134851,search:Operation Searchlight [site-wide]|sitemap:slug,2026-10-05T09:07:22+00:00
https://www.thedailystar.net/frontpage/news/the-black-night-73596,search:Operation Searchlight [site-wide],2026-10-05T09:07:22+00:00
https://www.thedailystar.net/supplements/independence-day-special-2025/news/the-people-1971-3857821,search:Operation Searchlight [site-wide]|sitemap:slug|package:supplements/independence-day-special-2024-0|package:supplements/independence-day-special-2025,2026-10-05T09:07:22+00:00
https://www.thedailystar.net/march-25-1971-54410,search:Operation Searchlight [site-wide]|sitemap:slug,2026-10-05T09:07:22+00:00
https://www.thedailystar.net/supplements/martyred-intellectuals-day-2017/news/1971-another-chapter-world-history-when-intellectuals-were-targeted-1672981,search:Operation Searchlight [site-wide]|sitemap:slug|package:supplements/martyred-intellectuals-day-2018,2026-10-05T09:07:22+00:00
https://www.thedailystar.net/supplements/victory-day-2016-special/the-guerrillas-dhaka-1971-1330306,search:Mukti Bahini [site-wide]|sitemap:slug|package:supplements/victory-day-2016-special,2026-10-05T09:07:22+00:00
https://www.thedailystar.net/book-reviews/freedom-fighters-personal-account-1971-186934,search:Mukti Bahini [site-wide]|sitemap:slug,2026-10-05T09:07:22+00:00
https://www.thedailystar.net/news/bangladesh/news/regional-resistance-purbo-banglar-jatiya-mukti-bahini-3776411,search:Mukti Bahini [site-wide]|sitemap:slug,2026-10-05T09:07:22+00:00
https://www.thedailystar.net/literature/news/songs-freedom-185875,search:Mukti Bahini [site-wide],2026-10-05T09:07:22+00:00
https://www.thedailystar.net/opinion/focus/news/living-occupied-dhaka-diaries-1971-4074711,search:Mukti Bahini [site-wide]|search:war diary [slow-reads]|listing:in-focus|sitemap,2026-10-05T09:07:22+00:00
https://www.thedailystar.net/news/bangladesh/news/battles-quickened-victory-3495381,search:Mukti Bahini [site-wide],2026-10-05T09:07:22+00:00
https://www.thedailystar.net/in-focus/news/remembering-the-battle-bhomra-2110329,search:Mukti Bahini [site-wide]|listing:in-focus|sitemap,2026-10-05T09:07:22+00:00
https://www.thedailystar.net/opinion/news/mujibnagar-day-milestone-the-war-liberation-1893541,search:Mujibnagar [site-wide]|sitemap:slug,2026-10-05T09:07:22+00:00
https://www.thedailystar.net/supplements/historic-mujibnagar-day/news/the-people-the-world-2078881,search:Mujibnagar [site-wide]|sitemap:slug|package:supplements/historic-mujibnagar-day,2026-10-05T09:07:22+00:00
https://www.thedailystar.net/opinion/focus/news/freedom-fighters-journey-mujibnagar-3584516,search:Mujibnagar [site-wide]|sitemap:slug,2026-10-05T09:07:22+00:00
https://www.thedailystar.net/opinion/views/news/the-proclamation-independence-was-beacon-bangladesh-3872661,search:Mujibnagar [site-wide],2026-10-05T09:07:22+00:00
https://www.thedailystar.net/opinion/news/eyewitness-account-the-mujibnagar-governments-swearing-ceremony-2078617,search:Mujibnagar [site-wide]|sitemap:slug,2026-10-05T09:07:22+00:00
https://www.thedailystar.net/city/news/govt-formed-mujibnagar-was-not-temporary-78023,search:Mujibnagar [site-wide]|sitemap:slug,2026-10-05T09:07:22+00:00
https://www.thedailystar.net/opinion/focus/news/honouring-mujibnagar-heroes-3298761,search:Mujibnagar [site-wide]|sitemap:slug,2026-10-05T09:07:22+00:00
https://www.thedailystar.net/news-detail-67454,search:Razakar [site-wide],2026-10-05T09:07:22+00:00
https://www.thedailystar.net/news-detail-234068,search:Razakar [site-wide],2026-10-05T09:07:22+00:00
https://www.thedailystar.net/news-detail-247215,search:Razakar [site-wide],2026-10-05T09:07:22+00:00
https://www.thedailystar.net/news/hate-statue-symbol-of-razakars-al-badar-al-shams,search:Razakar [site-wide],2026-10-05T09:07:22+00:00
https://www.thedailystar.net/news-detail-249123,search:Razakar [site-wide],2026-10-05T09:07:22+00:00
https://www.thedailystar.net/return-of-the-shoe-47404,search:Razakar [site-wide],2026-10-05T09:07:22+00:00
https://www.thedailystar.net/news/bangladesh/news/nation-observes-martyred-intellectuals-day-honours-victims-1971-killings,search:Razakar [site-wide],2026-10-05T09:07:22+00:00
https://www.thedailystar.net/news/anti-liberation-all-along,search:Razakar [site-wide],2026-10-05T09:07:22+00:00
https://www.thedailystar.net/news/bangladesh/special-read/news/watch-pakistan-lying-about-1971-genocide-185098,search:Razakar [site-wide],2026-10-05T09:07:22+00:00
https://www.thedailystar.net/news-detail-152174,search:Razakar [site-wide],2026-10-05T09:07:22+00:00
https://www.thedailystar.net/news/bangladesh/news/the-legend-nader-gunda-3857581,search:freedom fighters [site-wide],2026-10-05T09:07:22+00:00
https://www.thedailystar.net/news/bangladesh/news/freedom-fighters-vow-uphold-legacy-1971-4057926,search:freedom fighters [site-wide]|sitemap:slug,2026-10-05T09:07:22+00:00
https://www.thedailystar.net/op-ed/politics/the-love-blind-freedom-fighters-5323,search:freedom fighters [site-wide]|sitemap:slug,2026-10-05T09:07:22+00:00
https://www.thedailystar.net/country/news/people-pabna-remember-1971s-first-resistance-fight-78556,search:freedom fighters [site-wide]|sitemap:slug,2026-10-05T09:07:22+00:00
https://www.thedailystar.net/opinion/news/the-misdeed-masquerading-muktijoddha-2015649,search:freedom fighters [site-wide],2026-10-05T09:07:22+00:00
https://www.thedailystar.net/literature/memories-1971-1505908,search:freedom fighters [site-wide]|sitemap:slug,2026-10-05T09:07:22+00:00
https://www.thedailystar.net/daily-star-books/news/remembering-the-birangona-the-power-personal-narratives-2112633,search:birangona [site-wide]|sitemap:slug,2026-10-05T09:07:22+00:00
https://www.thedailystar.net/supplements/victory-day-2016-special/the-birangona-beyond-her-wound-1330312,search:birangona [site-wide]|sitemap:slug|package:supplements/victory-day-2016-special,2026-10-05T09:07:22+00:00
https://www.thedailystar.net/country/bangladesh-liberation-war-heroine-birangana-recognised-freedom-fighter-1430593,search:birangona [site-wide]|sitemap:slug,2026-10-05T09:07:22+00:00
https://www.thedailystar.net/daily-star-books/news/the-birangona-fiction-1971-and-talaash-2139686,search:birangona [site-wide]|sitemap:slug,2026-10-05T09:07:22+00:00
https://www.thedailystar.net/star-weekend/ethically-representing-narratives-birangonas-1456819,search:birangona [site-wide]|sitemap:slug,2026-10-05T09:07:22+00:00
https://www.thedailystar.net/opinion/perspective/the-ethics-documenting-sexual-violence-1624462,search:birangona [site-wide],2026-10-05T09:07:22+00:00
https://www.thedailystar.net/hc-for-birangonas-social-status-8711,search:birangona [site-wide]|sitemap:slug,2026-10-05T09:07:22+00:00
https://www.thedailystar.net/news/war-crimes-justice-and-the-politics-of-memory,search:war crimes tribunal [site-wide],2026-10-05T09:07:22+00:00
https://www.thedailystar.net/news-detail-149471,search:war crimes tribunal [site-wide],2026-10-05T09:07:22+00:00
https://www.thedailystar.net/city/war-crimes-4-moulvibazar-men-indicted-1401952,search:war crimes tribunal [site-wide]|sitemap:slug,2026-10-05T09:07:22+00:00
https://www.thedailystar.net/country/war-crimes-of-1971-death-5-netrokona-war-criminals-1721539,search:war crimes tribunal [site-wide]|sitemap:slug,2026-10-05T09:07:22+00:00
https://www.thedailystar.net/country/news/verdict-8-jamalpur-al-badrs-tomorrow-1255036,search:war crimes tribunal [site-wide]|sitemap:slug,2026-10-05T09:07:22+00:00
https://www.thedailystar.net/country/war-crimes-in-bangladesh-liberation-war-1971-ex-nsi-official-oahidul-haque-sent-jail-1567558,search:war crimes tribunal [site-wide]|sitemap:slug,2026-10-05T09:07:22+00:00
https://www.thedailystar.net/news-detail-269815,search:war crimes tribunal [site-wide],2026-10-05T09:07:22+00:00
https://www.thedailystar.net/backpage/news/war-crimes-71-rajshahi-jamaat-man-gets-death-penalty-1791538,search:war crimes tribunal [site-wide]|sitemap:slug,2026-10-05T09:07:22+00:00
https://www.thedailystar.net/news-detail-15612,search:16 December [site-wide],2026-10-05T09:07:22+00:00
https://www.thedailystar.net/news-detail-15488,search:16 December [site-wide],2026-10-05T09:07:22+00:00
https://www.thedailystar.net/rising-stars/news/the-significance-bangladeshs-independence-day-and-victory-day-3575421,search:16 December [site-wide]|sitemap:slug,2026-10-05T09:07:22+00:00
https://www.thedailystar.net/december-16-1971-53696,search:16 December [site-wide]|sitemap:slug,2026-10-05T09:07:22+00:00
https://www.thedailystar.net/victory-pakistan-army-surrenders-to-allied-forces-54462,search:16 December [site-wide]|sitemap:slug,2026-10-05T09:07:22+00:00
https://www.thedailystar.net/opinion/focus/news/remembering-1971-3497021,search:16 December [site-wide]|sitemap:slug,2026-10-05T09:07:22+00:00
https://www.thedailystar.net/supplements/victory-day-special-2021/news/liberated-last-2918636,search:16 December [site-wide]|sitemap:slug|package:supplements/victory-day-special-2021,2026-10-05T09:07:22+00:00
https://www.thedailystar.net/1971-the-battles-women-fought/news/refugees-women-and-the-1971-war-reflection-1674061,search:refugees 1971 [site-wide]|sitemap:slug|package:1971-the-battles-women-fought,2026-10-05T09:07:22+00:00
https://www.thedailystar.net/supplements/celebrating-51-years-independence/news/shoronarthir-dinolipi-the-diary-1971-refugee-2990481,search:refugees 1971 [site-wide]|sitemap:slug,2026-10-05T09:07:22+00:00
https://www.thedailystar.net/news-detail-103158,search:refugees 1971 [site-wide],2026-10-05T09:07:22+00:00
https://www.thedailystar.net/supplements/victory-day-2016-special/refugee-relief-the-postal-tax-helped-millions-1330345,search:refugees 1971 [site-wide]|sitemap:slug|package:supplements/victory-day-2016-special,2026-10-05T09:07:22+00:00
https://www.thedailystar.net/op-ed/it-important-remember-1971-187654,search:refugees 1971 [site-wide]|sitemap:slug,2026-10-05T09:07:22+00:00
https://www.thedailystar.net/arts-entertainment/tv/cultural-activist-recalls-the-liberation-war-mustafa-monowar-73954,search:refugees 1971 [site-wide]|sitemap:slug,2026-10-05T09:07:22+00:00
https://www.thedailystar.net/1971-the-battles-women-fought/news/the-discursive-silence-women-1971-1674070,search:refugees 1971 [site-wide]|sitemap:slug|package:1971-the-battles-women-fought,2026-10-05T09:07:22+00:00
https://www.thedailystar.net/opinion/politics/news/bijoy-1971-the-story-agony-and-ecstasy-1673263,search:Bijoy Dibosh [site-wide]|sitemap:slug,2026-10-05T09:07:22+00:00
https://www.thedailystar.net/arts-entertainment/news/du-film-societys-smritir-bijoy-shines-light-the-true-spirit-the-liberation-war-2012969,search:Bijoy Dibosh [site-wide]|sitemap:slug,2026-10-05T09:07:22+00:00
https://www.thedailystar.net/news-detail-261174,search:Bijoy Dibosh [site-wide],2026-10-05T09:07:22+00:00
https://www.thedailystar.net/news/bangladesh/diplomacy/news/modi-skips-bangladesh-victory-day-message-jaishankar-extends-greetings-4059906,search:Bijoy Dibosh [site-wide],2026-10-05T09:07:22+00:00
https://www.thedailystar.net/december-16th-gen-niazi-and-imran-khan-55537,search:Bijoy Dibosh [site-wide],2026-10-05T09:07:22+00:00
https://www.thedailystar.net/news-detail-116848,search:Bijoy Dibosh [site-wide],2026-10-05T09:07:22+00:00
https://www.thedailystar.net/news/bangladesh/news/the-nation-celebrates-victory-day-3777966,search:Bijoy Dibosh [site-wide]|sitemap:slug,2026-10-05T09:07:22+00:00
https://www.thedailystar.net/supplements/victory-day-special-2021/news/ode-1971-2917971,search:Bijoy Dibosh [site-wide]|sitemap:slug|package:supplements/victory-day-special-2021,2026-10-05T09:07:22+00:00
https://www.thedailystar.net/life-living/news/the-tajuddin-ahmad-persona-tales-liberation-war-leader-2987246,search:Tajuddin Ahmad [site-wide]|sitemap:slug,2026-10-05T09:07:22+00:00
https://www.thedailystar.net/tajuddin-ahmed-our-history-maker-34436,search:Tajuddin Ahmad [site-wide]|sitemap:slug,2026-10-05T09:07:22+00:00
https://www.thedailystar.net/news-detail-98095,search:Tajuddin Ahmad [site-wide],2026-10-05T09:07:22+00:00
https://www.thedailystar.net/news-detail-98096,search:Tajuddin Ahmad [site-wide],2026-10-05T09:07:22+00:00
https://www.thedailystar.net/news-detail-147829,search:Tajuddin Ahmad [site-wide],2026-10-05T09:07:22+00:00
https://www.thedailystar.net/news/bangladesh/news/kissinger-who-called-bangladesh-basket-case-says-us-role-1971-was-misjudgment-2997121,search:Kissinger Bangladesh [site-wide]|sitemap:slug,2026-10-05T09:07:22+00:00
https://www.thedailystar.net/views/opinion/news/the-kissinger-yahya-plot-against-bangladeshs-liberation-2124321,search:Kissinger Bangladesh [site-wide]|sitemap:slug,2026-10-05T09:07:22+00:00
https://www.thedailystar.net/opinion/views/news/henry-kissingers-influence-bangladeshs-history-3483221,search:Kissinger Bangladesh [site-wide]|sitemap:slug,2026-10-05T09:07:22+00:00
https://www.thedailystar.net/online/nixon-didnt-give-fig-the-1971-genocide-114088,search:Kissinger Bangladesh [site-wide]|sitemap:slug,2026-10-05T09:07:22+00:00
https://www.thedailystar.net/news-detail-246650,search:Kissinger Bangladesh [site-wide],2026-10-05T09:07:22+00:00
https://www.thedailystar.net/news/bangladesh/news/how-the-others-saw-it-3841511,search:Kissinger Bangladesh [site-wide],2026-10-05T09:07:22+00:00
https://www.thedailystar.net/supplements/historic-mujibnagar-day/news/movement-nation-2078873,search:Kissinger Bangladesh [site-wide]|sitemap:slug|package:supplements/historic-mujibnagar-day,2026-10-05T09:07:22+00:00
https://www.thedailystar.net/opinion/news/look-back-the-historic-six-point-movement-1909985,search:Six Points [site-wide]|sitemap:slug,2026-10-05T09:07:22+00:00
https://www.thedailystar.net/politics/news/historic-6-point-day-today-bangabandhu-sheikh-mujibur-rahman-1753633,search:Six Points [site-wide]|sitemap:slug,2026-10-05T09:07:22+00:00
https://www.thedailystar.net/news/bangladesh/news/pm-pays-homage-bangabandhu-historic-six-point-day-3339976,search:Six Points [site-wide]|sitemap:slug,2026-10-05T09:07:22+00:00
https://www.thedailystar.net/views/opinion/news/the-politics-and-economics-bangabandhus-six-points-2984486,search:Six Points [site-wide]|sitemap:slug,2026-10-05T09:07:22+00:00
https://www.thedailystar.net/news/bangladesh/news/historic-six-point-day-today-3339851,search:Six Points [site-wide]|sitemap:slug,2026-10-05T09:07:22+00:00
https://www.thedailystar.net/backpage/news/six-point-demand-charter-freedom-1910157,search:Six Points [site-wide]|sitemap:slug,2026-10-05T09:07:22+00:00
https://www.thedailystar.net/news/bangladesh/politics/news/six-point-demand-sowed-the-seed-ultimate-freedom-1966-joy-3041716,search:Six Points [site-wide]|sitemap:slug,2026-10-05T09:07:22+00:00
https://www.thedailystar.net/op-ed/politics/bangabandhu-and-the-freedom-bangladesh-71963,search:Six Points [site-wide],2026-10-05T09:07:22+00:00
https://www.thedailystar.net/politics/news/six-point-charter-freedom-bengalees-sheikh-hasina-1910001,search:Six Points [site-wide]|sitemap:slug,2026-10-05T09:07:22+00:00
https://www.thedailystar.net/frontpage/news/transcending-stone-walls-and-iron-bars-1785559,search:Six Points [site-wide],2026-10-05T09:07:22+00:00
https://www.thedailystar.net/politics/unesco-recognises-bangabandhu-sheikh-mujibur-rahman-7th-march-speech-memory-of-the-world-1484356,search:7 March speech [site-wide]|sitemap:slug,2026-10-05T09:07:22+00:00
https://www.thedailystar.net/frontpage/news/historic-7th-march-today-1711537,search:7 March speech [site-wide]|sitemap:slug,2026-10-05T09:07:22+00:00
https://www.thedailystar.net/a-speech-that-created-a-nation-14412,search:7 March speech [site-wide],2026-10-05T09:07:22+00:00
https://www.thedailystar.net/law-our-rights/news/the-historic-seventh-march-speech-bangabandhu-its-influence-international-legal-discourse-and-reform-2056313,search:7 March speech [site-wide],2026-10-05T09:07:22+00:00
https://www.thedailystar.net/opinion/perspective/the-voice-touched-peoples-hearts-1544335,search:7 March speech [site-wide],2026-10-05T09:07:22+00:00
https://www.thedailystar.net/lifestyle/perspective/news/the-dark-night-memories-25-march-1971-2065057,search:7 March speech [site-wide]|sitemap:slug,2026-10-05T09:07:22+00:00
https://www.thedailystar.net/opinion/online-exclusive/news/what-makes-the-7th-march-speech-one-the-best-2056453,search:7 March speech [site-wide]|sitemap:slug,2026-10-05T09:07:22+00:00
https://www.thedailystar.net/backpage/march-6-1971-tension-builds-march-7-rally-nears-1544068,search:7 March speech [site-wide]|sitemap:slug,2026-10-05T09:07:22+00:00
https://www.thedailystar.net/opinion/perspective/news/the-voice-revolution-1711378,search:7 March speech [site-wide],2026-10-05T09:07:22+00:00
https://www.thedailystar.net/supplements/martyred-intellectuals-day-2017/pakistani-viewpoint-killing-bengali-intellectuals,search:martyred intellectuals [site-wide],2026-10-05T09:07:22+00:00
https://www.thedailystar.net/supplements/martyred-intellectuals-day-2017/news/why-were-they-targeted-1672987,search:martyred intellectuals [site-wide]|sitemap:slug|package:supplements/martyred-intellectuals-day-2018,2026-10-05T09:07:22+00:00
https://www.thedailystar.net/opinion/focus/news/tribute-my-martyr-teachers-3491431,search:martyred intellectuals [site-wide]|listing:in-focus|sitemap,2026-10-05T09:07:22+00:00
https://www.thedailystar.net/supplements/martyred-intellectuals-day-2022/news/my-three-martyred-teachers-3195776,search:martyred intellectuals [site-wide]|sitemap:slug|package:supplements/martyred-intellectuals-day-2022,2026-10-05T09:07:22+00:00
https://www.thedailystar.net/news-detail-15342,search:martyred intellectuals [site-wide],2026-10-05T09:07:22+00:00
https://www.thedailystar.net/supplements/martyred-intellectuals-day-2017/the-killing-intellectuals-the-shadow-henry-kissinger-1504447,search:martyred intellectuals [site-wide]|sitemap:slug|package:supplements/martyred-intellectuals-day-2017,2026-10-05T09:07:22+00:00
https://www.thedailystar.net/operated-like-gestapo-48000,search:martyred intellectuals [site-wide],2026-10-05T09:07:22+00:00
https://www.thedailystar.net/december-14-1971-53698,search:martyred intellectuals [site-wide]|sitemap:slug,2026-10-05T09:07:22+00:00
https://www.thedailystar.net/backpage/news/bangabandhu-declares-independence-2066861,search:Bangabandhu 1971 [site-wide],2026-10-05T09:07:22+00:00
https://www.thedailystar.net/law-our-rights/news/the-historic-seventh-march-speech-bangabandhu-its-influence-international-legal-discourse-and-reform-2057325,search:Bangabandhu 1971 [site-wide],2026-10-05T09:07:22+00:00
https://www.thedailystar.net/opinion/views/the-third-view/news/the-speech-and-those-transformative-days-march-71-3560896,search:Bangabandhu 1971 [site-wide]|sitemap:slug,2026-10-05T09:07:22+00:00
https://www.thedailystar.net/the-return-of-bangabandhu-6167,search:Bangabandhu 1971 [site-wide],2026-10-05T09:07:22+00:00
https://www.thedailystar.net/frontpage/the-dawn-independence-73837,search:Bangabandhu 1971 [site-wide],2026-10-05T09:07:22+00:00
https://www.thedailystar.net/supplements/news/counting-the-days-independence-1886146,search:Bangabandhu 1971 [site-wide],2026-10-05T09:07:22+00:00
https://www.thedailystar.net/news/bangladesh/news/dhanmondi-32-epicentre-independence-struggle-3677556,search:Bangabandhu 1971 [site-wide],2026-10-05T09:07:22+00:00
https://www.thedailystar.net/backpage/march-28-1971-bangladesh-seeks-global-support-1554433,search:Bangabandhu 1971 [site-wide]|sitemap:slug,2026-10-05T09:07:22+00:00
https://www.thedailystar.net/op-ed/the-lasting-symbolism-bangabandhu-1342714,search:Bangabandhu 1971 [site-wide],2026-10-05T09:07:22+00:00
https://www.thedailystar.net/slow-reads/focus/news/how-ekushey-was-commemorated-during-the-pakistan-period-3549101,search:1970 election [slow-reads]|listing:in-focus|sitemap,2026-10-05T09:07:22+00:00
https://www.thedailystar.net/slow-reads/focus/news/tajuddin-was-objective-fact-based-quite-unlike-many-other-awami-league-leaders-muyeedul-hasan-3945811,search:1970 election [slow-reads]|listing:in-focus|listing:slow-reads/slow-reads-special|sitemap,2026-10-05T09:07:22+00:00
https://www.thedailystar.net/slow-reads/focus/news/maulana-bhashani-and-the-transition-secular-politics-east-bengal-1995445,search:1970 election [slow-reads]|listing:in-focus|sitemap,2026-10-05T09:07:22+00:00
https://www.thedailystar.net/slow-reads/geopolitical-insights/news/bangladesh-first-rethinking-the-relationship-india-4248456,search:1970 election [slow-reads]|listing:slow-reads/geopolitical-insights|sitemap,2026-10-05T09:07:22+00:00
https://www.thedailystar.net/slow-reads/big-picture/news/bangladeshs-education-crisis-the-future-has-already-begun-4272101,search:1970 election [slow-reads]|listing:slow-reads/big-picture|sitemap,2026-10-05T09:07:22+00:00
https://www.thedailystar.net/slow-reads/big-picture/news/what-bangladesh-must-learn-about-political-transitions-4104566,search:1970 election [slow-reads]|listing:slow-reads/big-picture|sitemap,2026-10-05T09:07:22+00:00
https://www.thedailystar.net/slow-reads/focus/news/gandhis-search-harmony-noakhali-3997161,search:India 1971 [slow-reads]|listing:in-focus|sitemap,2026-10-05T09:07:22+00:00
https://www.thedailystar.net/slow-reads/focus/news/gandhis-sojourn-noakhali-3133786,search:India 1971 [slow-reads]|listing:in-focus|sitemap,2026-10-05T09:07:22+00:00
https://www.thedailystar.net/slow-reads/focus/news/1971-2024-rabindranath-tagore-and-martyred-intellectuals-day-3775526,search:India 1971 [slow-reads]|listing:in-focus|sitemap|package:martyred-intellectuals-day-2024,2026-10-05T09:07:22+00:00
https://www.thedailystar.net/slow-reads/slow-reads-special/news/instructions-genocide-3197291,search:Swadhin Bangla Betar [slow-reads]|listing:in-focus|listing:slow-reads/slow-reads-special|listing:slow-reads/slow-reads-special/operation-searchlight|sitemap|package:supplements/victory-day-special-2022,2026-10-05T09:07:22+00:00
https://www.thedailystar.net/daily-star-books/news/reading-form-resistance-some-anecdotes-the-1971-war-3278586,search:war diary [slow-reads]|sitemap:slug,2026-10-05T09:07:22+00:00
https://www.thedailystar.net/in-focus/news/eid-1971-forgotten-chapter-the-liberation-war-1828372,search:war diary [slow-reads]|search:liberation war [in-focus]|listing:in-focus|sitemap,2026-10-05T09:07:22+00:00
https://www.thedailystar.net/supplements/30th-anniversary-supplements/agents-change/news/the-liberation-war-reading-list-2044793,search:war diary [slow-reads]|sitemap:slug,2026-10-05T09:07:22+00:00
https://www.thedailystar.net/ds/slow-reads-special/news/history-we-walked-past-4059166,search:war diary [slow-reads],2026-10-05T09:07:22+00:00
https://www.thedailystar.net/slow-reads/focus/news/i-regret-pakistan-has-still-not-formally-apologised-2918031,search:Niazi surrender [slow-reads]|listing:in-focus|sitemap|package:supplements/victory-day-special-2021,2026-10-05T09:07:22+00:00
https://www.thedailystar.net/views/in-focus/news/bangladesh-liberation-war-memories-untold-story-2950696,search:liberation war 1971 [views/in-focus]|listing:in-focus|sitemap,2026-10-05T09:07:48+00:00
https://www.thedailystar.net/slow-reads/focus/news/the-journey-liberation-war-fifteen-year-old-boy-1506442,search:teenage freedom fighter journey [slow-reads]|listing:in-focus|sitemap,2026-10-05T09:07:48+00:00
https://www.thedailystar.net/in-focus/news/history-and-the-birangona-2114681,search:liberation war [in-focus]|listing:in-focus|sitemap,2026-10-05T09:07:48+00:00
https://www.thedailystar.net/slow-reads/big-picture/news/the-staircase-between-our-mothers-and-care-4290491,listing:slow-reads|listing:slow-reads/big-picture|sitemap,2026-10-05T09:24:23+00:00
https://www.thedailystar.net/slow-reads/unheard-voices/news/pets-companions-kin-rethinking-the-human-animal-relationships-4290431,listing:slow-reads|listing:slow-reads/unheard-voices|sitemap,2026-10-05T09:24:23+00:00
https://www.thedailystar.net/slow-reads/wisdom/news/between-bangladesh-and-australia-learning-the-rules-freedom-4290416,listing:slow-reads|listing:slow-reads/wisdom|sitemap,2026-10-05T09:24:23+00:00
https://www.thedailystar.net/slow-reads/focus/news/can-bangladesh-make-better-use-its-zakat-money-4289466,listing:slow-reads|listing:in-focus|sitemap,2026-10-05T09:24:23+00:00
https://www.thedailystar.net/slow-reads/slow-reads-special/news/women-and-the-climate-crisis-bangladesh-4284266,listing:slow-reads|listing:slow-reads/slow-reads-special|sitemap,2026-10-05T09:24:23+00:00
https://www.thedailystar.net/slow-reads/slow-reads-special/news/tajuddin-ahmad-life-bangladesh-4230591,listing:slow-reads|listing:slow-reads/slow-reads-special|sitemap,2026-10-05T09:24:23+00:00
https://www.thedailystar.net/slow-reads/slow-reads-special/the-haor-crisis/news/the-haor-crisis-explained-4177301,listing:slow-reads|listing:slow-reads/slow-reads-special|listing:slow-reads/slow-reads-special/interactive-stories|listing:slow-reads/slow-reads-special/the-haor-crisis|sitemap,2026-10-05T09:24:23+00:00
https://www.thedailystar.net/slow-reads/focus/news/three-revolutions-reshaped-the-world-4287996,listing:slow-reads|listing:in-focus|sitemap,2026-10-05T09:24:23+00:00
https://www.thedailystar.net/slow-reads/focus/news/paradise-lost-and-found-rediscovering-early-modern-bengal-4287191,listing:slow-reads|listing:in-focus|sitemap,2026-10-05T09:24:23+00:00
https://www.thedailystar.net/slow-reads/focus/news/unbound-mother-the-making-and-remaking-kaali-bengal-4286146,listing:slow-reads|listing:in-focus|sitemap,2026-10-05T09:24:23+00:00
https://www.thedailystar.net/slow-reads/big-picture/news/more-power-better-power-rethinking-bangladeshs-energy-future-4288836,listing:slow-reads|listing:slow-reads/big-picture|sitemap,2026-10-05T09:24:23+00:00
https://www.thedailystar.net/slow-reads/big-picture/news/growing-out-ldc-status-bangladeshs-real-negotiation-cop31-4287261,listing:slow-reads|listing:slow-reads/big-picture|sitemap,2026-10-05T09:24:23+00:00
https://www.thedailystar.net/slow-reads/big-picture/news/what-holding-back-solar-bangladeshs-garment-industry-4285301,listing:slow-reads|listing:slow-reads/big-picture|sitemap,2026-10-05T09:24:23+00:00
https://www.thedailystar.net/slow-reads/wisdom/news/when-loyalty-decides-what-counts-facts-welcome-the-age-epistemic-fragmentation-4288846,listing:slow-reads|listing:slow-reads/wisdom|sitemap,2026-10-05T09:24:23+00:00
https://www.thedailystar.net/slow-reads/wisdom/news/revisiting-the-origins-sufism-competing-narratives-authenticity-and-borrowing-4288316,listing:slow-reads|listing:slow-reads/wisdom|sitemap,2026-10-05T09:24:23+00:00
https://www.thedailystar.net/slow-reads/wisdom/news/beyond-equivalence-translation-and-the-politics-being-understood-4286116,listing:slow-reads|listing:slow-reads/wisdom|sitemap,2026-10-05T09:24:23+00:00
https://www.thedailystar.net/slow-reads/wisdom/news/between-ghumparani-masi-pisi-and-baby-shark-why-bengali-lullabies-still-matter-the-age-screens-4286101,listing:slow-reads|listing:slow-reads/wisdom|sitemap,2026-10-05T09:24:23+00:00
https://www.thedailystar.net/slow-reads/unheard-voices/news/between-gabura-and-india-work-loss-and-unequal-choices-4288831,listing:slow-reads|listing:slow-reads/unheard-voices|sitemap,2026-10-05T09:24:23+00:00
https://www.thedailystar.net/slow-reads/unheard-voices/news/fewer-fish-higher-costs-the-struggle-bangladeshs-hilsa-fishermen-4288821,listing:slow-reads|listing:slow-reads/unheard-voices|sitemap,2026-10-05T09:24:23+00:00
https://www.thedailystar.net/slow-reads/unheard-voices/news/duli-baaji-whose-gaze-shapes-indigenous-representation-4282916,listing:slow-reads|listing:slow-reads/unheard-voices|sitemap,2026-10-05T09:24:23+00:00
https://www.thedailystar.net/slow-reads/unheard-voices/news/the-everyday-resistance-rohingya-women-the-world-rarely-sees-4282891,listing:slow-reads|listing:slow-reads/unheard-voices|sitemap,2026-10-05T09:24:23+00:00
https://www.thedailystar.net/slow-reads/unheard-voices/news/the-banyan-tree-became-restaurant-birds-4280996,listing:slow-reads|listing:slow-reads/unheard-voices|sitemap,2026-10-05T09:24:23+00:00
https://www.thedailystar.net/slow-reads/unheard-voices/news/what-did-we-ask-about-mariam-while-she-was-still-alive-4279931,listing:slow-reads|listing:slow-reads/unheard-voices|sitemap,2026-10-05T09:24:23+00:00
https://www.thedailystar.net/slow-reads/geopolitical-insights/news/can-bangladesh-capitalise-the-bay-bengals-strategic-rise-4289506,listing:slow-reads|listing:slow-reads/geopolitical-insights|sitemap,2026-10-05T09:24:23+00:00
https://www.thedailystar.net/slow-reads/geopolitical-insights/news/who-pays-israels-nuclear-dominance-4289486,listing:slow-reads|listing:slow-reads/geopolitical-insights|sitemap,2026-10-05T09:24:23+00:00
https://www.thedailystar.net/slow-reads/geopolitical-insights/news/how-much-higher-can-oil-prices-go-4288071,listing:slow-reads|listing:slow-reads/geopolitical-insights|sitemap,2026-10-05T09:24:23+00:00
https://www.thedailystar.net/slow-reads/geopolitical-insights/news/what-kind-world-order-emerging-4287371,listing:slow-reads|listing:slow-reads/geopolitical-insights|sitemap,2026-10-05T09:24:23+00:00
https://www.thedailystar.net/slow-reads/slow-reads-classics/prelude-order-genocide-4554,listing:slow-reads|listing:in-focus|listing:slow-reads/slow-reads-classics|listing:slow-reads/slow-reads-special|listing:slow-reads/slow-reads-special/operation-searchlight|sitemap,2026-10-05T09:24:23+00:00
https://www.thedailystar.net/slow-reads/focus/news/the-untold-history-why-khaleda-zia-entered-politics-4069371,listing:slow-reads|listing:in-focus|listing:slow-reads/slow-reads-classics|sitemap,2026-10-05T09:24:23+00:00
https://www.thedailystar.net/slow-reads/focus/news/do-great-leaders-make-history-or-does-history-make-them-4285626,listing:in-focus|sitemap,2026-10-05T09:24:28+00:00
https://www.thedailystar.net/slow-reads/focus/news/poison-and-cremation-forensic-history-colonial-bengal-4229146,listing:in-focus|sitemap,2026-10-05T09:24:28+00:00
https://www.thedailystar.net/slow-reads/focus/news/partition-bor-porong-and-the-chakmas-unfinished-struggle-belonging-4283541,listing:in-focus|sitemap,2026-10-05T09:24:28+00:00
https://www.thedailystar.net/slow-reads/focus/news/the-young-radicals-who-challenged-19th-century-bengal-4281051,listing:in-focus|sitemap,2026-10-05T09:24:28+00:00
https://www.thedailystar.net/slow-reads/focus/news/more-men-are-cooking-patriarchy-leaving-the-kitchen-4279871,listing:in-focus|sitemap,2026-10-05T09:24:28+00:00
https://www.thedailystar.net/slow-reads/focus/news/everyday-secularism-and-the-bangladesh-we-rarely-talk-about-4279266,listing:in-focus|sitemap,2026-10-05T09:24:28+00:00
https://www.thedailystar.net/slow-reads/focus/news/reading-sarat-chandra-150-empathy-4278026,listing:in-focus|sitemap,2026-10-05T09:24:28+00:00
https://www.thedailystar.net/slow-reads/focus/news/who-really-owned-britains-royal-jewels-4276491,listing:in-focus|sitemap,2026-10-05T09:24:28+00:00
https://www.thedailystar.net/slow-reads/focus/news/the-25000-year-history-betel-nut-chewing-4275011,listing:in-focus|sitemap,2026-10-05T09:24:28+00:00
https://www.thedailystar.net/slow-reads/focus/news/the-world-map-we-know-distorted-why-does-it-matter-4272821,listing:in-focus|sitemap,2026-10-05T09:24:28+00:00
https://www.thedailystar.net/slow-reads/focus/news/bengal-and-the-coming-islam-story-soil-and-spirit-4271786,listing:in-focus|sitemap,2026-10-05T09:24:28+00:00
https://www.thedailystar.net/slow-reads/focus/news/xuanzangs-travels-bengal-and-beyond-the-man-the-pilgrim-and-the-monkey-king-4269876,listing:in-focus|sitemap,2026-10-05T09:24:28+00:00
https://www.thedailystar.net/slow-reads/focus/news/professor-anisur-rahman-the-economist-who-put-people-the-centre-4268831,listing:in-focus|sitemap,2026-10-05T09:24:28+00:00
https://www.thedailystar.net/slow-reads/focus/news/apo-433-dhakas-forgotten-post-office-world-war-ii-4268211,listing:in-focus|sitemap,2026-10-05T09:24:28+00:00
https://www.thedailystar.net/slow-reads/focus/news/dadabhai-naoroji-the-man-who-exposed-the-economics-british-colonialism-4267121,listing:in-focus|sitemap,2026-10-05T09:24:28+00:00
https://www.thedailystar.net/slow-reads/focus/news/the-extraordinary-journey-atish-dipankar-srigyan-4265421,listing:in-focus|sitemap,2026-10-05T09:24:31+00:00
https://www.thedailystar.net/slow-reads/focus/news/forgotten-story-jeanette-van-tassel-the-american-woman-who-flew-over-dhaka-1892-4264941,listing:in-focus|sitemap,2026-10-05T09:24:31+00:00
https://www.thedailystar.net/slow-reads/focus/news/personal-essay-4264336,listing:in-focus|sitemap,2026-10-05T09:24:31+00:00
https://www.thedailystar.net/slow-reads/focus/news/global-quest-search-nation-4263316,listing:in-focus|sitemap,2026-10-05T09:24:31+00:00
https://www.thedailystar.net/slow-reads/focus/news/chand-bibi-and-the-forgotten-history-muslim-womens-political-resistance-4262671,listing:in-focus|sitemap,2026-10-05T09:24:31+00:00
https://www.thedailystar.net/slow-reads/focus/news/womens-voices-nazruls-dhumketu-4260391,listing:in-focus|sitemap,2026-10-05T09:24:31+00:00
https://www.thedailystar.net/slow-reads/focus/news/how-milad-un-nabi-shaped-muslim-cultural-life-colonial-bengal-4256731,listing:in-focus|sitemap,2026-10-05T09:24:31+00:00
https://www.thedailystar.net/slow-reads/focus/news/what-rashomon-teaches-us-about-truth-and-human-behaviour-4256966,listing:in-focus|sitemap,2026-10-05T09:24:31+00:00
https://www.thedailystar.net/slow-reads/focus/news/why-chittagong-never-became-maritime-city-4254986,listing:in-focus|sitemap,2026-10-05T09:24:31+00:00
https://www.thedailystar.net/slow-reads/focus/news/the-many-worlds-ghulam-murshid-4254706,listing:in-focus|sitemap,2026-10-05T09:24:31+00:00
https://www.thedailystar.net/slow-reads/focus/news/the-yellow-butterfly-how-sheba-shaped-my-world-growing-4250136,listing:in-focus|sitemap,2026-10-05T09:24:31+00:00
https://www.thedailystar.net/slow-reads/focus/news/what-bangladeshs-historic-test-victory-australia-means-bangladeshi-australians-4249871,listing:in-focus|sitemap,2026-10-05T09:24:31+00:00
https://www.thedailystar.net/slow-reads/focus/news/remembering-sumit-sarkar-historian-who-questioned-orthodoxy-4249161,listing:in-focus|sitemap,2026-10-05T09:24:31+00:00
https://www.thedailystar.net/slow-reads/focus/news/the-unfinished-histories-partition-4248366,listing:in-focus|sitemap,2026-10-05T09:24:31+00:00
https://www.thedailystar.net/slow-reads/focus/news/britain-didnt-conquer-india-56137,listing:in-focus|sitemap,2026-10-05T09:24:31+00:00
https://www.thedailystar.net/slow-reads/focus/news/the-bureaucrats-and-intellectuals-who-shaped-the-mughal-empire-4247326,listing:in-focus|sitemap,2026-10-05T09:24:31+00:00
https://www.thedailystar.net/slow-reads/focus/news/feel-bengali-think-beyond-bengal-dipankar-gupta-conversation-4244591,listing:in-focus|sitemap,2026-10-05T09:24:31+00:00
https://www.thedailystar.net/slow-reads/focus/news/the-enduring-allure-vintage-photographs-4244006,listing:in-focus|sitemap,2026-10-05T09:24:34+00:00
https://www.thedailystar.net/slow-reads/focus/news/beyond-kings-and-dynasties-rethinking-medieval-indian-history-4241551,listing:in-focus|sitemap,2026-10-05T09:24:34+00:00
https://www.thedailystar.net/slow-reads/focus/news/what-17th-century-merchants-autobiography-reveals-about-mughal-governance-4240086,listing:in-focus|sitemap,2026-10-05T09:24:34+00:00
https://www.thedailystar.net/slow-reads/focus/news/the-blind-spots-bangladesh-studies-4238491,listing:in-focus|sitemap,2026-10-05T09:24:34+00:00
https://www.thedailystar.net/slow-reads/focus/news/rediscovering-santal-history-through-scandinavian-archives-4236426,listing:in-focus|sitemap,2026-10-05T09:24:34+00:00
https://www.thedailystar.net/slow-reads/focus/news/asma-abbasi-the-essence-orange-4235656,listing:in-focus|sitemap,2026-10-05T09:24:34+00:00
https://www.thedailystar.net/slow-reads/focus/news/tigers-and-the-empire-history-hunting-power-and-resistance-4234796,listing:in-focus|sitemap,2026-10-05T09:24:34+00:00
https://www.thedailystar.net/slow-reads/focus/news/life-so-full-remembering-ahmed-sofa-4234011,listing:in-focus|sitemap,2026-10-05T09:24:34+00:00
https://www.thedailystar.net/slow-reads/focus/news/bengals-forgotten-slave-trade-portuguese-arakanese-and-dutch-trafficking-networks-4233136,listing:in-focus|sitemap,2026-10-05T09:24:34+00:00
https://www.thedailystar.net/slow-reads/focus/news/the-tagore-paradox-why-critique-strengthens-his-legacy-4231196,listing:in-focus|sitemap,2026-10-05T09:24:34+00:00
https://www.thedailystar.net/slow-reads/focus/news/what-sufism-can-teach-us-about-the-modern-world-4230841,listing:in-focus|sitemap,2026-10-05T09:24:34+00:00
https://www.thedailystar.net/slow-reads/focus/news/thinking-partha-chatterjee-4230026,listing:in-focus|sitemap,2026-10-05T09:24:34+00:00
https://www.thedailystar.net/slow-reads/focus/news/the-journey-qawwali-across-south-asia-music-mysticism-and-cultural-exchange-4229991,listing:in-focus|sitemap,2026-10-05T09:24:34+00:00
https://www.thedailystar.net/slow-reads/focus/news/why-secularism-losing-ground-south-asia-4229206,listing:in-focus|sitemap,2026-10-05T09:24:34+00:00
https://www.thedailystar.net/slow-reads/focus/news/modern-islam-has-always-been-secular-entity-4227616,listing:in-focus|sitemap,2026-10-05T09:24:34+00:00
https://www.thedailystar.net/slow-reads/focus/news/how-the-banned-film-satluj-reopened-the-darkest-wound-punjabs-history-4227396,listing:in-focus|sitemap,2026-10-05T09:24:34+00:00
https://www.thedailystar.net/slow-reads/focus/news/what-the-2026-world-cup-reveals-about-racism-football-4227341,listing:in-focus|sitemap,2026-10-05T09:24:34+00:00
https://www.thedailystar.net/slow-reads/focus/news/how-kolkata-shops-preserve-the-memories-east-bengal-4226836,listing:in-focus|sitemap,2026-10-05T09:24:34+00:00
https://www.thedailystar.net/slow-reads/focus/news/how-roman-jakobson-changed-modern-thought-4226726,listing:in-focus|sitemap,2026-10-05T09:24:36+00:00
https://www.thedailystar.net/slow-reads/focus/news/the-forgotten-south-asian-soldiers-the-first-world-war-4225471,listing:in-focus|sitemap,2026-10-05T09:24:36+00:00
https://www.thedailystar.net/slow-reads/focus/news/how-dhaka-lost-its-green-and-water-revisiting-the-first-master-plan-the-city-4224741,listing:in-focus|sitemap,2026-10-05T09:24:36+00:00
https://www.thedailystar.net/slow-reads/focus/news/bengals-forgotten-connections-nazi-germany-4223776,listing:in-focus|sitemap,2026-10-05T09:24:36+00:00
https://www.thedailystar.net/slow-reads/focus/news/muzharul-islam-and-his-spaces-belonging-4223211,listing:in-focus|sitemap,2026-10-05T09:24:36+00:00
https://www.thedailystar.net/slow-reads/focus/news/the-rise-decline-and-revival-buddhism-bengal-4221981,listing:in-focus|sitemap,2026-10-05T09:24:36+00:00
https://www.thedailystar.net/slow-reads/focus/news/two-visions-sulh-i-kul-akbar-and-dara-shukoh-4219931,listing:in-focus|sitemap,2026-10-05T09:24:36+00:00
https://www.thedailystar.net/slow-reads/focus/news/pachapdi-gazi-the-jim-corbett-bengal-and-the-truth-about-sundarbans-man-eaters-4219231,listing:in-focus|sitemap,2026-10-05T09:24:36+00:00
https://www.thedailystar.net/slow-reads/focus/news/how-mohammedan-sporting-club-shaped-muslim-identity-colonial-bengal-4218301,listing:in-focus|sitemap,2026-10-05T09:24:36+00:00
https://www.thedailystar.net/slow-reads/focus/news/the-untold-history-the-rivers-connect-bangladesh-and-asia-4196581,listing:in-focus|sitemap,2026-10-05T09:24:36+00:00
https://www.thedailystar.net/slow-reads/focus/news/new-history-battala-books-4216566,listing:in-focus|sitemap,2026-10-05T09:24:36+00:00
https://www.thedailystar.net/slow-reads/focus/news/how-old-bengali-advertisements-sold-the-dream-fair-skin-4209536,listing:in-focus|sitemap,2026-10-05T09:24:36+00:00
https://www.thedailystar.net/slow-reads/focus/news/bengal-mysore-and-the-making-american-independence-4213606,listing:in-focus|sitemap,2026-10-05T09:24:36+00:00
https://www.thedailystar.net/slow-reads/focus/news/the-many-gifts-mustafa-monwar-4213376,listing:in-focus|sitemap,2026-10-05T09:24:36+00:00
https://www.thedailystar.net/slow-reads/focus/news/consoled-the-brahmaputra-reflections-the-holey-artisan-attack-1427329,listing:in-focus|sitemap,2026-10-05T09:24:36+00:00
https://www.thedailystar.net/slow-reads/focus/news/beyond-the-myths-aurangzeb-munis-d-faruquis-fresh-perspective-4212326,listing:in-focus|sitemap,2026-10-05T09:24:36+00:00
https://www.thedailystar.net/slow-reads/focus/news/why-left-footers-messi-are-so-valuable-football-4212111,listing:in-focus|sitemap,2026-10-05T09:24:36+00:00
https://www.thedailystar.net/slow-reads/focus/news/the-lost-khoda-art-santals-tattoos-identity-and-the-legacy-the-santal-hul-4211381,listing:in-focus|sitemap,2026-10-05T09:24:36+00:00
https://www.thedailystar.net/slow-reads/focus/news/yes-non-anglo-french-power-plays-the-run-plassey-4210821,listing:in-focus|sitemap,2026-10-05T09:24:39+00:00
https://www.thedailystar.net/slow-reads/focus/news/bonolata-sen-remains-after-film-hollows-you-out-4210261,listing:in-focus|sitemap,2026-10-05T09:24:39+00:00
https://www.thedailystar.net/slow-reads/focus/news/ferdausi-rahman-the-making-music-legend-4210246,listing:in-focus|sitemap,2026-10-05T09:24:39+00:00
https://www.thedailystar.net/slow-reads/focus/news/disappearing-middle-class-and-the-decline-dhakas-club-culture-4208291,listing:in-focus|sitemap,2026-10-05T09:24:39+00:00
https://www.thedailystar.net/slow-reads/focus/news/reading-bengal-beyond-religious-boundaries-4205971,listing:in-focus|sitemap,2026-10-05T09:24:39+00:00
https://www.thedailystar.net/slow-reads/focus/news/graphic-modernity-bengali-artists-and-the-politics-book-design-4204521,listing:in-focus|sitemap,2026-10-05T09:24:39+00:00
https://www.thedailystar.net/slow-reads/focus/news/echoes-karbala-personal-journey-through-muharram-old-dhaka-4204051,listing:in-focus|sitemap,2026-10-05T09:24:39+00:00
https://www.thedailystar.net/slow-reads/focus/news/how-the-mughal-legacy-continues-shape-south-asia-4199491,listing:in-focus|sitemap,2026-10-05T09:24:39+00:00
https://www.thedailystar.net/slow-reads/focus/news/the-lost-world-dhakas-courtesans-and-baijis-4199276,listing:in-focus|sitemap,2026-10-05T09:24:39+00:00
https://www.thedailystar.net/slow-reads/focus/news/ghosts-gods-and-swadeshi-pride-4198481,listing:in-focus|sitemap,2026-10-05T09:24:39+00:00
https://www.thedailystar.net/slow-reads/focus/news/love-faith-and-family-inside-world-cup-players-tattoos-4196281,listing:in-focus|sitemap,2026-10-05T09:24:39+00:00
https://www.thedailystar.net/slow-reads/focus/news/can-migration-help-win-world-cup-4196251,listing:in-focus|sitemap,2026-10-05T09:24:39+00:00
https://www.thedailystar.net/slow-reads/focus/news/crime-history-bengal-when-rivers-became-haven-dacoits-4194291,listing:in-focus|sitemap,2026-10-05T09:24:39+00:00
https://www.thedailystar.net/slow-reads/focus/news/mohajir-manuscripts-field-notes-dhaka-aliya-madrasa-4193241,listing:in-focus|sitemap,2026-10-05T09:24:39+00:00
https://www.thedailystar.net/slow-reads/focus/news/what-has-changed-the-usa-94-world-cup-almost-everything-4192846,listing:in-focus|sitemap,2026-10-05T09:24:39+00:00
https://www.thedailystar.net/slow-reads/focus/news/the-tofail-bhai-i-knew-4191851,listing:in-focus|sitemap,2026-10-05T09:24:39+00:00
https://www.thedailystar.net/slow-reads/focus/news/mustafa-zaman-abbasi-the-man-who-heard-music-the-wind-4190731,listing:in-focus|sitemap,2026-10-05T09:24:39+00:00
https://www.thedailystar.net/slow-reads/focus/news/kam-saaduddin-architect-and-activist-anti-imperialist-sociology-and-social-movements-bangladesh-4189861,listing:in-focus|sitemap,2026-10-05T09:24:39+00:00
https://www.thedailystar.net/slow-reads/focus/news/abdul-quadir-and-the-lost-art-editing-4188161,listing:in-focus|sitemap,2026-10-05T09:24:39+00:00
https://www.thedailystar.net/slow-reads/focus/news/rakhal-das-banerji-the-bengali-explorer-who-changed-history-4185291,listing:in-focus|sitemap,2026-10-05T09:24:41+00:00
https://www.thedailystar.net/slow-reads/focus/news/why-roid-stays-you-long-after-the-film-ends-4187941,listing:in-focus|sitemap,2026-10-05T09:24:41+00:00
https://www.thedailystar.net/slow-reads/focus/news/how-earthquakes-disease-and-war-shaped-bengals-slave-trade-4187656,listing:in-focus|sitemap,2026-10-05T09:24:41+00:00
https://www.thedailystar.net/slow-reads/focus/news/the-first-reports-political-assassination-revisiting-newspaper-coverage-zias-killing-4187281,listing:in-focus|sitemap,2026-10-05T09:24:41+00:00
https://www.thedailystar.net/slow-reads/focus/news/why-zia-still-matters-todays-bangladesh-4187236,listing:in-focus|sitemap,2026-10-05T09:24:41+00:00
https://www.thedailystar.net/slow-reads/focus/news/more-saree-the-living-legacy-tangail-4187076,listing:in-focus|sitemap,2026-10-05T09:24:41+00:00
https://www.thedailystar.net/slow-reads/focus/news/tagores-balaka-and-the-decolonial-poetics-becoming-4184271,listing:in-focus|sitemap,2026-10-05T09:24:41+00:00
https://www.thedailystar.net/slow-reads/focus/news/kolkatas-eid-my-eid-4186296,listing:in-focus|sitemap,2026-10-05T09:24:41+00:00
https://www.thedailystar.net/slow-reads/focus/news/the-quiet-lessons-shital-pati-4183636,listing:in-focus|sitemap,2026-10-05T09:24:41+00:00
https://www.thedailystar.net/slow-reads/focus/news/mercy-love-and-pluralism-sufi-vision-islam-4185201,listing:in-focus|sitemap,2026-10-05T09:24:41+00:00
https://www.thedailystar.net/slow-reads/focus/news/hair-oil-bumblebees-and-the-lost-world-bengali-advertising-art-4183671,listing:in-focus|sitemap,2026-10-05T09:24:41+00:00
https://www.thedailystar.net/slow-reads/focus/news/the-tale-some-rare-portraits-nazruls-final-days-4184891,listing:in-focus|sitemap,2026-10-05T09:24:41+00:00
https://www.thedailystar.net/slow-reads/focus/news/tuning-the-melody-baul-songs-peace-education-4183611,listing:in-focus|sitemap,2026-10-05T09:24:41+00:00
https://www.thedailystar.net/slow-reads/focus/news/shreemati-rassundari-and-the-making-the-first-autobiography-bengali-woman-4184191,listing:in-focus|sitemap,2026-10-05T09:24:41+00:00
https://www.thedailystar.net/slow-reads/focus/news/nabayug-nazruls-radical-pen-and-fazlul-huqs-leadership-4183596,listing:in-focus|sitemap,2026-10-05T09:24:41+00:00
https://www.thedailystar.net/slow-reads/focus/news/east-bengals-victory-and-the-memory-lost-homes-4183231,listing:in-focus|sitemap,2026-10-05T09:24:41+00:00
https://www.thedailystar.net/slow-reads/focus/news/reading-nazrul-age-inequality-4183071,listing:in-focus|sitemap,2026-10-05T09:24:41+00:00
https://www.thedailystar.net/slow-reads/focus/news/tagores-dan-pratidan-and-the-colonial-remaking-bengals-moral-world-4180061,listing:in-focus|sitemap,2026-10-05T09:24:41+00:00
https://www.thedailystar.net/slow-reads/focus/news/the-forgotten-art-bengali-advertising-4177626,listing:in-focus|sitemap,2026-10-05T09:24:44+00:00
https://www.thedailystar.net/slow-reads/focus/news/re-reading-nizamuddin-auliya-history-and-memory-4173191,listing:in-focus|sitemap,2026-10-05T09:24:44+00:00
https://www.thedailystar.net/slow-reads/focus/news/remembering-mrinal-sen-through-rain-memory-and-cinema-4175701,listing:in-focus|sitemap,2026-10-05T09:24:44+00:00
https://www.thedailystar.net/slow-reads/focus/news/rethinking-the-origins-bongabdo-through-bengals-ecological-civilisation-4174901,listing:in-focus|sitemap,2026-10-05T09:24:44+00:00
https://www.thedailystar.net/slow-reads/focus/news/the-forgotten-front-rumour-resistance-and-the-uprising-1857-eastern-bengal-4172656,listing:in-focus|sitemap,2026-10-05T09:24:44+00:00
https://www.thedailystar.net/slow-reads/focus/news/the-burma-we-imagined-bengali-literature-4171496,listing:in-focus|sitemap,2026-10-05T09:24:44+00:00
https://www.thedailystar.net/slow-reads/focus/news/the-dhaka-masterpiece-paintings-1285165,listing:in-focus|sitemap,2026-10-05T09:24:44+00:00
https://www.thedailystar.net/slow-reads/focus/news/nehrus-mians-and-the-lost-tradition-hindu-muslim-political-coexistence-4169866,listing:in-focus|sitemap,2026-10-05T09:24:44+00:00
https://www.thedailystar.net/slow-reads/focus/news/tagores-radical-vision-rural-bengal-4169836,listing:in-focus|sitemap,2026-10-05T09:24:44+00:00
https://www.thedailystar.net/slow-reads/focus/news/the-rabindranath-we-have-not-yet-claimed-4169706,listing:in-focus|sitemap,2026-10-05T09:24:44+00:00
https://www.thedailystar.net/slow-reads/focus/news/the-making-pritilata-waddedar-4167526,listing:in-focus|sitemap,2026-10-05T09:24:44+00:00
https://www.thedailystar.net/slow-reads/focus/news/raghu-rai-when-life-performs-the-camera-4166771,listing:in-focus|sitemap,2026-10-05T09:24:44+00:00
https://www.thedailystar.net/slow-reads/focus/news/we-wish-inform-you-censorship-bangladesh-1972-2024-4166461,listing:in-focus|sitemap,2026-10-05T09:24:44+00:00
https://www.thedailystar.net/slow-reads/focus/news/revisiting-satyajit-ray-the-age-noise-4165796,listing:in-focus|sitemap,2026-10-05T09:24:44+00:00
https://www.thedailystar.net/slow-reads/focus/news/satyajit-ray-the-man-who-found-the-universe-dewdrop-4165771,listing:in-focus|sitemap,2026-10-05T09:24:44+00:00
https://www.thedailystar.net/slow-reads/focus/news/satyajit-rays-tagore-films-3960661,listing:in-focus|sitemap,2026-10-05T09:24:44+00:00
https://www.thedailystar.net/slow-reads/focus/news/fight-justice-4164836,listing:in-focus|listing:slow-reads/slow-reads-special|listing:slow-reads/slow-reads-special/interactive-stories|sitemap,2026-10-05T09:24:44+00:00
https://www.thedailystar.net/slow-reads/focus/news/glimpse-the-formative-years-fazlul-huq-4163086,listing:in-focus|sitemap,2026-10-05T09:24:44+00:00
https://www.thedailystar.net/slow-reads/focus/news/the-making-democratic-bengal-fazlul-huqs-kpp-and-1937-election-4162046,listing:in-focus|sitemap,2026-10-05T09:24:46+00:00
https://www.thedailystar.net/slow-reads/focus/news/fazlul-huq-and-the-dream-new-bengal-united-india-4161726,listing:in-focus|sitemap,2026-10-05T09:24:46+00:00
https://www.thedailystar.net/slow-reads/focus/news/new-reading-fakhruddin-mubarak-shah-and-sonargaons-independence-4161671,listing:in-focus|sitemap,2026-10-05T09:24:46+00:00
https://www.thedailystar.net/slow-reads/focus/news/khulna-144-city-fading-glory-and-enduring-grace-4160301,listing:in-focus|sitemap,2026-10-05T09:24:46+00:00
https://www.thedailystar.net/slow-reads/focus/news/the-untold-history-horses-south-asia-4160276,listing:in-focus|sitemap,2026-10-05T09:24:46+00:00
https://www.thedailystar.net/slow-reads/focus/news/hurt-sentiments-and-majoritarian-politics-south-asias-crisis-secularism-4156231,listing:in-focus|sitemap,2026-10-05T09:24:46+00:00
https://www.thedailystar.net/slow-reads/focus/news/the-delta-paradox-prosperity-and-plunder-late-medieval-bengal-4155641,listing:in-focus|sitemap,2026-10-05T09:24:46+00:00
https://www.thedailystar.net/slow-reads/focus/news/zobaida-khatun-chowdhury-life-carved-courage-4154851,listing:in-focus|sitemap,2026-10-05T09:24:46+00:00
https://www.thedailystar.net/slow-reads/focus/news/rose-garden-history-passion-and-pride-1856287,listing:in-focus|sitemap,2026-10-05T09:24:46+00:00
https://www.thedailystar.net/slow-reads/focus/news/adaitwa-mallabarman-author-the-soil-1345198,listing:in-focus|sitemap,2026-10-05T09:24:46+00:00
https://www.thedailystar.net/slow-reads/focus/news/the-nakshi-kantha-tradition-and-transformation-4150271,listing:in-focus|listing:slow-reads/slow-reads-special|sitemap,2026-10-05T09:24:46+00:00
https://www.thedailystar.net/slow-reads/slow-reads-special/news/the-painted-cosmology-tikoil-village-4149176,listing:in-focus|listing:slow-reads/slow-reads-special|sitemap,2026-10-05T09:24:46+00:00
https://www.thedailystar.net/slow-reads/focus/news/how-the-british-shaped-the-way-we-dress-today-4147161,listing:in-focus|sitemap,2026-10-05T09:24:49+00:00
https://www.thedailystar.net/slow-reads/focus/news/armenian-heritage-bangladesh-1768102,listing:in-focus|sitemap,2026-10-05T09:24:49+00:00
https://www.thedailystar.net/slow-reads/focus/news/annapurna-devi-and-the-gendered-silences-classical-music-4144231,listing:in-focus|sitemap,2026-10-05T09:24:49+00:00
https://www.thedailystar.net/slow-reads/focus/news/islamisation-bengal-has-no-parallel-south-asia-4144576,listing:in-focus|sitemap,2026-10-05T09:24:49+00:00
https://www.thedailystar.net/slow-reads/focus/news/kedarnath-majumdar-the-forgotten-historian-bengal-4144046,listing:in-focus|sitemap,2026-10-05T09:24:49+00:00
https://www.thedailystar.net/slow-reads/focus/news/banglay-bidroho-rare-collection-liberation-war-paintings-4141771,listing:in-focus|sitemap,2026-10-05T09:24:49+00:00
https://www.thedailystar.net/slow-reads/focus/news/does-south-asia-need-secularism-4138766,listing:in-focus|sitemap,2026-10-05T09:24:49+00:00
https://www.thedailystar.net/slow-reads/focus/news/did-jinnah-lose-faith-the-two-nation-theory-after-1947-4136041,listing:in-focus|sitemap,2026-10-05T09:24:49+00:00
https://www.thedailystar.net/slow-reads/focus/news/the-black-flag-rajshahi-and-the-officer-who-chose-conscience-4135981,listing:in-focus|sitemap,2026-10-05T09:24:49+00:00
https://www.thedailystar.net/slow-reads/focus/news/the-naval-hero-who-envisioned-nation-4135206,listing:in-focus|listing:slow-reads/slow-reads-special|listing:slow-reads/slow-reads-special/operation-searchlight|sitemap,2026-10-05T09:24:49+00:00
https://www.thedailystar.net/slow-reads/focus/news/highgate-remembering-karl-marx-4131941,listing:in-focus|sitemap,2026-10-05T09:24:49+00:00
https://www.thedailystar.net/slow-reads/focus/news/celebrating-eid-thousand-years-history-three-embraces-4131931,listing:in-focus|sitemap,2026-10-05T09:24:49+00:00
https://www.thedailystar.net/slow-reads/focus/news/historical-glimpses-eid-processions-dhaka-4131826,listing:in-focus|sitemap,2026-10-05T09:24:49+00:00
https://www.thedailystar.net/slow-reads/focus/news/the-biryani-excavation-4131891,listing:in-focus|sitemap,2026-10-05T09:24:49+00:00
https://www.thedailystar.net/slow-reads/focus/news/my-mothers-letter-during-the-liberation-war-4129891,listing:in-focus|sitemap,2026-10-05T09:24:49+00:00
https://www.thedailystar.net/slow-reads/focus/news/leela-nag-lone-tigress-who-waged-war-against-the-status-quo-4125396,listing:in-focus|sitemap,2026-10-05T09:24:51+00:00
https://www.thedailystar.net/slow-reads/focus/news/barisal-beyond-and-the-making-bengali-literary-modernity-4118316,listing:in-focus|sitemap,2026-10-05T09:24:51+00:00
https://www.thedailystar.net/slow-reads/focus/news/why-there-so-little-discussion-books-4117186,listing:in-focus|sitemap,2026-10-05T09:24:51+00:00
https://www.thedailystar.net/slow-reads/news/the-great-age-chittagong-and-our-failure-understand-it-4112376,listing:in-focus|sitemap,2026-10-05T09:24:51+00:00
https://www.thedailystar.net/slow-reads/focus/news/capturing-the-language-movement-rafiquls-rare-archive-4112011,listing:in-focus|sitemap,2026-10-05T09:24:51+00:00
https://www.thedailystar.net/slow-reads/focus/news/ekushey-the-mirror-azad-4111286,listing:in-focus|sitemap,2026-10-05T09:24:51+00:00
https://www.thedailystar.net/slow-reads/focus/news/amar-ekushey-bangla-became-demand-4108021,listing:in-focus|sitemap,2026-10-05T09:24:51+00:00
https://www.thedailystar.net/slow-reads/focus/news/jinnah-vs-fazlul-huq-the-forgotten-debate-over-pakistan-4106956,listing:in-focus|sitemap,2026-10-05T09:24:51+00:00
https://www.thedailystar.net/slow-reads/focus/news/building-nation-print-paper-textbooks-and-publishing-east-pakistan-4102416,listing:in-focus|sitemap,2026-10-05T09:24:51+00:00
https://www.thedailystar.net/slow-reads/focus/news/madani-vs-maududi-the-forgotten-muslim-debate-over-pakistan-4101171,listing:in-focus|sitemap,2026-10-05T09:24:51+00:00
https://www.thedailystar.net/slow-reads/focus/news/jinnah-vs-maududi-the-forgotten-muslim-debate-over-pakistan-4098801,listing:in-focus|sitemap,2026-10-05T09:24:51+00:00
https://www.thedailystar.net/slow-reads/focus/news/between-memory-and-truth-mark-tully-and-the-bangladesh-he-witnessed-4096631,listing:in-focus|sitemap,2026-10-05T09:24:51+00:00
https://www.thedailystar.net/slow-reads/focus/news/jinnah-vs-madani-the-forgotten-muslim-debate-over-pakistan-4095831,listing:in-focus|sitemap,2026-10-05T09:24:51+00:00
https://www.thedailystar.net/slow-reads/focus/news/raihan-ghatak-tarkovsky-we-shall-search-we-shall-find-4096101,listing:in-focus|sitemap,2026-10-05T09:24:51+00:00
https://www.thedailystar.net/slow-reads/focus/news/vandalism-and-the-death-civilisation-4093321,listing:in-focus|sitemap,2026-10-05T09:24:51+00:00
https://www.thedailystar.net/slow-reads/focus/news/khow-suey-dish-born-migration-and-adaptation-4092496,listing:in-focus|sitemap,2026-10-05T09:24:51+00:00
https://www.thedailystar.net/slow-reads/focus/news/chittagong-centred-and-de-centred-forgotten-history-4090266,listing:in-focus|sitemap,2026-10-05T09:24:51+00:00
https://www.thedailystar.net/slow-reads/focus/news/the-assam-bengal-line-system-mobility-land-and-belonging-4085766,listing:in-focus|sitemap,2026-10-05T09:24:51+00:00
https://www.thedailystar.net/slow-reads/focus/news/journey-the-roof-the-world-bangladeshis-tibet-travelogue-4084201,listing:in-focus|sitemap,2026-10-05T09:24:54+00:00
https://www.thedailystar.net/slow-reads/focus/news/remembering-jayasree-kabir-the-actress-who-chose-absence-4084846,listing:in-focus|sitemap,2026-10-05T09:24:54+00:00
https://www.thedailystar.net/slow-reads/focus/news/muslim-sahitya-samaj-centenary-4084151,listing:in-focus|sitemap,2026-10-05T09:24:54+00:00
https://www.thedailystar.net/slow-reads/focus/news/the-selfie-age-daddys-self-portraits-4077491,listing:in-focus|sitemap,2026-10-05T09:24:54+00:00
https://www.thedailystar.net/slow-reads/focus/news/ila-mitra-symbol-indomitable-courage-4073866,listing:in-focus|sitemap,2026-10-05T09:24:54+00:00
https://www.thedailystar.net/slow-reads/focus/news/city-called-elias-4073291,listing:in-focus|sitemap,2026-10-05T09:24:54+00:00
https://www.thedailystar.net/slow-reads/slow-reads-special/news/the-making-folk-poet-jasimuddin-4072881,listing:in-focus|listing:slow-reads/slow-reads-special|sitemap,2026-10-05T09:24:54+00:00
https://www.thedailystar.net/slow-reads/focus/news/rokeyas-writing-i-see-universal-truth-4070781,listing:in-focus|sitemap,2026-10-05T09:24:54+00:00
https://www.thedailystar.net/slow-reads/focus/news/zainul-abedin-naib-uddin-and-the-making-classic-4068536,listing:in-focus|sitemap,2026-10-05T09:24:54+00:00
https://www.thedailystar.net/slow-reads/focus/news/journey-through-bangladeshs-islamic-inscriptions-4068116,listing:in-focus|sitemap,2026-10-05T09:24:54+00:00
https://www.thedailystar.net/slow-reads/focus/news/why-rokeyas-two-hour-workday-utopia-remains-urgently-relevant-4067851,listing:in-focus|sitemap,2026-10-05T09:24:54+00:00
https://www.thedailystar.net/slow-reads/focus/news/nurjahan-begum-life-womens-voices-4066001,listing:in-focus|listing:slow-reads/slow-reads-classics|sitemap,2026-10-05T09:24:54+00:00
https://www.thedailystar.net/slow-reads/focus/news/anti-liberation-war-forces-have-taken-advantage-the-failure-democracy-4065701,listing:in-focus|sitemap,2026-10-05T09:24:54+00:00
https://www.thedailystar.net/slow-reads/focus/news/american-doctors-who-exposed-the-nixon-kissinger-lies-4059096,listing:in-focus|listing:slow-reads/slow-reads-special|sitemap,2026-10-05T09:24:54+00:00
https://www.thedailystar.net/slow-reads/focus/news/kazi-fazlur-rahman-civil-servant-and-intellectual-giant-4059081,listing:in-focus|sitemap,2026-10-05T09:24:54+00:00
https://www.thedailystar.net/slow-reads/focus/news/chittagong-chittagong-early-history-4058696,listing:in-focus|sitemap,2026-10-05T09:24:56+00:00
https://www.thedailystar.net/slow-reads/focus/news/what-begum-rokeya-knew-about-changing-bengali-muslims-within-4053071,listing:in-focus|sitemap,2026-10-05T09:24:56+00:00
https://www.thedailystar.net/slow-reads/focus/news/living-time-fear-the-rise-digital-inquisition-bangladesh-4050471,listing:in-focus|sitemap,2026-10-05T09:24:56+00:00
https://www.thedailystar.net/slow-reads/focus/news/early-north-bengal-re-creation-and-lone-journey-4046511,listing:in-focus|sitemap,2026-10-05T09:24:56+00:00
https://www.thedailystar.net/slow-reads/focus/news/my-experience-editor-bangla-magazine-4045101,listing:in-focus|sitemap,2026-10-05T09:24:56+00:00
https://www.thedailystar.net/slow-reads/focus/news/struggle-noazesh-ahmed-and-his-first-masterpiece-4042401,listing:in-focus|sitemap,2026-10-05T09:24:56+00:00
https://www.thedailystar.net/slow-reads/focus/news/photographing-muslim-women-how-sufia-kamal-broke-the-camera-taboo-4039436,listing:in-focus|sitemap,2026-10-05T09:24:56+00:00
https://www.thedailystar.net/slow-reads/focus/news/dhakas-forgotten-wwii-story-what-soldiers-feared-more-japanese-bullets-4037811,listing:in-focus|sitemap,2026-10-05T09:24:56+00:00
https://www.thedailystar.net/slow-reads/focus/news/bhashani-and-the-gayebi-janazah-1968-photographic-history-4036841,listing:in-focus|sitemap,2026-10-05T09:24:56+00:00
https://www.thedailystar.net/slow-reads/focus/news/two-forgotten-kingdoms-bengal-4036491,listing:in-focus|sitemap,2026-10-05T09:24:56+00:00
https://www.thedailystar.net/slow-reads/focus/news/let-democracy-be-free-the-image-shook-dictator-4030791,listing:in-focus|sitemap,2026-10-05T09:24:56+00:00
https://www.thedailystar.net/slow-reads/focus/news/song-the-soul-4031406,listing:in-focus|sitemap,2026-10-05T09:24:56+00:00
https://www.thedailystar.net/slow-reads/focus/news/why-should-i-leave-the-partition-the-cinema-ritwik-ghatak-4026416,listing:in-focus|sitemap,2026-10-05T09:24:56+00:00
https://www.thedailystar.net/slow-reads/focus/news/the-last-republican-4026026,listing:in-focus|listing:slow-reads/slow-reads-special|sitemap,2026-10-05T09:24:56+00:00
https://www.thedailystar.net/slow-reads/focus/news/reading-power-how-everyday-texts-shaped-life-under-the-british-empire-4021191,listing:in-focus|sitemap,2026-10-05T09:24:56+00:00
https://www.thedailystar.net/slow-reads/focus/news/why-was-sher-e-bangla-so-popular-4020301,listing:in-focus|sitemap,2026-10-05T09:24:56+00:00
https://www.thedailystar.net/slow-reads/slow-reads-special/news/the-dawn-islamic-songs-bengal-4019801,listing:in-focus|listing:slow-reads/slow-reads-special|sitemap,2026-10-05T09:24:59+00:00
https://www.thedailystar.net/slow-reads/focus/news/my-discovery-sher-e-bangla-4018746,listing:in-focus|sitemap,2026-10-05T09:24:59+00:00
https://www.thedailystar.net/slow-reads/focus/news/sher-e-bangla-and-his-political-rivals-4018756,listing:in-focus|sitemap,2026-10-05T09:24:59+00:00
https://www.thedailystar.net/slow-reads/focus/news/the-thrills-rakib-hasan-4017046,listing:in-focus|sitemap,2026-10-05T09:24:59+00:00
https://www.thedailystar.net/slow-reads/focus/news/how-bengal-discovered-japan-150-year-chronicle-4014171,listing:in-focus|sitemap,2026-10-05T09:24:59+00:00
https://www.thedailystar.net/slow-reads/focus/news/abul-hashims-bangalistaan-4009351,listing:in-focus|sitemap,2026-10-05T09:24:59+00:00
https://www.thedailystar.net/slow-reads/focus/news/baba-allauddin-khan-and-the-making-musical-lineage-4004166,listing:in-focus|sitemap,2026-10-05T09:24:59+00:00
https://www.thedailystar.net/slow-reads/focus/news/meghnad-saha-the-dhaka-born-scientist-who-dreamed-technological-future-4003161,listing:in-focus|sitemap,2026-10-05T09:24:59+00:00
https://www.thedailystar.net/slow-reads/focus/news/the-lost-history-pilkhanas-elephant-depot-4002811,listing:in-focus|sitemap,2026-10-05T09:24:59+00:00
https://www.thedailystar.net/slow-reads/focus/news/dhakas-forgotten-wwii-story-spielbergs-father-and-the-bridge-busters-3998446,listing:in-focus|sitemap,2026-10-05T09:24:59+00:00
https://www.thedailystar.net/slow-reads/focus/news/sandwips-forgotten-wars-3991291,listing:in-focus|sitemap,2026-10-05T09:24:59+00:00
https://www.thedailystar.net/slow-reads/focus/news/why-the-1962-education-movement-must-not-be-forgotten-382747,listing:in-focus|sitemap,2026-10-05T09:24:59+00:00
https://www.thedailystar.net/slow-reads/focus/news/why-zahir-raihan-matters-more-ever-after-the-august-uprising-3986446,listing:in-focus|sitemap,2026-10-05T09:24:59+00:00
https://www.thedailystar.net/slow-reads/focus/news/badruddin-umar-tribute-genuine-scholar-and-committed-activist-3984386,listing:in-focus|sitemap,2026-10-05T09:24:59+00:00
https://www.thedailystar.net/slow-reads/focus/news/remembering-badruddin-umar-inspiring-scholar-3982836,listing:in-focus|sitemap,2026-10-05T09:24:59+00:00
https://www.thedailystar.net/slow-reads/focus/news/thus-spoke-suhrawardy-3980861,listing:in-focus|listing:slow-reads/slow-reads-classics|sitemap,2026-10-05T09:24:59+00:00
https://www.thedailystar.net/slow-reads/focus/news/suhrawardy-statesman-democracy-3980836,listing:in-focus|sitemap,2026-10-05T09:25:01+00:00
https://www.thedailystar.net/slow-reads/focus/news/faultlines-freedom-the-complex-ties-jinnah-suhrawardy-and-gandhi-3980831,listing:in-focus|sitemap,2026-10-05T09:25:01+00:00
https://www.thedailystar.net/slow-reads/focus/news/badruddin-umar-tribute-3980586,listing:in-focus|listing:slow-reads/slow-reads-classics|sitemap,2026-10-05T09:25:01+00:00
https://www.thedailystar.net/slow-reads/focus/news/we-must-not-lose-focus-real-political-barriers-3980181,listing:in-focus|sitemap,2026-10-05T09:25:01+00:00
https://www.thedailystar.net/slow-reads/focus/news/the-secret-deal-carved-the-middle-east-3976911,listing:in-focus|sitemap,2026-10-05T09:25:01+00:00
https://www.thedailystar.net/slow-reads/focus/news/forbidden-nazrul-3975526,listing:in-focus|sitemap,2026-10-05T09:25:01+00:00
https://www.thedailystar.net/slow-reads/focus/news/christian-conversion-and-the-politics-faith-colonial-bengal-3965451,listing:in-focus|sitemap,2026-10-05T09:25:01+00:00
https://www.thedailystar.net/slow-reads/focus/news/bridging-the-partition-through-education-3964991,listing:in-focus|sitemap,2026-10-05T09:25:01+00:00
https://www.thedailystar.net/slow-reads/focus/news/robust-democratic-environment-remains-fictitious-configuration-our-noisy-imagination-3955516,listing:in-focus|sitemap,2026-10-05T09:25:01+00:00
https://www.thedailystar.net/slow-reads/focus/news/sound-the-july-uprising-3954856,listing:in-focus|sitemap,2026-10-05T09:25:01+00:00
https://www.thedailystar.net/slow-reads/focus/news/sandwip-and-the-collapse-portuguese-ambition-3949436,listing:in-focus|sitemap,2026-10-05T09:25:01+00:00
https://www.thedailystar.net/slow-reads/focus/news/atypical-leader-3945751,listing:in-focus|listing:slow-reads/slow-reads-special|sitemap,2026-10-05T09:25:01+00:00
https://www.thedailystar.net/slow-reads/focus/news/the-trial-the-jail-killing-case-should-be-reopened-3945756,listing:in-focus|listing:slow-reads/slow-reads-special|sitemap,2026-10-05T09:25:01+00:00
https://www.thedailystar.net/slow-reads/focus/news/tajuddin-ahmad-seems-greek-tragic-hero-who-had-all-the-great-qualities-destiny-was-against-him-3945761,listing:in-focus|listing:slow-reads/slow-reads-special|sitemap,2026-10-05T09:25:01+00:00
https://www.thedailystar.net/slow-reads/focus/news/our-moral-inheritance-tajuddin-ahmads-call-national-conscience-3945771,listing:in-focus|listing:slow-reads/slow-reads-special|sitemap,2026-10-05T09:25:01+00:00
https://www.thedailystar.net/slow-reads/focus/news/reading-his-diaries-and-understanding-the-man-3945776,listing:in-focus|listing:slow-reads/slow-reads-special|sitemap,2026-10-05T09:25:01+00:00
https://www.thedailystar.net/slow-reads/focus/news/our-finest-representative-liberal-politics-3945816,listing:in-focus|listing:slow-reads/slow-reads-special|sitemap,2026-10-05T09:25:03+00:00
https://www.thedailystar.net/slow-reads/focus/news/tajuddins-place-history-should-be-seen-terms-his-wartime-leadership-3945551,listing:in-focus|listing:slow-reads/slow-reads-special|sitemap,2026-10-05T09:25:03+00:00
https://www.thedailystar.net/slow-reads/focus/news/the-path-dawn-3945556,listing:in-focus|listing:slow-reads/slow-reads-special|sitemap,2026-10-05T09:25:03+00:00
https://www.thedailystar.net/slow-reads/focus/news/tajuddins-unfinished-revolution-3945566,listing:in-focus|listing:slow-reads/slow-reads-special|sitemap,2026-10-05T09:25:03+00:00
https://www.thedailystar.net/slow-reads/focus/news/self-and-society-tajuddins-formative-years-3945571,listing:in-focus|listing:slow-reads/slow-reads-special|sitemap,2026-10-05T09:25:03+00:00
https://www.thedailystar.net/slow-reads/focus/news/tajuddin-ahmad-man-who-shaped-history-3945746,listing:in-focus|listing:slow-reads/slow-reads-special|sitemap,2026-10-05T09:25:03+00:00
https://www.thedailystar.net/slow-reads/focus/news/muzharul-islam-and-chetana-movement-3939011,listing:in-focus|sitemap,2026-10-05T09:25:03+00:00
https://www.thedailystar.net/slow-reads/focus/news/the-maverick-pundit-3928766,listing:in-focus|sitemap,2026-10-05T09:25:03+00:00
https://www.thedailystar.net/slow-reads/focus/news/why-sandwip-missing-the-bay-bengals-history-3917926,listing:in-focus|sitemap,2026-10-05T09:25:03+00:00
https://www.thedailystar.net/slow-reads/focus/news/writing-the-padma-3909011,listing:in-focus|sitemap,2026-10-05T09:25:03+00:00
https://www.thedailystar.net/slow-reads/focus/news/art-and-decolonisation-zainul-abedin-3903446,listing:in-focus|sitemap,2026-10-05T09:25:03+00:00
https://www.thedailystar.net/slow-reads/focus/news/bengals-ties-the-straits-world-3897836,listing:in-focus|sitemap,2026-10-05T09:25:03+00:00
https://www.thedailystar.net/slow-reads/focus/news/search-premodern-bengals-literary-treasures-3886926,listing:in-focus|sitemap,2026-10-05T09:25:07+00:00
https://www.thedailystar.net/slow-reads/focus/news/raja-pratapaditya-charitra-and-the-birth-bengali-history-writing-3881671,listing:in-focus|sitemap,2026-10-05T09:25:07+00:00
https://www.thedailystar.net/slow-reads/focus/news/the-untold-story-franklin-book-dhaka-the-shadow-the-cold-war-3876186,listing:in-focus|sitemap,2026-10-05T09:25:07+00:00
https://www.thedailystar.net/slow-reads/focus/news/jamdani-the-battleground-3870796,listing:in-focus|sitemap,2026-10-05T09:25:07+00:00
https://www.thedailystar.net/slow-reads/focus/news/the-legacy-thomas-bata-bengal-3868136,listing:in-focus|sitemap,2026-10-05T09:25:07+00:00
https://www.thedailystar.net/slow-reads/focus/news/the-many-bengals-samatata-bangalah-subah-i-bangalah-3865071,listing:in-focus|sitemap,2026-10-05T09:25:07+00:00
https://www.thedailystar.net/slow-reads/focus/news/huge-gulf-separates-mujib-bhutto-3857841,listing:in-focus|listing:slow-reads/slow-reads-special|listing:slow-reads/slow-reads-special/operation-searchlight|sitemap,2026-10-05T09:25:07+00:00
https://www.thedailystar.net/slow-reads/focus/news/how-bangladesh-gained-global-legitimacy-3856236,listing:in-focus|sitemap,2026-10-05T09:25:07+00:00
https://www.thedailystar.net/slow-reads/focus/news/anisur-rahman-farewell-fellow-traveler-3843641,listing:in-focus|sitemap,2026-10-05T09:25:07+00:00
https://www.thedailystar.net/slow-reads/focus/news/reclaiming-panthokunjo-spectral-wastelands-3838156,listing:in-focus|sitemap,2026-10-05T09:25:07+00:00
https://www.thedailystar.net/slow-reads/focus/news/tamam-na-sud-3832896,listing:in-focus|sitemap,2026-10-05T09:25:07+00:00
https://www.thedailystar.net/slow-reads/focus/news/bangla-language-and-literature-after-47-3829641,listing:in-focus|sitemap,2026-10-05T09:25:07+00:00
https://www.thedailystar.net/slow-reads/focus/news/the-forgotten-revolutionary-3820311,listing:in-focus|sitemap,2026-10-05T09:25:07+00:00
https://www.thedailystar.net/slow-reads/focus/news/visionary-who-elevated-dhaka-university-global-renown-3814721,listing:in-focus|sitemap,2026-10-05T09:25:07+00:00
https://www.thedailystar.net/slow-reads/focus/news/h-h-risley-and-bengal-1873-1911-3809271,listing:in-focus|sitemap,2026-10-05T09:25:07+00:00
https://www.thedailystar.net/slow-reads/focus/news/sacrificed-development-3803526,listing:in-focus|sitemap,2026-10-05T09:25:07+00:00
https://www.thedailystar.net/slow-reads/focus/news/untold-history-bengali-migrants-malaya-and-singapore-3798056,listing:in-focus|sitemap,2026-10-05T09:25:09+00:00
https://www.thedailystar.net/slow-reads/focus/news/the-tale-ramna-racecourse-3792791,listing:in-focus|sitemap,2026-10-05T09:25:09+00:00
https://www.thedailystar.net/slow-reads/focus/news/growth-national-consciousness-3782476,listing:in-focus|sitemap,2026-10-05T09:25:09+00:00
https://www.thedailystar.net/slow-reads/focus/news/intellectuals-bangladesh-and-after-1971-3777186,listing:in-focus|sitemap|package:supplements/victory-day-special-2024,2026-10-05T09:25:09+00:00
https://www.thedailystar.net/slow-reads/focus/news/shilalipi-legend-carved-stone-3775521,listing:in-focus|sitemap,2026-10-05T09:25:09+00:00
https://www.thedailystar.net/slow-reads/focus/news/dreaming-about-ladyland-3767781,listing:in-focus|sitemap,2026-10-05T09:25:09+00:00
https://www.thedailystar.net/slow-reads/focus/news/the-journey-british-bengali-women-higher-education-3755266,listing:in-focus|sitemap,2026-10-05T09:25:09+00:00
https://www.thedailystar.net/slow-reads/focus/news/remembering-legacy-opposition-vision-independence-3754591,listing:in-focus|sitemap,2026-10-05T09:25:09+00:00
https://www.thedailystar.net/slow-reads/focus/news/the-last-romantic-3749721,listing:in-focus|sitemap,2026-10-05T09:25:09+00:00
https://www.thedailystar.net/slow-reads/focus/news/blood-the-barred-walls-the-1975-jail-killing-revisited-3743131,listing:in-focus|sitemap,2026-10-05T09:25:09+00:00
https://www.thedailystar.net/slow-reads/focus/news/sultanate-mughal-the-architectural-legacy-bengal-3738301,listing:in-focus|sitemap,2026-10-05T09:25:09+00:00
https://www.thedailystar.net/slow-reads/focus/news/sir-syed-ahmad-khan-and-the-muslim-renaissance-south-asia-3732326,listing:in-focus|sitemap,2026-10-05T09:25:09+00:00
https://www.thedailystar.net/slow-reads/focus/news/controversy-classic-lal-shalu-after-75-years-3726976,listing:in-focus|sitemap,2026-10-05T09:25:09+00:00
https://www.thedailystar.net/slow-reads/focus/news/abul-hashim-and-revisiting-the-united-bengal-plan-1946-47-3722406,listing:in-focus|sitemap,2026-10-05T09:25:09+00:00
https://www.thedailystar.net/slow-reads/focus/news/reform-must-come-the-people-3715741,listing:in-focus|sitemap,2026-10-05T09:25:09+00:00
https://www.thedailystar.net/slow-reads/focus/news/the-luckless-president-american-icon-3709716,listing:in-focus|sitemap,2026-10-05T09:25:09+00:00
https://www.thedailystar.net/slow-reads/focus/news/abdullah-the-novel-pioneered-new-era-bengali-literature-3704136,listing:in-focus|sitemap,2026-10-05T09:25:09+00:00
https://www.thedailystar.net/slow-reads/focus/news/reading-akhteruzzaman-elias-after-uprising-3697891,listing:in-focus|sitemap,2026-10-05T09:25:11+00:00
https://www.thedailystar.net/slow-reads/focus/news/the-bengali-mahanayika-mahanayak-3692266,listing:in-focus|sitemap,2026-10-05T09:25:11+00:00
https://www.thedailystar.net/slow-reads/focus/news/nayakraj-razzak-new-man-the-1960s-3686616,listing:in-focus|sitemap,2026-10-05T09:25:11+00:00
https://www.thedailystar.net/slow-reads/focus/news/shamsur-rahman-and-muslim-bengali-childhood-modernity-city-and-soliloquy-3680786,listing:in-focus|sitemap,2026-10-05T09:25:11+00:00
https://www.thedailystar.net/slow-reads/focus/news/utpal-dutt-and-postcolonial-political-theatre-3675066,listing:in-focus|sitemap,2026-10-05T09:25:11+00:00
https://www.thedailystar.net/slow-reads/focus/news/concert-bangladesh-3672136,listing:in-focus|sitemap,2026-10-05T09:25:11+00:00
https://www.thedailystar.net/slow-reads/focus/news/forgotten-chapter-the-intellectual-movement-bengali-muslims-3664336,listing:in-focus|sitemap,2026-10-05T09:25:11+00:00
https://www.thedailystar.net/slow-reads/focus/news/australian-involvement-the-bangladesh-liberation-war-3663391,listing:in-focus|sitemap,2026-10-05T09:25:11+00:00
https://www.thedailystar.net/slow-reads/focus/news/iconic-history-bengal-3657886,listing:in-focus|sitemap,2026-10-05T09:25:11+00:00
https://www.thedailystar.net/slow-reads/focus/news/cartographic-imagination-and-colonial-landscape-paintings-and-around-bengal-3651521,listing:in-focus|sitemap,2026-10-05T09:25:11+00:00
https://www.thedailystar.net/slow-reads/focus/news/the-santal-hul-arrows-against-muskets-3646106,listing:in-focus|sitemap,2026-10-05T09:25:11+00:00
https://www.thedailystar.net/slow-reads/focus/news/rammohun-roys-grammars-bangla-3640131,listing:in-focus|sitemap,2026-10-05T09:25:11+00:00
https://www.thedailystar.net/slow-reads/focus/news/bengali-and-non-bengali-riots-karnaphuli-paper-mills-3631121,listing:in-focus|listing:slow-reads/slow-reads-special|sitemap,2026-10-05T09:25:11+00:00
https://www.thedailystar.net/slow-reads/focus/news/who-are-bengalis-3625386,listing:in-focus|sitemap,2026-10-05T09:25:11+00:00
https://www.thedailystar.net/slow-reads/focus/news/symbolic-and-imaginary-nazrul-islam-3619726,listing:in-focus|sitemap,2026-10-05T09:25:11+00:00
https://www.thedailystar.net/slow-reads/focus/news/steam-power-and-scientific-knowledge-early-british-bengal-3614111,listing:in-focus|sitemap,2026-10-05T09:25:11+00:00
https://www.thedailystar.net/slow-reads/focus/news/rabindranath-tagore-and-the-creation-national-identity-3608701,listing:in-focus|sitemap,2026-10-05T09:25:11+00:00
https://www.thedailystar.net/slow-reads/focus/news/life-dedicated-cultural-activism-3604576,listing:in-focus|sitemap,2026-10-05T09:25:11+00:00
https://www.thedailystar.net/slow-reads/focus/news/thus-spoke-sher-e-bangla-3597861,listing:in-focus|sitemap,2026-10-05T09:25:11+00:00
https://www.thedailystar.net/slow-reads/focus/news/the-baropakhya-christians-forgotten-incidence-peasant-repression-colonial-bengal-3592516,listing:in-focus|sitemap,2026-10-05T09:25:11+00:00
https://www.thedailystar.net/slow-reads/focus/news/the-enduring-impact-abul-mansur-ahmads-journalism-3569186,listing:in-focus|sitemap,2026-10-05T09:25:14+00:00
https://www.thedailystar.net/slow-reads/slow-reads-special/news/the-name-lalon-3564061,listing:in-focus|listing:slow-reads/slow-reads-special|sitemap,2026-10-05T09:25:14+00:00
https://www.thedailystar.net/slow-reads/focus/news/vangiya-sahitya-parishat-the-first-bengal-academy-literature-3541816,listing:in-focus|sitemap,2026-10-05T09:25:14+00:00
https://www.thedailystar.net/slow-reads/focus/news/call-bengali-language-outreach-3536506,listing:in-focus|sitemap,2026-10-05T09:25:14+00:00
https://www.thedailystar.net/slow-reads/focus/news/politics-and-archaeology-ayodhya-3530941,listing:in-focus|sitemap,2026-10-05T09:25:14+00:00
https://www.thedailystar.net/slow-reads/focus/news/global-south-and-global-north-3525101,listing:in-focus|sitemap,2026-10-05T09:25:14+00:00
https://www.thedailystar.net/slow-reads/focus/news/pramila-tradition-characterized-3519551,listing:in-focus|sitemap,2026-10-05T09:25:14+00:00
https://www.thedailystar.net/slow-reads/focus/news/and-beyond-nusrat-fateh-ali-khan-3513861,listing:in-focus|sitemap,2026-10-05T09:25:14+00:00
https://www.thedailystar.net/slow-reads/focus/news/climate-change-and-unplanned-development-are-creating-new-set-damaging-risks-3502466,listing:in-focus|sitemap,2026-10-05T09:25:14+00:00
https://www.thedailystar.net/slow-reads/focus/news/the-courageous-journey-three-sisters-3495476,listing:in-focus|sitemap,2026-10-05T09:25:14+00:00
https://www.thedailystar.net/slow-reads/focus/news/unusual-pundit-170th-birth-anniversary-haraprasad-shastri-3485376,listing:in-focus|sitemap,2026-10-05T09:25:14+00:00
https://www.thedailystar.net/slow-reads/focus/news/how-did-the-us-and-bangladesh-come-be-the-same-negotiating-table-climate-change-3479821,listing:in-focus|sitemap,2026-10-05T09:25:14+00:00
https://www.thedailystar.net/slow-reads/focus/news/the-mountains-and-hills-south-asias-languages-and-dialects-3474936,listing:in-focus|sitemap,2026-10-05T09:25:16+00:00
https://www.thedailystar.net/slow-reads/focus/news/bengals-fishermen-through-war-famine-and-partition-3468381,listing:in-focus|sitemap,2026-10-05T09:25:16+00:00
https://www.thedailystar.net/slow-reads/focus/news/understanding-the-maverick-politician-ak-fazlul-huq-3456781,listing:in-focus|sitemap,2026-10-05T09:25:16+00:00
https://www.thedailystar.net/slow-reads/focus/news/re-discovering-the-goddess-medieval-bengali-poetry-3450531,listing:in-focus|sitemap,2026-10-05T09:25:16+00:00
https://www.thedailystar.net/slow-reads/focus/news/dutch-perspectives-early-modern-bengal-3444701,listing:in-focus|sitemap,2026-10-05T09:25:16+00:00
https://www.thedailystar.net/slow-reads/focus/news/the-weeping-king-how-hindustani-music-flourished-colonial-bengal-3438441,listing:in-focus|sitemap,2026-10-05T09:25:16+00:00
https://www.thedailystar.net/slow-reads/focus/news/tea-tokens-forgotten-chapter-the-history-tea-plantations-3432341,listing:in-focus|sitemap,2026-10-05T09:25:16+00:00
https://www.thedailystar.net/slow-reads/focus/news/the-political-origin-hunger-bangladesh-3427311,listing:in-focus|sitemap,2026-10-05T09:25:16+00:00
https://www.thedailystar.net/slow-reads/focus/news/souls-through-the-eyes-its-founder-sazed-ul-alam-3421516,listing:in-focus|sitemap,2026-10-05T09:25:16+00:00
https://www.thedailystar.net/slow-reads/focus/news/syed-mujtaba-ali-between-bengal-and-afghanistan-3415916,listing:in-focus|sitemap,2026-10-05T09:25:16+00:00
https://www.thedailystar.net/slow-reads/focus/news/reflecting-amar-dekha-rajnitir-ponchash-bochor-3410681,listing:in-focus|sitemap,2026-10-05T09:25:16+00:00
https://www.thedailystar.net/slow-reads/focus/news/the-portrayal-and-relevance-women-kazi-nazrul-islams-novels-3404861,listing:in-focus|sitemap,2026-10-05T09:25:16+00:00
https://www.thedailystar.net/slow-reads/focus/news/the-many-meanings-partition-1947-and-beyond-3399201,listing:in-focus|sitemap,2026-10-05T09:25:16+00:00
https://www.thedailystar.net/slow-reads/focus/news/my-heart-doesnt-desire-speak-about-sultan-3393716,listing:in-focus|sitemap,2026-10-05T09:25:16+00:00
https://www.thedailystar.net/slow-reads/focus/news/the-ever-falling-darkness-history-3388351,listing:in-focus|sitemap,2026-10-05T09:25:16+00:00
https://www.thedailystar.net/slow-reads/focus/news/i-remember-syed-waliullah-my-papa-3382506,listing:in-focus|sitemap,2026-10-05T09:25:16+00:00
https://www.thedailystar.net/slow-reads/focus/news/be-more-attentive-the-workings-nature-around-us-and-through-us-3376951,listing:in-focus|sitemap,2026-10-05T09:25:16+00:00
https://www.thedailystar.net/slow-reads/focus/news/laughter-and-thrills-history-circus-east-bengal-3370856,listing:in-focus|sitemap,2026-10-05T09:25:16+00:00
https://www.thedailystar.net/slow-reads/focus/news/bagh-bidhoba-3365181,listing:in-focus|sitemap,2026-10-05T09:25:16+00:00
https://www.thedailystar.net/slow-reads/focus/news/souls-50-the-many-incarnations-band-3359481,listing:in-focus|sitemap,2026-10-05T09:25:18+00:00
https://www.thedailystar.net/slow-reads/focus/news/the-battle-plassey-tale-triumph-and-betrayal-3355781,listing:in-focus|sitemap,2026-10-05T09:25:18+00:00
https://www.thedailystar.net/slow-reads/focus/news/lest-we-forget-the-pioneering-educationists-east-bengal-3343871,listing:in-focus|sitemap,2026-10-05T09:25:18+00:00
https://www.thedailystar.net/slow-reads/focus/news/churchill-and-india-manipulation-or-betrayal-3338961,listing:in-focus|sitemap,2026-10-05T09:25:18+00:00
https://www.thedailystar.net/slow-reads/focus/news/1857-the-uprising-delhi-and-its-brutal-suppression-3331991,listing:in-focus|sitemap,2026-10-05T09:25:18+00:00
https://www.thedailystar.net/slow-reads/focus/news/guha-was-much-intellectual-and-thinker-he-was-historian-3326111,listing:in-focus|sitemap,2026-10-05T09:25:18+00:00
https://www.thedailystar.net/slow-reads/focus/news/only-connect-the-radical-empathy-mrinal-sen-3320276,listing:in-focus|sitemap,2026-10-05T09:25:18+00:00
https://www.thedailystar.net/slow-reads/focus/news/why-sampadak-parishad-opposes-the-digital-security-act-3313726,listing:in-focus|sitemap,2026-10-05T09:25:18+00:00
https://www.thedailystar.net/slow-reads/focus/news/the-struggle-justice-and-dignity-3308251,listing:in-focus|sitemap,2026-10-05T09:25:18+00:00
https://www.thedailystar.net/slow-reads/focus/news/honouring-andre-malrauxs-legacy-3293296,listing:in-focus|sitemap,2026-10-05T09:25:18+00:00
https://www.thedailystar.net/slow-reads/focus/news/the-partition-india-3287556,listing:in-focus|sitemap,2026-10-05T09:25:18+00:00
https://www.thedailystar.net/slow-reads/focus/news/the-liberation-war-museum-narrating-collective-trauma-3281601,listing:in-focus|sitemap,2026-10-05T09:25:18+00:00
https://www.thedailystar.net/slow-reads/focus/news/writing-the-good-fight-women-war-and-jahanara-imams-ekattorer-dinguli-3275561,listing:in-focus|sitemap,2026-10-05T09:25:18+00:00
https://www.thedailystar.net/slow-reads/focus/news/bangladesh-needs-put-forward-the-transit-exchange-rivers-formula-the-framework-indo-bangladesh-3264146,listing:in-focus|sitemap,2026-10-05T09:25:18+00:00
https://www.thedailystar.net/slow-reads/focus/news/language-controversies-19th-century-bengal-3258266,listing:in-focus|sitemap,2026-10-05T09:25:18+00:00
https://www.thedailystar.net/slow-reads/focus/news/the-battle-over-punthi-sahityas-legacy-abdul-karims-perspective-3253371,listing:in-focus|sitemap,2026-10-05T09:25:18+00:00
https://www.thedailystar.net/slow-reads/focus/news/kabar-70-3252606,listing:in-focus|sitemap,2026-10-05T09:25:18+00:00
https://www.thedailystar.net/slow-reads/focus/news/rethinking-the-linear-genealogy-bangla-3246216,listing:in-focus|sitemap,2026-10-05T09:25:21+00:00
https://www.thedailystar.net/slow-reads/focus/news/revitalizing-delhis-school-system-triumphant-journey-3240056,listing:in-focus|sitemap,2026-10-05T09:25:21+00:00
https://www.thedailystar.net/slow-reads/focus/news/munshi-meherullah-jessore-and-religious-identity-19th-century-bengal-3233951,listing:in-focus|sitemap,2026-10-05T09:25:21+00:00
https://www.thedailystar.net/slow-reads/focus/news/alamgir-kabir-the-conscience-whipper-3227996,listing:in-focus|sitemap,2026-10-05T09:25:21+00:00
https://www.thedailystar.net/slow-reads/focus/news/insights-indias-nurse-migration-lessons-bangladesh-3222221,listing:in-focus|sitemap,2026-10-05T09:25:21+00:00
https://www.thedailystar.net/slow-reads/focus/news/misreading-climate-change-bangladesh-3215971,listing:in-focus|sitemap,2026-10-05T09:25:21+00:00
https://www.thedailystar.net/slow-reads/focus/news/doing-journalism-and-telling-the-truth-zahur-hossain-chowdhurys-ways-3210526,listing:in-focus|sitemap,2026-10-05T09:25:21+00:00
https://www.thedailystar.net/slow-reads/focus/news/home-and-displacement-3205346,listing:in-focus|sitemap,2026-10-05T09:25:21+00:00
https://www.thedailystar.net/slow-reads/focus/news/guarding-the-silences-3199446,listing:in-focus|sitemap,2026-10-05T09:25:21+00:00
https://www.thedailystar.net/slow-reads/focus/news/roquiah-sakhawat-hossein-and-kazi-nazrul-islam-3193961,listing:in-focus|sitemap,2026-10-05T09:25:21+00:00
https://www.thedailystar.net/slow-reads/focus/news/after-the-storm-3187796,listing:in-focus|sitemap,2026-10-05T09:25:21+00:00
https://www.thedailystar.net/slow-reads/focus/news/dhaka-and-after-partition-3185521,listing:in-focus|sitemap,2026-10-05T09:25:21+00:00
https://www.thedailystar.net/slow-reads/focus/news/chronicling-the-other-bengal-3181356,listing:in-focus|sitemap,2026-10-05T09:25:21+00:00
https://www.thedailystar.net/slow-reads/focus/news/probashi-histories-the-bangladesh-diaspora-3174751,listing:in-focus|sitemap,2026-10-05T09:25:21+00:00
https://www.thedailystar.net/slow-reads/focus/news/buddhist-theatre-south-asia-and-beyond-3168606,listing:in-focus|sitemap,2026-10-05T09:25:21+00:00
https://www.thedailystar.net/slow-reads/focus/news/syed-waliullah-paris-3162491,listing:in-focus|sitemap,2026-10-05T09:25:21+00:00
https://www.thedailystar.net/slow-reads/focus/news/love-me-do-sixty-years-ago-the-beatles-began-play-3144636,listing:in-focus|sitemap,2026-10-05T09:25:24+00:00
https://www.thedailystar.net/slow-reads/focus/news/student-politics-private-universities-be-or-not-be-3128041,listing:in-focus|sitemap,2026-10-05T09:25:24+00:00
https://www.thedailystar.net/slow-reads/focus/news/the-glorious-history-goalanda-3122711,listing:in-focus|sitemap,2026-10-05T09:25:24+00:00
https://www.thedailystar.net/slow-reads/focus/news/50-years-bangladeshi-advertising-3111276,listing:in-focus|sitemap,2026-10-05T09:25:24+00:00
https://www.thedailystar.net/slow-reads/focus/news/bulbuli-nazruls-music-future-listeners-3105621,listing:in-focus|sitemap,2026-10-05T09:25:24+00:00
https://www.thedailystar.net/slow-reads/focus/news/death-and-displacement-syed-waliullahs-partition-stories-3100071,listing:in-focus|sitemap,2026-10-05T09:25:24+00:00
https://www.thedailystar.net/slow-reads/focus/news/partition-1947-partition-or-unity-bengal-1947-3095176,listing:in-focus|sitemap,2026-10-05T09:25:24+00:00
https://www.thedailystar.net/slow-reads/focus/news/chakma-resistance-british-rule-3090111,listing:in-focus|sitemap,2026-10-05T09:25:24+00:00
https://www.thedailystar.net/slow-reads/focus/news/memories-my-father-3084451,listing:in-focus|sitemap,2026-10-05T09:25:24+00:00
https://www.thedailystar.net/slow-reads/focus/news/memory-my-teacher-3084456,listing:in-focus|sitemap,2026-10-05T09:25:24+00:00
https://www.thedailystar.net/slow-reads/focus/news/the-forgotten-mutiny-indias-independence-3078386,listing:in-focus|sitemap,2026-10-05T09:25:24+00:00
https://www.thedailystar.net/slow-reads/focus/news/dr-muhammad-shahidullah-tribute-3072711,listing:in-focus|sitemap,2026-10-05T09:25:24+00:00
https://www.thedailystar.net/slow-reads/focus/news/university-dhaka-the-trillion-dollar-opportunity-cost-3062901,listing:in-focus|sitemap,2026-10-05T09:25:24+00:00
https://www.thedailystar.net/slow-reads/focus/news/plassey-myths-and-reality-3057051,listing:in-focus|sitemap,2026-10-05T09:25:24+00:00
https://www.thedailystar.net/slow-reads/focus/news/novices-sadhusongo-3051411,listing:in-focus|sitemap,2026-10-05T09:25:24+00:00
https://www.thedailystar.net/slow-reads/focus/news/the-making-theatre-there-are-no-secrets-3045691,listing:in-focus|sitemap,2026-10-05T09:25:24+00:00
https://www.thedailystar.net/slow-reads/focus/news/mughal-painting-its-sequel-3040251,listing:in-focus|sitemap,2026-10-05T09:25:24+00:00
https://www.thedailystar.net/views/in-focus/news/remembering-rammohun-roy-3029506,listing:in-focus|sitemap,2026-10-05T09:25:26+00:00
https://www.thedailystar.net/slow-reads/focus/news/raja-rammohun-roy-autobiographical-sketch-3028591,listing:in-focus|sitemap,2026-10-05T09:25:26+00:00
https://www.thedailystar.net/slow-reads/focus/news/floral-economy-bengal-3024246,listing:in-focus|sitemap,2026-10-05T09:25:26+00:00
https://www.thedailystar.net/slow-reads/focus/news/tagores-idea-nationalism-3019536,listing:in-focus|sitemap,2026-10-05T09:25:26+00:00
https://www.thedailystar.net/slow-reads/news/search-the-shakespearean-semiotics-bangladesh-3011721,listing:in-focus|sitemap,2026-10-05T09:25:26+00:00
https://www.thedailystar.net/slow-reads/focus/news/administrative-civil-service-bangladesh-its-legacy-and-role-3006701,listing:in-focus|sitemap,2026-10-05T09:25:26+00:00
https://www.thedailystar.net/slow-reads/focus/news/bishop-heber-dhaka1824-3002196,listing:in-focus|sitemap,2026-10-05T09:25:26+00:00
https://www.thedailystar.net/slow-reads/focus/news/muzaffar-ahmads-unexpected-turn-life-2997421,listing:in-focus|sitemap,2026-10-05T09:25:26+00:00
https://www.thedailystar.net/views/in-focus/news/america-grassroots-activism-and-the-creation-bangladesh-2992001,listing:in-focus|sitemap,2026-10-05T09:25:26+00:00
https://www.thedailystar.net/slow-reads/focus/news/sorry-what-2986911,listing:in-focus|listing:slow-reads/slow-reads-special|listing:slow-reads/slow-reads-special/operation-searchlight|sitemap,2026-10-05T09:25:26+00:00
https://www.thedailystar.net/slow-reads/focus/news/guerrilla-operations-2977046,listing:in-focus|sitemap,2026-10-05T09:25:26+00:00
https://www.thedailystar.net/slow-reads/focus/news/only-bangla-will-be-our-state-language-2966726,listing:in-focus|sitemap,2026-10-05T09:25:26+00:00
https://www.thedailystar.net/slow-reads/focus/news/state-language-and-east-pakistans-language-issue-2966736,listing:in-focus|sitemap,2026-10-05T09:25:26+00:00
https://www.thedailystar.net/slow-reads/focus/news/most-the-commentators-are-unaware-the-importance-the-events-between-1948-and-1952-2966776,listing:in-focus|sitemap,2026-10-05T09:25:26+00:00
https://www.thedailystar.net/slow-reads/focus/news/anti-colonial-movements-passive-revolution-abdur-razzaqs-insights-1947-2966951,listing:in-focus|sitemap,2026-10-05T09:25:26+00:00
https://www.thedailystar.net/slow-reads/focus/news/the-origin-the-language-movement-2955811,listing:in-focus|sitemap,2026-10-05T09:25:26+00:00
https://www.thedailystar.net/views/in-focus/news/global-sixties-bangladesh-praetorian-guards-and-subaltern-resistance-2945626,listing:in-focus|sitemap,2026-10-05T09:25:29+00:00
https://www.thedailystar.net/slow-reads/focus/news/revisiting-the-bengal-famine-1943-2940611,listing:in-focus|sitemap,2026-10-05T09:25:29+00:00
https://www.thedailystar.net/slow-reads/focus/news/folk-songs-east-bengal-2930886,listing:in-focus|sitemap,2026-10-05T09:25:29+00:00
https://www.thedailystar.net/views/in-focus/news/the-indefatigable-public-intellectual-and-political-mobiliser-2926256,listing:in-focus|sitemap,2026-10-05T09:25:29+00:00
https://www.thedailystar.net/slow-reads/focus/news/bonbibi-mother-the-eighteen-tides-2921221,listing:in-focus|sitemap,2026-10-05T09:25:29+00:00
https://www.thedailystar.net/slow-reads/focus/news/the-country-my-father-wanted-2916781,listing:in-focus|sitemap|package:supplements/martyred-intellectuals-day-2021,2026-10-05T09:25:29+00:00
https://www.thedailystar.net/slow-reads/focus/news/the-great-powers-wash-their-hands-2915911,listing:in-focus|sitemap,2026-10-05T09:25:29+00:00
https://www.thedailystar.net/slow-reads/focus/news/the-christmas-the-kolis-took-cricket-2910376,listing:in-focus|sitemap,2026-10-05T09:25:29+00:00
https://www.thedailystar.net/slow-reads/focus/news/mary-frances-dunham-memoriam-2905086,listing:in-focus|sitemap,2026-10-05T09:25:29+00:00
https://www.thedailystar.net/slow-reads/focus/news/our-foremost-peasant-leader-and-revolutionary-2231736,listing:in-focus|sitemap,2026-10-05T09:25:29+00:00
https://www.thedailystar.net/slow-reads/focus/news/hatiya-fishermen-working-oman-2229966,listing:in-focus|sitemap,2026-10-05T09:25:29+00:00
https://www.thedailystar.net/slow-reads/focus/news/fazlul-huq-and-the-bangalee-muslim-question-2206211,listing:in-focus|sitemap,2026-10-05T09:25:29+00:00
https://www.thedailystar.net/slow-reads/news/sm-sultan-early-portrait-2195261,listing:in-focus|sitemap,2026-10-05T09:25:29+00:00
https://www.thedailystar.net/slow-reads/focus/news/syud-hossain-and-his-times-2189931,listing:in-focus|sitemap,2026-10-05T09:25:29+00:00
https://www.thedailystar.net/views/in-focus/news/legacy-the-kumar-bhawal-2184656,listing:in-focus|sitemap,2026-10-05T09:25:29+00:00
https://www.thedailystar.net/slow-reads/focus/news/bangabandhu-and-his-unrealised-dreams-2179521,listing:in-focus|sitemap,2026-10-05T09:25:31+00:00
https://www.thedailystar.net/views/in-focus/news/dispute-settlement-mechanism-under-the-unclos-1982-2169151,listing:in-focus|sitemap,2026-10-05T09:25:31+00:00
https://www.thedailystar.net/slow-reads/focus/news/early-barristers-east-bengal-2163931,listing:in-focus|sitemap,2026-10-05T09:25:31+00:00
https://www.thedailystar.net/views/in-focus/news/bangladeshs-foreign-policy-compulsions-constraints-and-choices-2158201,listing:in-focus|sitemap,2026-10-05T09:25:31+00:00
https://www.thedailystar.net/slow-reads/focus/news/two-women-one-family-and-divided-nations-2152926,listing:in-focus|sitemap,2026-10-05T09:25:31+00:00
https://www.thedailystar.net/slow-reads/focus/news/memories-lives-villages-under-water-2147836,listing:in-focus|sitemap,2026-10-05T09:25:31+00:00
https://www.thedailystar.net/slow-reads/focus/news/the-dhaka-muslin-industry-2136751,listing:in-focus|sitemap,2026-10-05T09:25:31+00:00
https://www.thedailystar.net/slow-reads/focus/news/the-china-wave-literature-2133321,listing:in-focus|sitemap,2026-10-05T09:25:31+00:00
https://www.thedailystar.net/slow-reads/focus/news/habshi-rule-bengal-1487-94-2123496,listing:in-focus|sitemap,2026-10-05T09:25:31+00:00
https://www.thedailystar.net/slow-reads/focus/news/unparalleled-veteran-the-world-publishing-2119325,listing:in-focus|sitemap,2026-10-05T09:25:31+00:00
https://www.thedailystar.net/slow-reads/focus/news/photographer-named-fritz-kapp-2106281,listing:in-focus|sitemap,2026-10-05T09:25:31+00:00
https://www.thedailystar.net/in-focus/news/how-the-mukti-bahini-was-trained-2097481,listing:in-focus|sitemap,2026-10-05T09:25:31+00:00
https://www.thedailystar.net/in-focus/news/the-current-status-jerusalem-2093617,listing:in-focus|sitemap,2026-10-05T09:25:31+00:00
https://www.thedailystar.net/slow-reads/focus/news/ray-and-his-political-films-2091009,listing:in-focus|sitemap,2026-10-05T09:25:31+00:00
https://www.thedailystar.net/slow-reads/focus/news/the-early-history-press-freedom-bengal-2087157,listing:in-focus|sitemap,2026-10-05T09:25:31+00:00
https://www.thedailystar.net/in-focus/news/the-myth-martial-race-seared-schoolboys-memory-2079653,listing:in-focus|sitemap,2026-10-05T09:25:31+00:00
https://www.thedailystar.net/slow-reads/focus/news/the-end-empire-the-meanings-jallianwala-bagh-2076173,listing:in-focus|sitemap,2026-10-05T09:25:34+00:00
https://www.thedailystar.net/slow-reads/focus/news/bengali-muslims-and-their-identity-fusion-confusion-2072357,listing:in-focus|sitemap,2026-10-05T09:25:34+00:00
https://www.thedailystar.net/in-focus/news/the-historian-and-the-riflemen-2068577,listing:in-focus|sitemap,2026-10-05T09:25:34+00:00
https://www.thedailystar.net/slow-reads/focus/news/the-1971-war-caste-citizenship-and-war-memorial-tharparkar-2067765,listing:in-focus|sitemap,2026-10-05T09:25:34+00:00
https://www.thedailystar.net/slow-reads/focus/news/the-birth-bangladesh-and-nationality-question-south-asia-2064513,listing:in-focus|sitemap,2026-10-05T09:25:34+00:00
https://www.thedailystar.net/in-focus/news/when-gandhis-salt-march-rattled-british-colonial-rule-2060665,listing:in-focus|sitemap,2026-10-05T09:25:34+00:00
https://www.thedailystar.net/slow-reads/focus/news/bhashanis-support-non-cooperation-movement-2057441,listing:in-focus|sitemap,2026-10-05T09:25:34+00:00
https://www.thedailystar.net/in-focus/news/50-years-later-the-fight-goes-2056797,listing:in-focus|sitemap,2026-10-05T09:25:34+00:00
https://www.thedailystar.net/in-focus/news/louis-kahns-capital-complexity-2052793,listing:in-focus|sitemap,2026-10-05T09:25:34+00:00
https://www.thedailystar.net/slow-reads/focus/news/kahns-journey-the-national-assembly-building-2052797,listing:in-focus|sitemap,2026-10-05T09:25:34+00:00
https://www.thedailystar.net/slow-reads/focus/news/bengali-types-and-their-founders-2048797,listing:in-focus|sitemap,2026-10-05T09:25:34+00:00
https://www.thedailystar.net/slow-reads/focus/news/old-bangla-prose-2048293,listing:in-focus|sitemap,2026-10-05T09:25:34+00:00
https://www.thedailystar.net/slow-reads/focus/news/chobi-mela-0-redefining-photo-festivals-the-post-covid-era-2045109,listing:in-focus|sitemap,2026-10-05T09:25:34+00:00
https://www.thedailystar.net/in-focus/news/myanmar-coup-how-the-military-has-held-power-60-years-2040805,listing:in-focus|sitemap,2026-10-05T09:25:36+00:00
https://www.thedailystar.net/in-focus/news/the-angry-young-world-2033213,listing:in-focus|sitemap,2026-10-05T09:25:36+00:00
https://www.thedailystar.net/slow-reads/focus/news/whats-so-special-about-bengal-2029389,listing:in-focus|sitemap,2026-10-05T09:25:36+00:00
https://www.thedailystar.net/slow-reads/focus/news/history-the-greek-community-dhaka-2025501,listing:in-focus|sitemap,2026-10-05T09:25:36+00:00
https://www.thedailystar.net/slow-reads/focus/news/the-sundarban-plan-2021789,listing:in-focus|sitemap,2026-10-05T09:25:36+00:00
https://www.thedailystar.net/slow-reads/focus/news/the-enduring-enigma-columbo-sahib-2018125,listing:in-focus|sitemap,2026-10-05T09:25:36+00:00
https://www.thedailystar.net/in-focus/news/the-president-the-poor-people-2014417,listing:in-focus|sitemap,2026-10-05T09:25:36+00:00
https://www.thedailystar.net/in-focus/news/the-brave-doctor-shaheed-dr-azharul-haque-2010921,listing:in-focus|sitemap,2026-10-05T09:25:36+00:00
https://www.thedailystar.net/in-focus/news/imagining-dhaka-2035-2010777,listing:in-focus|sitemap,2026-10-05T09:25:36+00:00
https://www.thedailystar.net/slow-reads/focus/news/we-are-the-95-bhashani-and-the-kagmari-festival-2009817,listing:in-focus|sitemap,2026-10-05T09:25:36+00:00
https://www.thedailystar.net/slow-reads/focus/news/maulana-bhashani-and-the-islam-question-2009825,listing:in-focus|sitemap,2026-10-05T09:25:36+00:00
https://www.thedailystar.net/in-focus/news/do-women-feel-safe-offices-2006877,listing:in-focus|sitemap,2026-10-05T09:25:36+00:00
https://www.thedailystar.net/slow-reads/focus/news/understanding-the-communal-divide-2003113,listing:in-focus|sitemap,2026-10-05T09:25:36+00:00
https://www.thedailystar.net/in-focus/news/cultural-cartooning-new-look-our-everyday-life-1999301,listing:in-focus|sitemap,2026-10-05T09:25:36+00:00
https://www.thedailystar.net/slow-reads/focus/news/the-unforgettable-suhrawardys-bengal-1991705,listing:in-focus|sitemap,2026-10-05T09:25:36+00:00
https://www.thedailystar.net/in-focus/news/the-cries-modhupur-garh-1987609,listing:in-focus|sitemap,2026-10-05T09:25:36+00:00
https://www.thedailystar.net/slow-reads/focus/news/sher-e-bangla-search-national-soul-1984125,listing:in-focus|sitemap,2026-10-05T09:25:36+00:00
https://www.thedailystar.net/slow-reads/focus/news/the-champion-the-bengali-muslim-peasantry-1984161,listing:in-focus|sitemap,2026-10-05T09:25:36+00:00
https://www.thedailystar.net/in-focus/news/the-devil-rays-bengal-1980445,listing:in-focus|sitemap,2026-10-05T09:25:39+00:00
https://www.thedailystar.net/slow-reads/focus/news/the-early-history-bengali-printing-1976265,listing:in-focus|sitemap,2026-10-05T09:25:39+00:00
https://www.thedailystar.net/in-focus/news/environmental-history-dhaka-outline-1972597,listing:in-focus|sitemap,2026-10-05T09:25:39+00:00
https://www.thedailystar.net/in-focus/news/de-politicising-covid-19-pandemic-public-health-perspectives-and-lessons-learned-1968489,listing:in-focus|sitemap,2026-10-05T09:25:39+00:00
https://www.thedailystar.net/in-focus/news/learning-the-time-covid-19-1967245,listing:in-focus|sitemap,2026-10-05T09:25:39+00:00
https://www.thedailystar.net/slow-reads/focus/news/when-the-dufferins-visited-dhaka-1964553,listing:in-focus|sitemap,2026-10-05T09:25:39+00:00
https://www.thedailystar.net/in-focus/news/democracy-possible-1960681,listing:in-focus|sitemap,2026-10-05T09:25:39+00:00
https://www.thedailystar.net/in-focus/news/bangabandhu-the-architect-bangladeshs-foreign-policy-1956905,listing:in-focus|sitemap,2026-10-05T09:25:39+00:00
https://www.thedailystar.net/in-focus/news/anis-bhai-teacher-1949833,listing:in-focus|sitemap,2026-10-05T09:25:39+00:00
https://www.thedailystar.net/slow-reads/focus/news/decolonising-the-cities-address-flood-rain-and-water-1946013,listing:in-focus|sitemap,2026-10-05T09:25:39+00:00
https://www.thedailystar.net/slow-reads/focus/news/indefatigable-crusader-dr-syud-hossain-1942325,listing:in-focus|sitemap,2026-10-05T09:25:39+00:00
https://www.thedailystar.net/slow-reads/focus/news/the-story-gauhar-jaan-1941589,listing:in-focus|sitemap,2026-10-05T09:25:39+00:00
https://www.thedailystar.net/in-focus/news/bulbbul-not-revolutionary-feminist-consciousness-1938537,listing:in-focus|sitemap,2026-10-05T09:25:39+00:00
https://www.thedailystar.net/in-focus/news/the-different-intrigues-and-agendas-tied-the-srebrenica-massacreeresh-omar-jamal-1936609,listing:in-focus|sitemap,2026-10-05T09:25:39+00:00
https://www.thedailystar.net/slow-reads/focus/news/shirin-banu-mitil-person-out-fairy-tale-1933769,listing:in-focus|sitemap,2026-10-05T09:25:39+00:00
https://www.thedailystar.net/in-focus/news/ignaz-semmelweis-1932909,listing:in-focus|sitemap,2026-10-05T09:25:39+00:00
https://www.thedailystar.net/in-focus/news/conservation-biodiversity-and-mother-tongue-during-coronavirus-pandemic-1930661,listing:in-focus|sitemap,2026-10-05T09:25:39+00:00
https://www.thedailystar.net/slow-reads/focus/news/the-bengal-cyclone-1876-the-empire-trial-1929309,listing:in-focus|sitemap,2026-10-05T09:25:39+00:00
https://www.thedailystar.net/slow-reads/focus/news/colossus-brahmanbaria-1925529,listing:in-focus|sitemap,2026-10-05T09:25:39+00:00
https://www.thedailystar.net/in-focus/news/rethinking-dhakas-urbanism-childs-world-manmade-city-1921905,listing:in-focus|sitemap,2026-10-05T09:25:39+00:00
https://www.thedailystar.net/slow-reads/focus/news/the-road-plassey-1918161,listing:in-focus|sitemap,2026-10-05T09:25:41+00:00
https://www.thedailystar.net/slow-reads/focus/news/the-newly-urban-woman-mrinal-sens-cinema-1914353,listing:in-focus|sitemap,2026-10-05T09:25:41+00:00
https://www.thedailystar.net/slow-reads/focus/news/the-bangladeshi-armenian-harneys-dhaka-1910585,listing:in-focus|sitemap,2026-10-05T09:25:41+00:00
https://www.thedailystar.net/slow-reads/focus/news/anisuzzaman-the-unexpected-heir-1910349,listing:in-focus|sitemap,2026-10-05T09:25:41+00:00
https://www.thedailystar.net/in-focus/news/free-speech-and-the-imperatives-democracy-1907053,listing:in-focus|sitemap,2026-10-05T09:25:41+00:00
https://www.thedailystar.net/in-focus/news/covid-19-pandemic-and-the-crisis-isolation-1905550,listing:in-focus|sitemap,2026-10-05T09:25:41+00:00
https://www.thedailystar.net/in-focus/news/the-giants-the-sea-all-gone-1903528,listing:in-focus|sitemap,2026-10-05T09:25:41+00:00
https://www.thedailystar.net/in-focus/news/disappointment-son-1901833,listing:in-focus|sitemap,2026-10-05T09:25:41+00:00
https://www.thedailystar.net/in-focus/news/last-man-standing-1901839,listing:in-focus|sitemap,2026-10-05T09:25:41+00:00
https://www.thedailystar.net/in-focus/news/kajol-might-not-be-able-speak-out-we-must-1901842,listing:in-focus|sitemap,2026-10-05T09:25:41+00:00
https://www.thedailystar.net/slow-reads/focus/news/what-book-anyway-1899268,listing:in-focus|sitemap,2026-10-05T09:25:41+00:00
https://www.thedailystar.net/in-focus/news/pins-and-needles-the-time-pandemic-1894663,listing:in-focus|sitemap,2026-10-05T09:25:41+00:00
https://www.thedailystar.net/in-focus/news/covid-19-what-it-exactly-1892428,listing:in-focus|sitemap,2026-10-05T09:25:41+00:00
https://www.thedailystar.net/in-focus/news/the-womens-movement-bangladesh-throughout-the-years-1889908,listing:in-focus|sitemap,2026-10-05T09:25:41+00:00
https://www.thedailystar.net/in-focus/news/urban-demise-its-way-how-can-we-stop-it-1884559,listing:in-focus|sitemap,2026-10-05T09:25:41+00:00
https://www.thedailystar.net/in-focus/news/pandemics-changed-history-1881355,listing:in-focus|sitemap,2026-10-05T09:25:41+00:00
https://www.thedailystar.net/in-focus/news/the-million-promises-and-little-perils-bird-watching-the-coast-bangladesh-1878301,listing:in-focus|sitemap,2026-10-05T09:25:41+00:00
https://www.thedailystar.net/in-focus/news/trumps-deal-the-century-attempt-repackage-israels-steal-the-century-1874995,listing:in-focus|sitemap,2026-10-05T09:25:41+00:00
https://www.thedailystar.net/slow-reads/focus/news/brief-introduction-bengals-gastronomic-history-1872022,listing:in-focus|sitemap,2026-10-05T09:25:41+00:00
https://www.thedailystar.net/in-focus/news/unparalleled-veteran-the-world-publishing-1868902,listing:in-focus|sitemap,2026-10-05T09:25:41+00:00
https://www.thedailystar.net/in-focus/news/dhaka-art-summit-2020-seismic-movements-1865827,listing:in-focus|sitemap,2026-10-05T09:25:43+00:00
https://www.thedailystar.net/in-focus/news/homelands-revisiting-common-pasts-and-imagining-new-futures-1862761,listing:in-focus|sitemap,2026-10-05T09:25:43+00:00
https://www.thedailystar.net/in-focus/news/poetry-palette-1859569,listing:in-focus|sitemap,2026-10-05T09:25:43+00:00
https://www.thedailystar.net/in-focus/news/dhaka-between-the-formal-informal-1853374,listing:in-focus|sitemap,2026-10-05T09:25:43+00:00
https://www.thedailystar.net/slow-reads/focus/news/purbabanga-rangabhumi-and-the-beginning-theatre-dhaka-1849873,listing:in-focus|sitemap,2026-10-05T09:25:43+00:00
https://www.thedailystar.net/in-focus/news/the-treasure-tutankhamun-1846924,listing:in-focus|sitemap,2026-10-05T09:25:43+00:00
https://www.thedailystar.net/slow-reads/focus/news/early-armenian-settlers-dhaka-1843921,listing:in-focus|sitemap,2026-10-05T09:25:43+00:00
https://www.thedailystar.net/slow-reads/focus/news/badshah-ka-takth-and-the-gem-bengal-kusumba-mosque-1840753,listing:in-focus|sitemap,2026-10-05T09:25:43+00:00
https://www.thedailystar.net/in-focus/news/occupied-palestine-and-the-greater-israel-project-1837723,listing:in-focus|sitemap,2026-10-05T09:25:43+00:00
https://www.thedailystar.net/in-focus/news/exhibiting-the-new-spirit-bangladeshi-architecture-1834552,listing:in-focus|sitemap,2026-10-05T09:25:43+00:00
https://www.thedailystar.net/slow-reads/focus/news/lt-jamshed-manekshaw-unsung-hero-world-war-ii-1831402,listing:in-focus|sitemap,2026-10-05T09:25:43+00:00
https://www.thedailystar.net/in-focus/news/the-future-dhakas-urban-transportation-1822837,listing:in-focus|sitemap,2026-10-05T09:25:43+00:00
https://www.thedailystar.net/slow-reads/focus/news/the-october-revolution-1917-1819633,listing:in-focus|sitemap,2026-10-05T09:25:43+00:00
https://www.thedailystar.net/slow-reads/focus/news/the-decision-partition-bengal-1905-1816591,listing:in-focus|sitemap,2026-10-05T09:25:43+00:00
https://www.thedailystar.net/in-focus/news/paradoxes-the-popular-crowd-politics-bangladesh-1813414,listing:in-focus|sitemap,2026-10-05T09:25:43+00:00
https://www.thedailystar.net/slow-reads/focus/news/passion-the-past-1810303,listing:in-focus|sitemap,2026-10-05T09:25:43+00:00
https://www.thedailystar.net/in-focus/news/the-first-king-bengal-1807141,listing:in-focus|sitemap,2026-10-05T09:25:43+00:00
https://www.thedailystar.net/slow-reads/focus/news/costumes-and-ornaments-reflected-ancient-bengal-sculpture-1803697,listing:in-focus|sitemap,2026-10-05T09:25:43+00:00
https://www.thedailystar.net/in-focus/news/bengal-through-chinese-eyes-1800421,listing:in-focus|sitemap,2026-10-05T09:25:43+00:00
https://www.thedailystar.net/in-focus/news/the-cultural-heritage-chinas-muslim-community-1797640,listing:in-focus|sitemap,2026-10-05T09:25:46+00:00
https://www.thedailystar.net/in-focus/news/i-am-only-making-modest-contribution-the-struggle-my-people-1794181,listing:in-focus|sitemap,2026-10-05T09:25:46+00:00
https://www.thedailystar.net/slow-reads/focus/news/trails-khan-jahan-ali-1790449,listing:in-focus|sitemap,2026-10-05T09:25:46+00:00
https://www.thedailystar.net/in-focus/news/kashmir-why-article-370-and-why-its-abrogation-will-prove-be-costly-1786936,listing:in-focus|sitemap,2026-10-05T09:25:46+00:00
https://www.thedailystar.net/in-focus/news/rohingya-refugee-crisis-time-bomb-must-be-quickly-defused-avoid-any-future-flare-1781818,listing:in-focus|sitemap,2026-10-05T09:25:46+00:00
https://www.thedailystar.net/slow-reads/focus/news/unthreading-partition-the-politics-jute-sharing-between-two-bengals-1778560,listing:in-focus|listing:slow-reads/slow-reads-special|sitemap,2026-10-05T09:25:46+00:00
https://www.thedailystar.net/in-focus/news/netaji-subhas-bose-chattogram-1774996,listing:in-focus|sitemap,2026-10-05T09:25:46+00:00
https://www.thedailystar.net/in-focus/news/treaty-versailles-100-years-1771396,listing:in-focus|sitemap,2026-10-05T09:25:46+00:00
https://www.thedailystar.net/slow-reads/focus/news/bengal-500-years-ago-1764919,listing:in-focus|sitemap,2026-10-05T09:25:46+00:00
https://www.thedailystar.net/in-focus/news/west-meets-east-1761346,listing:in-focus|sitemap,2026-10-05T09:25:46+00:00
https://www.thedailystar.net/in-focus/news/living-there-no-past-1758094,listing:in-focus|sitemap,2026-10-05T09:25:46+00:00
https://www.thedailystar.net/slow-reads/focus/news/reverse-travellers-and-travelogues-1752658,listing:in-focus|sitemap,2026-10-05T09:25:46+00:00
https://www.thedailystar.net/slow-reads/focus/news/the-untold-stories-muslim-migrants-the-bengal-delta-1749529,listing:in-focus|sitemap,2026-10-05T09:25:46+00:00
https://www.thedailystar.net/in-focus/news/ethics-needs-esthetics-1746004,listing:in-focus|sitemap,2026-10-05T09:25:46+00:00
https://www.thedailystar.net/slow-reads/focus/news/the-pogose-school-armenian-legacy-old-dhaka-1742800,listing:in-focus|sitemap,2026-10-05T09:25:46+00:00
https://www.thedailystar.net/in-focus/news/weaponising-paperwork-rohingya-belonging-and-statelessness-1739416,listing:in-focus|sitemap,2026-10-05T09:25:46+00:00
https://www.thedailystar.net/slow-reads/focus/news/the-bastion-the-lalbagh-fort-1736110,listing:in-focus|sitemap,2026-10-05T09:25:46+00:00
https://www.thedailystar.net/slow-reads/focus/news/the-ecological-cost-railways-colonial-bengal-1726765,listing:in-focus|sitemap,2026-10-05T09:25:46+00:00
https://www.thedailystar.net/in-focus/news/perilous-homelands-1722988,listing:in-focus|sitemap,2026-10-05T09:25:46+00:00
https://www.thedailystar.net/in-focus/news/small-piece-armenia-bangladesh-1716409,listing:in-focus|sitemap,2026-10-05T09:25:48+00:00
https://www.thedailystar.net/in-focus/news/luhani-and-the-national-question-the-third-international-1713436,listing:in-focus|sitemap,2026-10-05T09:25:48+00:00
https://www.thedailystar.net/slow-reads/focus/news/glimpse-the-pre-modern-islamic-culture-bengal-1709989,listing:in-focus|sitemap,2026-10-05T09:25:48+00:00
https://www.thedailystar.net/slow-reads/focus/news/the-unexplored-treasures-old-bengali-manuscripts-1706662,listing:in-focus|sitemap,2026-10-05T09:25:48+00:00
https://www.thedailystar.net/slow-reads/focus/news/recovering-the-stories-the-armenians-asia-1703575,listing:in-focus|sitemap,2026-10-05T09:25:48+00:00
https://www.thedailystar.net/slow-reads/focus/news/understanding-mughal-dhaka-1700224,listing:in-focus|sitemap,2026-10-05T09:25:48+00:00
https://www.thedailystar.net/in-focus/news/the-iconic-marble-palace-kolkata-1697203,listing:in-focus|sitemap,2026-10-05T09:25:48+00:00
https://www.thedailystar.net/slow-reads/focus/news/remembrance-binod-bihari-chowdhury-1693792,listing:in-focus|sitemap,2026-10-05T09:25:48+00:00
https://www.thedailystar.net/slow-reads/focus/news/black-water-and-the-bengali-fear-seafaring-1690288,listing:in-focus|sitemap,2026-10-05T09:25:48+00:00
https://www.thedailystar.net/in-focus/news/fidel-castros-march-victory-1687039,listing:in-focus|sitemap,2026-10-05T09:25:48+00:00
https://www.thedailystar.net/in-focus/news/early-indian-voyagers-vilayet-1684051,listing:in-focus|sitemap,2026-10-05T09:25:48+00:00
https://www.thedailystar.net/slow-reads/focus/news/how-the-deadly-water-hyacinth-invaded-bengal-1677862,listing:in-focus|sitemap,2026-10-05T09:25:48+00:00
https://www.thedailystar.net/slow-reads/focus/news/australianama-the-south-asian-odyssey-australia-1674712,listing:in-focus|sitemap,2026-10-05T09:25:48+00:00
https://www.thedailystar.net/slow-reads/focus/news/the-legendary-tale-the-bhawal-sannyasi-1668169,listing:in-focus|sitemap,2026-10-05T09:25:48+00:00
https://www.thedailystar.net/in-focus/news/revisiting-the-forgotten-facts-the-great-war-1665349,listing:in-focus|sitemap,2026-10-05T09:25:48+00:00
https://www.thedailystar.net/in-focus/news/the-consolations-philosophy-1659106,listing:in-focus|sitemap,2026-10-05T09:25:48+00:00
https://www.thedailystar.net/slow-reads/focus/news/when-hollywood-came-calling-1656130,listing:in-focus|sitemap,2026-10-05T09:25:48+00:00
https://www.thedailystar.net/in-focus/news/public-space-makes-city-1653046,listing:in-focus|sitemap,2026-10-05T09:25:48+00:00
https://www.thedailystar.net/in-focus/news/mass-murder-largely-forgotten-1650055,listing:in-focus|sitemap,2026-10-05T09:25:48+00:00
https://www.thedailystar.net/in-focus/news/look-back-the-1973-arab-israeli-war-1647055,listing:in-focus|sitemap,2026-10-05T09:25:48+00:00
https://www.thedailystar.net/in-focus/news/october-1492-1643893,listing:in-focus|sitemap,2026-10-05T09:25:51+00:00
https://www.thedailystar.net/in-focus/news/symbol-architectural-education-bangladesh-1640875,listing:in-focus|sitemap,2026-10-05T09:25:51+00:00
https://www.thedailystar.net/slow-reads/focus/news/elephants-motor-cars-1637557,listing:in-focus|sitemap,2026-10-05T09:25:51+00:00
https://www.thedailystar.net/in-focus/news/shahidul-alam-his-journey-witness-1636519,listing:in-focus|sitemap,2026-10-05T09:25:51+00:00
https://www.thedailystar.net/slow-reads/focus/news/the-princess-the-punjab-1634686,listing:in-focus|sitemap,2026-10-05T09:25:51+00:00
https://www.thedailystar.net/slow-reads/focus/news/bibhutibhushan-bandopadhyay-and-the-famine-the-fifties-1631569,listing:in-focus|sitemap,2026-10-05T09:25:51+00:00
https://www.thedailystar.net/in-focus/ucep-second-chance-education-1613047,listing:in-focus|sitemap,2026-10-05T09:25:51+00:00
https://www.thedailystar.net/slow-reads/focus/news/islington-corinthians-fc-the-amateur-football-club-toured-the-world-1605994,listing:in-focus|sitemap,2026-10-05T09:25:51+00:00
https://www.thedailystar.net/in-focus/ghost-colonial-past-1602058,listing:in-focus|sitemap,2026-10-05T09:25:51+00:00
https://www.thedailystar.net/slow-reads/focus/news/palace-the-river-ahsan-manzil-1598293,listing:in-focus|sitemap,2026-10-05T09:25:51+00:00
https://www.thedailystar.net/slow-reads/focus/news/how-the-east-was-won-conversation-professor-partha-chatterjee-1594687,listing:in-focus|sitemap,2026-10-05T09:25:51+00:00
https://www.thedailystar.net/in-focus/the-story-dhaka-told-through-25-buildings-1589212,listing:in-focus|sitemap,2026-10-05T09:25:51+00:00
https://www.thedailystar.net/in-focus/the-merchant-prince-east-bengal-1586026,listing:in-focus|sitemap,2026-10-05T09:25:51+00:00
https://www.thedailystar.net/in-focus/scope-history-the-land-rivers-1582417,listing:in-focus|sitemap,2026-10-05T09:25:51+00:00
https://www.thedailystar.net/in-focus/hunger-artist-1579245,listing:in-focus|sitemap,2026-10-05T09:25:51+00:00
https://www.thedailystar.net/in-focus/facing-the-fear-losing-identity-1575886,listing:in-focus|sitemap,2026-10-05T09:25:54+00:00
https://www.thedailystar.net/in-focus/satyajit-ray-97th-birth-anniversary-the-craft-his-cinema-1572457,listing:in-focus|sitemap,2026-10-05T09:25:54+00:00
https://www.thedailystar.net/slow-reads/focus/news/search-community-lost-time-1569592,listing:in-focus|sitemap,2026-10-05T09:25:54+00:00
https://www.thedailystar.net/slow-reads/focus/news/mughal-dhaka-and-its-river-fortification-system-1566436,listing:in-focus|sitemap,2026-10-05T09:25:54+00:00
https://www.thedailystar.net/in-focus/glimpse-the-early-days-the-war-terror-1563067,listing:in-focus|sitemap,2026-10-05T09:25:54+00:00
https://www.thedailystar.net/slow-reads/focus/news/humayuns-tomb-1560025,listing:in-focus|sitemap,2026-10-05T09:25:54+00:00
https://www.thedailystar.net/in-focus/promoters-peace-1556665,listing:in-focus|sitemap,2026-10-05T09:25:54+00:00
https://www.thedailystar.net/in-focus/nasimas-crusade-1550251,listing:in-focus|sitemap,2026-10-05T09:25:54+00:00
https://www.thedailystar.net/in-focus/armenians-dhaka-1543399,listing:in-focus|sitemap,2026-10-05T09:25:54+00:00
https://www.thedailystar.net/slow-reads/focus/news/the-fabulous-tagores-pathuriaghata-calcutta-1540138,listing:in-focus|sitemap,2026-10-05T09:25:54+00:00
https://www.thedailystar.net/slow-reads/focus/news/british-colonial-architecture-bengal-1536610,listing:in-focus|sitemap,2026-10-05T09:25:54+00:00
https://www.thedailystar.net/slow-reads/focus/news/remembering-world-war-ones-army-bengali-workers-1534729,listing:in-focus|sitemap,2026-10-05T09:25:54+00:00
https://www.thedailystar.net/in-focus/life-uncertain-and-precarious-1533397,listing:in-focus|sitemap,2026-10-05T09:25:54+00:00
https://www.thedailystar.net/slow-reads/focus/news/the-rise-and-fall-the-dutch-dhaka-1530046,listing:in-focus|sitemap,2026-10-05T09:25:54+00:00
https://www.thedailystar.net/slow-reads/focus/news/people-southasian-past-1526410,listing:in-focus|sitemap,2026-10-05T09:25:54+00:00
https://www.thedailystar.net/slow-reads/focus/news/the-portuguese-dhaka-1523059,listing:in-focus|sitemap,2026-10-05T09:25:54+00:00
https://www.thedailystar.net/in-focus/walking-the-longest-path-my-favourite-ghosts-1519753,listing:in-focus|sitemap,2026-10-05T09:25:54+00:00
https://www.thedailystar.net/slow-reads/focus/news/sir-charles-doyly-7th-baronet-1516348,listing:in-focus|sitemap,2026-10-05T09:25:54+00:00
https://www.thedailystar.net/in-focus/bangla-academy-1502992,listing:in-focus|sitemap,2026-10-05T09:25:56+00:00
https://www.thedailystar.net/in-focus/the-labyrinth-memory-1499692,listing:in-focus|sitemap,2026-10-05T09:25:56+00:00
https://www.thedailystar.net/in-focus/caravan-the-dispossessed-1493692,listing:in-focus|sitemap,2026-10-05T09:25:56+00:00
https://www.thedailystar.net/in-focus/professor-anisuzzaman-the-man-and-the-academic-1490467,listing:in-focus|sitemap,2026-10-05T09:25:56+00:00
https://www.thedailystar.net/in-focus/loving-memory-crack-platoon-warrior-1487017,listing:in-focus|sitemap,2026-10-05T09:25:56+00:00
https://www.thedailystar.net/in-focus/the-death-and-life-great-global-cities-1483486,listing:in-focus|sitemap,2026-10-05T09:25:56+00:00
https://www.thedailystar.net/in-focus/was-the-russian-revolution-proletarian-revolution-1480504,listing:in-focus|sitemap,2026-10-05T09:25:56+00:00
https://www.thedailystar.net/slow-reads/focus/news/the-partition-bengal-1905-south-asias-first-look-east-policy-1476952,listing:in-focus|sitemap,2026-10-05T09:25:56+00:00
https://www.thedailystar.net/slow-reads/focus/news/the-post-throughout-the-ages-1473706,listing:in-focus|sitemap,2026-10-05T09:25:56+00:00
https://www.thedailystar.net/in-focus/river-rhapsody-1467172,listing:in-focus|sitemap,2026-10-05T09:25:56+00:00
https://www.thedailystar.net/slow-reads/focus/news/ethical-challenges-documenting-birangonas-1463638,listing:in-focus|sitemap,2026-10-05T09:25:56+00:00
https://www.thedailystar.net/in-focus/commemorating-the-16th-anniversary-911-1460476,listing:in-focus|sitemap,2026-10-05T09:25:56+00:00
https://www.thedailystar.net/slow-reads/focus/news/partition-1947-the-tears-still-bind-1452988,listing:in-focus|sitemap,2026-10-05T09:25:56+00:00
https://www.thedailystar.net/slow-reads/focus/news/conversation-ayesha-jalal-1453531,listing:in-focus|sitemap,2026-10-05T09:25:56+00:00
https://www.thedailystar.net/slow-reads/focus/news/glimpses-netaji-east-bengal-1451494,listing:in-focus|sitemap,2026-10-05T09:25:56+00:00
https://www.thedailystar.net/in-focus/tareque-and-munier-you-are-always-us-1448296,listing:in-focus|sitemap,2026-10-05T09:25:56+00:00
https://www.thedailystar.net/in-focus/the-vision-coming-society-1444708,listing:in-focus|sitemap,2026-10-05T09:25:56+00:00
https://www.thedailystar.net/slow-reads/focus/news/bloodless-genocide-the-allegorical-gaze-ahmed-sofa-1441351,listing:in-focus|sitemap,2026-10-05T09:25:56+00:00
https://www.thedailystar.net/slow-reads/focus/news/confronting-life-love-and-liberation-style-1437649,listing:in-focus|sitemap,2026-10-05T09:25:56+00:00
https://www.thedailystar.net/in-focus/justice-after-nuremberg-1434352,listing:in-focus|sitemap,2026-10-05T09:26:07+00:00
https://www.thedailystar.net/slow-reads/focus/news/echoes-old-bengal-1430665,listing:in-focus|sitemap,2026-10-05T09:26:07+00:00
https://www.thedailystar.net/in-focus/letter-the-tigers-den-1422028,listing:in-focus|sitemap,2026-10-05T09:26:07+00:00
https://www.thedailystar.net/in-focus/dhaka-traffic-are-we-going-the-right-way-1418758,listing:in-focus|sitemap,2026-10-05T09:26:07+00:00
https://www.thedailystar.net/in-focus/the-war-never-ended-1415455,listing:in-focus|sitemap,2026-10-05T09:26:07+00:00
https://www.thedailystar.net/in-focus/ideological-struggles-within-1408771,listing:in-focus|sitemap,2026-10-05T09:26:07+00:00
https://www.thedailystar.net/in-focus/the-bonds-run-deep-1405225,listing:in-focus|sitemap,2026-10-05T09:26:07+00:00
https://www.thedailystar.net/slow-reads/focus/news/indelible-imprints-the-genius-khulna-1402192,listing:in-focus|sitemap,2026-10-05T09:26:07+00:00
https://www.thedailystar.net/in-focus/when-the-blackboard-comes-life-1397998,listing:in-focus|sitemap,2026-10-05T09:26:07+00:00
https://www.thedailystar.net/in-focus/prelude-spreading-nightmare-1394500,listing:in-focus|sitemap,2026-10-05T09:26:07+00:00
https://www.thedailystar.net/slow-reads/focus/news/rare-images-dhakas-gurdwara-1388014,listing:in-focus|sitemap,2026-10-05T09:26:07+00:00
https://www.thedailystar.net/in-focus/building-city-tomorrow-1384546,listing:in-focus|sitemap,2026-10-05T09:26:07+00:00
https://www.thedailystar.net/in-focus/the-rebel-eternal-1377568,listing:in-focus|sitemap,2026-10-05T09:26:07+00:00
https://www.thedailystar.net/in-focus/unequal-city-1373962,listing:in-focus|sitemap,2026-10-05T09:26:07+00:00
https://www.thedailystar.net/slow-reads/focus/news/quiet-courage-1370599,listing:in-focus|sitemap,2026-10-05T09:26:07+00:00
https://www.thedailystar.net/in-focus/the-science-fiction-about-women-1362946,listing:in-focus|sitemap,2026-10-05T09:26:07+00:00
https://www.thedailystar.net/in-focus/oasis-volatile-region-1359124,listing:in-focus|sitemap,2026-10-05T09:26:07+00:00
https://www.thedailystar.net/in-focus/we-shall-overcome-1355557,listing:in-focus|sitemap,2026-10-05T09:26:07+00:00
https://www.thedailystar.net/in-focus/untangling-memory-taking-stand-1352053,listing:in-focus|sitemap,2026-10-05T09:26:07+00:00
https://www.thedailystar.net/in-focus/michael-madhusudan-dutt-birthday-tribute-1348372,listing:in-focus|sitemap,2026-10-05T09:26:12+00:00
https://www.thedailystar.net/slow-reads/focus/news/the-poet-physical-rhymes-1341403,listing:in-focus|sitemap,2026-10-05T09:26:12+00:00
https://www.thedailystar.net/slow-reads/focus/news/soolteen-sahib-dhaka-1337950,listing:in-focus|sitemap,2026-10-05T09:26:12+00:00
https://www.thedailystar.net/in-focus/paean-aleppo-1334650,listing:in-focus|sitemap,2026-10-05T09:26:14+00:00
https://www.thedailystar.net/in-focus/the-unfinished-struggle-1331104,listing:in-focus|sitemap,2026-10-05T09:26:15+00:00
https://www.thedailystar.net/in-focus/ajoy-roy-my-father-the-winner-takes-it-all-1324150,listing:in-focus|sitemap,2026-10-05T09:26:21+00:00
https://www.thedailystar.net/in-focus/munier-chowdhury-personal-glimpses-1320649,listing:in-focus|sitemap,2026-10-05T09:26:26+00:00
https://www.thedailystar.net/in-focus/the-less-talked-about-abuse-children-1316995,listing:in-focus|sitemap,2026-10-05T09:26:29+00:00
https://www.thedailystar.net/in-focus/why-cant-we-stop-the-stalking-1313350,listing:in-focus|sitemap,2026-10-05T09:26:34+00:00
https://www.thedailystar.net/in-focus/human-rights-development-and-demcoracy-1309627,listing:in-focus|sitemap,2026-10-05T09:26:36+00:00
https://www.thedailystar.net/in-focus/simple-twist-fate-1305868,listing:in-focus|sitemap,2026-10-05T09:26:41+00:00
https://www.thedailystar.net/slow-reads/focus/news/the-saga-armenian-family-old-dhaka-1302448,listing:in-focus|sitemap,2026-10-05T09:26:44+00:00
https://www.thedailystar.net/in-focus/the-wonders-ancient-china-1298812,listing:in-focus|sitemap,2026-10-05T09:26:45+00:00
https://www.thedailystar.net/slow-reads/big-picture/news/confessions-finance-professor-the-danger-putting-profits-first-4284291,listing:slow-reads/big-picture|sitemap,2026-10-05T09:26:58+00:00
https://www.thedailystar.net/slow-reads/big-picture/news/the-making-cup-tea-plantation-empire-and-the-pursuit-quality-4282841,listing:slow-reads/big-picture|sitemap,2026-10-05T09:26:58+00:00
https://www.thedailystar.net/slow-reads/big-picture/news/why-bangladeshs-measles-outbreak-should-be-wake-call-4282186,listing:slow-reads/big-picture|sitemap,2026-10-05T09:26:58+00:00
https://www.thedailystar.net/slow-reads/big-picture/news/prediction-preparedness-how-ai-can-help-us-navigate-climate-uncertainty-4282151,listing:slow-reads/big-picture|sitemap,2026-10-05T09:26:58+00:00
https://www.thedailystar.net/slow-reads/big-picture/news/crisis-bangladeshs-islamic-banks-liquidity-not-capital-and-merger-not-cure-4280351,listing:slow-reads/big-picture|sitemap,2026-10-05T09:26:58+00:00
https://www.thedailystar.net/slow-reads/big-picture/news/emergency-action-plan-100-renewable-bangladesh-4279051,listing:slow-reads/big-picture|sitemap,2026-10-05T09:26:58+00:00
https://www.thedailystar.net/slow-reads/big-picture/news/can-bangladesh-turn-its-ott-industry-global-soft-power-4279166,listing:slow-reads/big-picture|sitemap,2026-10-05T09:26:58+00:00
https://www.thedailystar.net/slow-reads/big-picture/news/bangladeshs-gold-paradox-shadow-market-export-industry-4277986,listing:slow-reads/big-picture|sitemap,2026-10-05T09:26:58+00:00
https://www.thedailystar.net/slow-reads/big-picture/news/why-bangladeshs-energy-crisis-keeps-coming-back-4276431,listing:slow-reads/big-picture|sitemap,2026-10-05T09:26:58+00:00
https://www.thedailystar.net/slow-reads/big-picture/news/the-5-billion-opportunity-bangladesh-failing-see-4275601,listing:slow-reads/big-picture|sitemap,2026-10-05T09:26:58+00:00
https://www.thedailystar.net/slow-reads/big-picture/news/how-bangladesh-failing-its-qawmi-graduates-4274961,listing:slow-reads/big-picture|sitemap,2026-10-05T09:26:58+00:00
https://www.thedailystar.net/slow-reads/big-picture/news/why-water-rich-bangladesh-running-short-water-4273971,listing:slow-reads/big-picture|sitemap,2026-10-05T09:26:58+00:00
https://www.thedailystar.net/slow-reads/big-picture/news/the-global-injustice-behind-bangladeshs-shipbreaking-industry-4271086,listing:slow-reads/big-picture|sitemap,2026-10-05T09:26:58+00:00
https://www.thedailystar.net/slow-reads/big-picture/news/how-make-essential-medicines-affordable-and-accessible-bangladesh-4270456,listing:slow-reads/big-picture|sitemap,2026-10-05T09:26:58+00:00
https://www.thedailystar.net/slow-reads/big-picture/news/can-bangladesh-make-its-plastic-waste-policy-work-4268861,listing:slow-reads/big-picture|sitemap,2026-10-05T09:27:01+00:00
https://www.thedailystar.net/slow-reads/big-picture/news/dhaka-accidentally-built-the-city-planners-now-want-can-we-make-it-liveable-4268231,listing:slow-reads/big-picture|sitemap,2026-10-05T09:27:01+00:00
https://www.thedailystar.net/slow-reads/big-picture/news/can-bangladesh-produce-its-own-knowledge-4267256,listing:slow-reads/big-picture|sitemap,2026-10-05T09:27:01+00:00
https://www.thedailystar.net/slow-reads/big-picture/news/how-we-are-killing-dhaka-4266661,listing:slow-reads/big-picture|sitemap,2026-10-05T09:27:01+00:00
https://www.thedailystar.net/slow-reads/big-picture/news/can-bangladesh-afford-not-invest-bholas-gas-4264936,listing:slow-reads/big-picture|sitemap,2026-10-05T09:27:01+00:00
https://www.thedailystar.net/slow-reads/big-picture/news/bangladeshs-renewable-policy-still-too-little-not-too-late-4264176,listing:slow-reads/big-picture|sitemap,2026-10-05T09:27:01+00:00
https://www.thedailystar.net/slow-reads/big-picture/news/why-the-global-south-must-rethink-export-led-growth-4263296,listing:slow-reads/big-picture|sitemap,2026-10-05T09:27:01+00:00
https://www.thedailystar.net/slow-reads/big-picture/news/bhotekoshi-flood-another-warning-the-himalayas-are-we-listening-4262246,listing:slow-reads/big-picture|sitemap,2026-10-05T09:27:01+00:00
https://www.thedailystar.net/slow-reads/big-picture/news/renewing-the-ganges-water-sharing-treaty-what-should-bangladesh-do-4258876,listing:slow-reads/big-picture|sitemap,2026-10-05T09:27:01+00:00
https://www.thedailystar.net/slow-reads/big-picture/news/what-it-really-costs-live-dhaka-4258846,listing:slow-reads/big-picture|sitemap,2026-10-05T09:27:01+00:00
https://www.thedailystar.net/slow-reads/big-picture/news/why-nepals-devastating-floods-should-no-longer-surprise-us-4257681,listing:slow-reads/big-picture|sitemap,2026-10-05T09:27:01+00:00
https://www.thedailystar.net/slow-reads/big-picture/news/what-kind-doctors-does-bangladesh-need-4256481,listing:slow-reads/big-picture|sitemap,2026-10-05T09:27:01+00:00
https://www.thedailystar.net/slow-reads/big-picture/news/why-arent-we-talking-about-the-health-risks-battery-rickshaws-4255871,listing:slow-reads/big-picture|sitemap,2026-10-05T09:27:01+00:00
https://www.thedailystar.net/slow-reads/big-picture/news/what-six-south-asian-economists-taught-the-world-about-development-4252781,listing:slow-reads/big-picture|sitemap,2026-10-05T09:27:01+00:00
https://www.thedailystar.net/slow-reads/big-picture/news/can-dhakas-pink-bus-break-four-decade-pattern-4251781,listing:slow-reads/big-picture|sitemap,2026-10-05T09:27:01+00:00
https://www.thedailystar.net/slow-reads/big-picture/news/what-kind-city-do-we-really-want-4251586,listing:slow-reads/big-picture|sitemap,2026-10-05T09:27:01+00:00
https://www.thedailystar.net/slow-reads/big-picture/news/bangladeshs-garment-industry-ready-the-next-shock-4250891,listing:slow-reads/big-picture|sitemap,2026-10-05T09:27:01+00:00
https://www.thedailystar.net/slow-reads/big-picture/news/can-pink-buses-make-travels-safer-women-4250696,listing:slow-reads/big-picture|sitemap,2026-10-05T09:27:01+00:00
https://www.thedailystar.net/slow-reads/big-picture/news/chained-majesties-the-plight-captive-elephants-bangladesh-4247716,listing:slow-reads/big-picture|sitemap,2026-10-05T09:27:01+00:00
https://www.thedailystar.net/slow-reads/big-picture/news/why-bangladesh-needs-mandatory-warning-labels-packaged-foods-4246841,listing:slow-reads/big-picture|sitemap,2026-10-05T09:27:01+00:00
https://www.thedailystar.net/slow-reads/big-picture/news/bangladesh-going-the-wrong-way-ai-4246791,listing:slow-reads/big-picture|sitemap,2026-10-05T09:27:04+00:00
https://www.thedailystar.net/slow-reads/big-picture/news/bangladesh-and-the-question-indigenous-peoples-4246426,listing:slow-reads/big-picture|sitemap,2026-10-05T09:27:04+00:00
https://www.thedailystar.net/slow-reads/big-picture/news/the-invisible-crisis-why-bangladesh-must-wake-its-data-vulnerability-4245576,listing:slow-reads/big-picture|sitemap,2026-10-05T09:27:04+00:00
https://www.thedailystar.net/slow-reads/big-picture/news/bangladesh-getting-dangerously-hotter-are-we-ready-4245211,listing:slow-reads/big-picture|sitemap,2026-10-05T09:27:04+00:00
https://www.thedailystar.net/slow-reads/big-picture/news/why-blaming-dhakas-bus-drivers-misses-the-real-problem-4244066,listing:slow-reads/big-picture|sitemap,2026-10-05T09:27:04+00:00
https://www.thedailystar.net/slow-reads/big-picture/news/why-dhakas-waterlogging-crisis-has-little-do-heavy-rain-4242371,listing:slow-reads/big-picture|sitemap,2026-10-05T09:27:04+00:00
https://www.thedailystar.net/slow-reads/big-picture/news/what-bangladesh-and-tuvalu-teach-the-world-about-climate-justice-4241061,listing:slow-reads/big-picture|sitemap,2026-10-05T09:27:04+00:00
https://www.thedailystar.net/slow-reads/big-picture/news/why-bangladeshs-schools-need-financial-autonomy-4237141,listing:slow-reads/big-picture|sitemap,2026-10-05T09:27:04+00:00
https://www.thedailystar.net/slow-reads/big-picture/news/what-the-water-knows-the-unmaking-bangladeshs-haors-4235646,listing:slow-reads/big-picture|sitemap,2026-10-05T09:27:04+00:00
https://www.thedailystar.net/slow-reads/big-picture/news/who-writes-the-history-the-july-uprising-4234856,listing:slow-reads/big-picture|sitemap,2026-10-05T09:27:04+00:00
https://www.thedailystar.net/slow-reads/big-picture/news/how-violence-against-women-normalised-bangladeshs-chars-4234051,listing:slow-reads/big-picture|sitemap,2026-10-05T09:27:04+00:00
https://www.thedailystar.net/slow-reads/big-picture/news/why-bangladesh-must-invest-community-led-early-childhood-education-4232291,listing:slow-reads/big-picture|sitemap,2026-10-05T09:27:04+00:00
https://www.thedailystar.net/slow-reads/big-picture/news/the-moral-architecture-bangladeshs-parliament-4231606,listing:slow-reads/big-picture|sitemap,2026-10-05T09:27:04+00:00
https://www.thedailystar.net/slow-reads/big-picture/news/why-bangladesh-innovates-rarely-builds-global-companies-4230006,listing:slow-reads/big-picture|sitemap,2026-10-05T09:27:04+00:00
https://www.thedailystar.net/slow-reads/big-picture/news/the-gods-we-build-ai-and-the-future-moral-authority-4229186,listing:slow-reads/big-picture|sitemap,2026-10-05T09:27:04+00:00
https://www.thedailystar.net/slow-reads/big-picture/news/remembering-mahbub-ul-haq-pioneer-human-development-ideas-4228336,listing:slow-reads/big-picture|sitemap,2026-10-05T09:27:04+00:00
https://www.thedailystar.net/slow-reads/big-picture/news/beyond-groundwater-rethinking-barinds-water-crisis-4228496,listing:slow-reads/big-picture|sitemap,2026-10-05T09:27:04+00:00
https://www.thedailystar.net/slow-reads/big-picture/news/what-would-make-dhaka-good-city-4226311,listing:slow-reads/big-picture|sitemap,2026-10-05T09:27:04+00:00
https://www.thedailystar.net/slow-reads/big-picture/news/how-chattogram-can-end-its-recurring-waterlogging-crisis-4225336,listing:slow-reads/big-picture|sitemap,2026-10-05T09:27:04+00:00
https://www.thedailystar.net/slow-reads/big-picture/news/dhaka-how-city-was-planned-drown-4221991,listing:slow-reads/big-picture|sitemap,2026-10-05T09:27:06+00:00
https://www.thedailystar.net/slow-reads/big-picture/news/why-governments-fail-communicate-gen-z-4224731,listing:slow-reads/big-picture|sitemap,2026-10-05T09:27:06+00:00
https://www.thedailystar.net/slow-reads/big-picture/news/how-bangladesh-can-stop-the-next-data-breach-4224041,listing:slow-reads/big-picture|sitemap,2026-10-05T09:27:06+00:00
https://www.thedailystar.net/slow-reads/big-picture/news/salinity-and-the-unseen-health-burden-coastal-bangladesh-4222336,listing:slow-reads/big-picture|sitemap,2026-10-05T09:27:06+00:00
https://www.thedailystar.net/slow-reads/big-picture/news/can-bangladeshs-250-million-tree-pledge-succeed-4220856,listing:slow-reads/big-picture|sitemap,2026-10-05T09:27:06+00:00
https://www.thedailystar.net/slow-reads/big-picture/news/bonolata-sens-natore-topographic-reading-4219976,listing:slow-reads/big-picture|sitemap,2026-10-05T09:27:06+00:00
https://www.thedailystar.net/slow-reads/big-picture/news/when-rain-turns-dhakas-commute-second-job-4219791,listing:slow-reads/big-picture|sitemap,2026-10-05T09:27:06+00:00
https://www.thedailystar.net/slow-reads/big-picture/news/why-bangladeshs-children-are-school-not-learning-4219181,listing:slow-reads/big-picture|sitemap,2026-10-05T09:27:06+00:00
https://www.thedailystar.net/slow-reads/big-picture/news/why-bangladesh-still-failing-protect-children-infectious-diseases-4218296,listing:slow-reads/big-picture|sitemap,2026-10-05T09:27:06+00:00
https://www.thedailystar.net/slow-reads/big-picture/news/why-bangladeshs-new-data-protection-law-may-fail-protect-your-data-4217396,listing:slow-reads/big-picture|sitemap,2026-10-05T09:27:06+00:00
https://www.thedailystar.net/slow-reads/big-picture/news/why-tensions-are-rising-between-rohingya-and-bangladeshis-4217201,listing:slow-reads/big-picture|sitemap,2026-10-05T09:27:06+00:00
https://www.thedailystar.net/slow-reads/big-picture/news/bangladesh-ready-the-future-work-4215116,listing:slow-reads/big-picture|sitemap,2026-10-05T09:27:06+00:00
https://www.thedailystar.net/slow-reads/big-picture/news/solar-power-should-not-become-bangladeshs-next-expensive-mistake-4214146,listing:slow-reads/big-picture|sitemap,2026-10-05T09:27:06+00:00
https://www.thedailystar.net/slow-reads/big-picture/news/building-islamic-banking-islamic-values-the-case-qard-hasan-bank-4214021,listing:slow-reads/big-picture|sitemap,2026-10-05T09:27:06+00:00
https://www.thedailystar.net/slow-reads/big-picture/news/why-bangladesh-must-start-rehearsing-the-next-earthquake-4213071,listing:slow-reads/big-picture|sitemap,2026-10-05T09:27:06+00:00
https://www.thedailystar.net/slow-reads/big-picture/news/why-fixing-dhakas-transport-system-key-cooling-the-city-4212466,listing:slow-reads/big-picture|sitemap,2026-10-05T09:27:06+00:00
https://www.thedailystar.net/slow-reads/big-picture/news/why-c-section-births-are-the-rise-bangladesh-4212086,listing:slow-reads/big-picture|sitemap,2026-10-05T09:27:06+00:00
https://www.thedailystar.net/slow-reads/big-picture/news/how-dhaka-can-restore-its-natural-cooling-system-4209531,listing:slow-reads/big-picture|sitemap,2026-10-05T09:27:06+00:00
https://www.thedailystar.net/slow-reads/big-picture/news/why-technological-progress-isnt-making-us-freer-4209401,listing:slow-reads/big-picture|sitemap,2026-10-05T09:27:06+00:00
https://www.thedailystar.net/slow-reads/big-picture/news/will-bangladeshs-social-security-budget-help-the-poor-4208121,listing:slow-reads/big-picture|sitemap,2026-10-05T09:27:06+00:00
https://www.thedailystar.net/slow-reads/big-picture/news/should-political-parties-be-publicly-funded-4206971,listing:slow-reads/big-picture|sitemap,2026-10-05T09:27:09+00:00
https://www.thedailystar.net/slow-reads/big-picture/news/can-outcome-based-education-survive-the-age-ai-4202226,listing:slow-reads/big-picture|sitemap,2026-10-05T09:27:09+00:00
https://www.thedailystar.net/slow-reads/big-picture/news/when-bengalis-stood-racism-the-uk-4202971,listing:slow-reads/big-picture|sitemap,2026-10-05T09:27:09+00:00
https://www.thedailystar.net/slow-reads/big-picture/news/bangladeshs-cottage-industries-need-more-nostalgia-4201766,listing:slow-reads/big-picture|sitemap,2026-10-05T09:27:09+00:00
https://www.thedailystar.net/slow-reads/big-picture/news/can-social-media-ban-children-work-bangladesh-4200976,listing:slow-reads/big-picture|sitemap,2026-10-05T09:27:09+00:00
https://www.thedailystar.net/slow-reads/big-picture/news/why-bangladesh-keeps-suffering-epidemic-bad-projects-4199121,listing:slow-reads/big-picture|sitemap,2026-10-05T09:27:09+00:00
https://www.thedailystar.net/slow-reads/big-picture/news/the-long-transformation-rural-bangladesh-4197351,listing:slow-reads/big-picture|sitemap,2026-10-05T09:27:09+00:00
https://www.thedailystar.net/slow-reads/big-picture/news/islamic-bankings-problem-the-model-not-the-name-4195536,listing:slow-reads/big-picture|sitemap,2026-10-05T09:27:09+00:00
https://www.thedailystar.net/slow-reads/big-picture/news/what-india-and-bangladesh-get-wrong-about-the-teesta-4195256,listing:slow-reads/big-picture|sitemap,2026-10-05T09:27:09+00:00
https://www.thedailystar.net/slow-reads/big-picture/news/the-unanswered-questions-the-ganges-barrage-4194231,listing:slow-reads/big-picture|sitemap,2026-10-05T09:27:09+00:00
https://www.thedailystar.net/slow-reads/big-picture/news/seconds-hours-how-reels-are-changing-the-way-we-think-4194116,listing:slow-reads/big-picture|sitemap,2026-10-05T09:27:09+00:00
https://www.thedailystar.net/slow-reads/big-picture/news/why-do-some-men-sexually-abuse-children-4193671,listing:slow-reads/big-picture|sitemap,2026-10-05T09:27:09+00:00
https://www.thedailystar.net/slow-reads/big-picture/news/pay-now-or-pay-forever-what-should-bangladeshs-energy-budget-priorities-be-4192056,listing:slow-reads/big-picture|sitemap,2026-10-05T09:27:09+00:00
https://www.thedailystar.net/slow-reads/big-picture/news/how-islamic-islamic-banking-4192136,listing:slow-reads/big-picture|sitemap,2026-10-05T09:27:09+00:00
https://www.thedailystar.net/slow-reads/big-picture/news/can-bangladesh-achieve-energy-sovereignty-new-perspective-4191451,listing:slow-reads/big-picture|sitemap,2026-10-05T09:27:09+00:00
https://www.thedailystar.net/slow-reads/big-picture/news/will-we-learn-the-khan-jahan-ali-crocodile-tragedy-4190841,listing:slow-reads/big-picture|sitemap,2026-10-05T09:27:09+00:00
https://www.thedailystar.net/slow-reads/big-picture/news/who-will-answer-bangladeshs-ecological-wounds-4191126,listing:slow-reads/big-picture|sitemap,2026-10-05T09:27:09+00:00
https://www.thedailystar.net/slow-reads/big-picture/news/where-chittagong-meets-makkah-4189471,listing:slow-reads/big-picture|sitemap,2026-10-05T09:27:09+00:00
https://www.thedailystar.net/slow-reads/big-picture/news/are-bangladeshs-biharis-truly-equal-citizens-4185176,listing:slow-reads/big-picture|sitemap,2026-10-05T09:27:09+00:00
https://www.thedailystar.net/slow-reads/big-picture/news/why-it-so-hot-inside-south-asias-dangerous-heat-wave-4188816,listing:slow-reads/big-picture|sitemap,2026-10-05T09:27:09+00:00
https://www.thedailystar.net/slow-reads/big-picture/news/will-the-padma-barrage-repeat-farakkas-mistake-4187316,listing:slow-reads/big-picture|sitemap,2026-10-05T09:27:11+00:00
https://www.thedailystar.net/slow-reads/big-picture/news/who-will-safeguard-bangladeshs-cultural-future-4186681,listing:slow-reads/big-picture|sitemap,2026-10-05T09:27:11+00:00
https://www.thedailystar.net/slow-reads/big-picture/news/trust-has-returned-has-the-state-changed-4186366,listing:slow-reads/big-picture|sitemap,2026-10-05T09:27:11+00:00
https://www.thedailystar.net/slow-reads/big-picture/news/we-learn-english-years-learn-too-little-why-4183621,listing:slow-reads/big-picture|sitemap,2026-10-05T09:27:11+00:00
https://www.thedailystar.net/slow-reads/big-picture/news/how-ai-became-authority-our-classrooms-4184126,listing:slow-reads/big-picture|sitemap,2026-10-05T09:27:11+00:00
https://www.thedailystar.net/slow-reads/big-picture/news/why-bangladesh-must-pivot-renewable-energy-now-4184106,listing:slow-reads/big-picture|sitemap,2026-10-05T09:27:11+00:00
https://www.thedailystar.net/slow-reads/big-picture/news/the-stolen-haq-qurbani-hides-4182926,listing:slow-reads/big-picture|sitemap,2026-10-05T09:27:11+00:00
https://www.thedailystar.net/slow-reads/big-picture/news/can-bangladesh-save-its-haor-food-bowl-4181841,listing:slow-reads/big-picture|listing:slow-reads/slow-reads-special/the-haor-crisis|sitemap,2026-10-05T09:27:11+00:00
https://www.thedailystar.net/slow-reads/big-picture/news/the-great-bangladeshi-cattle-reality-show-4181681,listing:slow-reads/big-picture|sitemap,2026-10-05T09:27:11+00:00
https://www.thedailystar.net/slow-reads/big-picture/news/will-ramisa-get-justice-bangladeshs-broken-rape-trial-system-4181026,listing:slow-reads/big-picture|sitemap,2026-10-05T09:27:11+00:00
https://www.thedailystar.net/slow-reads/big-picture/news/why-the-padma-barrage-will-be-disaster-bangladesh-4179201,listing:slow-reads/big-picture|sitemap,2026-10-05T09:27:11+00:00
https://www.thedailystar.net/slow-reads/big-picture/news/how-secular-the-orna-4176676,listing:slow-reads/big-picture|sitemap,2026-10-05T09:27:11+00:00
https://www.thedailystar.net/slow-reads/big-picture/news/haor-crisis-turning-national-crisis-the-government-aware-4174556,listing:slow-reads/big-picture|listing:slow-reads/slow-reads-special|listing:slow-reads/slow-reads-special/the-haor-crisis|sitemap,2026-10-05T09:27:11+00:00
https://www.thedailystar.net/slow-reads/big-picture/news/the-mro-children-who-could-not-reach-the-vaccine-4173991,listing:slow-reads/big-picture|sitemap,2026-10-05T09:27:11+00:00
https://www.thedailystar.net/slow-reads/big-picture/news/the-slow-death-the-haors-and-their-swamp-forests-4173826,listing:slow-reads/big-picture|listing:slow-reads/slow-reads-special|listing:slow-reads/slow-reads-special/the-haor-crisis|sitemap,2026-10-05T09:27:11+00:00
https://www.thedailystar.net/slow-reads/big-picture/news/development-tragedy-haor-ami-jamu-hourbari-pakka-rasta-chai-4173006,listing:slow-reads/big-picture|listing:slow-reads/slow-reads-special|listing:slow-reads/slow-reads-special/the-haor-crisis|sitemap,2026-10-05T09:27:11+00:00
https://www.thedailystar.net/slow-reads/big-picture/news/how-asia-negotiated-washington-while-bangladesh-lost-out-4171931,listing:slow-reads/big-picture|sitemap,2026-10-05T09:27:11+00:00
https://www.thedailystar.net/slow-reads/big-picture/news/the-disagreements-over-presidential-power-and-state-religion-4170946,listing:slow-reads/big-picture|sitemap,2026-10-05T09:27:14+00:00
https://www.thedailystar.net/slow-reads/big-picture/news/west-bengals-election-shift-can-it-unlock-the-teesta-impasse-4170601,listing:slow-reads/big-picture|sitemap,2026-10-05T09:27:14+00:00
https://www.thedailystar.net/slow-reads/big-picture/news/can-bangladesh-manage-its-municipal-waste-better-4168891,listing:slow-reads/big-picture|sitemap,2026-10-05T09:27:14+00:00
https://www.thedailystar.net/slow-reads/big-picture/news/indias-top-heavy-boom-and-the-lesson-bangladesh-4168031,listing:slow-reads/big-picture|sitemap,2026-10-05T09:27:14+00:00
https://www.thedailystar.net/slow-reads/big-picture/news/haor-farmers-are-dying-why-does-no-one-care-4167301,listing:slow-reads/big-picture|listing:slow-reads/slow-reads-special|listing:slow-reads/slow-reads-special/the-haor-crisis|sitemap,2026-10-05T09:27:14+00:00
https://www.thedailystar.net/slow-reads/big-picture/news/why-political-cartoons-are-dying-bangladesh-4166476,listing:slow-reads/big-picture|sitemap,2026-10-05T09:27:14+00:00
https://www.thedailystar.net/slow-reads/big-picture/news/art-and-odyssey-female-cartoonists-bangladesh-3995771,listing:slow-reads/big-picture|sitemap,2026-10-05T09:27:14+00:00
https://www.thedailystar.net/slow-reads/big-picture/news/how-reality-controlled-the-age-digital-disinformation-4024976,listing:slow-reads/big-picture|sitemap,2026-10-05T09:27:14+00:00
https://www.thedailystar.net/slow-reads/big-picture/news/bangladeshs-anti-cyberbullying-cell-one-chance-get-it-right-4165766,listing:slow-reads/big-picture|sitemap,2026-10-05T09:27:14+00:00
https://www.thedailystar.net/slow-reads/big-picture/news/the-expansion-wage-labour-and-the-message-may-day-4165321,listing:slow-reads/big-picture|listing:slow-reads/slow-reads-special|sitemap,2026-10-05T09:27:14+00:00
https://www.thedailystar.net/slow-reads/big-picture/news/closer-look-bangladeshs-new-labour-law-gains-and-gaps-4164911,listing:slow-reads/big-picture|listing:slow-reads/slow-reads-special|sitemap,2026-10-05T09:27:14+00:00
https://www.thedailystar.net/slow-reads/big-picture/news/can-workers-seize-the-opportunity-western-capitalism-declines-4164906,listing:slow-reads/big-picture|listing:slow-reads/slow-reads-special|sitemap,2026-10-05T09:27:14+00:00
https://www.thedailystar.net/slow-reads/big-picture/news/why-ai-alone-cannot-fix-bangladeshs-learning-gap-4163726,listing:slow-reads/big-picture|sitemap,2026-10-05T09:27:14+00:00
https://www.thedailystar.net/slow-reads/big-picture/news/the-water-we-wear-why-no-shopping-day-matters-4163016,listing:slow-reads/big-picture|sitemap,2026-10-05T09:27:14+00:00
https://www.thedailystar.net/slow-reads/big-picture/news/who-left-behind-4162631,listing:slow-reads/big-picture|sitemap,2026-10-05T09:27:14+00:00
https://www.thedailystar.net/slow-reads/big-picture/news/zero-waste-communities-thrive-while-incinerator-plans-loom-4160961,listing:slow-reads/big-picture|sitemap,2026-10-05T09:27:14+00:00
https://www.thedailystar.net/slow-reads/big-picture/news/why-our-energy-future-keeps-slipping-away-4160256,listing:slow-reads/big-picture|sitemap,2026-10-05T09:27:14+00:00
https://www.thedailystar.net/slow-reads/news/amid-geopolitical-uncertainty-its-time-electrify-the-kitchen-4111971,listing:slow-reads/big-picture|sitemap,2026-10-05T09:27:14+00:00
https://www.thedailystar.net/slow-reads/big-picture/news/corruption-control-asian-best-practices-and-lessons-the-bnp-government-4158656,listing:slow-reads/big-picture|sitemap,2026-10-05T09:27:14+00:00
https://www.thedailystar.net/slow-reads/big-picture/news/virtual-migration-new-path-bangladeshs-digital-future-4158616,listing:slow-reads/big-picture|sitemap,2026-10-05T09:27:14+00:00
https://www.thedailystar.net/slow-reads/big-picture/news/the-lost-magic-textbooks-and-why-it-matters-4157591,listing:slow-reads/big-picture|sitemap,2026-10-05T09:27:16+00:00
https://www.thedailystar.net/slow-reads/big-picture/news/dhakas-metro-rail-mass-transit-solution-or-missed-opportunity-4155146,listing:slow-reads/big-picture|sitemap,2026-10-05T09:27:16+00:00
https://www.thedailystar.net/slow-reads/big-picture/news/why-sexual-harassment-survivors-still-struggle-be-heard-bangladesh-4153986,listing:slow-reads/big-picture|sitemap,2026-10-05T09:27:16+00:00
https://www.thedailystar.net/slow-reads/big-picture/news/bangladeshs-looming-energy-crisis-and-the-choices-ahead-4152816,listing:slow-reads/big-picture|sitemap,2026-10-05T09:27:16+00:00
https://www.thedailystar.net/slow-reads/big-picture/news/why-the-ganges-treaty-must-not-fail-4151981,listing:slow-reads/big-picture|sitemap,2026-10-05T09:27:16+00:00
https://www.thedailystar.net/slow-reads/big-picture/news/madrasas-bengal-legacy-learning-and-the-challenge-change-4148581,listing:slow-reads/big-picture|sitemap,2026-10-05T09:27:16+00:00
https://www.thedailystar.net/slow-reads/big-picture/news/beyond-the-hype-the-reality-organic-agriculture-4146516,listing:slow-reads/big-picture|sitemap,2026-10-05T09:27:16+00:00
https://www.thedailystar.net/slow-reads/big-picture/news/how-can-bangladesh-rapidly-expand-solar-capacity-4145536,listing:slow-reads/big-picture|sitemap,2026-10-05T09:27:16+00:00
https://www.thedailystar.net/slow-reads/big-picture/news/online-censorship-and-algospeak-confusifying-the-masses-newfangled-linguification-4144831,listing:slow-reads/big-picture|sitemap,2026-10-05T09:27:16+00:00
https://www.thedailystar.net/slow-reads/big-picture/news/measles-outbreak-stop-the-blame-game-start-saving-lives-4143941,listing:slow-reads/big-picture|sitemap,2026-10-05T09:27:16+00:00
https://www.thedailystar.net/slow-reads/big-picture/news/rethinking-secularism-south-asia-today-4142751,listing:slow-reads/big-picture|sitemap,2026-10-05T09:27:16+00:00
https://www.thedailystar.net/slow-reads/big-picture/news/daughters-abrahamic-faith-scriptural-narratives-women-judaism-christianity-and-islam-4142431,listing:slow-reads/big-picture|sitemap,2026-10-05T09:27:16+00:00
https://www.thedailystar.net/slow-reads/big-picture/news/garment-workers-productivity-truth-and-myth-4141641,listing:slow-reads/big-picture|sitemap,2026-10-05T09:27:16+00:00
https://www.thedailystar.net/slow-reads/big-picture/news/democracy-dying-4140861,listing:slow-reads/big-picture|sitemap,2026-10-05T09:27:16+00:00
https://www.thedailystar.net/slow-reads/big-picture/news/polythene-ban-fiasco-are-we-heading-towards-anthropogenic-catastrophe-4140786,listing:slow-reads/big-picture|sitemap,2026-10-05T09:27:16+00:00
https://www.thedailystar.net/slow-reads/big-picture/news/time-third-language-bangladeshs-schools-4139906,listing:slow-reads/big-picture|sitemap,2026-10-05T09:27:16+00:00
https://www.thedailystar.net/slow-reads/big-picture/news/why-bangladesh-cannot-afford-waste-its-food-4139011,listing:slow-reads/big-picture|sitemap,2026-10-05T09:27:16+00:00
https://www.thedailystar.net/slow-reads/big-picture/news/gen-z-and-the-erasure-the-july-2024-uprising-bangladesh-evenement-palimpsest-4138121,listing:slow-reads/big-picture|sitemap,2026-10-05T09:27:16+00:00
https://www.thedailystar.net/slow-reads/big-picture/news/the-gurukul-legacy-the-lost-dialogue-between-teacher-and-student-4131911,listing:slow-reads/big-picture|sitemap,2026-10-05T09:27:16+00:00
https://www.thedailystar.net/slow-reads/big-picture/news/typhoid-bangladesh-persistent-public-health-challenge-4130066,listing:slow-reads/big-picture|sitemap,2026-10-05T09:27:18+00:00
https://www.thedailystar.net/slow-reads/big-picture/news/rooppur-begins-bangladesh-prepared-4129911,listing:slow-reads/big-picture|sitemap,2026-10-05T09:27:18+00:00
https://www.thedailystar.net/slow-reads/big-picture/news/the-family-card-universal-promise-or-targeted-programme-4127146,listing:slow-reads/big-picture|sitemap,2026-10-05T09:27:18+00:00
https://www.thedailystar.net/slow-reads/big-picture/news/why-bangladeshs-new-government-faces-old-narrative-trap-4126246,listing:slow-reads/big-picture|sitemap,2026-10-05T09:27:18+00:00
https://www.thedailystar.net/slow-reads/big-picture/news/ensure-fair-prices-through-auctions-agricultural-commodities-4125286,listing:slow-reads/big-picture|sitemap,2026-10-05T09:27:18+00:00
https://www.thedailystar.net/slow-reads/big-picture/news/the-crisis-inside-bangladeshs-women-and-children-repression-prevention-tribunals-4122866,listing:slow-reads/big-picture|sitemap,2026-10-05T09:27:18+00:00
https://www.thedailystar.net/slow-reads/big-picture/news/without-bangladesh-wildlife-service-our-wildlife-has-no-future-4122431,listing:slow-reads/big-picture|sitemap,2026-10-05T09:27:18+00:00
https://www.thedailystar.net/slow-reads/big-picture/news/ramadan-the-age-screens-4120446,listing:slow-reads/big-picture|sitemap,2026-10-05T09:27:18+00:00
https://www.thedailystar.net/slow-reads/big-picture/news/what-bangladeshs-womens-movement-shares-nepal-and-myanmar-4120336,listing:slow-reads/big-picture|sitemap,2026-10-05T09:27:18+00:00
https://www.thedailystar.net/slow-reads/big-picture/news/the-promises-and-perils-notun-tej-bangladeshi-architecture-4116616,listing:slow-reads/big-picture|sitemap,2026-10-05T09:27:18+00:00
https://www.thedailystar.net/slow-reads/big-picture/news/why-writing-classes-still-matter-the-age-ai-4115806,listing:slow-reads/big-picture|sitemap,2026-10-05T09:27:18+00:00
https://www.thedailystar.net/slow-reads/big-picture/news/what-we-miss-when-we-talk-about-migrant-labour-4114751,listing:slow-reads/big-picture|sitemap,2026-10-05T09:27:18+00:00
https://www.thedailystar.net/slow-reads/big-picture/news/reading-parallels-through-history-politics-and-literature-4113591,listing:slow-reads/big-picture|sitemap,2026-10-05T09:27:18+00:00
https://www.thedailystar.net/slow-reads/big-picture/news/andre-beteille-sociologist-bangladesh-should-read-4112931,listing:slow-reads/big-picture|sitemap,2026-10-05T09:27:18+00:00
https://www.thedailystar.net/slow-reads/big-picture/news/emerging-pollutants-and-public-health-risks-bangladesh-4110901,listing:slow-reads/big-picture|sitemap,2026-10-05T09:27:18+00:00
https://www.thedailystar.net/slow-reads/big-picture/news/you-won-now-what-4105901,listing:slow-reads/big-picture|sitemap,2026-10-05T09:27:18+00:00
https://www.thedailystar.net/slow-reads/big-picture/news/how-ignoring-safe-water-and-sanitation-slowing-sustainable-growth-4105446,listing:slow-reads/big-picture|sitemap,2026-10-05T09:27:18+00:00
https://www.thedailystar.net/slow-reads/big-picture/news/women-without-power-the-politics-purdah-jamaat-and-maududis-legacy-4103626,listing:slow-reads/big-picture|sitemap,2026-10-05T09:27:18+00:00
https://www.thedailystar.net/slow-reads/big-picture/news/gridlock-governance-referendum-the-road-4103611,listing:slow-reads/big-picture|sitemap,2026-10-05T09:27:18+00:00
https://www.thedailystar.net/slow-reads/big-picture/news/female-leadership-islam-response-jamaat-ameer-4102401,listing:slow-reads/big-picture|sitemap,2026-10-05T09:27:21+00:00
https://www.thedailystar.net/slow-reads/big-picture/news/keeping-faith-while-scrolling-the-feed-4101986,listing:slow-reads/big-picture|sitemap,2026-10-05T09:27:21+00:00
https://www.thedailystar.net/slow-reads/big-picture/news/beyond-access-building-the-foundations-bangladeshs-next-education-reform-4099786,listing:slow-reads/big-picture|sitemap,2026-10-05T09:27:21+00:00
https://www.thedailystar.net/slow-reads/big-picture/news/who-fears-feminism-bangladesh-4095746,listing:slow-reads/big-picture|sitemap,2026-10-05T09:27:21+00:00
https://www.thedailystar.net/slow-reads/big-picture/news/the-future-bengal-delta-4094706,listing:slow-reads/big-picture|sitemap,2026-10-05T09:27:21+00:00
https://www.thedailystar.net/slow-reads/big-picture/news/bangladesh-and-the-wests-double-game-trade-and-climate-4093556,listing:slow-reads/big-picture|sitemap,2026-10-05T09:27:21+00:00
https://www.thedailystar.net/slow-reads/big-picture/news/between-compassion-and-capital-shashi-doctors-moral-world-4092396,listing:slow-reads/big-picture|sitemap,2026-10-05T09:27:21+00:00
https://www.thedailystar.net/slow-reads/big-picture/news/fear-trust-why-policing-must-change-now-4089726,listing:slow-reads/big-picture|sitemap,2026-10-05T09:27:21+00:00
https://www.thedailystar.net/slow-reads/big-picture/news/cry-liveable-city-4089721,listing:slow-reads/big-picture|sitemap,2026-10-05T09:27:21+00:00
https://www.thedailystar.net/slow-reads/big-picture/news/all-hopes-will-lose-steam-without-sustainable-energy-plan-4089701,listing:slow-reads/big-picture|sitemap,2026-10-05T09:27:21+00:00
https://www.thedailystar.net/slow-reads/big-picture/news/urban-breaking-point-we-can-no-longer-ignore-4089681,listing:slow-reads/big-picture|sitemap,2026-10-05T09:27:21+00:00
https://www.thedailystar.net/slow-reads/big-picture/news/blue-economy-moment-we-cant-miss-4089671,listing:slow-reads/big-picture|sitemap,2026-10-05T09:27:21+00:00
https://www.thedailystar.net/slow-reads/big-picture/news/our-disasters-their-management-need-break-the-chain-complacency-and-not-questioning-4089661,listing:slow-reads/big-picture|sitemap,2026-10-05T09:27:21+00:00
https://www.thedailystar.net/slow-reads/big-picture/news/after-billions-spent-still-gridlocked-what-the-new-government-must-do-4089651,listing:slow-reads/big-picture|sitemap,2026-10-05T09:27:21+00:00
https://www.thedailystar.net/slow-reads/big-picture/news/what-the-next-government-must-get-right-national-security-4089641,listing:slow-reads/big-picture|sitemap,2026-10-05T09:27:21+00:00
https://www.thedailystar.net/slow-reads/big-picture/news/without-the-rule-law-nothing-else-will-work-4089366,listing:slow-reads/big-picture|sitemap,2026-10-05T09:27:21+00:00
https://www.thedailystar.net/slow-reads/big-picture/news/faltering-education-national-emergency-fix-it-now-4089346,listing:slow-reads/big-picture|sitemap,2026-10-05T09:27:21+00:00
https://www.thedailystar.net/slow-reads/big-picture/news/public-health-failing-act-now-4089341,listing:slow-reads/big-picture|sitemap,2026-10-05T09:27:21+00:00
https://www.thedailystar.net/slow-reads/big-picture/news/when-policy-lacks-development-philosophy-failure-follows-4089336,listing:slow-reads/big-picture|sitemap,2026-10-05T09:27:21+00:00
https://www.thedailystar.net/slow-reads/big-picture/news/will-delaying-ldc-graduation-address-problems-long-ignored-4089236,listing:slow-reads/big-picture|sitemap,2026-10-05T09:27:21+00:00
https://www.thedailystar.net/slow-reads/big-picture/news/anti-corruption-drives-fail-not-inevitably-deliberately-4089216,listing:slow-reads/big-picture|sitemap,2026-10-05T09:27:23+00:00
https://www.thedailystar.net/slow-reads/big-picture/news/bangladeshs-economic-roadmap-priorities-the-next-government-4089211,listing:slow-reads/big-picture|sitemap,2026-10-05T09:27:23+00:00
https://www.thedailystar.net/slow-reads/big-picture/news/bangladesh-ready-ageing-4088691,listing:slow-reads/big-picture|sitemap,2026-10-05T09:27:23+00:00
https://www.thedailystar.net/slow-reads/big-picture/news/climate-change-agriculture-and-food-security-challenges-4087661,listing:slow-reads/big-picture|sitemap,2026-10-05T09:27:23+00:00
https://www.thedailystar.net/slow-reads/big-picture/news/flying-traditions-sakrain-and-the-shared-life-old-dhaka-4086736,listing:slow-reads/big-picture|sitemap,2026-10-05T09:27:23+00:00
https://www.thedailystar.net/slow-reads/big-picture/news/bangladeshs-ldc-graduation-why-readiness-the-best-strategy-4086346,listing:slow-reads/big-picture|sitemap,2026-10-05T09:27:23+00:00
https://www.thedailystar.net/slow-reads/big-picture/news/cold-waves-bangladesh-public-health-risks-and-preparedness-imperatives-4083901,listing:slow-reads/big-picture|sitemap,2026-10-05T09:27:23+00:00
https://www.thedailystar.net/slow-reads/big-picture/news/eroding-edges-emerging-lands-mapping-the-meghna-estuary-4082626,listing:slow-reads/big-picture|sitemap,2026-10-05T09:27:23+00:00
https://www.thedailystar.net/slow-reads/big-picture/news/transboundary-rivers-treaty-crucial-our-future-4083011,listing:slow-reads/big-picture|sitemap,2026-10-05T09:27:23+00:00
https://www.thedailystar.net/slow-reads/big-picture/news/key-challenges-attaining-the-first-demographic-dividend-4081441,listing:slow-reads/big-picture|sitemap,2026-10-05T09:27:23+00:00
https://www.thedailystar.net/slow-reads/big-picture/news/rural-lives-the-move-why-bangladesh-must-rethink-rural-urban-migration-4081446,listing:slow-reads/big-picture|sitemap,2026-10-05T09:27:23+00:00
https://www.thedailystar.net/slow-reads/big-picture/news/ten-tasks-future-bangladesh-4081451,listing:slow-reads/big-picture|sitemap,2026-10-05T09:27:23+00:00
https://www.thedailystar.net/slow-reads/big-picture/news/managing-water-managing-life-time-rethink-urgently-4080601,listing:slow-reads/big-picture|sitemap,2026-10-05T09:27:23+00:00
https://www.thedailystar.net/slow-reads/big-picture/news/bangladeshs-miracle-running-out-time-4081286,listing:slow-reads/big-picture|sitemap,2026-10-05T09:27:23+00:00
https://www.thedailystar.net/slow-reads/big-picture/news/fail-save-rivers-and-we-fail-save-ourselves-4081291,listing:slow-reads/big-picture|sitemap,2026-10-05T09:27:23+00:00
https://www.thedailystar.net/slow-reads/big-picture/news/no-river-no-dream-4081301,listing:slow-reads/big-picture|sitemap,2026-10-05T09:27:23+00:00
https://www.thedailystar.net/slow-reads/big-picture/news/towards-just-transition-the-labour-market-rights-gender-and-environment-4081376,listing:slow-reads/big-picture|sitemap,2026-10-05T09:27:23+00:00
https://www.thedailystar.net/slow-reads/big-picture/news/siltation-toxic-pollution-coastal-water-problems-4081381,listing:slow-reads/big-picture|sitemap,2026-10-05T09:27:23+00:00
https://www.thedailystar.net/slow-reads/big-picture/news/gender-violence-and-bangladeshs-future-4081386,listing:slow-reads/big-picture|sitemap,2026-10-05T09:27:23+00:00
https://www.thedailystar.net/slow-reads/big-picture/news/princesss-journey-and-the-promise-skilled-migration-4081391,listing:slow-reads/big-picture|sitemap,2026-10-05T09:27:23+00:00
https://www.thedailystar.net/slow-reads/big-picture/news/why-mob-violence-rising-across-south-asia-4073791,listing:slow-reads/big-picture|sitemap,2026-10-05T09:27:26+00:00
https://www.thedailystar.net/slow-reads/big-picture/news/why-the-ganges-treaty-and-shared-rivers-demand-new-imagination-4071606,listing:slow-reads/big-picture|sitemap,2026-10-05T09:27:26+00:00
https://www.thedailystar.net/slow-reads/big-picture/news/the-narsingdi-earthquake-shook-us-are-we-listening-4062156,listing:slow-reads/big-picture|sitemap,2026-10-05T09:27:26+00:00
https://www.thedailystar.net/slow-reads/big-picture/news/thoughts-press-freedom-and-about-dhaka-weekly-died-without-bang-4051451,listing:slow-reads/big-picture|listing:slow-reads/slow-reads-classics|sitemap,2026-10-05T09:27:26+00:00
https://www.thedailystar.net/slow-reads/big-picture/news/2000-year-journey-through-bengals-architecture-4045921,listing:slow-reads/big-picture|sitemap,2026-10-05T09:27:26+00:00
https://www.thedailystar.net/slow-reads/big-picture/news/why-uprisings-fail-lessons-sri-lanka-bangladesh-and-nepal-4040526,listing:slow-reads/big-picture|sitemap,2026-10-05T09:27:28+00:00
https://www.thedailystar.net/slow-reads/big-picture/news/each-day-gift-reflections-living-cancer-4034106,listing:slow-reads/big-picture|sitemap,2026-10-05T09:27:28+00:00
https://www.thedailystar.net/slow-reads/big-picture/news/the-fourth-estate-will-not-survive-unless-defended-4024981,listing:slow-reads/big-picture|sitemap,2026-10-05T09:27:28+00:00
https://www.thedailystar.net/slow-reads/big-picture/news/saving-death-how-not-rescue-wild-animals-4024106,listing:slow-reads/big-picture|sitemap,2026-10-05T09:27:28+00:00
https://www.thedailystar.net/slow-reads/big-picture/news/search-rajnagar-city-devoured-the-padma-4012746,listing:slow-reads/big-picture|sitemap,2026-10-05T09:27:28+00:00
https://www.thedailystar.net/slow-reads/big-picture/news/who-cares-about-bangladeshi-women-prisoners-india-4006966,listing:slow-reads/big-picture|sitemap,2026-10-05T09:27:28+00:00
https://www.thedailystar.net/slow-reads/big-picture/news/will-chinas-mega-dam-the-brahmaputra-threaten-bangladeshs-future-3958541,listing:slow-reads/big-picture|sitemap,2026-10-05T09:27:31+00:00
https://www.thedailystar.net/slow-reads/big-picture/news/having-their-say-well-being-choice-and-voice-bangladeshi-women-3942846,listing:slow-reads/big-picture|sitemap,2026-10-05T09:27:31+00:00
https://www.thedailystar.net/slow-reads/big-picture/news/our-disaster-their-management-3937611,listing:slow-reads/big-picture|sitemap,2026-10-05T09:27:31+00:00
https://www.thedailystar.net/slow-reads/big-picture/news/social-vision-dhakas-housing-3921951,listing:slow-reads/big-picture|sitemap,2026-10-05T09:27:31+00:00
https://www.thedailystar.net/slow-reads/big-picture/news/stereotypes-struggle-and-survival-reclaiming-the-story-behind-mofiz-3916331,listing:slow-reads/big-picture|sitemap,2026-10-05T09:27:34+00:00
https://www.thedailystar.net/slow-reads/big-picture/news/the-kajoli-model-learning-laughter-growing-joy-3901706,listing:slow-reads/big-picture|sitemap,2026-10-05T09:27:34+00:00
https://www.thedailystar.net/slow-reads/big-picture/news/stop-software-piracy-prevent-us-tariffs-3889856,listing:slow-reads/big-picture|sitemap,2026-10-05T09:27:34+00:00
https://www.thedailystar.net/slow-reads/big-picture/news/brains-bridges-prioritising-human-capital-over-infrastructure-3787361,listing:slow-reads/big-picture|sitemap,2026-10-05T09:27:34+00:00
https://www.thedailystar.net/slow-reads/big-picture/news/the-faces-behind-made-bangladesh-3760881,listing:slow-reads/big-picture|sitemap,2026-10-05T09:27:34+00:00
https://www.thedailystar.net/slow-reads/big-picture/news/sharing-ganges-water-what-looms-after-2026-3547361,listing:slow-reads/big-picture|sitemap,2026-10-05T09:27:34+00:00
https://www.thedailystar.net/slow-reads/big-picture/news/bangladeshs-new-data-protection-act-brittle-shield-or-blunt-sword-2174371,listing:slow-reads/big-picture|sitemap,2026-10-05T09:27:34+00:00
https://www.thedailystar.net/slow-reads/geopolitical-insights/news/the-south-korea-opportunity-bangladesh-overlooking-4287166,listing:slow-reads/geopolitical-insights|sitemap,2026-10-05T09:27:41+00:00
https://www.thedailystar.net/slow-reads/geopolitical-insights/news/geopolitical-ghosts-and-the-united-nations-4286161,listing:slow-reads/geopolitical-insights|sitemap,2026-10-05T09:27:41+00:00
https://www.thedailystar.net/slow-reads/geopolitical-insights/news/brics-bigger-can-it-deliver-4285286,listing:slow-reads/geopolitical-insights|sitemap,2026-10-05T09:27:41+00:00
https://www.thedailystar.net/slow-reads/geopolitical-insights/news/can-tarique-rahmans-plan-break-the-rohingya-repatriation-deadlock-4284806,listing:slow-reads/geopolitical-insights|sitemap,2026-10-05T09:27:41+00:00
https://www.thedailystar.net/slow-reads/geopolitical-insights/news/diplomacy-turbulent-world-how-bangladesh-should-navigate-bilateral-ties-and-regional-platforms-4283396,listing:slow-reads/geopolitical-insights|sitemap,2026-10-05T09:27:41+00:00
https://www.thedailystar.net/slow-reads/geopolitical-insights/news/what-the-un-still-good-4282851,listing:slow-reads/geopolitical-insights|sitemap,2026-10-05T09:27:41+00:00
https://www.thedailystar.net/slow-reads/geopolitical-insights/news/can-the-81st-unga-restore-hope-world-crises-4281176,listing:slow-reads/geopolitical-insights|sitemap,2026-10-05T09:27:41+00:00
https://www.thedailystar.net/slow-reads/geopolitical-insights/news/what-malaysias-rohingya-repatriation-plan-means-bangladesh-4280141,listing:slow-reads/geopolitical-insights|sitemap,2026-10-05T09:27:41+00:00
https://www.thedailystar.net/slow-reads/geopolitical-insights/news/why-bangladesh-must-reconsider-its-trade-agreement-the-us-4279241,listing:slow-reads/geopolitical-insights|sitemap,2026-10-05T09:27:41+00:00
https://www.thedailystar.net/slow-reads/geopolitical-insights/news/the-indo-pacific-crossroads-what-it-means-bangladesh-4277161,listing:slow-reads/geopolitical-insights|sitemap,2026-10-05T09:27:41+00:00
https://www.thedailystar.net/slow-reads/geopolitical-insights/news/could-the-teesta-redraw-the-map-india-bangladesh-diplomacy-4277111,listing:slow-reads/geopolitical-insights|sitemap,2026-10-05T09:27:41+00:00
https://www.thedailystar.net/slow-reads/geopolitical-insights/news/irans-china-moment-isolation-regional-hegemony-4275691,listing:slow-reads/geopolitical-insights|sitemap,2026-10-05T09:27:41+00:00
https://www.thedailystar.net/slow-reads/geopolitical-insights/news/makkah-pact-the-geopolitics-beyond-islamic-solidarity-4274741,listing:slow-reads/geopolitical-insights|sitemap,2026-10-05T09:27:41+00:00
https://www.thedailystar.net/slow-reads/geopolitical-insights/news/myanmars-deteriorating-crisis-and-the-political-future-the-rohingya-4273616,listing:slow-reads/geopolitical-insights|sitemap,2026-10-05T09:27:41+00:00
https://www.thedailystar.net/slow-reads/geopolitical-insights/news/what-bangladesh-should-ask-joining-the-makkah-pact-4271081,listing:slow-reads/geopolitical-insights|sitemap,2026-10-05T09:27:41+00:00
https://www.thedailystar.net/slow-reads/geopolitical-insights/news/nepals-difficult-passage-political-change-meets-ecological-crisis-4271041,listing:slow-reads/geopolitical-insights|sitemap,2026-10-05T09:27:43+00:00
https://www.thedailystar.net/slow-reads/geopolitical-insights/news/brics-20-why-the-new-delhi-summit-matters-the-global-south-4270301,listing:slow-reads/geopolitical-insights|sitemap,2026-10-05T09:27:43+00:00
https://www.thedailystar.net/slow-reads/geopolitical-insights/news/balfour-sanctions-why-the-uks-ban-israeli-settlement-trade-matters-4269656,listing:slow-reads/geopolitical-insights|sitemap,2026-10-05T09:27:43+00:00
https://www.thedailystar.net/slow-reads/geopolitical-insights/news/ganges-water-treaty-new-bargain-or-new-dispute-4268816,listing:slow-reads/geopolitical-insights|sitemap,2026-10-05T09:27:43+00:00
https://www.thedailystar.net/slow-reads/geopolitical-insights/news/bangladesh-and-the-mecca-pact-the-national-security-questions-we-are-missing-4267936,listing:slow-reads/geopolitical-insights|sitemap,2026-10-05T09:27:43+00:00
https://www.thedailystar.net/slow-reads/geopolitical-insights/news/chinese-fighter-jets-the-mecca-pact-bangladeshs-strategic-future-4267286,listing:slow-reads/geopolitical-insights|sitemap,2026-10-05T09:27:43+00:00
https://www.thedailystar.net/slow-reads/geopolitical-insights/news/bangladesh-the-next-base-chinese-scam-networks-4266336,listing:slow-reads/geopolitical-insights|sitemap,2026-10-05T09:27:43+00:00
https://www.thedailystar.net/slow-reads/geopolitical-insights/news/the-politics-fear-gazas-paper-kites-unsafe-campuses-4265491,listing:slow-reads/geopolitical-insights|sitemap,2026-10-05T09:27:43+00:00
https://www.thedailystar.net/slow-reads/geopolitical-insights/news/shanghai-cooperation-organisation-25-can-china-india-and-russia-really-speak-one-voice-4265496,listing:slow-reads/geopolitical-insights|sitemap,2026-10-05T09:27:43+00:00
https://www.thedailystar.net/slow-reads/geopolitical-insights/news/shared-rivers-shared-responsibilities-the-case-water-treaties-4264916,listing:slow-reads/geopolitical-insights|sitemap,2026-10-05T09:27:43+00:00
https://www.thedailystar.net/slow-reads/geopolitical-insights/news/bihar-wants-delhi-not-renew-ganges-treaty-what-does-it-mean-dhaka-4264161,listing:slow-reads/geopolitical-insights|sitemap,2026-10-05T09:27:43+00:00
https://www.thedailystar.net/slow-reads/geopolitical-insights/news/bangladesh-and-the-united-states-beyond-the-tariff-bargain-4263166,listing:slow-reads/geopolitical-insights|sitemap,2026-10-05T09:27:43+00:00
https://www.thedailystar.net/slow-reads/geopolitical-insights/news/the-carter-doctrine-the-mecca-pact-changing-gulf-security-order-4262226,listing:slow-reads/geopolitical-insights|sitemap,2026-10-05T09:27:43+00:00
https://www.thedailystar.net/slow-reads/geopolitical-insights/news/more-capability-less-autonomy-bangladeshs-emerging-security-dilemma-4261536,listing:slow-reads/geopolitical-insights|sitemap,2026-10-05T09:27:43+00:00
https://www.thedailystar.net/slow-reads/geopolitical-insights/news/the-mecca-pact-deterrence-israel-and-the-new-gulf-security-equation-4259536,listing:slow-reads/geopolitical-insights|sitemap,2026-10-05T09:27:43+00:00
https://www.thedailystar.net/slow-reads/geopolitical-insights/news/what-nepals-flood-devastation-means-bangladesh-india-and-china-4258096,listing:slow-reads/geopolitical-insights|sitemap,2026-10-05T09:27:43+00:00
https://www.thedailystar.net/slow-reads/geopolitical-insights/news/five-reasons-why-bangladesh-shouldnt-join-the-mecca-pact-4257866,listing:slow-reads/geopolitical-insights|sitemap,2026-10-05T09:27:43+00:00
https://www.thedailystar.net/slow-reads/geopolitical-insights/news/why-gaza-peace-deals-keep-falling-apart-4257321,listing:slow-reads/geopolitical-insights|sitemap,2026-10-05T09:27:43+00:00
https://www.thedailystar.net/slow-reads/geopolitical-insights/news/rohingya-genocide-will-the-icj-verdict-bring-justice-4255851,listing:slow-reads/geopolitical-insights|sitemap,2026-10-05T09:27:43+00:00
https://www.thedailystar.net/slow-reads/geopolitical-insights/news/should-bangladesh-join-the-mecca-pact-4255006,listing:slow-reads/geopolitical-insights|sitemap,2026-10-05T09:27:46+00:00
https://www.thedailystar.net/slow-reads/geopolitical-insights/news/rohingya-repatriation-needs-more-diplomacy-4254161,listing:slow-reads/geopolitical-insights|sitemap,2026-10-05T09:27:46+00:00
https://www.thedailystar.net/slow-reads/geopolitical-insights/news/nine-years-rohingya-refugees-need-more-shelter-4254136,listing:slow-reads/geopolitical-insights|sitemap,2026-10-05T09:27:46+00:00
https://www.thedailystar.net/slow-reads/geopolitical-insights/news/myanmars-partial-rohingya-repatriation-plan-another-attempt-mislead-bangladesh-4251776,listing:slow-reads/geopolitical-insights|sitemap,2026-10-05T09:27:46+00:00
https://www.thedailystar.net/slow-reads/geopolitical-insights/news/trumps-gaza-peace-plan-falling-apart-4250881,listing:slow-reads/geopolitical-insights|sitemap,2026-10-05T09:27:46+00:00
https://www.thedailystar.net/slow-reads/geopolitical-insights/news/what-japans-changing-indo-pacific-strategy-means-bangladesh-4250346,listing:slow-reads/geopolitical-insights|sitemap,2026-10-05T09:27:46+00:00
https://www.thedailystar.net/slow-reads/geopolitical-insights/news/can-india-and-bangladesh-build-more-equal-economic-partnership-4249181,listing:slow-reads/geopolitical-insights|sitemap,2026-10-05T09:27:46+00:00
https://www.thedailystar.net/slow-reads/geopolitical-insights/news/bangladeshs-fdi-puzzle-why-human-capital-not-red-tape-the-real-constraint-4247076,listing:slow-reads/geopolitical-insights|sitemap,2026-10-05T09:27:46+00:00
https://www.thedailystar.net/slow-reads/geopolitical-insights/news/will-the-saudi-arabia-turkiye-pakistan-makkah-agreement-create-new-regional-security-order-4246186,listing:slow-reads/geopolitical-insights|sitemap,2026-10-05T09:27:46+00:00
https://www.thedailystar.net/slow-reads/geopolitical-insights/news/why-bangladesh-needs-regional-strategy-beyond-saarc-4245411,listing:slow-reads/geopolitical-insights|sitemap,2026-10-05T09:27:46+00:00
https://www.thedailystar.net/slow-reads/geopolitical-insights/news/why-every-protest-matters-lessons-bangladesh-india-and-nepal-4244561,listing:slow-reads/geopolitical-insights|sitemap,2026-10-05T09:27:46+00:00
https://www.thedailystar.net/slow-reads/geopolitical-insights/news/malaysia-and-bangladesh-want-solutions-myanmar-ready-rohingya-return-4243701,listing:slow-reads/geopolitical-insights|sitemap,2026-10-05T09:27:46+00:00
https://www.thedailystar.net/slow-reads/geopolitical-insights/news/hormuz-20-the-six-degree-channel-and-bangladeshs-maritime-security-4242941,listing:slow-reads/geopolitical-insights|sitemap,2026-10-05T09:27:46+00:00
https://www.thedailystar.net/slow-reads/geopolitical-insights/news/michigan-primary-how-standing-israeli-genocide-could-win-democrats-congress-november-4242956,listing:slow-reads/geopolitical-insights|sitemap,2026-10-05T09:27:46+00:00
https://www.thedailystar.net/slow-reads/geopolitical-insights/news/how-satellites-are-transforming-conflict-between-india-and-pakistan-4242811,listing:slow-reads/geopolitical-insights|sitemap,2026-10-05T09:27:46+00:00
https://www.thedailystar.net/slow-reads/geopolitical-insights/news/there-any-hope-gaza-4240851,listing:slow-reads/geopolitical-insights|sitemap,2026-10-05T09:27:46+00:00
https://www.thedailystar.net/slow-reads/geopolitical-insights/news/how-bangladeshs-seaco-plan-could-strengthen-trade-across-the-muslim-world-4240311,listing:slow-reads/geopolitical-insights|sitemap,2026-10-05T09:27:46+00:00
https://www.thedailystar.net/slow-reads/geopolitical-insights/news/what-it-means-bangladesh-join-the-saudi-led-maritime-alliance-4239866,listing:slow-reads/geopolitical-insights|sitemap,2026-10-05T09:27:46+00:00
https://www.thedailystar.net/slow-reads/geopolitical-insights/news/sea-blindness-strategic-agency-bangladeshs-maritime-culture-crowded-bay-4239256,listing:slow-reads/geopolitical-insights|sitemap,2026-10-05T09:27:48+00:00
https://www.thedailystar.net/slow-reads/geopolitical-insights/news/the-dragon-eagle-elephant-and-tiger-changing-south-asia-4237751,listing:slow-reads/geopolitical-insights|sitemap,2026-10-05T09:27:48+00:00
https://www.thedailystar.net/slow-reads/geopolitical-insights/news/beyond-geopolitics-rethinking-regional-cooperation-south-asia-4237736,listing:slow-reads/geopolitical-insights|sitemap,2026-10-05T09:27:48+00:00
https://www.thedailystar.net/slow-reads/geopolitical-insights/news/why-india-and-bangladesh-need-new-approach-transboundary-rivers-4237611,listing:slow-reads/geopolitical-insights|sitemap,2026-10-05T09:27:48+00:00
https://www.thedailystar.net/slow-reads/geopolitical-insights/news/the-future-the-bangladesh-china-myanmar-economic-corridor-4232141,listing:slow-reads/geopolitical-insights|sitemap,2026-10-05T09:27:48+00:00
https://www.thedailystar.net/slow-reads/geopolitical-insights/news/superpower-rivalry-space-the-invisible-battlefield-the-iran-war-4232126,listing:slow-reads/geopolitical-insights|sitemap,2026-10-05T09:27:48+00:00
https://www.thedailystar.net/slow-reads/geopolitical-insights/news/the-new-world-geoeconomics-comparative-advantage-coercive-advantage-4228446,listing:slow-reads/geopolitical-insights|sitemap,2026-10-05T09:27:48+00:00
https://www.thedailystar.net/slow-reads/geopolitical-insights/news/big-b-and-bangladeshs-road-southeast-asia-4227546,listing:slow-reads/geopolitical-insights|sitemap,2026-10-05T09:27:48+00:00
https://www.thedailystar.net/slow-reads/geopolitical-insights/news/china-bangladesh-community-bandwagoning-soft-alignment-or-rhetoric-4226791,listing:slow-reads/geopolitical-insights|sitemap,2026-10-05T09:27:48+00:00
https://www.thedailystar.net/slow-reads/geopolitical-insights/news/the-global-refugee-crisis-and-bangladeshs-rohingya-challenge-4226676,listing:slow-reads/geopolitical-insights|sitemap,2026-10-05T09:27:48+00:00
https://www.thedailystar.net/slow-reads/geopolitical-insights/news/trumps-new-hormuz-gamble-will-iran-back-down-4224611,listing:slow-reads/geopolitical-insights|sitemap,2026-10-05T09:27:48+00:00
https://www.thedailystar.net/slow-reads/geopolitical-insights/news/why-the-rohingya-crisis-needs-new-political-imagination-4224411,listing:slow-reads/geopolitical-insights|sitemap,2026-10-05T09:27:48+00:00
https://www.thedailystar.net/slow-reads/geopolitical-insights/news/why-does-israel-target-palestinian-children-4223546,listing:slow-reads/geopolitical-insights|sitemap,2026-10-05T09:27:48+00:00
https://www.thedailystar.net/slow-reads/geopolitical-insights/news/after-1000-days-war-why-peace-gaza-remains-out-reach-4222686,listing:slow-reads/geopolitical-insights|sitemap,2026-10-05T09:27:48+00:00
https://www.thedailystar.net/slow-reads/geopolitical-insights/news/the-future-bangladesh-france-strategic-relations-4221441,listing:slow-reads/geopolitical-insights|sitemap,2026-10-05T09:27:48+00:00
https://www.thedailystar.net/slow-reads/geopolitical-insights/news/how-bangladesh-should-respond-chinas-proposed-corridor-4221446,listing:slow-reads/geopolitical-insights|sitemap,2026-10-05T09:27:48+00:00
https://www.thedailystar.net/slow-reads/geopolitical-insights/news/who-benefits-renewed-us-iran-hostilities-4219786,listing:slow-reads/geopolitical-insights|sitemap,2026-10-05T09:27:48+00:00
https://www.thedailystar.net/slow-reads/geopolitical-insights/news/can-india-and-pakistan-still-make-peace-4218041,listing:slow-reads/geopolitical-insights|sitemap,2026-10-05T09:27:48+00:00
https://www.thedailystar.net/slow-reads/geopolitical-insights/news/why-israel-has-more-fear-us-iran-peace-war-4217211,listing:slow-reads/geopolitical-insights|sitemap,2026-10-05T09:27:51+00:00
https://www.thedailystar.net/slow-reads/geopolitical-insights/news/why-bangladesh-cant-ignore-myanmars-diplomatic-comeback-4215991,listing:slow-reads/geopolitical-insights|sitemap,2026-10-05T09:27:51+00:00
https://www.thedailystar.net/slow-reads/geopolitical-insights/news/america-250-and-bangladeshs-strategic-moment-4216006,listing:slow-reads/geopolitical-insights|sitemap,2026-10-05T09:27:51+00:00
https://www.thedailystar.net/slow-reads/geopolitical-insights/news/can-the-china-myanmar-bangladesh-economic-corridor-become-reality-4212471,listing:slow-reads/geopolitical-insights|sitemap,2026-10-05T09:27:51+00:00
https://www.thedailystar.net/slow-reads/geopolitical-insights/news/indias-push-ins-are-not-border-problem-4209981,listing:slow-reads/geopolitical-insights|sitemap,2026-10-05T09:27:51+00:00
https://www.thedailystar.net/slow-reads/geopolitical-insights/news/why-bangladeshs-look-east-policy-matters-more-ever-4209991,listing:slow-reads/geopolitical-insights|sitemap,2026-10-05T09:27:51+00:00
https://www.thedailystar.net/slow-reads/geopolitical-insights/news/the-real-danger-the-us-iran-ceasefire-4209136,listing:slow-reads/geopolitical-insights|sitemap,2026-10-05T09:27:51+00:00
https://www.thedailystar.net/slow-reads/geopolitical-insights/news/the-real-question-behind-tarique-rahmans-china-visit-4207816,listing:slow-reads/geopolitical-insights|sitemap,2026-10-05T09:27:51+00:00
https://www.thedailystar.net/slow-reads/geopolitical-insights/news/can-pakistan-fix-its-problems-home-4207271,listing:slow-reads/geopolitical-insights|sitemap,2026-10-05T09:27:51+00:00
https://www.thedailystar.net/slow-reads/geopolitical-insights/news/how-social-media-reshaping-the-bangladesh-india-border-conflict-4205246,listing:slow-reads/geopolitical-insights|sitemap,2026-10-05T09:27:51+00:00
https://www.thedailystar.net/slow-reads/geopolitical-insights/news/will-netanyahu-derail-trumps-iran-peace-deal-4205211,listing:slow-reads/geopolitical-insights|sitemap,2026-10-05T09:27:51+00:00
https://www.thedailystar.net/slow-reads/geopolitical-insights/news/the-iran-ceasefire-deal-and-the-limits-american-power-4203836,listing:slow-reads/geopolitical-insights|sitemap,2026-10-05T09:27:51+00:00
https://www.thedailystar.net/slow-reads/geopolitical-insights/news/bangladesh-turkiye-relations-towards-disciplined-strategic-partnership-4203846,listing:slow-reads/geopolitical-insights|sitemap,2026-10-05T09:27:51+00:00
https://www.thedailystar.net/slow-reads/geopolitical-insights/news/why-the-strait-hormuz-reopening-wont-ease-price-pressures-anytime-soon-4203361,listing:slow-reads/geopolitical-insights|sitemap,2026-10-05T09:27:51+00:00
https://www.thedailystar.net/slow-reads/geopolitical-insights/news/why-fencing-the-myanmar-frontier-alone-wont-work-4201921,listing:slow-reads/geopolitical-insights|sitemap,2026-10-05T09:27:51+00:00
https://www.thedailystar.net/slow-reads/geopolitical-insights/news/why-the-us-can-no-longer-contain-china-4200421,listing:slow-reads/geopolitical-insights|sitemap,2026-10-05T09:27:51+00:00
https://www.thedailystar.net/slow-reads/geopolitical-insights/news/the-real-crisis-behind-india-bangladesh-border-push-ins-4200471,listing:slow-reads/geopolitical-insights|sitemap,2026-10-05T09:27:51+00:00
https://www.thedailystar.net/slow-reads/geopolitical-insights/news/trumps-iran-deal-might-end-the-war-solve-nothing-4200216,listing:slow-reads/geopolitical-insights|sitemap,2026-10-05T09:27:51+00:00
https://www.thedailystar.net/slow-reads/geopolitical-insights/news/whats-really-the-us-iran-deal-4199266,listing:slow-reads/geopolitical-insights|sitemap,2026-10-05T09:27:51+00:00
https://www.thedailystar.net/slow-reads/geopolitical-insights/news/israel-first-us-congress-quietly-merging-americas-military-israels-4198496,listing:slow-reads/geopolitical-insights|sitemap,2026-10-05T09:27:51+00:00
https://www.thedailystar.net/slow-reads/geopolitical-insights/news/bangladeshs-strategic-dilemma-the-bay-bengal-4197946,listing:slow-reads/geopolitical-insights|sitemap,2026-10-05T09:27:54+00:00
https://www.thedailystar.net/slow-reads/geopolitical-insights/news/why-ai-cannot-be-left-unsupervised-4197951,listing:slow-reads/geopolitical-insights|sitemap,2026-10-05T09:27:54+00:00
https://www.thedailystar.net/slow-reads/geopolitical-insights/news/do-mamata-and-the-trinamool-congress-have-political-future-4196206,listing:slow-reads/geopolitical-insights|sitemap,2026-10-05T09:27:54+00:00
https://www.thedailystar.net/slow-reads/geopolitical-insights/news/after-garments-the-search-bangladeshs-next-export-success-4189911,listing:slow-reads/geopolitical-insights|sitemap,2026-10-05T09:27:54+00:00
https://www.thedailystar.net/slow-reads/geopolitical-insights/news/what-can-stop-indias-push-ins-4189301,listing:slow-reads/geopolitical-insights|sitemap,2026-10-05T09:27:54+00:00
https://www.thedailystar.net/slow-reads/geopolitical-insights/news/can-bangladesh-defend-itself-the-great-power-cyber-war-4187936,listing:slow-reads/geopolitical-insights|sitemap,2026-10-05T09:27:54+00:00
https://www.thedailystar.net/slow-reads/geopolitical-insights/news/could-indias-gen-z-rebellion-begin-cockroaches-4184146,listing:slow-reads/geopolitical-insights|sitemap,2026-10-05T09:27:54+00:00
https://www.thedailystar.net/slow-reads/geopolitical-insights/news/the-cotton-clause-how-the-us-bangladesh-trade-pact-could-reshape-regional-textile-trade-4183651,listing:slow-reads/geopolitical-insights|sitemap,2026-10-05T09:27:54+00:00
https://www.thedailystar.net/slow-reads/geopolitical-insights/news/the-openai-musk-dispute-who-controls-the-future-ai-4183811,listing:slow-reads/geopolitical-insights|sitemap,2026-10-05T09:27:54+00:00
https://www.thedailystar.net/slow-reads/geopolitical-insights/news/why-both-trump-and-putin-felt-compelled-visit-beijing-4183416,listing:slow-reads/geopolitical-insights|sitemap,2026-10-05T09:27:54+00:00
https://www.thedailystar.net/slow-reads/geopolitical-insights/news/what-bangladesh-should-understand-about-the-arakan-armys-way-rakhita-doctrine-4180101,listing:slow-reads/geopolitical-insights|sitemap,2026-10-05T09:27:54+00:00
https://www.thedailystar.net/slow-reads/geopolitical-insights/news/the-hunt-the-holy-grail-the-repurposed-us-israeli-casus-belli-irans-uranium-4177911,listing:slow-reads/geopolitical-insights|sitemap,2026-10-05T09:27:54+00:00
https://www.thedailystar.net/slow-reads/geopolitical-insights/news/what-the-thucydides-trap-xi-warned-trump-about-4177371,listing:slow-reads/geopolitical-insights|sitemap,2026-10-05T09:27:54+00:00
https://www.thedailystar.net/slow-reads/geopolitical-insights/news/does-the-us-bangladesh-trade-deal-mirror-colonial-economics-4177376,listing:slow-reads/geopolitical-insights|sitemap,2026-10-05T09:27:54+00:00
https://www.thedailystar.net/slow-reads/geopolitical-insights/news/what-will-stop-killings-the-bangladesh-india-border-4177036,listing:slow-reads/geopolitical-insights|sitemap,2026-10-05T09:27:54+00:00
https://www.thedailystar.net/slow-reads/geopolitical-insights/news/can-the-xi-trump-summit-prevent-new-cold-war-4175511,listing:slow-reads/geopolitical-insights|sitemap,2026-10-05T09:27:54+00:00
https://www.thedailystar.net/slow-reads/geopolitical-insights/news/what-trump-xi-summit-means-bangladesh-4174696,listing:slow-reads/geopolitical-insights|sitemap,2026-10-05T09:27:54+00:00
https://www.thedailystar.net/slow-reads/geopolitical-insights/news/the-petrodollars-strait-hormuz-moment-4174121,listing:slow-reads/geopolitical-insights|sitemap,2026-10-05T09:27:54+00:00
https://www.thedailystar.net/slow-reads/geopolitical-insights/news/rethinking-dhakas-china-policy-changing-world-4173251,listing:slow-reads/geopolitical-insights|sitemap,2026-10-05T09:27:54+00:00
https://www.thedailystar.net/slow-reads/geopolitical-insights/news/the-saudi-emirati-cold-war-and-what-it-means-bangladesh-4172641,listing:slow-reads/geopolitical-insights|sitemap,2026-10-05T09:27:56+00:00
https://www.thedailystar.net/slow-reads/geopolitical-insights/news/what-bangladesh-should-understand-about-iran-today-4172646,listing:slow-reads/geopolitical-insights|sitemap,2026-10-05T09:27:56+00:00
https://www.thedailystar.net/slow-reads/geopolitical-insights/news/why-india-and-pakistan-still-cannot-talk-4172141,listing:slow-reads/geopolitical-insights|sitemap,2026-10-05T09:27:56+00:00
https://www.thedailystar.net/slow-reads/geopolitical-insights/news/when-the-smart-battlefield-turns-blind-ais-snag-the-iran-war-4171476,listing:slow-reads/geopolitical-insights|sitemap,2026-10-05T09:27:56+00:00
https://www.thedailystar.net/slow-reads/geopolitical-insights/news/bjps-west-bengal-victory-and-cross-border-anxieties-4171336,listing:slow-reads/geopolitical-insights|sitemap,2026-10-05T09:27:56+00:00
https://www.thedailystar.net/slow-reads/geopolitical-insights/news/the-modi-shah-machine-and-the-making-opposition-free-india-4170386,listing:slow-reads/geopolitical-insights|sitemap,2026-10-05T09:27:56+00:00
https://www.thedailystar.net/slow-reads/geopolitical-insights/news/how-bangladesh-can-balance-ties-india-and-pakistan-4169001,listing:slow-reads/geopolitical-insights|sitemap,2026-10-05T09:27:56+00:00
https://www.thedailystar.net/slow-reads/geopolitical-insights/news/why-bangladesh-and-china-need-new-connectivity-routes-4168181,listing:slow-reads/geopolitical-insights|sitemap,2026-10-05T09:27:56+00:00
https://www.thedailystar.net/slow-reads/geopolitical-insights/news/language-empire-and-the-illusion-historical-inevitability-4168106,listing:slow-reads/geopolitical-insights|sitemap,2026-10-05T09:27:56+00:00
https://www.thedailystar.net/slow-reads/geopolitical-insights/news/heres-what-china-learning-the-us-war-iran-4167256,listing:slow-reads/geopolitical-insights|sitemap,2026-10-05T09:27:56+00:00
https://www.thedailystar.net/slow-reads/geopolitical-insights/news/why-bangladesh-doesnt-need-pick-sides-energy-security-4166191,listing:slow-reads/geopolitical-insights|sitemap,2026-10-05T09:27:56+00:00
https://www.thedailystar.net/slow-reads/geopolitical-insights/news/bangladesh-us-trade-deal-and-the-test-strategic-autonomy-4166206,listing:slow-reads/geopolitical-insights|sitemap,2026-10-05T09:27:56+00:00
https://www.thedailystar.net/slow-reads/geopolitical-insights/news/reading-hafez-the-hormuz-crisis-4163746,listing:slow-reads/geopolitical-insights|sitemap,2026-10-05T09:27:56+00:00
https://www.thedailystar.net/slow-reads/geopolitical-insights/news/the-islamabad-paradox-what-middle-powers-can-learn-pakistan-4161416,listing:slow-reads/geopolitical-insights|sitemap,2026-10-05T09:27:56+00:00
https://www.thedailystar.net/slow-reads/geopolitical-insights/news/why-the-iran-israel-us-war-will-not-stop-ceasefires-4161431,listing:slow-reads/geopolitical-insights|sitemap,2026-10-05T09:27:56+00:00
https://www.thedailystar.net/slow-reads/geopolitical-insights/news/history-assassination-attempts-us-leaders-4161101,listing:slow-reads/geopolitical-insights|sitemap,2026-10-05T09:27:56+00:00
https://www.thedailystar.net/slow-reads/geopolitical-insights/news/the-electrostate-and-its-limits-chinas-rise-hydrocarbon-world-4160251,listing:slow-reads/geopolitical-insights|sitemap,2026-10-05T09:27:56+00:00
https://www.thedailystar.net/slow-reads/geopolitical-insights/news/the-hormuz-shock-and-the-cost-india-pakistan-isolation-4158651,listing:slow-reads/geopolitical-insights|sitemap,2026-10-05T09:27:56+00:00
https://www.thedailystar.net/slow-reads/geopolitical-insights/news/the-fog-over-us-iran-peace-talks-4157796,listing:slow-reads/geopolitical-insights|sitemap,2026-10-05T09:27:56+00:00
https://www.thedailystar.net/slow-reads/geopolitical-insights/news/how-trumps-tariffs-have-failed-the-us-economy-4156216,listing:slow-reads/geopolitical-insights|sitemap,2026-10-05T09:27:56+00:00
https://www.thedailystar.net/slow-reads/geopolitical-insights/news/however-it-ends-the-iran-war-will-change-the-world-4155986,listing:slow-reads/geopolitical-insights|sitemap,2026-10-05T09:27:59+00:00
https://www.thedailystar.net/slow-reads/geopolitical-insights/news/myanmars-recent-election-and-what-it-means-bangladesh-4154796,listing:slow-reads/geopolitical-insights|sitemap,2026-10-05T09:27:59+00:00
https://www.thedailystar.net/slow-reads/geopolitical-insights/news/how-the-us-naval-blockade-can-accelerate-multipolar-global-order-4154801,listing:slow-reads/geopolitical-insights|sitemap,2026-10-05T09:27:59+00:00
https://www.thedailystar.net/slow-reads/geopolitical-insights/news/why-trumps-jesus-moment-ended-deletion-4154371,listing:slow-reads/geopolitical-insights|sitemap,2026-10-05T09:27:59+00:00
https://www.thedailystar.net/slow-reads/geopolitical-insights/news/how-iran-sustained-its-military-capacity-amid-us-israeli-attacks-4152806,listing:slow-reads/geopolitical-insights|sitemap,2026-10-05T09:27:59+00:00
https://www.thedailystar.net/slow-reads/geopolitical-insights/news/can-us-iran-talks-survive-trumps-hormuz-blockade-4151961,listing:slow-reads/geopolitical-insights|sitemap,2026-10-05T09:27:59+00:00
https://www.thedailystar.net/slow-reads/geopolitical-insights/news/us-iran-peace-talks-fail-what-now-4149841,listing:slow-reads/geopolitical-insights|sitemap,2026-10-05T09:27:59+00:00
https://www.thedailystar.net/slow-reads/geopolitical-insights/news/bangladesh-must-build-strong-relations-iran-4147561,listing:slow-reads/geopolitical-insights|sitemap,2026-10-05T09:27:59+00:00
https://www.thedailystar.net/slow-reads/geopolitical-insights/news/how-bangladesh-can-tackle-the-current-energy-crisis-4149441,listing:slow-reads/geopolitical-insights|sitemap,2026-10-05T09:27:59+00:00
https://www.thedailystar.net/slow-reads/geopolitical-insights/news/when-america-first-policy-translates-china-first-outcome-new-cold-war-4149011,listing:slow-reads/geopolitical-insights|sitemap,2026-10-05T09:27:59+00:00
https://www.thedailystar.net/slow-reads/geopolitical-insights/news/the-wake-war-costs-civilisation-4147771,listing:slow-reads/geopolitical-insights|sitemap,2026-10-05T09:27:59+00:00
https://www.thedailystar.net/slow-reads/geopolitical-insights/news/americas-war-crimes-4146486,listing:slow-reads/geopolitical-insights|sitemap,2026-10-05T09:27:59+00:00
https://www.thedailystar.net/slow-reads/geopolitical-insights/news/trumps-iran-war-and-the-new-politics-religion-4145656,listing:slow-reads/geopolitical-insights|sitemap,2026-10-05T09:27:59+00:00
https://www.thedailystar.net/slow-reads/geopolitical-insights/news/amid-uncertain-middle-east-bangladesh-must-rethink-its-migration-strategy-4143691,listing:slow-reads/geopolitical-insights|sitemap,2026-10-05T09:27:59+00:00
https://www.thedailystar.net/slow-reads/geopolitical-insights/news/mapping-bangladeshs-defence-future-4143686,listing:slow-reads/geopolitical-insights|sitemap,2026-10-05T09:27:59+00:00
https://www.thedailystar.net/slow-reads/geopolitical-insights/news/netanyahus-world-enemies-obsessions-and-endless-war-4143151,listing:slow-reads/geopolitical-insights|sitemap,2026-10-05T09:27:59+00:00
https://www.thedailystar.net/slow-reads/geopolitical-insights/news/us-ground-invasion-iran-and-pakistans-mediation-4141676,listing:slow-reads/geopolitical-insights|sitemap,2026-10-05T09:27:59+00:00
https://www.thedailystar.net/slow-reads/geopolitical-insights/news/the-iran-war-and-the-paradox-post-modern-warfare-4140541,listing:slow-reads/geopolitical-insights|sitemap,2026-10-05T09:27:59+00:00
https://www.thedailystar.net/slow-reads/geopolitical-insights/news/how-iran-eyes-100pc-success-4140026,listing:slow-reads/geopolitical-insights|sitemap,2026-10-05T09:28:01+00:00
https://www.thedailystar.net/slow-reads/geopolitical-insights/news/the-myth-victory-lebanon-and-iran-4137736,listing:slow-reads/geopolitical-insights|sitemap,2026-10-05T09:28:01+00:00
https://www.thedailystar.net/slow-reads/geopolitical-insights/news/how-trump-destroying-the-international-order-4137746,listing:slow-reads/geopolitical-insights|sitemap,2026-10-05T09:28:01+00:00
https://www.thedailystar.net/slow-reads/geopolitical-insights/news/reshoring-critical-supply-chains-and-the-new-political-economy-post-globalization-4131106,listing:slow-reads/geopolitical-insights|sitemap,2026-10-05T09:28:01+00:00
https://www.thedailystar.net/slow-reads/geopolitical-insights/news/beyond-the-panic-the-petrol-pump-4128941,listing:slow-reads/geopolitical-insights|sitemap,2026-10-05T09:28:01+00:00
https://www.thedailystar.net/slow-reads/geopolitical-insights/news/codes-decode-cyber-risks-bangladesh-when-balancing-great-power-rivalry-4128936,listing:slow-reads/geopolitical-insights|sitemap,2026-10-05T09:28:01+00:00
https://www.thedailystar.net/slow-reads/geopolitical-insights/news/why-bangladesh-should-use-fdi-foreign-policy-strategy-4128931,listing:slow-reads/geopolitical-insights|sitemap,2026-10-05T09:28:01+00:00
https://www.thedailystar.net/slow-reads/geopolitical-insights/news/endgames-and-lessons-bangladesh-4128311,listing:slow-reads/geopolitical-insights|sitemap,2026-10-05T09:28:01+00:00
https://www.thedailystar.net/slow-reads/geopolitical-insights/news/the-middle-easts-rupture-becoming-global-4128306,listing:slow-reads/geopolitical-insights|sitemap,2026-10-05T09:28:01+00:00
https://www.thedailystar.net/slow-reads/geopolitical-insights/news/what-the-pakistan-afghanistan-conflict-means-bangladesh-4126351,listing:slow-reads/geopolitical-insights|sitemap,2026-10-05T09:28:01+00:00
https://www.thedailystar.net/slow-reads/news/irans-new-leader-and-trumps-mixed-messaging-can-anyone-really-win-the-war-4125816,listing:slow-reads/geopolitical-insights|sitemap,2026-10-05T09:28:01+00:00
https://www.thedailystar.net/slow-reads/geopolitical-insights/news/the-strait-closed-the-opportunity-open-4125411,listing:slow-reads/geopolitical-insights|sitemap,2026-10-05T09:28:01+00:00
https://www.thedailystar.net/slow-reads/geopolitical-insights/news/high-tech-us-israel-iran-war-the-homecoming-ai-4123901,listing:slow-reads/geopolitical-insights|sitemap,2026-10-05T09:28:01+00:00
https://www.thedailystar.net/slow-reads/geopolitical-insights/news/what-the-end-game-the-us-iran-israel-war-4123296,listing:slow-reads/geopolitical-insights|sitemap,2026-10-05T09:28:01+00:00
https://www.thedailystar.net/slow-reads/geopolitical-insights/news/the-middle-east-now-struggle-new-regional-order-4123286,listing:slow-reads/geopolitical-insights|sitemap,2026-10-05T09:28:01+00:00
https://www.thedailystar.net/slow-reads/geopolitical-insights/news/cuba-next-trump-4122816,listing:slow-reads/geopolitical-insights|sitemap,2026-10-05T09:28:01+00:00
https://www.thedailystar.net/slow-reads/geopolitical-insights/news/no-war-spain-calls-out-global-hypocrisy-4121666,listing:slow-reads/geopolitical-insights|sitemap,2026-10-05T09:28:01+00:00
https://www.thedailystar.net/slow-reads/geopolitical-insights/news/how-the-us-iran-war-conveniently-making-the-world-forget-gaza-4120751,listing:slow-reads/geopolitical-insights|sitemap,2026-10-05T09:28:01+00:00
https://www.thedailystar.net/slow-reads/geopolitical-insights/news/why-the-possibility-iran-russia-china-alliance-major-factor-the-us-war-4120561,listing:slow-reads/geopolitical-insights|sitemap,2026-10-05T09:28:01+00:00
https://www.thedailystar.net/slow-reads/geopolitical-insights/news/dhakas-diplomatic-balancing-the-middle-east-4119631,listing:slow-reads/geopolitical-insights|sitemap,2026-10-05T09:28:01+00:00
https://www.thedailystar.net/slow-reads/geopolitical-insights/news/what-will-happen-the-world-and-bangladesh-if-the-strait-hormuz-gets-shut-down-4119566,listing:slow-reads/geopolitical-insights|sitemap,2026-10-05T09:28:04+00:00
https://www.thedailystar.net/slow-reads/geopolitical-insights/news/are-trumps-visions-new-iran-achievable-4118781,listing:slow-reads/geopolitical-insights|sitemap,2026-10-05T09:28:04+00:00
https://www.thedailystar.net/slow-reads/geopolitical-insights/news/what-comes-next-iran-4118596,listing:slow-reads/geopolitical-insights|sitemap,2026-10-05T09:28:04+00:00
https://www.thedailystar.net/slow-reads/geopolitical-insights/news/khameneis-killing-and-irans-war-the-arab-states-explained-4117901,listing:slow-reads/geopolitical-insights|sitemap,2026-10-05T09:28:04+00:00
https://www.thedailystar.net/slow-reads/geopolitical-insights/news/diplomacy-deception-how-war-iran-was-made-inevitable-4117776,listing:slow-reads/geopolitical-insights|sitemap,2026-10-05T09:28:04+00:00
https://www.thedailystar.net/slow-reads/geopolitical-insights/news/why-greenland-becoming-everyones-problem-4115506,listing:slow-reads/geopolitical-insights|sitemap,2026-10-05T09:28:04+00:00
https://www.thedailystar.net/slow-reads/geopolitical-insights/news/multilateralism-retreat-will-middle-powers-stand-bullying-4096611,listing:slow-reads/geopolitical-insights|sitemap,2026-10-05T09:28:04+00:00
https://www.thedailystar.net/slow-reads/geopolitical-insights/news/bangladeshs-old-diplomacy-wont-survive-new-realities-4089646,listing:slow-reads/geopolitical-insights|sitemap,2026-10-05T09:28:04+00:00
https://www.thedailystar.net/slow-reads/geopolitical-insights/news/venezuela-operation-part-us-china-power-struggle-4076121,listing:slow-reads/geopolitical-insights|sitemap,2026-10-05T09:28:04+00:00
https://www.thedailystar.net/slow-reads/geopolitical-insights/news/can-any-power-now-kidnap-head-state-4075226,listing:slow-reads/geopolitical-insights|sitemap,2026-10-05T09:28:04+00:00
https://www.thedailystar.net/slow-reads/slow-reads-classics/news/bangabandhus-strategy-and-our-independence-2936171,listing:slow-reads/slow-reads-classics|sitemap,2026-10-05T09:28:11+00:00
https://www.thedailystar.net/slow-reads/slow-reads-special/news/justice-work-all-4164781,listing:slow-reads/slow-reads-special|sitemap,2026-10-05T09:28:18+00:00
https://www.thedailystar.net/slow-reads/slow-reads-special/news/the-price-labour-4158851,listing:slow-reads/slow-reads-special|sitemap,2026-10-05T09:28:18+00:00
https://www.thedailystar.net/slow-reads/slow-reads-special/price-labour/news/how-many-more-lives-workplaces-become-safe-4158871,listing:slow-reads/slow-reads-special|listing:slow-reads/slow-reads-special/interactive-stories|sitemap,2026-10-05T09:28:18+00:00
https://www.thedailystar.net/slow-reads/wisdom/news/my-grandmothers-world-partition-shia-traditions-and-memories-old-dhaka-4282211,listing:slow-reads/slow-reads-special|listing:slow-reads/wisdom|sitemap,2026-10-05T09:28:18+00:00
https://www.thedailystar.net/slow-reads/wisdom/news/the-taste-childhood-bengali-food-family-and-memory-4281346,listing:slow-reads/slow-reads-special|listing:slow-reads/wisdom|sitemap,2026-10-05T09:28:18+00:00
https://www.thedailystar.net/slow-reads/wisdom/news/one-railwaymans-line-box-three-eras-history-4238301,listing:slow-reads/slow-reads-special|listing:slow-reads/wisdom|sitemap,2026-10-05T09:28:18+00:00
https://www.thedailystar.net/slow-reads/wisdom/news/the-memories-hidden-inside-my-grandmothers-tureen-4223596,listing:slow-reads/slow-reads-special|listing:slow-reads/wisdom|sitemap,2026-10-05T09:28:18+00:00
https://www.thedailystar.net/slow-reads/wisdom/news/what-bangladesh-lost-the-baibari-ghar-4216316,listing:slow-reads/slow-reads-special|listing:slow-reads/wisdom|sitemap,2026-10-05T09:28:18+00:00
https://www.thedailystar.net/slow-reads/wisdom/news/the-saree-i-could-not-give-away-4207286,listing:slow-reads/slow-reads-special|listing:slow-reads/wisdom|sitemap,2026-10-05T09:28:18+00:00
https://www.thedailystar.net/slow-reads/unheard-voices/news/haor-crisis-fundamentally-management-failure-ainun-nishat-4176671,listing:slow-reads/slow-reads-special|listing:slow-reads/slow-reads-special/the-haor-crisis|listing:slow-reads/unheard-voices|sitemap,2026-10-05T09:28:18+00:00
https://www.thedailystar.net/slow-reads/unheard-voices/news/why-rana-plaza-survivors-are-still-protesting-4164961,listing:slow-reads/slow-reads-special|listing:slow-reads/unheard-voices|sitemap,2026-10-05T09:28:18+00:00
https://www.thedailystar.net/slow-reads/unheard-voices/news/beyond-reform-securing-dignity-bangladeshs-workers-4164916,listing:slow-reads/slow-reads-special|listing:slow-reads/unheard-voices|sitemap,2026-10-05T09:28:18+00:00
https://www.thedailystar.net/slow-reads/unheard-voices/news/the-app-treats-me-number-the-uncertain-lives-dhakas-ride-hailing-drivers-4164886,listing:slow-reads/slow-reads-special|listing:slow-reads/unheard-voices|sitemap,2026-10-05T09:28:18+00:00
https://www.thedailystar.net/slow-reads/unheard-voices/news/between-flexibility-and-uncertainty-the-lives-behind-dhakas-food-delivery-4164651,listing:slow-reads/slow-reads-special|listing:slow-reads/unheard-voices|sitemap,2026-10-05T09:28:21+00:00
https://www.thedailystar.net/slow-reads/unheard-voices/news/servants-algorithm-may-day-and-the-fight-the-south-asian-digital-working-class-4164636,listing:slow-reads/slow-reads-special|listing:slow-reads/unheard-voices|sitemap,2026-10-05T09:28:21+00:00
https://www.thedailystar.net/slow-reads/unheard-voices/news/unseen-struggles-atm-security-guards-bangladesh-4164036,listing:slow-reads/slow-reads-special|listing:slow-reads/unheard-voices|sitemap,2026-10-05T09:28:21+00:00
https://www.thedailystar.net/slow-reads/unheard-voices/news/fixing-labour-justice-system-fails-workers-4163976,listing:slow-reads/slow-reads-special|listing:slow-reads/unheard-voices|sitemap,2026-10-05T09:28:21+00:00
https://www.thedailystar.net/slow-reads/unheard-voices/news/who-counts-worker-4164431,listing:slow-reads/slow-reads-special|listing:slow-reads/unheard-voices|sitemap,2026-10-05T09:28:21+00:00
https://www.thedailystar.net/slow-reads/slow-reads-special/price-labour/news/rana-plazas-haunting-echo-what-has-changed-and-what-must-change-4158951,listing:slow-reads/slow-reads-special|sitemap,2026-10-05T09:28:21+00:00
https://www.thedailystar.net/slow-reads/slow-reads-special/price-labour/news/not-just-garment-factories-all-workplaces-must-be-safe-4159001,listing:slow-reads/slow-reads-special|sitemap,2026-10-05T09:28:21+00:00
https://www.thedailystar.net/slow-reads/slow-reads-special/price-labour/news/compensation-falls-short-and-fails-workers-it-must-change-4159021,listing:slow-reads/slow-reads-special|sitemap,2026-10-05T09:28:21+00:00
https://www.thedailystar.net/slow-reads/slow-reads-special/price-labour/news/beyond-compliance-towards-care-4159016,listing:slow-reads/slow-reads-special|sitemap,2026-10-05T09:28:21+00:00
https://www.thedailystar.net/slow-reads/unheard-voices/news/can-sluice-gates-fix-the-haor-waterlogging-crisis-4156101,listing:slow-reads/slow-reads-special|listing:slow-reads/slow-reads-special/the-haor-crisis|listing:slow-reads/unheard-voices|sitemap,2026-10-05T09:28:21+00:00
https://www.thedailystar.net/slow-reads/slow-reads-special/price-labour/news/rana-plaza-13-years-no-justice-no-memory-4153971,listing:slow-reads/slow-reads-special|listing:slow-reads/unheard-voices|sitemap,2026-10-05T09:28:21+00:00
https://www.thedailystar.net/slow-reads/slow-reads-special/folk-bangladesh/news/when-the-river-remembered-the-vanishing-world-bangladeshs-old-folk-festivals-4149931,listing:slow-reads/slow-reads-special|sitemap,2026-10-05T09:28:21+00:00
https://www.thedailystar.net/slow-reads/slow-reads-special/news/bhawaiya-songs-desire-and-defiance-4151146,listing:slow-reads/slow-reads-special|sitemap,2026-10-05T09:28:21+00:00
https://www.thedailystar.net/slow-reads/slow-reads-special/news/santal-weddings-vibrant-display-tradition-and-ritual-4150901,listing:slow-reads/slow-reads-special|sitemap,2026-10-05T09:28:21+00:00
https://www.thedailystar.net/slow-reads/slow-reads-special/news/how-rivers-and-rural-life-shape-bangla-folk-music-4150781,listing:slow-reads/slow-reads-special|sitemap,2026-10-05T09:28:21+00:00
https://www.thedailystar.net/slow-reads/slow-reads-special/news/bizu-celebration-blooms-beginning-and-bounty-4150736,listing:slow-reads/slow-reads-special|sitemap,2026-10-05T09:28:21+00:00
https://www.thedailystar.net/slow-reads/slow-reads-special/news/roots-and-rules-the-folk-games-bangladesh-4150726,listing:slow-reads/slow-reads-special|sitemap,2026-10-05T09:28:25+00:00
https://www.thedailystar.net/slow-reads/slow-reads-special/news/wera-saether-the-norwegian-voice-bengali-folk-music-4150686,listing:slow-reads/slow-reads-special|sitemap,2026-10-05T09:28:25+00:00
https://www.thedailystar.net/slow-reads/slow-reads-special/news/why-folk-artists-remain-invisible-culture-celebrates-their-art-4150651,listing:slow-reads/slow-reads-special|sitemap,2026-10-05T09:28:25+00:00
https://www.thedailystar.net/slow-reads/slow-reads-special/news/why-folklore-study-matters-modern-bangladesh-4150596,listing:slow-reads/slow-reads-special|sitemap,2026-10-05T09:28:25+00:00
https://www.thedailystar.net/slow-reads/slow-reads-special/news/riddles-and-rhymes-reveal-the-past-4149891,listing:slow-reads/slow-reads-special|sitemap,2026-10-05T09:28:25+00:00
https://www.thedailystar.net/slow-reads/slow-reads-special/news/reviving-bengals-oldest-songs-the-charyapada-today-4147761,listing:slow-reads/slow-reads-special|sitemap,2026-10-05T09:28:25+00:00
https://www.thedailystar.net/slow-reads/slow-reads-special/operation-searchlight/news/operation-searchlight-the-night-hell-opened-over-dhaka-4135406,listing:slow-reads/slow-reads-special|listing:slow-reads/slow-reads-special/interactive-stories|listing:slow-reads/slow-reads-special/operation-searchlight|sitemap,2026-10-05T09:28:25+00:00
https://www.thedailystar.net/slow-reads/slow-reads-special/news/beyond-bangla-why-bangladeshs-other-languages-matter-4109896,listing:slow-reads/slow-reads-special|sitemap,2026-10-05T09:28:27+00:00
https://www.thedailystar.net/slow-reads/slow-reads-special/amar-ekushey-2026/news/the-last-speaker-saura-4109941,listing:slow-reads/slow-reads-special|sitemap,2026-10-05T09:28:27+00:00
https://www.thedailystar.net/slow-reads/slow-reads-special/news/preserving-the-achik-tongue-4110026,listing:slow-reads/slow-reads-special|sitemap,2026-10-05T09:28:27+00:00
https://www.thedailystar.net/slow-reads/slow-reads-special/news/hajong-and-the-cost-being-unwritten-4110146,listing:slow-reads/slow-reads-special|sitemap,2026-10-05T09:28:27+00:00
https://www.thedailystar.net/slow-reads/slow-reads-special/news/bangla-the-age-algorithms-4110631,listing:slow-reads/slow-reads-special|sitemap,2026-10-05T09:28:27+00:00
https://www.thedailystar.net/slow-reads/slow-reads-special/news/thar-language-born-the-rivers-4110666,listing:slow-reads/slow-reads-special|sitemap,2026-10-05T09:28:27+00:00
https://www.thedailystar.net/slow-reads/slow-reads-special/news/will-the-next-generation-speak-kokborok-4110681,listing:slow-reads/slow-reads-special|sitemap,2026-10-05T09:28:27+00:00
https://www.thedailystar.net/slow-reads/slow-reads-special/news/the-bawm-language-crossroads-4109916,listing:slow-reads/slow-reads-special|sitemap,2026-10-05T09:28:27+00:00
https://www.thedailystar.net/slow-reads/slow-reads-special/news/bangladesh-many-voices-4109846,listing:slow-reads/slow-reads-special|sitemap,2026-10-05T09:28:27+00:00
https://www.thedailystar.net/slow-reads/slow-reads-special/news/language-power-and-the-erasure-kol-4110676,listing:slow-reads/slow-reads-special|sitemap,2026-10-05T09:28:27+00:00
https://www.thedailystar.net/slow-reads/slow-reads-special/news/what-two-decades-hyow-taught-me-about-language-loss-4109901,listing:slow-reads/slow-reads-special|sitemap,2026-10-05T09:28:27+00:00
https://www.thedailystar.net/slow-reads/unheard-voices/news/those-who-remain-invisible-bangladeshs-political-imagination-4094436,listing:slow-reads/slow-reads-special|listing:slow-reads/unheard-voices|sitemap,2026-10-05T09:28:27+00:00
https://www.thedailystar.net/slow-reads/unheard-voices/news/bound-dadan-4094431,listing:slow-reads/slow-reads-special|listing:slow-reads/unheard-voices|sitemap,2026-10-05T09:28:29+00:00
https://www.thedailystar.net/slow-reads/news/fish-stocks-collapse-the-bay-bengal-fishermen-risk-4088701,listing:slow-reads/slow-reads-special|listing:slow-reads/unheard-voices|sitemap,2026-10-05T09:28:29+00:00
https://www.thedailystar.net/slow-reads/unheard-voices/news/the-hands-clean-the-harijans-we-refuse-see-4035056,listing:slow-reads/slow-reads-special|listing:slow-reads/unheard-voices|sitemap,2026-10-05T09:28:32+00:00
https://www.thedailystar.net/slow-reads/unheard-voices/news/wetland-losing-its-farmers-4018036,listing:slow-reads/slow-reads-special|listing:slow-reads/slow-reads-special/the-haor-crisis|listing:slow-reads/unheard-voices|sitemap,2026-10-05T09:28:32+00:00
https://www.thedailystar.net/slow-reads/unheard-voices/news/the-weight-untouchability-rabidas-community-bangladesh-3984446,listing:slow-reads/slow-reads-special|listing:slow-reads/unheard-voices|sitemap,2026-10-05T09:28:32+00:00
https://www.thedailystar.net/slow-reads/unheard-voices/news/how-dhakas-rickshaw-pullers-bear-hidden-health-toll-3968566,listing:slow-reads/slow-reads-special|listing:slow-reads/unheard-voices|sitemap,2026-10-05T09:28:32+00:00
https://www.thedailystar.net/slow-reads/unheard-voices/news/why-not-new-bangladesh-labourers-3947836,listing:slow-reads/slow-reads-special|listing:slow-reads/unheard-voices|sitemap,2026-10-05T09:28:33+00:00
https://www.thedailystar.net/slow-reads/unheard-voices/news/insights-melbourne-and-dhaka-3942861,listing:slow-reads/slow-reads-special|listing:slow-reads/unheard-voices|sitemap,2026-10-05T09:28:33+00:00
https://www.thedailystar.net/slow-reads/unheard-voices/news/uncovering-the-silent-deaths-migrant-women-3937621,listing:slow-reads/slow-reads-special|listing:slow-reads/unheard-voices|sitemap,2026-10-05T09:28:33+00:00
https://www.thedailystar.net/slow-reads/unheard-voices/news/sattar-paglas-legacy-the-voice-haor-and-heart-3927336,listing:slow-reads/slow-reads-special|listing:slow-reads/unheard-voices|sitemap,2026-10-05T09:28:37+00:00
https://www.thedailystar.net/slow-reads/unheard-voices/news/dont-reduce-garment-workers-victims-recognise-their-struggles-3907461,listing:slow-reads/slow-reads-special|listing:slow-reads/unheard-voices|sitemap,2026-10-05T09:28:37+00:00
https://www.thedailystar.net/slow-reads/slow-reads-special/news/march-1971-witnessed-women-3575141,listing:slow-reads/slow-reads-special|sitemap|package:supplements/independence-day-special-2024,2026-10-05T09:28:37+00:00
https://www.thedailystar.net/slow-reads/slow-reads-special/news/folk-literature-3093701,listing:slow-reads/slow-reads-special|sitemap,2026-10-05T09:28:37+00:00
https://www.thedailystar.net/slow-reads/slow-reads-special/news/praise-mymensinghs-bangla-folk-ballads-3004791,listing:slow-reads/slow-reads-special|sitemap,2026-10-05T09:28:37+00:00
https://www.thedailystar.net/slow-reads/slow-reads-special/news/toys-and-simpler-times-1729777,listing:slow-reads/slow-reads-special|sitemap,2026-10-05T09:28:37+00:00
https://www.thedailystar.net/slow-reads/slow-reads-special/news/quamruls-bengal-1729789,listing:slow-reads/slow-reads-special|sitemap,2026-10-05T09:28:37+00:00
https://www.thedailystar.net/slow-reads/slow-reads-special/news/the-quest-finding-bangladesh-1662283,listing:slow-reads/slow-reads-special|sitemap,2026-10-05T09:28:37+00:00
https://www.thedailystar.net/slow-reads/slow-reads-special/news/pahela-boishakh-atlanta-how-expatriates-celebrate-1561672,listing:slow-reads/slow-reads-special|sitemap,2026-10-05T09:28:37+00:00
https://www.thedailystar.net/slow-reads/slow-reads-special/news/playful-affair-1390909,listing:slow-reads/slow-reads-special|sitemap,2026-10-05T09:28:39+00:00
https://www.thedailystar.net/slow-reads/slow-reads-special/news/charak-1390837,listing:slow-reads/slow-reads-special|sitemap,2026-10-05T09:28:39+00:00
https://www.thedailystar.net/slow-reads/slow-reads-special/news/folkloric-bangladesh-1390843,listing:slow-reads/slow-reads-special|sitemap,2026-10-05T09:28:39+00:00
https://www.thedailystar.net/slow-reads/slow-reads-special/news/the-power-tolerance-over-bigotry-1390918,listing:slow-reads/slow-reads-special|sitemap,2026-10-05T09:28:39+00:00
https://www.thedailystar.net/slow-reads/slow-reads-special/folk-bangladesh/news/bangla-folktales-stories-wisdom-wit-and-wonder-77180,listing:slow-reads/slow-reads-special|sitemap,2026-10-05T09:28:39+00:00
https://www.thedailystar.net/slow-reads/unheard-voices/news/why-the-haor-film-kura-pakkhir-shunye-ura-matters-today-4179596,listing:slow-reads/slow-reads-special/the-haor-crisis|listing:slow-reads/unheard-voices|sitemap,2026-10-05T09:29:01+00:00
https://www.thedailystar.net/slow-reads/unheard-voices/news/why-dhaka-cannot-simply-ban-the-rickshaw-4276346,listing:slow-reads/unheard-voices|sitemap,2026-10-05T09:29:09+00:00
https://www.thedailystar.net/slow-reads/unheard-voices/news/the-elephants-had-be-rescued-again-where-the-accountability-4275031,listing:slow-reads/unheard-voices|sitemap,2026-10-05T09:29:09+00:00
https://www.thedailystar.net/slow-reads/unheard-voices/news/situation-under-control-whose-expense-4273876,listing:slow-reads/unheard-voices|sitemap,2026-10-05T09:29:09+00:00
https://www.thedailystar.net/slow-reads/unheard-voices/news/the-untold-side-bangladeshs-climate-migration-4272636,listing:slow-reads/unheard-voices|sitemap,2026-10-05T09:29:09+00:00
https://www.thedailystar.net/slow-reads/unheard-voices/news/dhakas-unbearable-heat-who-suffers-the-most-4271726,listing:slow-reads/unheard-voices|sitemap,2026-10-05T09:29:09+00:00
https://www.thedailystar.net/slow-reads/unheard-voices/news/who-investigates-the-state-4270261,listing:slow-reads/unheard-voices|sitemap,2026-10-05T09:29:09+00:00
https://www.thedailystar.net/slow-reads/unheard-voices/news/gibbons-kingfishers-and-the-changing-world-adampur-reserved-forest-4269711,listing:slow-reads/unheard-voices|sitemap,2026-10-05T09:29:09+00:00
https://www.thedailystar.net/slow-reads/unheard-voices/news/more-refugees-how-rohingya-youth-are-reclaiming-their-story-4267941,listing:slow-reads/unheard-voices|sitemap,2026-10-05T09:29:09+00:00
https://www.thedailystar.net/slow-reads/unheard-voices/news/the-mental-toll-women-tea-workers-4267526,listing:slow-reads/unheard-voices|sitemap,2026-10-05T09:29:09+00:00
https://www.thedailystar.net/slow-reads/unheard-voices/news/shyamnagar-kurigram-women-work-where-the-income-4266406,listing:slow-reads/unheard-voices|sitemap,2026-10-05T09:29:09+00:00
https://www.thedailystar.net/slow-reads/unheard-voices/news/waiting-april-the-other-side-migration-the-sundarbans-4265696,listing:slow-reads/unheard-voices|sitemap,2026-10-05T09:29:09+00:00
https://www.thedailystar.net/slow-reads/unheard-voices/news/where-have-bangladeshs-hilsa-gone-4264921,listing:slow-reads/unheard-voices|sitemap,2026-10-05T09:29:09+00:00
https://www.thedailystar.net/slow-reads/unheard-voices/news/lead-poisoning-bangladesh-crisis-ignored-too-long-4264201,listing:slow-reads/unheard-voices|sitemap,2026-10-05T09:29:09+00:00
https://www.thedailystar.net/slow-reads/unheard-voices/news/who-recycles-bangladeshs-garment-waste-4263086,listing:slow-reads/unheard-voices|sitemap,2026-10-05T09:29:12+00:00
https://www.thedailystar.net/slow-reads/unheard-voices/news/bangladesh-running-out-options-rohingya-crisis-there-way-out-4262311,listing:slow-reads/unheard-voices|sitemap,2026-10-05T09:29:12+00:00
https://www.thedailystar.net/slow-reads/unheard-voices/news/grave-threat-coxs-bazars-sand-dunes-4258881,listing:slow-reads/unheard-voices|sitemap,2026-10-05T09:29:12+00:00
https://www.thedailystar.net/slow-reads/unheard-voices/news/why-have-nihar-koli-and-samrat-been-sent-back-their-alleged-abusers-4254011,listing:slow-reads/unheard-voices|sitemap,2026-10-05T09:29:12+00:00
https://www.thedailystar.net/slow-reads/unheard-voices/news/the-reality-vocational-training-bangladeshi-women-4253546,listing:slow-reads/unheard-voices|sitemap,2026-10-05T09:29:12+00:00
https://www.thedailystar.net/slow-reads/unheard-voices/news/can-we-save-young-bangladeshis-deadly-mediterranean-crossings-4253536,listing:slow-reads/unheard-voices|sitemap,2026-10-05T09:29:12+00:00
https://www.thedailystar.net/slow-reads/unheard-voices/news/breastfeeding-bangladesh-what-holding-mothers-back-4247721,listing:slow-reads/unheard-voices|sitemap,2026-10-05T09:29:12+00:00
https://www.thedailystar.net/slow-reads/unheard-voices/news/why-fidel-castros-legacy-still-haunts-washington-4247081,listing:slow-reads/unheard-voices|sitemap,2026-10-05T09:29:12+00:00
https://www.thedailystar.net/slow-reads/unheard-voices/news/thirst-the-sundarbans-the-water-crisis-facing-munda-women-4245686,listing:slow-reads/unheard-voices|sitemap,2026-10-05T09:29:12+00:00
https://www.thedailystar.net/slow-reads/unheard-voices/news/which-female-dominated-jobs-are-actually-the-most-exposed-ai-4243731,listing:slow-reads/unheard-voices|sitemap,2026-10-05T09:29:12+00:00
https://www.thedailystar.net/slow-reads/unheard-voices/news/what-remains-bangladeshs-fading-ethnic-traditions-4242986,listing:slow-reads/unheard-voices|sitemap,2026-10-05T09:29:12+00:00
https://www.thedailystar.net/slow-reads/unheard-voices/news/good-intentions-are-not-enough-why-bangladesh-should-rethink-orphanages-4242401,listing:slow-reads/unheard-voices|sitemap,2026-10-05T09:29:12+00:00
https://www.thedailystar.net/slow-reads/unheard-voices/news/the-invisible-mintis-karwan-bazar-4236886,listing:slow-reads/unheard-voices|sitemap,2026-10-05T09:29:12+00:00
https://www.thedailystar.net/slow-reads/unheard-voices/news/microplastics-bangladeshs-fish-growing-threat-public-health-4237161,listing:slow-reads/unheard-voices|sitemap,2026-10-05T09:29:12+00:00
https://www.thedailystar.net/slow-reads/unheard-voices/news/republic-the-footpath-4231611,listing:slow-reads/unheard-voices|sitemap,2026-10-05T09:29:12+00:00
https://www.thedailystar.net/slow-reads/unheard-voices/news/the-dreams-girls-bangladesh-river-char-4226746,listing:slow-reads/unheard-voices|sitemap,2026-10-05T09:29:12+00:00
https://www.thedailystar.net/slow-reads/unheard-voices/news/can-bangladesh-bring-back-the-chakaria-sundarbans-4226301,listing:slow-reads/unheard-voices|sitemap,2026-10-05T09:29:12+00:00
https://www.thedailystar.net/slow-reads/unheard-voices/news/who-protects-women-bangladeshs-gig-economy-4223046,listing:slow-reads/unheard-voices|sitemap,2026-10-05T09:29:12+00:00
https://www.thedailystar.net/slow-reads/unheard-voices/news/buried-development-the-human-cost-river-dredging-dumuria-4221106,listing:slow-reads/unheard-voices|sitemap,2026-10-05T09:29:12+00:00
https://www.thedailystar.net/slow-reads/unheard-voices/news/lost-homes-life-dhakas-slums-4221111,listing:slow-reads/unheard-voices|sitemap,2026-10-05T09:29:12+00:00
https://www.thedailystar.net/slow-reads/unheard-voices/news/char-contracts-surviving-river-erosion-without-the-state-4218326,listing:slow-reads/unheard-voices|sitemap,2026-10-05T09:29:14+00:00
https://www.thedailystar.net/slow-reads/unheard-voices/news/when-extreme-heat-becomes-death-trap-bangladeshs-workers-4216546,listing:slow-reads/unheard-voices|sitemap,2026-10-05T09:29:14+00:00
https://www.thedailystar.net/slow-reads/unheard-voices/news/the-slow-disappearance-kuakatas-rakhines-4215096,listing:slow-reads/unheard-voices|sitemap,2026-10-05T09:29:14+00:00
https://www.thedailystar.net/slow-reads/unheard-voices/news/300-year-old-shrine-and-the-legend-oggean-thakur-4202976,listing:slow-reads/unheard-voices|sitemap,2026-10-05T09:29:14+00:00
https://www.thedailystar.net/slow-reads/unheard-voices/news/the-cost-conservation-the-sundarbans-4202981,listing:slow-reads/unheard-voices|sitemap,2026-10-05T09:29:14+00:00
https://www.thedailystar.net/slow-reads/unheard-voices/news/my-father-retired-why-cant-my-mother-4200446,listing:slow-reads/unheard-voices|sitemap,2026-10-05T09:29:14+00:00
https://www.thedailystar.net/slow-reads/unheard-voices/news/why-extreme-heat-hits-girls-hardest-dhakas-informal-settlements-4199876,listing:slow-reads/unheard-voices|sitemap,2026-10-05T09:29:14+00:00
https://www.thedailystar.net/slow-reads/unheard-voices/news/the-killing-sonadias-mangroves-eyewitness-account-4197336,listing:slow-reads/unheard-voices|sitemap,2026-10-05T09:29:14+00:00
https://www.thedailystar.net/slow-reads/unheard-voices/news/the-future-sundarbans-tigress-4195511,listing:slow-reads/unheard-voices|sitemap,2026-10-05T09:29:14+00:00
https://www.thedailystar.net/slow-reads/unheard-voices/news/no-girl-should-grow-without-knowledge-4194661,listing:slow-reads/unheard-voices|sitemap,2026-10-05T09:29:14+00:00
https://www.thedailystar.net/slow-reads/unheard-voices/news/life-and-death-bangladeshs-char-islands-4191636,listing:slow-reads/unheard-voices|sitemap,2026-10-05T09:29:14+00:00
https://www.thedailystar.net/slow-reads/unheard-voices/news/the-mountain-must-not-fall-indigenous-responses-landslides-rangamati-4191641,listing:slow-reads/unheard-voices|sitemap,2026-10-05T09:29:14+00:00
https://www.thedailystar.net/slow-reads/unheard-voices/news/beyond-the-dream-the-unspoken-reality-international-students-4189881,listing:slow-reads/unheard-voices|sitemap,2026-10-05T09:29:14+00:00
https://www.thedailystar.net/slow-reads/unheard-voices/news/the-sacred-water-world-the-sundarbans-4185496,listing:slow-reads/unheard-voices|sitemap,2026-10-05T09:29:14+00:00
https://www.thedailystar.net/slow-reads/unheard-voices/news/the-living-knowledge-bonojibis-and-why-it-matters-4185491,listing:slow-reads/unheard-voices|sitemap,2026-10-05T09:29:14+00:00
https://www.thedailystar.net/slow-reads/unheard-voices/news/the-untold-suffering-bangladeshi-workers-during-hajj-4182186,listing:slow-reads/unheard-voices|sitemap,2026-10-05T09:29:14+00:00
https://www.thedailystar.net/slow-reads/unheard-voices/news/can-we-save-the-school-rangpurs-street-children-4180516,listing:slow-reads/unheard-voices|sitemap,2026-10-05T09:29:14+00:00
https://www.thedailystar.net/slow-reads/unheard-voices/news/you-sip-your-tea-remember-chandpur-1921-4179566,listing:slow-reads/unheard-voices|sitemap,2026-10-05T09:29:14+00:00
https://www.thedailystar.net/slow-reads/unheard-voices/news/clay-toys-lose-ground-plastic-dominates-childhood-4178731,listing:slow-reads/unheard-voices|sitemap,2026-10-05T09:29:16+00:00
https://www.thedailystar.net/slow-reads/unheard-voices/news/the-long-road-women-drivers-bangladesh-4175901,listing:slow-reads/unheard-voices|sitemap,2026-10-05T09:29:16+00:00
https://www.thedailystar.net/slow-reads/unheard-voices/news/who-speaks-the-tiger-widows-sundarbans-4175301,listing:slow-reads/unheard-voices|sitemap,2026-10-05T09:29:16+00:00
https://www.thedailystar.net/slow-reads/unheard-voices/news/behind-the-bright-bangles-dhaka-4172956,listing:slow-reads/unheard-voices|sitemap,2026-10-05T09:29:16+00:00
https://www.thedailystar.net/slow-reads/unheard-voices/news/living-the-edge-how-monsoon-turns-coastal-life-survival-4170931,listing:slow-reads/unheard-voices|sitemap,2026-10-05T09:29:16+00:00
https://www.thedailystar.net/slow-reads/unheard-voices/news/why-are-bangladeshs-mothers-still-going-hungry-4170936,listing:slow-reads/unheard-voices|sitemap,2026-10-05T09:29:16+00:00
https://www.thedailystar.net/slow-reads/unheard-voices/news/career-breaks-systemic-flaw-96-million-women-4162011,listing:slow-reads/unheard-voices|sitemap,2026-10-05T09:29:16+00:00
https://www.thedailystar.net/slow-reads/unheard-voices/news/what-the-government-can-really-do-returnee-women-migrants-4156866,listing:slow-reads/unheard-voices|sitemap,2026-10-05T09:29:16+00:00
https://www.thedailystar.net/slow-reads/unheard-voices/news/i-thought-i-would-die-there-habiganj-worker-recounts-20-days-under-missile-fire-iran-4155991,listing:slow-reads/unheard-voices|sitemap,2026-10-05T09:29:16+00:00
https://www.thedailystar.net/slow-reads/unheard-voices/news/gender-agency-and-the-quality-growth-lessons-the-bangladesh-paradox-4148576,listing:slow-reads/unheard-voices|sitemap,2026-10-05T09:29:19+00:00
https://www.thedailystar.net/slow-reads/unheard-voices/news/the-fragile-beauty-our-indigenous-tongues-4146856,listing:slow-reads/unheard-voices|sitemap,2026-10-05T09:29:19+00:00
https://www.thedailystar.net/slow-reads/unheard-voices/news/dhakas-tesla-technological-upgrade-or-poverty-trap-4144236,listing:slow-reads/unheard-voices|sitemap,2026-10-05T09:29:19+00:00
https://www.thedailystar.net/slow-reads/unheard-voices/news/forgotten-the-coast-the-jaldas-caught-between-two-disasters-4142736,listing:slow-reads/unheard-voices|sitemap,2026-10-05T09:29:19+00:00
https://www.thedailystar.net/slow-reads/unheard-voices/news/life-along-dying-teesta-4142731,listing:slow-reads/unheard-voices|sitemap,2026-10-05T09:29:19+00:00
https://www.thedailystar.net/slow-reads/unheard-voices/news/beyond-acacia-and-eucalyptus-rethinking-forest-restoration-bangladesh-4136996,listing:slow-reads/unheard-voices|sitemap,2026-10-05T09:29:19+00:00
https://www.thedailystar.net/slow-reads/unheard-voices/news/ten-languages-lost-countless-stories-gone-4136986,listing:slow-reads/unheard-voices|sitemap,2026-10-05T09:29:19+00:00
https://www.thedailystar.net/slow-reads/unheard-voices/news/the-hidden-cost-cutting-womens-working-hours-4128061,listing:slow-reads/unheard-voices|sitemap,2026-10-05T09:29:19+00:00
https://www.thedailystar.net/slow-reads/unheard-voices/news/the-last-echo-kui-4128041,listing:slow-reads/unheard-voices|sitemap,2026-10-05T09:29:19+00:00
https://www.thedailystar.net/slow-reads/unheard-voices/news/the-slow-suffocation-city-dhakas-silent-copd-burden-4122426,listing:slow-reads/unheard-voices|sitemap,2026-10-05T09:29:19+00:00
https://www.thedailystar.net/slow-reads/unheard-voices/news/when-boys-dont-know-4122416,listing:slow-reads/unheard-voices|sitemap,2026-10-05T09:29:19+00:00
https://www.thedailystar.net/slow-reads/unheard-voices/news/voting-without-access-how-the-national-election-failed-voters-disabilities-4116601,listing:slow-reads/unheard-voices|sitemap,2026-10-05T09:29:19+00:00
https://www.thedailystar.net/slow-reads/unheard-voices/news/the-poison-tree-rangpur-4116606,listing:slow-reads/unheard-voices|sitemap,2026-10-05T09:29:19+00:00
https://www.thedailystar.net/slow-reads/unheard-voices/news/are-bangladeshs-multilingual-youth-being-heard-4110906,listing:slow-reads/unheard-voices|sitemap,2026-10-05T09:29:19+00:00
https://www.thedailystar.net/slow-reads/unheard-voices/news/dyslexia-blind-spot-bangladeshs-education-and-child-development-system-4105456,listing:slow-reads/unheard-voices|sitemap,2026-10-05T09:29:19+00:00
https://www.thedailystar.net/slow-reads/unheard-voices/news/the-hidden-cost-battery-run-rides-4105451,listing:slow-reads/unheard-voices|sitemap,2026-10-05T09:29:19+00:00
https://www.thedailystar.net/slow-reads/unheard-voices/news/baikka-beels-silent-collapse-4099796,listing:slow-reads/unheard-voices|sitemap,2026-10-05T09:29:19+00:00
https://www.thedailystar.net/slow-reads/unheard-voices/news/when-infrastructure-fails-women-4099791,listing:slow-reads/unheard-voices|sitemap,2026-10-05T09:29:19+00:00
https://www.thedailystar.net/slow-reads/unheard-voices/news/the-unfinished-promise-july-the-chittagong-hill-tracts-4089691,listing:slow-reads/unheard-voices|sitemap,2026-10-05T09:29:22+00:00
https://www.thedailystar.net/slow-reads/unheard-voices/news/tragic-legacy-bangladeshs-captive-elephants-4088706,listing:slow-reads/unheard-voices|sitemap,2026-10-05T09:29:22+00:00
https://www.thedailystar.net/slow-reads/unheard-voices/news/the-lost-soul-jatra-4082641,listing:slow-reads/unheard-voices|sitemap,2026-10-05T09:29:22+00:00
https://www.thedailystar.net/slow-reads/unheard-voices/news/the-little-monarch-madhabkunda-4082651,listing:slow-reads/unheard-voices|sitemap,2026-10-05T09:29:22+00:00
https://www.thedailystar.net/slow-reads/unheard-voices/news/the-tangail-sarees-global-fame-and-the-weavers-we-forget-4077146,listing:slow-reads/unheard-voices|sitemap,2026-10-05T09:29:22+00:00
https://www.thedailystar.net/slow-reads/unheard-voices/news/we-dont-need-zoos-only-safe-places-wild-animals-4071621,listing:slow-reads/unheard-voices|sitemap,2026-10-05T09:29:22+00:00
https://www.thedailystar.net/slow-reads/unheard-voices/news/how-many-more-deaths-mob-violence-stopped-4066746,listing:slow-reads/unheard-voices|sitemap,2026-10-05T09:29:22+00:00
https://www.thedailystar.net/slow-reads/unheard-voices/news/char-haats-the-unequal-economics-the-chars-4066756,listing:slow-reads/unheard-voices|sitemap,2026-10-05T09:29:22+00:00
https://www.thedailystar.net/slow-reads/unheard-voices/news/grieving-street-dog-and-reflections-environmental-humanities-4062166,listing:slow-reads/unheard-voices|sitemap,2026-10-05T09:29:22+00:00
https://www.thedailystar.net/slow-reads/unheard-voices/news/digging-deeper-barinds-water-crisis-4062161,listing:slow-reads/unheard-voices|sitemap,2026-10-05T09:29:22+00:00
https://www.thedailystar.net/slow-reads/unheard-voices/news/what-the-new-labour-ordinance-means-workers-4056971,listing:slow-reads/unheard-voices|sitemap,2026-10-05T09:29:22+00:00
https://www.thedailystar.net/slow-reads/unheard-voices/news/stories-the-hanging-village-4051541,listing:slow-reads/unheard-voices|sitemap,2026-10-05T09:29:22+00:00
https://www.thedailystar.net/slow-reads/unheard-voices/news/faith-art-and-livelihood-patachitra-4045931,listing:slow-reads/unheard-voices|sitemap,2026-10-05T09:29:22+00:00
https://www.thedailystar.net/slow-reads/unheard-voices/news/dhakas-forgotten-girls-living-without-safety-identity-or-rights-4040536,listing:slow-reads/unheard-voices|sitemap,2026-10-05T09:29:22+00:00
https://www.thedailystar.net/slow-reads/unheard-voices/news/why-secondary-education-becoming-unaffordable-4040541,listing:slow-reads/unheard-voices|sitemap,2026-10-05T09:29:24+00:00
https://www.thedailystar.net/slow-reads/unheard-voices/news/who-owns-dhakas-streets-4035071,listing:slow-reads/unheard-voices|sitemap,2026-10-05T09:29:24+00:00
https://www.thedailystar.net/slow-reads/unheard-voices/news/why-bangladesh-still-believes-teachers-should-be-poor-4029516,listing:slow-reads/unheard-voices|sitemap,2026-10-05T09:29:24+00:00
https://www.thedailystar.net/slow-reads/unheard-voices/news/the-hidden-workforce-inside-dhakas-domestic-work-economy-4023986,listing:slow-reads/unheard-voices|sitemap,2026-10-05T09:29:24+00:00
https://www.thedailystar.net/slow-reads/unheard-voices/news/how-many-more-workers-have-die-impunity-ends-4011721,listing:slow-reads/unheard-voices|sitemap,2026-10-05T09:29:24+00:00
https://www.thedailystar.net/slow-reads/unheard-voices/news/the-slow-death-lawachara-forest-4006971,listing:slow-reads/unheard-voices|sitemap,2026-10-05T09:29:24+00:00
https://www.thedailystar.net/slow-reads/unheard-voices/news/scars-july-how-are-the-injured-now-4006976,listing:slow-reads/unheard-voices|sitemap,2026-10-05T09:29:24+00:00
https://www.thedailystar.net/slow-reads/unheard-voices/news/encroached-and-evicted-the-vanishing-rakhines-bangladesh-4001216,listing:slow-reads/unheard-voices|sitemap,2026-10-05T09:29:24+00:00
https://www.thedailystar.net/slow-reads/unheard-voices/news/how-salinity-corrodes-the-lives-sundarbans-women-4001221,listing:slow-reads/unheard-voices|sitemap,2026-10-05T09:29:24+00:00
https://www.thedailystar.net/slow-reads/unheard-voices/news/reading-tiger-pugmarks-human-tiger-co-existence-the-sundarbans-3995761,listing:slow-reads/unheard-voices|sitemap,2026-10-05T09:29:24+00:00
https://www.thedailystar.net/slow-reads/unheard-voices/news/empty-homes-empty-promises-who-will-stand-our-parents-3995766,listing:slow-reads/unheard-voices|sitemap,2026-10-05T09:29:24+00:00
https://www.thedailystar.net/slow-reads/unheard-voices/news/tree-hospital-barguna-preserving-memories-nurturing-the-environment-3985461,listing:slow-reads/unheard-voices|sitemap,2026-10-05T09:29:24+00:00
https://www.thedailystar.net/slow-reads/unheard-voices/news/last-witness-lost-kingdom-landslides-push-tripura-families-the-brink-3979526,listing:slow-reads/unheard-voices|sitemap,2026-10-05T09:29:27+00:00
https://www.thedailystar.net/slow-reads/unheard-voices/news/because-no-one-asked-archiving-the-rohingya-past-3979531,listing:slow-reads/unheard-voices|sitemap,2026-10-05T09:29:27+00:00
https://www.thedailystar.net/slow-reads/unheard-voices/news/indigenous-lives-screen-3973976,listing:slow-reads/unheard-voices|sitemap,2026-10-05T09:29:27+00:00
https://www.thedailystar.net/slow-reads/unheard-voices/news/how-rescue-bangladesh-the-ambulance-mafia-3973986,listing:slow-reads/unheard-voices|sitemap,2026-10-05T09:29:27+00:00
https://www.thedailystar.net/slow-reads/unheard-voices/news/beyond-the-snake-charms-the-changing-lives-the-bedes-3963636,listing:slow-reads/unheard-voices|sitemap,2026-10-05T09:29:27+00:00
https://www.thedailystar.net/slow-reads/unheard-voices/news/jackfruit-bangladeshs-forgotten-superfruit-3963646,listing:slow-reads/unheard-voices|sitemap,2026-10-05T09:29:27+00:00
https://www.thedailystar.net/slow-reads/unheard-voices/news/most-couldnt-say-what-home-looked-3958551,listing:slow-reads/unheard-voices|sitemap,2026-10-05T09:29:27+00:00
https://www.thedailystar.net/slow-reads/unheard-voices/news/kharias-last-speakers-holding-fading-world-3958556,listing:slow-reads/unheard-voices|sitemap,2026-10-05T09:29:27+00:00
https://www.thedailystar.net/slow-reads/unheard-voices/news/families-julys-fallen-journalists-how-are-they-now-3942866,listing:slow-reads/unheard-voices|sitemap,2026-10-05T09:29:27+00:00
https://www.thedailystar.net/slow-reads/unheard-voices/news/the-wedding-melodies-rangpur-3937616,listing:slow-reads/unheard-voices|sitemap,2026-10-05T09:29:27+00:00
https://www.thedailystar.net/slow-reads/unheard-voices/news/kurukh-voices-the-oraons-bangladesh-3932626,listing:slow-reads/unheard-voices|sitemap,2026-10-05T09:29:29+00:00
https://www.thedailystar.net/slow-reads/unheard-voices/news/the-tree-which-haribhanga-mango-originated-3927341,listing:slow-reads/unheard-voices|sitemap,2026-10-05T09:29:29+00:00
https://www.thedailystar.net/slow-reads/unheard-voices/news/legacy-world-war-ii-the-story-bottomley-home-3922036,listing:slow-reads/unheard-voices|sitemap,2026-10-05T09:29:29+00:00
https://www.thedailystar.net/slow-reads/unheard-voices/news/where-folk-memory-lives-inside-kurigrams-bhawaiya-museum-3916356,listing:slow-reads/unheard-voices|sitemap,2026-10-05T09:29:29+00:00
https://www.thedailystar.net/slow-reads/unheard-voices/news/bazaira-vasha-dhakaiya-sobbasi-and-their-language-3907471,listing:slow-reads/unheard-voices|sitemap,2026-10-05T09:29:29+00:00
https://www.thedailystar.net/slow-reads/unheard-voices/news/trapped-within-borders-3901861,listing:slow-reads/unheard-voices|sitemap,2026-10-05T09:29:29+00:00
https://www.thedailystar.net/slow-reads/unheard-voices/news/left-the-dark-3896336,listing:slow-reads/unheard-voices|sitemap,2026-10-05T09:29:29+00:00
https://www.thedailystar.net/slow-reads/unheard-voices/news/the-pen-engravers-and-repairmen-bangladesh-3896346,listing:slow-reads/unheard-voices|sitemap,2026-10-05T09:29:29+00:00
https://www.thedailystar.net/slow-reads/unheard-voices/news/new-year-old-questions-what-will-the-state-do-the-hills-3870981,listing:slow-reads/unheard-voices|sitemap,2026-10-05T09:29:29+00:00
https://www.thedailystar.net/slow-reads/unheard-voices/news/forgotten-borders-tracing-the-history-the-indo-bangladesh-enclaves-3349841,listing:slow-reads/unheard-voices|sitemap,2026-10-05T09:29:29+00:00
https://www.thedailystar.net/slow-reads/unheard-voices/news/120th-birth-anniversary-architect-louis-i-kahn-2052789,listing:slow-reads/unheard-voices|sitemap,2026-10-05T09:29:29+00:00
https://www.thedailystar.net/slow-reads/wisdom/news/not-love-first-sight-4285541,listing:slow-reads/wisdom|sitemap,2026-10-05T09:29:36+00:00
https://www.thedailystar.net/slow-reads/wisdom/news/how-far-can-devotion-take-us-radhe-jaggis-bhakta-explores-the-sacred-4284561,listing:slow-reads/wisdom|sitemap,2026-10-05T09:29:36+00:00
https://www.thedailystar.net/slow-reads/wisdom/news/the-moral-hierarchy-pleasure-who-controls-womens-bodies-4283691,listing:slow-reads/wisdom|sitemap,2026-10-05T09:29:36+00:00
https://www.thedailystar.net/slow-reads/wisdom/news/along-the-kapotaksha-search-madhusudans-river-4278121,listing:slow-reads/wisdom|sitemap,2026-10-05T09:29:36+00:00
https://www.thedailystar.net/slow-reads/wisdom/news/where-did-gold-come-4277261,listing:slow-reads/wisdom|sitemap,2026-10-05T09:29:36+00:00
https://www.thedailystar.net/slow-reads/wisdom/news/do-we-understand-the-children-we-try-teach-4275661,listing:slow-reads/wisdom|sitemap,2026-10-05T09:29:36+00:00
https://www.thedailystar.net/slow-reads/wisdom/news/ai-here-can-bangladeshs-education-system-adapt-4274776,listing:slow-reads/wisdom|sitemap,2026-10-05T09:29:36+00:00
https://www.thedailystar.net/slow-reads/wisdom/news/why-are-we-such-hurry-live-4272626,listing:slow-reads/wisdom|sitemap,2026-10-05T09:29:36+00:00
https://www.thedailystar.net/slow-reads/wisdom/news/why-i-chose-teaching-over-corporate-career-4272076,listing:slow-reads/wisdom|sitemap,2026-10-05T09:29:36+00:00
https://www.thedailystar.net/slow-reads/wisdom/news/the-moral-hierarchy-blood-4271146,listing:slow-reads/wisdom|sitemap,2026-10-05T09:29:36+00:00
https://www.thedailystar.net/slow-reads/wisdom/news/the-curious-case-bangladeshi-tension-4270446,listing:slow-reads/wisdom|sitemap,2026-10-05T09:29:36+00:00
https://www.thedailystar.net/slow-reads/wisdom/news/what-can-teacher-give-ai-cannot-4268826,listing:slow-reads/wisdom|sitemap,2026-10-05T09:29:36+00:00
https://www.thedailystar.net/slow-reads/wisdom/news/what-phuchka-and-jhalmuri-can-teach-us-about-the-science-taste-4267961,listing:slow-reads/wisdom|sitemap,2026-10-05T09:29:36+00:00
https://www.thedailystar.net/slow-reads/wisdom/news/remembering-yayoi-kusama-my-encounters-the-master-infinity-4267301,listing:slow-reads/wisdom|sitemap,2026-10-05T09:29:39+00:00
https://www.thedailystar.net/slow-reads/wisdom/news/dress-and-morality-the-politics-what-women-wear-4266346,listing:slow-reads/wisdom|sitemap,2026-10-05T09:29:39+00:00
https://www.thedailystar.net/slow-reads/wisdom/news/being-single-35-failure-4265461,listing:slow-reads/wisdom|sitemap,2026-10-05T09:29:39+00:00
https://www.thedailystar.net/slow-reads/wisdom/news/one-more-page-please-mama-4264191,listing:slow-reads/wisdom|sitemap,2026-10-05T09:29:39+00:00
https://www.thedailystar.net/slow-reads/wisdom/news/btv-does-not-need-new-look-have-new-future-4264121,listing:slow-reads/wisdom|sitemap,2026-10-05T09:29:39+00:00
https://www.thedailystar.net/slow-reads/wisdom/news/buddhadeva-bose-i-knew-him-4262266,listing:slow-reads/wisdom|sitemap,2026-10-05T09:29:39+00:00
https://www.thedailystar.net/slow-reads/wisdom/news/end-reading-post-literate-society-the-making-4257976,listing:slow-reads/wisdom|sitemap,2026-10-05T09:29:39+00:00
https://www.thedailystar.net/slow-reads/wisdom/news/can-i-still-be-the-daughter-they-need-4257486,listing:slow-reads/wisdom|sitemap,2026-10-05T09:29:39+00:00
https://www.thedailystar.net/slow-reads/wisdom/news/what-death-teaches-us-about-life-4252771,listing:slow-reads/wisdom|sitemap,2026-10-05T09:29:39+00:00
https://www.thedailystar.net/slow-reads/wisdom/news/how-help-children-fall-love-reading-4242806,listing:slow-reads/wisdom|sitemap,2026-10-05T09:29:39+00:00
https://www.thedailystar.net/slow-reads/wisdom/news/why-christopher-nolans-the-odyssey-disappoints-its-portrayal-women-4241706,listing:slow-reads/wisdom|sitemap,2026-10-05T09:29:39+00:00
https://www.thedailystar.net/slow-reads/wisdom/news/10000-steps-day-health-myth-or-medical-fact-4240861,listing:slow-reads/wisdom|sitemap,2026-10-05T09:29:39+00:00
https://www.thedailystar.net/slow-reads/wisdom/news/why-dhaka-university-should-rethink-its-rules-female-students-4239901,listing:slow-reads/wisdom|sitemap,2026-10-05T09:29:39+00:00
https://www.thedailystar.net/slow-reads/wisdom/news/the-strange-grief-seeing-our-parents-age-4231991,listing:slow-reads/wisdom|sitemap,2026-10-05T09:29:39+00:00
https://www.thedailystar.net/slow-reads/wisdom/news/after-the-phd-the-loneliness-nobody-talks-about-4229836,listing:slow-reads/wisdom|sitemap,2026-10-05T09:29:39+00:00
https://www.thedailystar.net/slow-reads/wisdom/news/the-palestine-lesson-spains-world-cup-victory-4229001,listing:slow-reads/wisdom|sitemap,2026-10-05T09:29:39+00:00
https://www.thedailystar.net/slow-reads/wisdom/news/why-does-the-bride-always-leave-rethinking-south-asian-marriage-4208246,listing:slow-reads/wisdom|sitemap,2026-10-05T09:29:41+00:00
https://www.thedailystar.net/slow-reads/wisdom/news/what-the-world-cup-means-women-bangladesh-4205476,listing:slow-reads/wisdom|sitemap,2026-10-05T09:29:41+00:00
https://www.thedailystar.net/slow-reads/wisdom/news/dhakas-forgotten-residents-rethinking-our-relationship-animals-4202141,listing:slow-reads/wisdom|sitemap,2026-10-05T09:29:41+00:00
https://www.thedailystar.net/slow-reads/wisdom/news/why-do-we-educate-our-children-all-4195226,listing:slow-reads/wisdom|sitemap,2026-10-05T09:29:41+00:00
https://www.thedailystar.net/slow-reads/wisdom/news/have-you-eaten-finding-echoes-china-bangladesh-4194961,listing:slow-reads/wisdom|sitemap,2026-10-05T09:29:41+00:00
https://www.thedailystar.net/slow-reads/wisdom/news/the-apology-the-animal-donald-trump-the-buffalo-and-the-breakdown-political-naming-4192061,listing:slow-reads/wisdom|sitemap,2026-10-05T09:29:41+00:00
https://www.thedailystar.net/slow-reads/wisdom/news/why-more-people-are-choosing-stay-single-4192891,listing:slow-reads/wisdom|sitemap,2026-10-05T09:29:41+00:00
https://www.thedailystar.net/slow-reads/wisdom/news/why-you-must-read-marjane-satrapi-understand-iran-4191891,listing:slow-reads/wisdom|sitemap,2026-10-05T09:29:41+00:00
https://www.thedailystar.net/slow-reads/wisdom/news/can-social-media-be-your-therapist-4189611,listing:slow-reads/wisdom|sitemap,2026-10-05T09:29:41+00:00
https://www.thedailystar.net/slow-reads/wisdom/news/why-does-thinking-woman-frighten-us-so-deeply-4188776,listing:slow-reads/wisdom|sitemap,2026-10-05T09:29:41+00:00
https://www.thedailystar.net/slow-reads/wisdom/news/after-baba-eid-was-never-the-same-4185226,listing:slow-reads/wisdom|sitemap,2026-10-05T09:29:41+00:00
https://www.thedailystar.net/slow-reads/wisdom/news/dhaka-down-under-eid-through-my-lenses-4185196,listing:slow-reads/wisdom|sitemap,2026-10-05T09:29:41+00:00
https://www.thedailystar.net/slow-reads/wisdom/news/solitary-eid-the-dream-country-4181661,listing:slow-reads/wisdom|sitemap,2026-10-05T09:29:41+00:00
https://www.thedailystar.net/slow-reads/wisdom/news/the-puppets-we-become-reading-manik-bandopadhyay-2026-4178721,listing:slow-reads/wisdom|sitemap,2026-10-05T09:29:41+00:00
https://www.thedailystar.net/slow-reads/wisdom/news/kaarina-kaisars-death-and-the-politics-cruelty-4177741,listing:slow-reads/wisdom|sitemap,2026-10-05T09:29:41+00:00
https://www.thedailystar.net/slow-reads/wisdom/news/sword-fighting-my-head-4175336,listing:slow-reads/wisdom|sitemap,2026-10-05T09:29:41+00:00
https://www.thedailystar.net/slow-reads/wisdom/news/the-lost-art-coffeehouse-conversations-4170586,listing:slow-reads/wisdom|sitemap,2026-10-05T09:29:41+00:00
https://www.thedailystar.net/slow-reads/wisdom/news/how-not-use-ai-childrens-education-4168166,listing:slow-reads/wisdom|sitemap,2026-10-05T09:29:41+00:00
https://www.thedailystar.net/slow-reads/news/are-your-thoughts-feelings-and-actions-really-your-own-4158001,listing:slow-reads/wisdom|sitemap,2026-10-05T09:29:41+00:00
https://www.thedailystar.net/slow-reads/wisdom/news/when-work-and-leisure-fail-does-protest-fill-the-void-4153091,listing:slow-reads/wisdom|sitemap,2026-10-05T09:29:44+00:00
https://www.thedailystar.net/slow-reads/wisdom/news/how-asha-bhosle-became-the-voice-refused-every-box-4150606,listing:slow-reads/wisdom|sitemap,2026-10-05T09:29:44+00:00
https://www.thedailystar.net/slow-reads/wisdom/news/learning-love-the-hyphen-bangladeshi-american-4148986,listing:slow-reads/wisdom|sitemap,2026-10-05T09:29:44+00:00
https://www.thedailystar.net/slow-reads/wisdom/news/living-stranger-the-west-rethinking-the-migration-crisis-4146556,listing:slow-reads/wisdom|sitemap,2026-10-05T09:29:44+00:00
https://www.thedailystar.net/slow-reads/wisdom/news/hope-art-4142491,listing:slow-reads/wisdom|sitemap,2026-10-05T09:29:44+00:00
https://www.thedailystar.net/slow-reads/wisdom/news/can-12-angry-men-teach-architecture-students-how-think-4140666,listing:slow-reads/wisdom|sitemap,2026-10-05T09:29:44+00:00
https://www.thedailystar.net/slow-reads/wisdom/news/the-frozen-kingdom-my-antarctic-expedition-4139931,listing:slow-reads/wisdom|sitemap,2026-10-05T09:29:44+00:00
https://www.thedailystar.net/slow-reads/wisdom/news/waiting-out-the-iran-war-doha-diary-ii-4138276,listing:slow-reads/wisdom|sitemap,2026-10-05T09:29:44+00:00
https://www.thedailystar.net/slow-reads/wisdom/news/the-bangladesh-delta-plan-between-certainty-and-reality-4131951,listing:slow-reads/wisdom|sitemap,2026-10-05T09:29:44+00:00
https://www.thedailystar.net/slow-reads/wisdom/news/doha-diary-historian-amid-the-iran-war-4129306,listing:slow-reads/wisdom|sitemap,2026-10-05T09:29:44+00:00
https://www.thedailystar.net/slow-reads/wisdom/news/one-city-different-nights-4115816,listing:slow-reads/wisdom|sitemap,2026-10-05T09:29:44+00:00
https://www.thedailystar.net/slow-reads/wisdom/news/crossing-the-river-dhaka-the-last-hundred-meters-4115501,listing:slow-reads/wisdom|sitemap,2026-10-05T09:29:44+00:00
https://www.thedailystar.net/slow-reads/wisdom/news/the-shadow-distance-bangladesh-memory-and-the-diasporic-imagination-4114556,listing:slow-reads/wisdom|sitemap,2026-10-05T09:29:44+00:00
https://www.thedailystar.net/slow-reads/wisdom/news/first-vote-quiet-hope-4106516,listing:slow-reads/wisdom|sitemap,2026-10-05T09:29:44+00:00
https://www.thedailystar.net/slow-reads/wisdom/news/the-politics-self-care-the-times-despair-4097886,listing:slow-reads/wisdom|sitemap,2026-10-05T09:29:44+00:00
https://www.thedailystar.net/slow-reads/wisdom/news/other-side-george-orwell-4090116,listing:slow-reads/wisdom|sitemap,2026-10-05T09:29:44+00:00
https://www.thedailystar.net/slow-reads/wisdom/news/lives-divorced-single-mothers-what-choice-costs-judgmental-society-4060556,listing:slow-reads/wisdom|sitemap,2026-10-05T09:29:47+00:00
https://www.thedailystar.net/slow-reads/wisdom/news/earthquakes-overthinking-and-the-hamlet-within-us-4042571,listing:slow-reads/wisdom|sitemap,2026-10-05T09:29:47+00:00
https://www.thedailystar.net/slow-reads/wisdom/news/the-science-behind-our-eureka-moments-and-how-nurture-them-4035476,listing:slow-reads/wisdom|sitemap,2026-10-05T09:29:47+00:00
https://www.thedailystar.net/slow-reads/wisdom/news/you-arent-required-love-yourself-accept-yourself-4029961,listing:slow-reads/wisdom|sitemap,2026-10-05T09:29:47+00:00
https://www.thedailystar.net/slow-reads/wisdom/news/the-art-staying-calm-angry-world-3932986,listing:slow-reads/wisdom|sitemap,2026-10-05T09:29:47+00:00
https://www.thedailystar.net/slow-reads/wisdom/news/are-we-hardwired-unhappiness-3923701,listing:slow-reads/wisdom|sitemap,2026-10-05T09:29:49+00:00
https://www.thedailystar.net/opinion/views/open-dialogue/news/trump-administration-committing-war-crimes-venezuela-4070991,sitemap:slug,2026-10-05T09:30:02+00:00
https://www.thedailystar.net/news/bangladesh/politics/news/without-liberation-war-bangladesh-would-not-exist-4073806,sitemap:slug,2026-10-05T09:30:02+00:00
https://www.thedailystar.net/news/bangladesh/politics/news/bangladeshs-existence-rooted-liberation-war-4074286,sitemap:slug,2026-10-05T09:30:02+00:00
https://www.thedailystar.net/news/july-uprising-being-commercialised-liberation-war-says-cgs-president-4077466,sitemap:slug,2026-10-05T09:30:02+00:00
https://www.thedailystar.net/slow-reads/big-picture/news/our-demographic-dividend-risk-help-the-neet-generation-urgently-4081431,sitemap,2026-10-05T09:30:02+00:00
https://www.thedailystar.net/slow-reads/big-picture/news/national-sovereignty-the-climatic-age-4081416,sitemap,2026-10-05T09:30:02+00:00
https://www.thedailystar.net/slow-reads/big-picture/news/can-the-barind-tract-survive-its-own-agricultural-success-4081406,sitemap,2026-10-05T09:30:02+00:00
https://www.thedailystar.net/news/bangladesh/news/ali-riaz-dismisses-claims-july-charter-will-remove-1971-references-constitution-4081716,sitemap:slug,2026-10-05T09:30:02+00:00
https://www.thedailystar.net/news/bangladesh/obituary/news/bangladesh-loses-truth-teller-1971-4090066,sitemap:slug,2026-10-05T09:30:02+00:00
https://www.thedailystar.net/news/bangladesh/diplomacy/news/truth-teller-1971-4090551,sitemap:slug,2026-10-05T09:30:02+00:00
https://www.thedailystar.net/news-0/news/remember-1971-when-voting-fakhrul-tells-thakurgaon-rally-4090901,sitemap:slug,2026-10-05T09:30:02+00:00
https://www.thedailystar.net/news/bangladesh/news/witness-bangladeshs-liberation-war-4091301,sitemap:slug,2026-10-05T09:30:02+00:00
https://www.thedailystar.net/news/bangladesh/politics/news/beware-1971-collaborators-4091346,sitemap:slug,2026-10-05T09:30:02+00:00
https://www.thedailystar.net/opinion/views/news/remembering-mark-tully-the-trusted-chronicler-1971-4092006,sitemap:slug,2026-10-05T09:30:02+00:00
https://www.thedailystar.net/news/national-election-2026/news/instead-apologising-theyre-now-questioning-why-we-fought-the-liberation-war-4093446,sitemap:slug,2026-10-05T09:30:02+00:00
https://www.thedailystar.net/news/national-election-2026/news/apologise-your-misdeeds-1971-says-fakhrul-hinting-jamaat-4094086,sitemap:slug,2026-10-05T09:30:02+00:00
https://www.thedailystar.net/news/national-election-2026/news/persecutors-hindus-1971-back-polls-says-salahuddin-4094676,sitemap:slug,2026-10-05T09:30:02+00:00
https://www.thedailystar.net/opinion/views/news/oral-history-1971-and-the-danger-erasing-memory-4094631,sitemap:slug,2026-10-05T09:30:02+00:00
https://www.thedailystar.net/news/bangladesh/politics/news/tasnim-jara-unveils-six-point-manifesto-dhaka-9-4095271,sitemap:slug,2026-10-05T09:30:02+00:00
https://www.thedailystar.net/sports/football/news/leicester-risk-relegation-after-six-point-deduction-4099461,sitemap:slug,2026-10-05T09:30:02+00:00
https://www.thedailystar.net/entertainment/tv-film/news/1971-must-remain-our-national-conscience-peya-jannatul-4105116,sitemap:slug,2026-10-05T09:30:02+00:00
https://www.thedailystar.net/news/national-election-2026/news/fazlur-vows-uphold-spirit-liberation-war-4105466,sitemap:slug,2026-10-05T09:30:02+00:00
https://www.thedailystar.net/opinion/views/news/six-point-strategic-memo-the-new-government-4108786,sitemap:slug,2026-10-05T09:30:02+00:00
https://www.thedailystar.net/entertainment/tv-film/news/liberation-war-tale-highlights-language-movement-tv-drama-amar-bornomala-4110586,sitemap:slug,2026-10-05T09:30:02+00:00
https://www.thedailystar.net/news/bangladesh/news/unexploded-1971-mortar-shell-defused-after-recovery-moulvibazar-canal-4113586,sitemap:slug,2026-10-05T09:30:02+00:00
https://www.thedailystar.net/news-0/news/sc-acquits-khan-akram-1971-crimes-against-humanity-case-4115811,sitemap:slug,2026-10-05T09:30:02+00:00
https://www.thedailystar.net/news-0/news/salahuddin-cites-liberation-war-defend-indemnity-july-uprising-leaders-4126436,sitemap:slug,2026-10-05T09:30:02+00:00
https://www.thedailystar.net/news/bangladesh/news/azam-khan-new-liberation-war-affairs-minister-4127686,sitemap:slug,2026-10-05T09:30:02+00:00
https://www.thedailystar.net/news/bangladesh/news/liberation-war-ideals-yet-be-fulfilled-jatiya-sangsad-speaker-4133326,sitemap:slug,2026-10-05T09:30:02+00:00
https://www.thedailystar.net/news/bangladesh/news/us-congressman-raises-resolution-seeking-recognition-1971-bangladesh-genocide-4133631,sitemap:slug,2026-10-05T09:30:02+00:00
https://www.thedailystar.net/news-0/news/bnp-announces-two-day-programme-observe-independence-day-4133791,sitemap:slug,2026-10-05T09:30:02+00:00
https://www.thedailystar.net/news/bangladesh/politics/news/ncp-pays-tribute-1971-genocide-martyrs-renews-call-justice-4135431,sitemap:slug,2026-10-05T09:30:02+00:00
https://www.thedailystar.net/news/bangladesh/politics/news/ensuring-welfare-based-bangladesh-crucial-honour-1971-martyrs-nahid-4135466,sitemap:slug,2026-10-05T09:30:02+00:00
https://www.thedailystar.net/campus/campus-life/news/du-observes-genocide-day-tributes-and-prayers-4135516,sitemap:slug,2026-10-05T09:30:02+00:00
https://www.thedailystar.net/news/bangladesh/news/president-pm-pay-homage-liberation-war-martyrs-4135811,sitemap:slug,2026-10-05T09:30:02+00:00
https://www.thedailystar.net/opinion/news/independence-and-its-discontents-whom-was-1971-4135526,sitemap:slug,2026-10-05T09:30:02+00:00
https://www.thedailystar.net/opinion/news/the-unfinished-truth-1971-genocide-mass-rape-and-justice-4135531,sitemap:slug,2026-10-05T09:30:02+00:00
https://www.thedailystar.net/news/bangladesh/news/shafiqur-pays-tribute-liberation-war-martyrs-prays-countrys-sovereignty-4135856,sitemap:slug,2026-10-05T09:30:02+00:00
https://www.thedailystar.net/entertainment/music/news/chayannaut-observes-kaalratri-solemn-tribute-1971-martyrs-4135866,sitemap:slug,2026-10-05T09:30:02+00:00
https://www.thedailystar.net/opinion/news/when-1971-enters-the-feed-4135536,sitemap:slug,2026-10-05T09:30:02+00:00
https://www.thedailystar.net/opinion/views/news/americas-belated-word-1971-and-bangladeshs-unfinished-task-4136016,sitemap:slug,2026-10-05T09:30:02+00:00
https://www.thedailystar.net/news/bangladesh/news/du-pays-tribute-liberation-war-martyrs-independence-day-4136036,sitemap:slug,2026-10-05T09:30:02+00:00
https://www.thedailystar.net/news/political/news/liberation-war-was-not-fought-establish-religion-based-state-tuku-4136241,sitemap:slug,2026-10-05T09:30:02+00:00
https://www.thedailystar.net/news/bangladesh/politics/news/liberation-war-was-not-fought-establish-religion-based-state-tuku-4136616,sitemap:slug,2026-10-05T09:30:02+00:00
https://www.thedailystar.net/news/bangladesh/news/liberation-war-monument-lies-incomplete-after-13yrs-4136621,sitemap:slug,2026-10-05T09:30:02+00:00
https://www.thedailystar.net/news/bangladesh/politics/news/ziaur-rahman-indispensable-figure-liberation-war-pm-4136921,sitemap:slug,2026-10-05T09:30:02+00:00
https://www.thedailystar.net/news/bangladesh/news/liberation-war-reflects-global-conscience-4137016,sitemap:slug,2026-10-05T09:30:02+00:00
https://www.thedailystar.net/news/bangladesh/news/1971-genocide-india-supports-bangladesh-its-desire-justice-4137161,sitemap:slug,2026-10-05T09:30:02+00:00
https://www.thedailystar.net/news/bangladesh/politics/news/politicisation-clouds-youth-understanding-liberation-war-4138051,sitemap:slug,2026-10-05T09:30:02+00:00
https://www.thedailystar.net/news/bangladesh/news/pond-excavation-brahmanbaria-uncovers-mortar-shell-believed-be-liberation-war-4139246,sitemap:slug,2026-10-05T09:30:02+00:00
https://www.thedailystar.net/entertainment/news/channel-i-marked-independence-month-rong-tulite-muktijuddho-4139926,sitemap:slug,2026-10-05T09:30:02+00:00
https://www.thedailystar.net/news/politics/news/liberation-war-our-identity-pride-and-existence-fakhrul-4143266,sitemap:slug,2026-10-05T09:30:02+00:00
https://www.thedailystar.net/news/politics/news/liberation-war-our-identity-and-existence-4143831,sitemap:slug,2026-10-05T09:30:02+00:00
https://www.thedailystar.net/news/the-parliament-watch/parliament/news/state-minister-credits-bnp-1971-1990-and-2024-parliament-opposition-seeks-expunction-false-claims-4145741,sitemap:slug,2026-10-05T09:30:02+00:00
https://www.thedailystar.net/analysis-2/news/what-does-the-arrest-australias-most-decorated-living-soldier-mean-war-crimes-justice-4145871,sitemap:slug,2026-10-05T09:30:02+00:00
https://www.thedailystar.net/news/bangladesh/news/bnp-holds-legacy-1971-90-24-4146126,sitemap:slug,2026-10-05T09:30:02+00:00
https://www.thedailystar.net/news/the-parliament-watch/parliament/news/allah-knows-best-who-played-what-role-1971-jamaat-ameer-4147706,sitemap:slug,2026-10-05T09:30:02+00:00
https://www.thedailystar.net/news/politics/news/only-allah-knows-who-did-what-1971-war-says-shafiqur-js-passes-jamuka-bill-4148151,sitemap:slug,2026-10-05T09:30:02+00:00
https://www.thedailystar.net/news/bangladesh/diplomacy/news/bangladesh-india-ties-rooted-1971-liberation-war-speaker-4150961,sitemap:slug,2026-10-05T09:30:02+00:00
https://www.thedailystar.net/news/bangladesh/news/historic-mujibnagar-day-today-4153506,sitemap:slug,2026-10-05T09:30:02+00:00
https://www.thedailystar.net/news/bangladesh/news/mujibnagar-day-observed-unofficially-4154186,sitemap:slug,2026-10-05T09:30:03+00:00
https://www.thedailystar.net/news/bangladesh/news/mujibnagar-memorial-vandalism-sparks-call-urgent-restoration-4156811,sitemap:slug,2026-10-05T09:30:03+00:00
https://www.thedailystar.net/news/bangladesh/news/citizens-decry-mujibnagar-vandalism-4157531,sitemap:slug,2026-10-05T09:30:03+00:00
https://www.thedailystar.net/youth/news/youth-stage-march-human-chain-6-point-demand-ahead-budget-4160576,sitemap:slug,2026-10-05T09:30:03+00:00
https://www.thedailystar.net/news/bangladesh/obituary/news/liberation-war-lensman-passes-away-4161586,sitemap:slug,2026-10-05T09:30:03+00:00
https://www.thedailystar.net/culture/news/thank-you-raghu-rai-showing-me-the-1971-i-had-not-known-4162106,sitemap:slug,2026-10-05T09:30:03+00:00
https://www.thedailystar.net/news/the-parliament-watch/parliament/news/fazlurs-liberation-war-remarks-trigger-heated-exchange-between-bnp-jamaat-parliament-4162961,sitemap:slug,2026-10-05T09:30:03+00:00
https://www.thedailystar.net/news/bangladesh/news/govt-finalise-liberation-war-martyrs-list-minister-4163791,sitemap:slug,2026-10-05T09:30:03+00:00
https://www.thedailystar.net/campus/news/du-staff-press-six-point-demand-threaten-daily-protests-4164011,sitemap:slug,2026-10-05T09:30:03+00:00
https://www.thedailystar.net/news/the-parliament-watch/parliament/news/how-can-bnp-be-liberation-war-party-jamaat-mp-asks-parliament-4164081,sitemap:slug,2026-10-05T09:30:03+00:00
https://www.thedailystar.net/sports/football/news/arsenal-breeze-past-fulham-open-six-point-gap-over-man-city-4166076,sitemap:slug,2026-10-05T09:30:03+00:00
https://www.thedailystar.net/news/bangladesh/news/sc-regrets-earlier-ruling-upholding-azharuls-death-sentence-1971-crimes-against-humanity-case-4173261,sitemap:slug,2026-10-05T09:30:03+00:00
https://www.thedailystar.net/news/crime-justice/news/rpo-has-no-bar-jamaats-registration-party-over-liberation-war-role-sc-4173276,sitemap:slug,2026-10-05T09:30:03+00:00
https://www.thedailystar.net/news/bangladesh/news/no-rpo-bar-jamaat-registration-over-1971-role-4173526,sitemap:slug,2026-10-05T09:30:03+00:00
https://www.thedailystar.net/culture/entertainment/news/there-can-be-no-explanation-genocide-javier-bardem-addresses-blacklist-rumours-cannes-4177701,sitemap:slug,2026-10-05T09:30:03+00:00
https://www.thedailystar.net/news/bangladesh/news/bazlur-rahman-memorial-award-journalism-must-keep-1971-alive-4179176,sitemap:slug,2026-10-05T09:30:03+00:00
https://www.thedailystar.net/opinion/editorial/news/war-crimes-allegations-against-arakan-army-demand-urgent-action-4179636,sitemap:slug,2026-10-05T09:30:03+00:00
https://www.thedailystar.net/news/bangladesh/news/tofail-ahmed-liberation-war-organiser-and-veteran-politician-no-more-4188016,sitemap:slug,2026-10-05T09:30:03+00:00
https://www.thedailystar.net/news/politics/news/another-uprising-if-anyone-acts-against-liberation-war-ishraque-4189756,sitemap:slug,2026-10-05T09:30:03+00:00
https://www.thedailystar.net/news/news/cmch-interns-indefinite-strike-over-six-point-demand-4192531,sitemap:slug,2026-10-05T09:30:03+00:00
https://www.thedailystar.net/news/bangladesh/news/intern-doctors-strike-over-6-point-demand-4193146,sitemap:slug,2026-10-05T09:30:03+00:00
https://www.thedailystar.net/news/the-parliament-watch/parliament/news/jamaat-mps-false-claim-fathers-1971-martyrdom-removed-parliament-record-4204326,sitemap:slug,2026-10-05T09:30:03+00:00
https://www.thedailystar.net/news/the-parliament-watch/parliament/news/who-killed-the-intellectuals-bnp-mp-questions-jamaats-role-1971-4209491,sitemap:slug,2026-10-05T09:30:03+00:00
https://www.thedailystar.net/news/the-parliament-watch/parliament/news/acknowledge-your-1971-role-politics-will-be-easier-fakhrul-tells-jamaat-4210571,sitemap:slug,2026-10-05T09:30:03+00:00
https://www.thedailystar.net/news/bangladesh/news/those-who-played-controversial-role-1971-must-apologise-liberation-war-affairs-minister-4221386,sitemap:slug,2026-10-05T09:30:03+00:00
https://www.thedailystar.net/news/bangladesh/news/1971-opposers-must-apologise-4221681,sitemap:slug,2026-10-05T09:30:03+00:00
https://www.thedailystar.net/news/bangladesh/news/shajahan-sirajs-liberation-war-role-remembered-6th-death-anniversary-4223631,sitemap:slug,2026-10-05T09:30:03+00:00
https://www.thedailystar.net/news/bangladesh/news/complete-list-liberation-war-martyrs-be-prepared-pm-4224481,sitemap:slug,2026-10-05T09:30:03+00:00
https://www.thedailystar.net/news/bangladesh/news/july-26-2024-hasina-visits-the-injured-denies-razakar-remark-4232516,sitemap:slug,2026-10-05T09:30:03+00:00
https://www.thedailystar.net/news/bangladesh/news/acting-president-hafiz-uddin-pays-tribute-liberation-war-martyrs-savar-4232796,sitemap:slug,2026-10-05T09:30:03+00:00
https://www.thedailystar.net/news/politics/news/those-who-want-erase-1971-dont-believe-bangladesh-says-fakhrul-4237276,sitemap:slug,2026-10-05T09:30:03+00:00
https://www.thedailystar.net/news/bangladesh/news/jamaat-holds-photo-exhibition-1947-1971-2024-mark-july-uprising-4242946,sitemap:slug,2026-10-05T09:30:03+00:00
https://www.thedailystar.net/news/politics/news/we-must-document-the-true-history-liberation-war-4243301,sitemap:slug,2026-10-05T09:30:03+00:00
https://www.thedailystar.net/campus/news/ru-artwork-criticised-over-alleged-portrayal-july-uprising-more-significant-liberation-war-4244116,sitemap:slug,2026-10-05T09:30:03+00:00
https://www.thedailystar.net/news/bangladesh/news/ru-removes-artwork-after-criticism-over-1971-2024-portrayal-4244441,sitemap:slug,2026-10-05T09:30:03+00:00
https://www.thedailystar.net/campus/news/ru-artist-says-removed-artwork-did-not-place-2024-above-1971-4244531,sitemap:slug,2026-10-05T09:30:03+00:00
https://www.thedailystar.net/culture/entertainment/news/museum-genocide-nimojjon-depicts-the-darkness-human-history-4251581,sitemap:slug,2026-10-05T09:30:03+00:00
https://www.thedailystar.net/news/governance/news/president-pays-tribute-liberation-war-martyrs-national-memorial-savar-4253871,sitemap:slug,2026-10-05T09:30:03+00:00
https://www.thedailystar.net/news/bangladesh/education/news/class-9-10-students-study-ziaur-rahmans-liberation-war-memoir-2027-4274726,sitemap:slug,2026-10-05T09:30:04+00:00
https://www.thedailystar.net/news/politics/news/jamaats-1971-role-how-the-apology-was-repeatedly-thwarted-4275076,sitemap:slug,2026-10-05T09:30:04+00:00
https://www.thedailystar.net/opinion/views/news/abdur-razzaqs-memoir-jamaats-internal-conflict-1971-apology-4275846,sitemap:slug,2026-10-05T09:30:04+00:00
https://www.thedailystar.net/news/politics/news/jamaat-could-have-resolved-questions-over-its-1971-role-razzaqs-2016-statement-asaduzzaman-4276191,sitemap:slug,2026-10-05T09:30:04+00:00
https://www.thedailystar.net/news/politics/news/jamaat-must-address-1971-issue-its-political-future-4276621,sitemap:slug,2026-10-05T09:30:04+00:00
https://www.thedailystar.net/news/bangladesh/news/1972-constitution-repealing-it-denying-liberation-war-3798946,sitemap:slug,2026-10-05T09:30:09+00:00
https://www.thedailystar.net/news/bangladesh/news/publish-white-paper-all-crimes-1971-3807986,sitemap:slug,2026-10-05T09:30:09+00:00
https://www.thedailystar.net/news/bangladesh/politics/news/chhatra-dal-protests-publication-defaming-freedom-fighters-liberation-war-3811521,sitemap:slug,2026-10-05T09:30:09+00:00
https://www.thedailystar.net/news/bangladesh/news/chhatra-sangbad-apologises-removes-controversial-article-defaming-liberation-war-3811701,sitemap:slug,2026-10-05T09:30:09+00:00
https://www.thedailystar.net/opinion/views/news/not-the-cost-muktijuddho-no-way-3820431,sitemap:slug,2026-10-05T09:30:10+00:00
https://www.thedailystar.net/news/bangladesh/news/injured-july-uprising-victims-march-liberation-war-affairs-ministry-3828286,sitemap:slug,2026-10-05T09:30:10+00:00
https://www.thedailystar.net/news/bangladesh/news/pharmacists-submit-6-point-proposal-reform-commission-3828536,sitemap:slug,2026-10-05T09:30:10+00:00
https://www.thedailystar.net/news/bangladesh/accidents-fires/news/fire-liberation-war-museums-generator-room-doused-3844001,sitemap:slug,2026-10-05T09:30:10+00:00
https://www.thedailystar.net/books-literature/news/the-birangona-un-buried-3848251,sitemap:slug,2026-10-05T09:30:10+00:00
https://www.thedailystar.net/opinion/views/news/henry-kissingers-role-1971-3857056,sitemap:slug,2026-10-05T09:30:10+00:00
https://www.thedailystar.net/supplements/independence-day-special-2024-0/news/what-does-it-mean-be-bangladeshi-today-3857801,sitemap:slug|package:supplements/independence-day-special-2024-0|package:supplements/independence-day-special-2025,2026-10-05T09:30:10+00:00
https://www.thedailystar.net/supplements/independence-day-special-2025/news/the-truths-written-blood-cannot-be-erased-lies-3857806,sitemap:slug|package:supplements/independence-day-special-2024-0|package:supplements/independence-day-special-2025,2026-10-05T09:30:10+00:00
https://www.thedailystar.net/supplements/independence-day-special-2025/news/global-chords-freedom-3857811,sitemap:slug|package:supplements/independence-day-special-2024-0|package:supplements/independence-day-special-2025,2026-10-05T09:30:10+00:00
https://www.thedailystar.net/supplements/independence-day-special-2025/news/1971-fiction-literary-dilemma-3857836,sitemap:slug|package:supplements/independence-day-special-2024-0|package:supplements/independence-day-special-2025,2026-10-05T09:30:10+00:00
https://www.thedailystar.net/supplements/independence-day-special-2025/news/between-bullets-and-borders-fleeing-the-rajshahi-massacre-3857846,sitemap:slug|package:supplements/independence-day-special-2024-0|package:supplements/independence-day-special-2025,2026-10-05T09:30:10+00:00
https://www.thedailystar.net/supplements/independence-day-special-2025/news/silencing-the-past-3857856,sitemap:slug|package:supplements/independence-day-special-2024-0|package:supplements/independence-day-special-2025,2026-10-05T09:30:10+00:00
https://www.thedailystar.net/news/bangladesh/politics/news/voices-1971-collaborators-getting-louder-3857151,sitemap:slug,2026-10-05T09:30:10+00:00
https://www.thedailystar.net/opinion/editorial/news/let-1971-continue-guide-our-path-nation-3857781,sitemap:slug,2026-10-05T09:30:10+00:00
https://www.thedailystar.net/news/bangladesh/news/yunus-pays-homage-liberation-war-martyrs-3857876,sitemap:slug,2026-10-05T09:30:10+00:00
https://www.thedailystar.net/news/bangladesh/news/chief-justice-pays-tribute-liberation-war-martyrs-3857886,sitemap:slug,2026-10-05T09:30:10+00:00
https://www.thedailystar.net/opinion/editorial/news/take-action-against-fake-freedom-fighters-3858771,sitemap:slug,2026-10-05T09:30:10+00:00
https://www.thedailystar.net/news/bangladesh/news/liberation-war-mural-shrouded-independence-day-3858936,sitemap:slug,2026-10-05T09:30:10+00:00
https://www.thedailystar.net/news/bangladesh/news/liberation-war-memorial-3-murals-sheikh-mujib-demolished-lalmonirhat-3862306,sitemap:slug,2026-10-05T09:30:10+00:00
https://www.thedailystar.net/news/bangladesh/news/1971-war-crimes-accused-gets-bail-after-brief-custody-3872016,sitemap:slug,2026-10-05T09:30:10+00:00
https://www.thedailystar.net/news/bangladesh/news/polytechnic-students-block-tejgaon-road-over-six-point-demand-3872386,sitemap:slug,2026-10-05T09:30:10+00:00
https://www.thedailystar.net/news/bangladesh/news/mujibnagar-day-today-3872956,sitemap:slug,2026-10-05T09:30:10+00:00
https://www.thedailystar.net/news/bangladesh/news/the-spirit-mujibnagar-government-can-still-guide-us-3873231,sitemap:slug,2026-10-05T09:30:10+00:00
https://www.thedailystar.net/news/bangladesh/news/6-point-demand-polytechnic-students-hold-nationwide-rallies-today-3875391,sitemap:slug,2026-10-05T09:30:10+00:00
https://www.thedailystar.net/news/bangladesh/education/news/six-point-demand-polytechnic-students-issue-48-hour-ultimatum-3875711,sitemap:slug,2026-10-05T09:30:10+00:00
https://www.thedailystar.net/news/bangladesh/news/6-point-demand-students-polytechnic-instt-resume-protests-3881606,sitemap:slug,2026-10-05T09:30:10+00:00
https://www.thedailystar.net/news/bangladesh/news/trying-erase-1971-will-be-grave-mistake-says-farhad-mazhar-3884791,sitemap:slug,2026-10-05T09:30:10+00:00
https://www.thedailystar.net/news/bangladesh/news/accomplices-1971-war-crimes-must-apologise-3892221,sitemap:slug,2026-10-05T09:30:10+00:00
https://www.thedailystar.net/news/bangladesh/news/liberation-war-founding-pillar-state-3898316,sitemap:slug,2026-10-05T09:30:10+00:00
https://www.thedailystar.net/sports/more-sports/news/pabna-stadium-and-pool-regain-names-liberation-war-heroes-3906566,sitemap:slug,2026-10-05T09:30:10+00:00
https://www.thedailystar.net/news/bangladesh/news/mujibnagar-govt-members-recognised-freedom-fighters-faruk-e-azam-3911111,sitemap:slug,2026-10-05T09:30:10+00:00
https://www.thedailystar.net/opinion/views/news/weaponising-hunger-anatomy-israels-war-crime-3911161,sitemap:slug,2026-10-05T09:30:10+00:00
https://www.thedailystar.net/sports/football/news/bangladesh-vs-singapore-match-bff-issues-six-point-guideline-fans-3913806,sitemap:slug,2026-10-05T09:30:10+00:00
https://www.thedailystar.net/news/bangladesh/governance/news/present-true-history-liberation-war-3934281,sitemap:slug,2026-10-05T09:30:10+00:00
https://www.thedailystar.net/news/bangladesh/news/liberation-war-era-grenade-found-moulvibazar-3939546,sitemap:slug,2026-10-05T09:30:10+00:00
https://www.thedailystar.net/entertainment/theatre-arts/news/liberation-war-sculptor-hamiduzzaman-khan-passes-away-3943736,sitemap:slug,2026-10-05T09:30:10+00:00
https://www.thedailystar.net/top-news/news/71-war-crimes-sc-verdict-mobaraks-appeal-july-30-3945841,sitemap:slug,2026-10-05T09:30:10+00:00
https://www.thedailystar.net/news/bangladesh/news/decisive-leader-during-1971-3946576,sitemap:slug,2026-10-05T09:30:10+00:00
https://www.thedailystar.net/news/bangladesh/news/spirit-1971-july-2024-rooted-same-dream-3948681,sitemap:slug,2026-10-05T09:30:10+00:00
https://www.thedailystar.net/news/bangladesh/crime-justice/news/even-pak-forces-1971-did-not-commit-brutality-hasina-did-3950636,sitemap:slug,2026-10-05T09:30:10+00:00
https://www.thedailystar.net/top-news/news/sc-acquits-mobarak-war-crimes-charges-3951321,sitemap:slug,2026-10-05T09:30:10+00:00
https://www.thedailystar.net/news/bangladesh/news/photo-exhibition-razakars-tsc-shocking-3959286,sitemap:slug,2026-10-05T09:30:11+00:00
https://www.thedailystar.net/news/bangladesh/news/we-hanged-razakars-well-hang-them-too-3960671,sitemap:slug,2026-10-05T09:30:11+00:00
https://www.thedailystar.net/news/bangladesh/politics/news/pakistan-should-deal-issue-1971-advance-ties-ncp-3969141,sitemap:slug,2026-10-05T09:30:11+00:00
https://www.thedailystar.net/news/bangladesh/diplomacy/news/pak-fm-claims-1971-issues-settled-twice-dhaka-disagrees-3969581,sitemap:slug,2026-10-05T09:30:11+00:00
https://www.thedailystar.net/opinion/views/news/why-1971-still-casts-shadow-bangladesh-pakistan-relations-3970356,sitemap:slug,2026-10-05T09:30:11+00:00
https://www.thedailystar.net/opinion/editorial/news/no-1971-issues-havent-been-resolved-3970561,sitemap:slug,2026-10-05T09:30:11+00:00
https://www.thedailystar.net/news/bangladesh/news/many-students-defy-vacate-order-place-6-point-demand-3976341,sitemap:slug,2026-10-05T09:30:11+00:00
https://www.thedailystar.net/news/bangladesh/news/bau-students-block-dhaka-mymensingh-rail-route-press-six-point-demands-3976836,sitemap:slug,2026-10-05T09:30:11+00:00
https://www.thedailystar.net/news/bangladesh/politics/news/razakar-branding-misleads-no-one-anymore-jamaat-leader-porwar-3995391,sitemap:slug,2026-10-05T09:30:11+00:00
https://www.thedailystar.net/opinion/views/blowin-the-wind/news/silent-genocide-pollution-4000926,sitemap:slug,2026-10-05T09:30:11+00:00
https://www.thedailystar.net/life-living/news/how-leesa-gazis-work-restores-forgotten-womens-stories-liberation-war-4013911,sitemap:slug,2026-10-05T09:30:11+00:00
https://www.thedailystar.net/news/bangladesh/news/july-charter-liberation-war-not-accurately-represented-4015011,sitemap:slug,2026-10-05T09:30:11+00:00
https://www.thedailystar.net/news/bangladesh/politics/news/you-opposed-liberation-war-dont-oppose-election-now-4023746,sitemap:slug,2026-10-05T09:30:11+00:00
https://www.thedailystar.net/news/bangladesh/diplomacy/news/pakistan-navy-chief-visits-bangladesh-first-time-1971-4031226,sitemap:slug,2026-10-05T09:30:11+00:00
https://www.thedailystar.net/news/bangladesh/news/plot-afoot-erase-1971-spirit-fakhrul-4031896,sitemap:slug,2026-10-05T09:30:11+00:00
https://www.thedailystar.net/news/bangladesh/news/one-party-plays-liberation-war-card-other-religion-nahid-4048186,sitemap:slug,2026-10-05T09:30:11+00:00
https://www.thedailystar.net/news/bangladesh/politics/news/one-party-plays-liberation-war-card-other-religion-4048536,sitemap:slug,2026-10-05T09:30:11+00:00
https://www.thedailystar.net/news/bangladesh/news/barguna-liberation-war-museum-looted-and-left-ruins-over-year-4051686,sitemap:slug,2026-10-05T09:30:11+00:00
https://www.thedailystar.net/news/bangladesh/news/jashore-first-district-be-freed-december-6-1971-4052301,sitemap:slug,2026-10-05T09:30:11+00:00
https://www.thedailystar.net/news/bangladesh/politics/news/people-saw-what-they-did-1971-4053126,sitemap:slug,2026-10-05T09:30:11+00:00
https://www.thedailystar.net/books-literature/news/5-books-portray-ecological-devastation-1971-4055736,sitemap:slug,2026-10-05T09:30:12+00:00
https://www.thedailystar.net/supplements/martyred-intellectuals-day-2025/news/compassionate-rebel-doctors-coat-4057356,sitemap:slug|package:supplements/martyred-intellectuals-day-2025,2026-10-05T09:30:12+00:00
https://www.thedailystar.net/news/bangladesh/politics/news/liberation-war-chhatra-union-launches-4-day-programme-4057931,sitemap:slug,2026-10-05T09:30:12+00:00
https://www.thedailystar.net/news/bangladesh/news/martyred-intellectuals-day-horrors-saidpurs-intellectual-massacre-4057741,sitemap:slug,2026-10-05T09:30:12+00:00
https://www.thedailystar.net/opinion/views/news/what-does-it-mean-honour-legacy-bangladeshs-martyred-intellectuals-4057641,sitemap:slug,2026-10-05T09:30:12+00:00
https://www.thedailystar.net/opinion/views/news/martyred-intellectuals-torchbearers-our-nation-4057646,sitemap:slug,2026-10-05T09:30:12+00:00
https://www.thedailystar.net/opinion/editorial/news/martyred-intellectuals-are-our-guiding-lights-4058291,sitemap:slug,2026-10-05T09:30:12+00:00
https://www.thedailystar.net/news/bangladesh/news/country-pays-tribute-martyred-intellectuals-4058511,sitemap:slug,2026-10-05T09:30:12+00:00
https://www.thedailystar.net/news/bangladesh/news/funding-network-1971-4058551,sitemap:slug,2026-10-05T09:30:12+00:00
https://www.thedailystar.net/life-living/news/why-victory-day-felt-warmer-social-media-took-over-4059216,sitemap:slug,2026-10-05T09:30:12+00:00
https://www.thedailystar.net/news/bangladesh/news/plains-hills-indigenous-bravery-liberation-war-4059446,sitemap:slug,2026-10-05T09:30:12+00:00
https://www.thedailystar.net/news/bangladesh/news/ca-pays-homage-liberation-war-martyrs-victory-day-4059691,sitemap:slug,2026-10-05T09:30:12+00:00
https://www.thedailystar.net/opinion/views/macro-mirror/news/victory-day-and-republic-we-owe-ourselves-4059386,sitemap:slug,2026-10-05T09:30:12+00:00
https://www.thedailystar.net/news/bangladesh/news/victory-day-nation-honours-liberation-war-martyrs-4059746,sitemap:slug,2026-10-05T09:30:12+00:00
https://www.thedailystar.net/news/bangladesh/news/state-failed-fulfill-1971-dreams-rizwana-hasan-4059756,sitemap:slug,2026-10-05T09:30:12+00:00
https://www.thedailystar.net/news/bangladesh/news/grave-1971-war-hero-desecrated-fire-victory-day-4059836,sitemap:slug,2026-10-05T09:30:12+00:00
https://www.thedailystar.net/news/bangladesh/news/university-students-protest-against-razakars-war-criminals-victory-day-4059881,sitemap:slug,2026-10-05T09:30:12+00:00
https://www.thedailystar.net/culture/news/subodh-returns-dhaka-victory-day-4059911,sitemap:slug,2026-10-05T09:30:12+00:00
https://www.thedailystar.net/news/bangladesh/news/tribute-paid-1971-war-heroes-ctg-4060326,sitemap:slug,2026-10-05T09:30:12+00:00
https://www.thedailystar.net/entertainment/theatre-arts/news/when-liberation-war-walked-stage-4060651,sitemap:slug,2026-10-05T09:30:12+00:00
https://www.thedailystar.net/news/bangladesh/news/liberation-war-veteran-ak-khandker-passes-away-4062476,sitemap:slug,2026-10-05T09:30:12+00:00
https://www.thedailystar.net/news/bangladesh/obituary/news/ak-khandker-deputy-commander-liberation-war-no-more-4062871,sitemap:slug,2026-10-05T09:30:12+00:00
https://www.thedailystar.net/news/bangladesh/news/liberation-war-dep-commander-ak-khandker-laid-eternal-rest-4063636,sitemap:slug,2026-10-05T09:30:12+00:00
https://www.thedailystar.net/opinion/views/news/adieu-frontliner-our-liberation-war-4066271,sitemap:slug,2026-10-05T09:30:12+00:00
https://www.thedailystar.net/news/bangladesh/news/liberation-war-museum-launches-platform-digital-learning-content-3510966,sitemap:slug,2026-10-05T09:30:18+00:00
https://www.thedailystar.net/news/bangladesh/news/pm-leads-new-cabinet-members-paying-homage-liberation-war-martyrs-3517486,sitemap:slug,2026-10-05T09:30:18+00:00
https://www.thedailystar.net/news/bangladesh/news/pm-ministers-pay-tributes-bangabandhu-1971-martyrs-3517811,sitemap:slug,2026-10-05T09:30:18+00:00
https://www.thedailystar.net/law-our-rights/news/how-south-africa-challenging-israel-the-icj-case-obligation-prevent-genocide-3522931,sitemap:slug,2026-10-05T09:30:18+00:00
https://www.thedailystar.net/entertainment/tv-film/news/if-i-could-i-would-have-screened-1971-shei-shob-din-64-districts-hridi-huq-3525406,sitemap:slug,2026-10-05T09:30:18+00:00
https://www.thedailystar.net/opinion/geopolitical-insights/news/bangladeshs-right-intervention-the-genocide-convention-cases-3527376,sitemap:slug,2026-10-05T09:30:18+00:00
https://www.thedailystar.net/entertainment/tv-film/news/1971-shei-shob-din-theatres-again-3534546,sitemap:slug,2026-10-05T09:30:19+00:00
https://www.thedailystar.net/daily-star-books/news/rehman-sobhans-recollections-the-road-he-took-towards-december-16-1971-3539121,sitemap:slug,2026-10-05T09:30:19+00:00
https://www.thedailystar.net/campus/campus/news/cryptic-fate-back-melodic-homage-1971-3539341,sitemap:slug,2026-10-05T09:30:19+00:00
https://www.thedailystar.net/entertainment/music/news/spectacular-concert-rocks-liberation-war-museum-3540661,sitemap:slug,2026-10-05T09:30:19+00:00
https://www.thedailystar.net/news/bangladesh/news/make-sure-country-doesnt-turn-den-razakars-3546581,sitemap:slug,2026-10-05T09:30:19+00:00
https://www.thedailystar.net/life-living/fashion-beauty/news/faiza-ahmeds-artistic-ode-women-freedom-fighters-3547676,sitemap:slug,2026-10-05T09:30:19+00:00
https://www.thedailystar.net/news/bangladesh/news/liberation-war-memoirs-615-freedom-fighters-unveiled-3555021,sitemap:slug,2026-10-05T09:30:19+00:00
https://www.thedailystar.net/campus/noticeboard/news/annual-sports-competition-and-freedom-fighters-appreciation-ceremony-2024-unique-occasion-averroes-3555416,sitemap:slug,2026-10-05T09:30:19+00:00
https://www.thedailystar.net/opinion/geopolitical-insights/news/backing-israels-genocide-not-just-the-us-3558721,sitemap:slug,2026-10-05T09:30:19+00:00
https://www.thedailystar.net/news/bangladesh/news/will-form-cell-global-recognition-1971-genocide-3563941,sitemap:slug,2026-10-05T09:30:19+00:00
https://www.thedailystar.net/news/bangladesh/politics/news/al-distorting-history-liberation-war-bnps-hafiz-3566746,sitemap:slug,2026-10-05T09:30:19+00:00
https://www.thedailystar.net/life-living/news/7-must-visit-monuments-dhaka-independence-day-3573901,sitemap:slug,2026-10-05T09:30:19+00:00
https://www.thedailystar.net/news/bangladesh/news/list-another-118-martyred-intellectuals-published-3574371,sitemap:slug,2026-10-05T09:30:19+00:00
https://www.thedailystar.net/opinion/views/news/challenges-the-recognition-bangladesh-genocide-3573986,sitemap:slug,2026-10-05T09:30:19+00:00
https://www.thedailystar.net/campus/news/brac-university-holds-event-solemn-remembrance-1971-genocide-3574706,sitemap:slug,2026-10-05T09:30:19+00:00
https://www.thedailystar.net/news/bangladesh/politics/news/dreams-1971-now-elusive-mirza-fakhrul-3574721,sitemap:slug,2026-10-05T09:30:19+00:00
https://www.thedailystar.net/supplements/independence-day-special-2024/news/the-untold-story-jashores-resistance-during-the-liberation-war-3575086,sitemap:slug|package:supplements/independence-day-special-2024,2026-10-05T09:30:19+00:00
https://www.thedailystar.net/supplements/independence-day-special-2024/news/australias-response-the-1971-refugee-crisis-3575126,sitemap:slug|package:supplements/independence-day-special-2024,2026-10-05T09:30:19+00:00
https://www.thedailystar.net/supplements/independence-day-special-2024/news/rao-farman-ali-and-1971-3575166,sitemap:slug|package:supplements/independence-day-special-2024,2026-10-05T09:30:19+00:00
https://www.thedailystar.net/supplements/independence-day-special-2024/news/two-martyred-pandits-sharada-annada-charan-3575171,sitemap:slug|package:supplements/independence-day-special-2024,2026-10-05T09:30:19+00:00
https://www.thedailystar.net/supplements/independence-day-special-2024/news/echoes-1971-journey-through-memories-3575181,sitemap:slug|package:supplements/independence-day-special-2024,2026-10-05T09:30:19+00:00
https://www.thedailystar.net/opinion/geopolitical-insights/news/the-liberation-war-became-centre-big-power-rivalry-3575196,sitemap:slug,2026-10-05T09:30:19+00:00
https://www.thedailystar.net/news/bangladesh/news/president-pm-bhutanese-king-pay-homage-liberation-war-martyrs-3575281,sitemap:slug,2026-10-05T09:30:19+00:00
https://www.thedailystar.net/news/bangladesh/news/bangladesh-envoy-calls-motion-uk-parliament-recognising-1971-genocide-3575551,sitemap:slug,2026-10-05T09:30:19+00:00
https://www.thedailystar.net/campus/noticeboard/news/nsu-hosts-seminar-bangladesh-liberation-war-1971-key-military-determinants-our-success-3581946,sitemap:slug,2026-10-05T09:30:19+00:00
https://www.thedailystar.net/news/bangladesh/news/bangladesh-film-archive-getty-images-sign-mou-preserve-footage-liberation-war-bangabandhu-3584841,sitemap:slug,2026-10-05T09:30:19+00:00
https://www.thedailystar.net/news/bangladesh/news/mujibnagar-day-be-observed-tomorrow-3588211,sitemap:slug,2026-10-05T09:30:19+00:00
https://www.thedailystar.net/news/bangladesh/news/historic-mujibnagar-day-today-3588591,sitemap:slug,2026-10-05T09:30:19+00:00
https://www.thedailystar.net/news/bangladesh/news/nation-observing-historic-mujibnagar-day-3588886,sitemap:slug,2026-10-05T09:30:19+00:00
https://www.thedailystar.net/news/bangladesh/diplomacy/news/hasan-mahmud-raises-1971-genocide-issue-pak-envoy-3592136,sitemap:slug,2026-10-05T09:30:19+00:00
https://www.thedailystar.net/news/bangladesh/news/war-heroes-voice-concern-over-jamaat-shibirs-efforts-glorify-1971-war-criminals-3597551,sitemap:slug,2026-10-05T09:30:19+00:00
https://www.thedailystar.net/entertainment/tv-film/news/viewers-london-came-tears-while-watching-1971-shei-shob-din-hridi-huq-3598826,sitemap:slug,2026-10-05T09:30:19+00:00
https://www.thedailystar.net/opinion/editorial/news/dont-repurpose-tajuddin-ahmad-park-3602416,sitemap:slug,2026-10-05T09:30:19+00:00
https://www.thedailystar.net/entertainment/theatre-arts/news/rise-nation-liberation-war-through-the-eyes-refugees-raghu-rais-exhibition-3605911,sitemap:slug,2026-10-05T09:30:19+00:00
https://www.thedailystar.net/news/bangladesh/news/recognise-1971-genocide-3612606,sitemap:slug,2026-10-05T09:30:19+00:00
https://www.thedailystar.net/entertainment/theatre-arts/news/i-have-dedicated-my-life-instilling-the-values-our-liberation-war-youths-3615471,sitemap:slug,2026-10-05T09:30:19+00:00
https://www.thedailystar.net/news/bangladesh/news/recognise-1971-genocide-3620556,sitemap:slug,2026-10-05T09:30:19+00:00
https://www.thedailystar.net/news/bangladesh/news/historic-six-point-day-today-3628696,sitemap:slug,2026-10-05T09:30:19+00:00
https://www.thedailystar.net/news/bangladesh/news/pm-pays-tribute-bangabandhu-historic-6-point-day-3629056,sitemap:slug,2026-10-05T09:30:19+00:00
https://www.thedailystar.net/news/bangladesh/news/six-point-movement-was-turning-point-independence-struggle-quader-3629196,sitemap:slug,2026-10-05T09:30:19+00:00
https://www.thedailystar.net/news/bangladesh/news/recognise-the-1971-genocide-3630226,sitemap:slug,2026-10-05T09:30:19+00:00
https://www.thedailystar.net/news/bangladesh/crime-justice/news/ghost-loans-krishi-bank-issues-loans-name-4-persons-who-died-1971-3637691,sitemap:slug,2026-10-05T09:30:19+00:00
https://www.thedailystar.net/news/bangladesh/news/uphold-ideals-liberation-war-3644541,sitemap:slug,2026-10-05T09:30:19+00:00
https://www.thedailystar.net/news/bangladesh/news/1971-war-crimes-extradite-mueen-ashrafuzzaman-3645086,sitemap:slug,2026-10-05T09:30:19+00:00
https://www.thedailystar.net/opinion/views/news/freedom-fighters-quota-goes-against-the-1971-spirit-3650276,sitemap:slug,2026-10-05T09:30:19+00:00
https://www.thedailystar.net/news/bangladesh/news/the-razakar-back-and-forth-who-said-what-3657341,sitemap:slug,2026-10-05T09:30:19+00:00
https://www.thedailystar.net/news/bangladesh/news/bcl-will-give-fitting-reply-those-who-labelled-themselves-razakars-quader-3657406,sitemap:slug,2026-10-05T09:30:19+00:00
https://www.thedailystar.net/news/bangladesh/news/they-dont-feel-ashamed-call-themselves-razakars-pm-3657411,sitemap:slug,2026-10-05T09:30:19+00:00
https://www.thedailystar.net/news/bangladesh/rights/news/24-eminent-citizens-condemn-quota-protesters-razakar-slogans-3657681,sitemap:slug,2026-10-05T09:30:19+00:00
https://www.thedailystar.net/news/bangladesh/news/24-eminent-citizens-condemn-razakar-slogans-3657786,sitemap:slug,2026-10-05T09:30:19+00:00
https://www.thedailystar.net/news/bangladesh/news/its-shame-they-call-themselves-razakars-pm-3657796,sitemap:slug,2026-10-05T09:30:19+00:00
https://www.thedailystar.net/sports/sports-special/paris-olympics-2024/news/canada-reach-olympic-football-quarters-despite-six-point-deduction-3666986,sitemap:slug,2026-10-05T09:30:19+00:00
https://www.thedailystar.net/news/bangladesh/news/yunus-stands-the-rain-pay-homage-liberation-war-heroes-3672996,sitemap:slug,2026-10-05T09:30:19+00:00
https://www.thedailystar.net/opinion/editorial/news/israel-gets-away-another-war-crime-3676041,sitemap:slug,2026-10-05T09:30:19+00:00
https://www.thedailystar.net/news/bangladesh/news/action-be-taken-against-fake-freedom-fighters-liberation-war-affairs-adviser-3703851,sitemap:slug,2026-10-05T09:30:20+00:00
https://www.thedailystar.net/campus/campus/news/du-student-creates-1971-liberation-war-time-lapse-map-military-perspective-3711991,sitemap:slug,2026-10-05T09:30:20+00:00
https://www.thedailystar.net/star-multimedia/news-multimedia/news/what-did-jamaat-ameer-say-1971-liberation-war-3724931,sitemap:slug,2026-10-05T09:30:20+00:00
https://www.thedailystar.net/supplements/the-great-wave/news/hijacking-history-1971-narratives-the-awami-leagues-reign-3728826,sitemap:slug,2026-10-05T09:30:20+00:00
https://www.thedailystar.net/news/bangladesh/politics/news/al-condemns-cancelling-natl-days-claims-govt-erasing-history-liberation-war-3728961,sitemap:slug,2026-10-05T09:30:20+00:00
https://www.thedailystar.net/news/bangladesh/news/scrapping-8-natl-days-al-says-its-bid-kill-spirit-liberation-war-3729416,sitemap:slug,2026-10-05T09:30:20+00:00
https://www.thedailystar.net/law-our-rights/news/lebanons-war-crime-zone-3730241,sitemap:slug,2026-10-05T09:30:20+00:00
https://www.thedailystar.net/news/bangladesh/crime-justice/news/ict-grants-bail-ex-nsi-dg-oahidul-1971-genocide-case-3739686,sitemap:slug,2026-10-05T09:30:20+00:00
https://www.thedailystar.net/news/bangladesh/news/liberation-war-not-about-single-family-3748981,sitemap:slug,2026-10-05T09:30:20+00:00
https://www.thedailystar.net/opinion/editorial/news/us-must-stop-supporting-israels-genocide-3748901,sitemap:slug,2026-10-05T09:30:20+00:00
https://www.thedailystar.net/news/bangladesh/news/six-point-demand-medical-technologists-pharmacists-form-human-chain-3757541,sitemap:slug,2026-10-05T09:30:20+00:00
https://www.thedailystar.net/news/bangladesh/news/president-pays-tribute-liberation-war-martyrs-3758146,sitemap:slug,2026-10-05T09:30:20+00:00
https://www.thedailystar.net/news/bangladesh/news/govt-programmes-announced-martyred-intellectuals-day-victory-day-3773961,sitemap:slug,2026-10-05T09:30:21+00:00
https://www.thedailystar.net/news/bangladesh/news/the-forgotten-lens-liberation-war-3774166,sitemap:slug,2026-10-05T09:30:21+00:00
https://www.thedailystar.net/martyred-intellectuals-day-2024/news/lets-reclaim-our-role-the-conscience-society-3775531,sitemap:slug|package:martyred-intellectuals-day-2024,2026-10-05T09:30:21+00:00
https://www.thedailystar.net/martyred-intellectuals-day-2024/news/what-should-our-intellectuals-do-now-3775546,sitemap:slug|package:martyred-intellectuals-day-2024,2026-10-05T09:30:21+00:00
https://www.thedailystar.net/martyred-intellectuals-day-2024/news/what-have-i-done-july-2024-3775561,sitemap:slug|package:martyred-intellectuals-day-2024,2026-10-05T09:30:21+00:00
https://www.thedailystar.net/martyred-intellectuals-day-2024/news/loss-still-haunts-bangladesh-3775566,sitemap:slug|package:martyred-intellectuals-day-2024,2026-10-05T09:30:21+00:00
https://www.thedailystar.net/martyred-intellectuals-day-2024/news/rethinking-the-role-intellectuals-3775571,sitemap:slug|package:martyred-intellectuals-day-2024,2026-10-05T09:30:21+00:00
https://www.thedailystar.net/martyred-intellectuals-day-2024/news/martyrs-freedom-3775576,sitemap:slug|package:martyred-intellectuals-day-2024,2026-10-05T09:30:21+00:00
https://www.thedailystar.net/star-literature/news/pages-freedom-book-recommendations-victory-day-3775701,sitemap:slug,2026-10-05T09:30:21+00:00
https://www.thedailystar.net/news/bangladesh/news/martyred-intellectuals-day-no-list-martyred-intellectuals-now-3775741,sitemap:slug,2026-10-05T09:30:21+00:00
https://www.thedailystar.net/news/bangladesh/news/martyred-intellectuals-day-nation-pays-homage-today-3775751,sitemap:slug,2026-10-05T09:30:21+00:00
https://www.thedailystar.net/news/bangladesh/news/president-ca-pay-homage-martyred-intellectuals-3775866,sitemap:slug,2026-10-05T09:30:21+00:00
https://www.thedailystar.net/news/bangladesh/news/bnp-pays-homage-martyred-intellectuals-3775911,sitemap:slug,2026-10-05T09:30:21+00:00
https://www.thedailystar.net/life-living/news/poetry-books-read-victory-day-3776071,sitemap:slug,2026-10-05T09:30:21+00:00
https://www.thedailystar.net/news/bangladesh/news/martyred-intellectuals-day-observed-countrywide-3776501,sitemap:slug,2026-10-05T09:30:21+00:00
https://www.thedailystar.net/top-news/news/take-oath-uphold-the-spirit-liberation-war-3777126,sitemap:slug,2026-10-05T09:30:21+00:00
https://www.thedailystar.net/supplements/victory-day-special-2024/news/the-pen-against-power-the-fight-justice-3777181,sitemap:slug|package:supplements/victory-day-special-2024,2026-10-05T09:30:21+00:00
https://www.thedailystar.net/supplements/victory-day-special-2024/news/bridging-gaps-support-the-july-uprising-victims-3777191,sitemap:slug|package:supplements/victory-day-special-2024,2026-10-05T09:30:21+00:00
https://www.thedailystar.net/supplements/victory-day-special-2024/news/recognising-the-marginalised-heroes-the-july-uprising-3777206,sitemap:slug|package:supplements/victory-day-special-2024,2026-10-05T09:30:21+00:00
https://www.thedailystar.net/supplements/victory-day-special-2024/news/lessons-liberation-universities-and-the-fight-justice-3777231,sitemap:slug|package:supplements/victory-day-special-2024,2026-10-05T09:30:21+00:00
https://www.thedailystar.net/supplements/victory-day-special-2024/news/eclipsing-repression-the-herculean-feat-bangladeshi-journalism-july-24-3777246,sitemap:slug|package:supplements/victory-day-special-2024,2026-10-05T09:30:21+00:00
https://www.thedailystar.net/supplements/victory-day-special-2024/news/gender-politics-and-the-call-change-3777266,sitemap:slug|package:supplements/victory-day-special-2024,2026-10-05T09:30:21+00:00
https://www.thedailystar.net/supplements/victory-day-special-2024/news/role-intellectuals-bangladesh-society-1947-2024-3777286,sitemap:slug|package:supplements/victory-day-special-2024,2026-10-05T09:30:21+00:00
https://www.thedailystar.net/supplements/victory-day-special-2024/news/the-specter-silence-intellectualism-and-the-performance-discourse-bangladesh-3777291,sitemap:slug|package:supplements/victory-day-special-2024,2026-10-05T09:30:21+00:00
https://www.thedailystar.net/supplements/victory-day-special-2024/news/71-24-people-united-justice-3777321,sitemap:slug|package:supplements/victory-day-special-2024,2026-10-05T09:30:21+00:00
https://www.thedailystar.net/supplements/victory-day-special-2024/news/freedoms-gate-3777341,sitemap:slug|package:supplements/victory-day-special-2024,2026-10-05T09:30:21+00:00
https://www.thedailystar.net/my-dhaka/news/1971-war-through-childs-eyes-innocence-meets-reality-3777481,sitemap:slug,2026-10-05T09:30:21+00:00
https://www.thedailystar.net/opinion/editorial/news/time-fulfil-the-dreams-1971-3776966,sitemap:slug,2026-10-05T09:30:21+00:00
https://www.thedailystar.net/opinion/views/news/our-victory-day-and-the-questions-equality-justice-and-human-dignity-3776971,sitemap:slug,2026-10-05T09:30:21+00:00
https://www.thedailystar.net/entertainment/tv-film/news/revisiting-big-screen-liberation-war-classics-3776856,sitemap:slug,2026-10-05T09:30:21+00:00
https://www.thedailystar.net/news/bangladesh/news/chief-justice-sc-judges-pay-tributes-martyrs-1971-liberation-war-3777776,sitemap:slug,2026-10-05T09:30:21+00:00
https://www.thedailystar.net/news/bangladesh/news/july-uprising-reclaims-1971-spirit-awami-monopoly-3778136,sitemap:slug,2026-10-05T09:30:21+00:00
https://www.thedailystar.net/star-multimedia/views-multimedia/news/if-we-have-martyred-intellectuals-day-why-isnt-there-martyred-workers-day-3778701,sitemap:slug,2026-10-05T09:30:21+00:00
https://www.thedailystar.net/news/bangladesh/news/the-wonder-guerilla-warfare-1971-3778801,sitemap:slug,2026-10-05T09:30:21+00:00
https://www.thedailystar.net/news/bangladesh/news/settle-issues-1971-take-forward-ties-3780086,sitemap:slug,2026-10-05T09:30:21+00:00
https://www.thedailystar.net/opinion/editorial/news/humiliation-freedom-fighter-unacceptable-3783901,sitemap:slug,2026-10-05T09:30:21+00:00
https://www.thedailystar.net/campus/news/ju-scraps-freedom-fighters-grandchildren-quota-admission-tests-3785451,sitemap:slug,2026-10-05T09:30:21+00:00
https://www.thedailystar.net/entertainment/tv-film/news/jaya-ahsan-wrap-the-year-liberation-war-themed-film-3785581,sitemap:slug,2026-10-05T09:30:21+00:00
https://www.thedailystar.net/news/bangladesh/news/mothers-the-unsung-heroes-liberation-war-3786791,sitemap:slug,2026-10-05T09:30:21+00:00
https://www.thedailystar.net/entertainment/tv-film/news/diary-genocide-brief-history-martyred-intellectuals-day-3210501,sitemap:slug,2026-10-05T09:30:27+00:00
https://www.thedailystar.net/opinion/views/news/why-hasnt-the-un-recognised-the-1971-bangladesh-genocide-yet-3215796,sitemap:slug,2026-10-05T09:30:27+00:00
https://www.thedailystar.net/news/bangladesh/politics/news/if-bnp-comes-power-liberation-war-spirit-will-disappear-quader-3218221,sitemap:slug,2026-10-05T09:30:27+00:00
https://www.thedailystar.net/entertainment/tv-film/news/jk-1971-be-the-first-film-screened-the-21st-diff-3219151,sitemap:slug,2026-10-05T09:30:27+00:00
https://www.thedailystar.net/news/bangladesh/crime-justice/news/man-sent-jail-vandalising-liberation-war-memorial-3221156,sitemap:slug,2026-10-05T09:30:27+00:00
https://www.thedailystar.net/business/organisation-news/press-releases/news/discussion-1971-genocide-held-ewu-3237036,sitemap:slug,2026-10-05T09:30:27+00:00
https://www.thedailystar.net/shout/bulletin-board/news/demand-declare-1971-killings-genocide-ewu-discussion-3237271,sitemap:slug,2026-10-05T09:30:27+00:00
https://www.thedailystar.net/news/bangladesh/news/mujibnagar-university-bill-passed-3237671,sitemap:slug,2026-10-05T09:30:27+00:00
https://www.thedailystar.net/news/bangladesh/news/apologise-1971-atrocities-3239391,sitemap:slug,2026-10-05T09:30:27+00:00
https://www.thedailystar.net/news/bangladesh/news/1971-genocide-canadian-museum-reviewing-submission-recognition-3240661,sitemap:slug,2026-10-05T09:30:27+00:00
https://www.thedailystar.net/news/bangladesh/crime-justice/news/1971-war-crimes-70-yr-old-fugitive-convict-arrested-city-slum-3259891,sitemap:slug,2026-10-05T09:30:27+00:00
https://www.thedailystar.net/entertainment/tv-film/news/two-liberation-war-based-films-released-today-3261991,sitemap:slug,2026-10-05T09:30:27+00:00
https://www.thedailystar.net/daily-star-books/news/looking-back-the-liberation-war-through-poetry-3265576,sitemap:slug,2026-10-05T09:30:28+00:00
https://www.thedailystar.net/star-multimedia/news/kuriana-boddho-bhumi-the-site-largest-mass-execution-1971-3276741,sitemap:slug,2026-10-05T09:30:28+00:00
https://www.thedailystar.net/chattogram/news/chittagong-colleges-pivotal-role-1971-3277501,sitemap:slug,2026-10-05T09:30:28+00:00
https://www.thedailystar.net/law-our-rights/news/factors-undermining-the-recognition-the-bangladesh-genocide-3279406,sitemap:slug,2026-10-05T09:30:28+00:00
https://www.thedailystar.net/opinion/views/news/the-genocide-march-25-metaphor-3279591,sitemap:slug,2026-10-05T09:30:28+00:00
https://www.thedailystar.net/life-living/news/5-books-about-25th-march-genocide-and-the-aftermath-3280051,sitemap:slug,2026-10-05T09:30:28+00:00
https://www.thedailystar.net/supplements-0/news/freedom-fighters-nameplates-dbl-ceramics-tiles-maheshpur-3280156,sitemap:slug,2026-10-05T09:30:28+00:00
https://www.thedailystar.net/star-literature/news/the-birangona-poetry-and-conversation-3280201,sitemap:slug,2026-10-05T09:30:28+00:00
https://www.thedailystar.net/star-literature/news/interview-birangona-3280216,sitemap:slug,2026-10-05T09:30:28+00:00
https://www.thedailystar.net/news/bangladesh/diplomacy/news/present-facts-bangladesh-genocide-global-community-3280361,sitemap:slug,2026-10-05T09:30:28+00:00
https://www.thedailystar.net/opinion/editorial/news/why-wont-the-un-recognise-1971-genocide-3280396,sitemap:slug,2026-10-05T09:30:28+00:00
https://www.thedailystar.net/supplements/independence-day-special-2023/news/editors-note-3280531,sitemap:slug|package:supplements/independence-day-special-2023,2026-10-05T09:30:28+00:00
https://www.thedailystar.net/supplements/independence-day-special-2023/news/your-sake-o-freedom-1971-and-bangladeshi-poetry-3280541,sitemap:slug|package:supplements/independence-day-special-2023,2026-10-05T09:30:28+00:00
https://www.thedailystar.net/supplements/independence-day-special-2023/news/you-said-3280546,sitemap:slug|package:supplements/independence-day-special-2023,2026-10-05T09:30:28+00:00
https://www.thedailystar.net/supplements/independence-day-special-2023/news/fugitive-3280691,sitemap:slug|package:supplements/independence-day-special-2023,2026-10-05T09:30:28+00:00
https://www.thedailystar.net/supplements/independence-day-special-2023/news/smell-corpse-the-air-3280711,sitemap:slug|package:supplements/independence-day-special-2023,2026-10-05T09:30:28+00:00
https://www.thedailystar.net/supplements/independence-day-special-2023/news/poetry-my-useless-weapon-3280716,sitemap:slug|package:supplements/independence-day-special-2023,2026-10-05T09:30:28+00:00
https://www.thedailystar.net/news/bangladesh/news/recognise-genocide-bangladesh-1971-3280721,sitemap:slug,2026-10-05T09:30:28+00:00
https://www.thedailystar.net/supplements/independence-day-special-2023/news/1971-3280766,sitemap:slug|package:supplements/independence-day-special-2023,2026-10-05T09:30:28+00:00
https://www.thedailystar.net/news/bangladesh/news/president-pm-pay-homage-liberation-war-martyrs-3280881,sitemap:slug,2026-10-05T09:30:28+00:00
https://www.thedailystar.net/entertainment/tv-film/news/revisiting-iconic-movies-bangladeshs-great-liberation-war-3280951,sitemap:slug,2026-10-05T09:30:28+00:00
https://www.thedailystar.net/top-news/news/nation-celebrates-independence-day-3280976,sitemap:slug,2026-10-05T09:30:28+00:00
https://www.thedailystar.net/news/bangladesh/news/uk-parliament-urged-recognise-bangladesh-genocide-3281136,sitemap:slug,2026-10-05T09:30:28+00:00
https://www.thedailystar.net/news/bangladesh/news/un-hosts-first-exhibition-1971-genocide-3284651,sitemap:slug,2026-10-05T09:30:28+00:00
https://www.thedailystar.net/arts-entertainment/exhibition/news/exhibition-1971-genocide-being-held-un-headquarters-3285001,sitemap:slug,2026-10-05T09:30:28+00:00
https://www.thedailystar.net/books-literature/news/war-the-waters-looking-back-operation-jackpot-1971-3290041,sitemap:slug,2026-10-05T09:30:28+00:00
https://www.thedailystar.net/news/bangladesh/news/liberation-war-make-law-punish-those-who-speak-against-it-3293151,sitemap:slug,2026-10-05T09:30:28+00:00
https://www.thedailystar.net/news/bangladesh/news/historic-mujibnagar-day-today-3298491,sitemap:slug,2026-10-05T09:30:28+00:00
https://www.thedailystar.net/news/bangladesh/news/mujibnagar-day-pm-pays-tribute-bangabandhu-3298841,sitemap:slug,2026-10-05T09:30:28+00:00
https://www.thedailystar.net/news/bangladesh/news/mujibnagar-day-observed-3299581,sitemap:slug,2026-10-05T09:30:28+00:00
https://www.thedailystar.net/news/bangladesh/news/mujibnagar-day-observed-washington-3299851,sitemap:slug,2026-10-05T09:30:28+00:00
https://www.thedailystar.net/entertainment/tv-film/news/pakistani-film-bashed-over-questionable-portrayal-bangabandhu-and-mukti-bahini-3301646,sitemap:slug,2026-10-05T09:30:28+00:00
https://www.thedailystar.net/opinion/views/tribute/news/zafrullah-tribute-freedom-fighter-and-revolutionary-3301876,sitemap:slug,2026-10-05T09:30:28+00:00
https://www.thedailystar.net/news/bangladesh/diplomacy/news/iasg-adopts-resolution-recognising-genocide-1971-3303851,sitemap:slug,2026-10-05T09:30:28+00:00
https://www.thedailystar.net/news/bangladesh/news/president-pays-homage-liberation-war-heroes-3304066,sitemap:slug,2026-10-05T09:30:28+00:00
https://www.thedailystar.net/news/bangladesh/news/list-razakars-will-be-published-within-december-minister-3304406,sitemap:slug,2026-10-05T09:30:28+00:00
https://www.thedailystar.net/law-our-rights/news/the-proclamation-independence-1971-3306236,sitemap:slug,2026-10-05T09:30:28+00:00
https://www.thedailystar.net/law-our-rights/news/liberation-war-museum-and-gaamac-jointly-organise-workshop-the-hate-speech-country-report-3317731,sitemap:slug,2026-10-05T09:30:28+00:00
https://www.thedailystar.net/opinion/views/tribute/news/nurul-islam-celebrating-the-life-freedom-fighter-3319821,sitemap:slug,2026-10-05T09:30:28+00:00
https://www.thedailystar.net/daily-star-books/news/motherhood-martyrdom-and-the-spirit-female-resistance-1971-3320831,sitemap:slug,2026-10-05T09:30:28+00:00
https://www.thedailystar.net/news/bangladesh/news/recognise-the-1971-genocide-3326301,sitemap:slug,2026-10-05T09:30:28+00:00
https://www.thedailystar.net/news/asia/south-asia/news/pakistan-should-formally-declare-1971-atrocities-genocide-3330366,sitemap:slug,2026-10-05T09:30:28+00:00
https://www.thedailystar.net/entertainment/tv-film/news/hridi-haqs-1971-shei-shob-din-release-date-announced-3333256,sitemap:slug,2026-10-05T09:30:28+00:00
https://www.thedailystar.net/news/bangladesh/diplomacy/news/1971-continues-guide-india-bangladesh-relations-3333931,sitemap:slug,2026-10-05T09:30:28+00:00
https://www.thedailystar.net/news/bangladesh/news/1971-genocide-demand-recognition-agenda-un-session-3334761,sitemap:slug,2026-10-05T09:30:28+00:00
https://www.thedailystar.net/news/bangladesh/news/he-laid-foundation-six-point-demand-3337986,sitemap:slug,2026-10-05T09:30:28+00:00
https://www.thedailystar.net/entertainment/tv-film/news/jk-1971-wins-best-feature-film-rainbow-film-festival-3339266,sitemap:slug,2026-10-05T09:30:28+00:00
https://www.thedailystar.net/news/bangladesh/news/they-do-not-believe-spirit-liberation-war-scba-3346466,sitemap:slug,2026-10-05T09:30:28+00:00
https://www.thedailystar.net/entertainment/theatre-arts/news/syed-jamil-ahmeds-ami-birangona-bolchi-stage-today-3347736,sitemap:slug,2026-10-05T09:30:28+00:00
https://www.thedailystar.net/entertainment/theatre-arts/news/ami-birangona-bolchi-unveils-unspoken-reality-3353121,sitemap:slug,2026-10-05T09:30:28+00:00
https://www.thedailystar.net/entertainment/theatre-arts/news/witness-syed-jamil-ahmeds-ami-birangona-bolchhi-eid-3354516,sitemap:slug,2026-10-05T09:30:28+00:00
https://www.thedailystar.net/news/bangladesh/news/apologise-1971-atrocities-3361981,sitemap:slug,2026-10-05T09:30:28+00:00
https://www.thedailystar.net/news/bangladesh/news/one-the-first-indians-fight-liberation-war-dies-3363326,sitemap:slug,2026-10-05T09:30:28+00:00
https://www.thedailystar.net/news/asia/india/news/one-the-first-indians-fight-1971-war-dies-3363631,sitemap:slug,2026-10-05T09:30:28+00:00
https://www.thedailystar.net/news/bangladesh/governance/news/liberation-war-affairs-senior-secy-khaja-miah-made-osd-3366741,sitemap:slug,2026-10-05T09:30:28+00:00
https://www.thedailystar.net/entertainment/tv-film/news/1971-shei-shob-din-showcase-first-song-today-3373941,sitemap:slug,2026-10-05T09:30:28+00:00
https://www.thedailystar.net/star-multimedia/culture-multimedia/news/mario-pierre-romance-selfless-foreign-friend-our-liberation-war-3375321,sitemap:slug,2026-10-05T09:30:28+00:00
https://www.thedailystar.net/entertainment/music/news/sonia-hossain-tantalises-urdu-song-1971-shei-shob-din-3384656,sitemap:slug,2026-10-05T09:30:28+00:00
https://www.thedailystar.net/entertainment/tv-film/news/1971-shei-shob-din-trailer-release-today-3390821,sitemap:slug,2026-10-05T09:30:28+00:00
https://www.thedailystar.net/top-news/news/story-love-and-war-1971-shei-shob-din-releases-haunting-trailer-3391146,sitemap:slug,2026-10-05T09:30:28+00:00
https://www.thedailystar.net/entertainment/tv-film/news/1971-shei-shob-din-aam-kathaler-chhuti-released-theatres-today-3397091,sitemap:slug,2026-10-05T09:30:29+00:00
https://www.thedailystar.net/entertainment/tv-film/news/stars-unite-make-astounding-liberation-war-film-3396501,sitemap:slug,2026-10-05T09:30:29+00:00
https://www.thedailystar.net/entertainment/tv-film/news/suborna-mustafa-moved-tears-1971-shei-shob-din-3401636,sitemap:slug,2026-10-05T09:30:29+00:00
https://www.thedailystar.net/entertainment/tv-film/news/i-cried-every-time-watching-1971-shei-shob-din-sanjida-preeti-3402036,sitemap:slug,2026-10-05T09:30:29+00:00
https://www.thedailystar.net/entertainment/tv-film/news/1971-shei-shob-din-riveting-tale-middle-class-families-amidst-war-3403481,sitemap:slug,2026-10-05T09:30:29+00:00
https://www.thedailystar.net/entertainment/tv-film/news/1971-shei-shob-din-runs-strong-its-third-week-3408596,sitemap:slug,2026-10-05T09:30:29+00:00
https://www.thedailystar.net/business/economy/banks/news/agrani-bank-opens-branch-mujibnagar-3413561,sitemap:slug,2026-10-05T09:30:29+00:00
https://www.thedailystar.net/entertainment/tv-film/news/1971-shei-shob-din-release-australia-3413951,sitemap:slug,2026-10-05T09:30:29+00:00
https://www.thedailystar.net/entertainment/tv-film/news/1971-shei-shob-din-tickets-sold-out-australia-3415486,sitemap:slug,2026-10-05T09:30:29+00:00
https://www.thedailystar.net/news/bangladesh/politics/news/stay-vigilant-safeguard-spirit-liberation-war-pm-3419616,sitemap:slug,2026-10-05T09:30:29+00:00
https://www.thedailystar.net/news/bangladesh/news/stay-vigilant-protect-spirit-liberation-war-pm-3419896,sitemap:slug,2026-10-05T09:30:29+00:00
https://www.thedailystar.net/entertainment/tv-film/news/1971-shei-shob-din-hridi-huqs-herculean-effort-brings-liberation-war-life-3421216,sitemap:slug,2026-10-05T09:30:29+00:00
https://www.thedailystar.net/news/bangladesh/news/let-the-world-know-1971-genocide-3431486,sitemap:slug,2026-10-05T09:30:29+00:00
https://www.thedailystar.net/entertainment/tv-film/news/students-receive-special-screenings-1971-shei-shob-din-3436286,sitemap:slug,2026-10-05T09:30:29+00:00
https://www.thedailystar.net/news/bangladesh/news/recognise-1971-genocide-3437331,sitemap:slug,2026-10-05T09:30:29+00:00
https://www.thedailystar.net/entertainment/tv-film/news/1971-shei-shob-din-set-release-the-us-3439601,sitemap:slug,2026-10-05T09:30:29+00:00
https://www.thedailystar.net/daily-star-books/news/blood-rage-and-love-the-verge-1971-3441131,sitemap:slug,2026-10-05T09:30:29+00:00
https://www.thedailystar.net/opinion/editorial/news/genocide-being-allowed-happen-3442936,sitemap:slug,2026-10-05T09:30:29+00:00
https://www.thedailystar.net/opinion/views/news/bangladesh-genocide-1971-time-the-west-walk-the-talk-3446011,sitemap:slug,2026-10-05T09:30:29+00:00
https://www.thedailystar.net/news/world/usa/news/kissinger-who-turned-blind-eye-1971-atrocities-dead-100-3482441,sitemap:slug,2026-10-05T09:30:30+00:00
https://www.thedailystar.net/entertainment/theatre-arts/news/child-artists-return-paint-dhaka-walls-liberation-war-themed-graffiti-3491006,sitemap:slug,2026-10-05T09:30:30+00:00
https://www.thedailystar.net/news/bangladesh/politics/news/bnp-announces-programmes-martyred-intellectuals-day-victory-day-3490936,sitemap:slug,2026-10-05T09:30:30+00:00
https://www.thedailystar.net/news/bangladesh/news/martyred-intellectuals-day-search-the-forgotten-killing-fields-3493941,sitemap:slug,2026-10-05T09:30:30+00:00
https://www.thedailystar.net/news/bangladesh/news/martyred-intellectuals-day-yet-be-nationally-recognised-3493951,sitemap:slug,2026-10-05T09:30:30+00:00
https://www.thedailystar.net/opinion/views/news/whats-holding-the-world-back-recognising-the-1971-genocide-3493931,sitemap:slug,2026-10-05T09:30:30+00:00
https://www.thedailystar.net/news/bangladesh/news/president-pm-pay-homage-martyred-intellectuals-3494231,sitemap:slug,2026-10-05T09:30:30+00:00
https://www.thedailystar.net/news/bangladesh/news/1971-war-killing-fields-revered-not-preserved-3494746,sitemap:slug,2026-10-05T09:30:30+00:00
https://www.thedailystar.net/entertainment/tv-film/news/actor-sohel-rana-recalls-heroic-days-liberation-war-3495281,sitemap:slug,2026-10-05T09:30:30+00:00
https://www.thedailystar.net/supplements/victory-day-special-2023/news/the-heroic-role-the-bma-uk-1971-3495501,sitemap:slug|package:supplements/victory-day-special-2023,2026-10-05T09:30:30+00:00
https://www.thedailystar.net/supplements/victory-day-special-2023/news/connetts-risked-their-lives-bangladesh-71-3495556,sitemap:slug|package:supplements/victory-day-special-2023,2026-10-05T09:30:30+00:00
https://www.thedailystar.net/supplements/victory-day-special-2023/news/due-lack-firsthand-experiences-the-writers-there-notable-absence-works-solely-dedicated-our-3495561,sitemap:slug|package:supplements/victory-day-special-2023,2026-10-05T09:30:30+00:00
https://www.thedailystar.net/supplements/victory-day-special-2023/news/the-journey-home-3495571,sitemap:slug|package:supplements/victory-day-special-2023,2026-10-05T09:30:30+00:00
https://www.thedailystar.net/supplements/victory-day-special-2023/news/echoes-the-archives-3495576,sitemap:slug|package:supplements/victory-day-special-2023,2026-10-05T09:30:30+00:00
https://www.thedailystar.net/supplements/victory-day-special-2023/news/the-finale-the-bangladesh-battle-3495586,sitemap:slug|package:supplements/victory-day-special-2023,2026-10-05T09:30:30+00:00
https://www.thedailystar.net/star-literature/poetry/news/i-whore-i-birangona-3495641,sitemap:slug,2026-10-05T09:30:30+00:00
https://www.thedailystar.net/star-literature/news/genocide-ecology-and-zahirs-life-and-political-reality-3495646,sitemap:slug,2026-10-05T09:30:30+00:00
https://www.thedailystar.net/opinion/editorial/news/victory-day-should-be-turning-point-3495231,sitemap:slug,2026-10-05T09:30:30+00:00
https://www.thedailystar.net/business/organisation-news/press-releases/news/banglalink-pays-tribute-the-1971-martyrs-through-national-flag-hoisting-3497346,sitemap:slug,2026-10-05T09:30:30+00:00
https://www.thedailystar.net/entertainment/tv-film/news/uk-screening-marks-india-bangladesh-ties-1971-war-3499026,sitemap:slug,2026-10-05T09:30:30+00:00
https://www.thedailystar.net/news/bangladesh/national-election-2024/news/rajshahi-1-omor-faruk-likens-al-independents-anti-liberation-war-forces-3500321,sitemap:slug,2026-10-05T09:30:30+00:00
https://www.thedailystar.net/news/bangladesh/news/global-media-and-journos-played-crucial-role-1971-3504721,sitemap:slug,2026-10-05T09:30:30+00:00
https://www.thedailystar.net/news/bangladesh/news/us-based-lemkin-institute-recognises-1971-genocide-2930086,sitemap:slug,2026-10-05T09:30:37+00:00
https://www.thedailystar.net/news/bangladesh/news/preserving-liberation-war-history-pm-opens-bangabandhu-military-museum-2933586,sitemap:slug,2026-10-05T09:30:37+00:00
https://www.thedailystar.net/law-our-rights/news/the-two-page-document-recognises-the-1971s-genocide-2939496,sitemap:slug,2026-10-05T09:30:38+00:00
https://www.thedailystar.net/entertainment/theatre-arts/news/epic-1971-commences-galleri-kaya-2939761,sitemap:slug,2026-10-05T09:30:38+00:00
https://www.thedailystar.net/daily-star-books/news/upl-launches-samuel-jaffes-book-grassroots-activism-the-liberation-war-2940346,sitemap:slug,2026-10-05T09:30:38+00:00
https://www.thedailystar.net/news/asia/india/news/indian-air-force-recreate-1971-tangail-meghna-operations-republic-day-2941951,sitemap:slug,2026-10-05T09:30:38+00:00
https://www.thedailystar.net/daily-star-books/news/upl-launches-samuel-jaffes-book-us-grassroots-activism-the-bangladesh-liberation-war-2943206,sitemap:slug,2026-10-05T09:30:38+00:00
https://www.thedailystar.net/news/asia/south-asia/news/india-unsc-raises-pakistan-armys-genocide-during-bangladeshs-liberation-war-2948446,sitemap:slug,2026-10-05T09:30:38+00:00
https://www.thedailystar.net/news/bangladesh/crime-justice/news/relatives-war-criminal-grabbed-her-land-birangana-says-2955666,sitemap:slug,2026-10-05T09:30:38+00:00
https://www.thedailystar.net/life-living/news/month-long-art-exhibition-bangabandhu-liberation-war-and-bangladesh-2957016,sitemap:slug,2026-10-05T09:30:38+00:00
https://www.thedailystar.net/news/bangladesh/politics/news/bnp-against-spirit-bangla-liberation-war-2967661,sitemap:slug,2026-10-05T09:30:38+00:00
https://www.thedailystar.net/news/bangladesh/news/tangail-water-tank-mute-witness-1971-massacre-2972621,sitemap:slug,2026-10-05T09:30:38+00:00
https://www.thedailystar.net/news/bangladesh/news/new-cec-commissioners-pay-homage-liberation-war-martyrs-2973126,sitemap:slug,2026-10-05T09:30:38+00:00
https://www.thedailystar.net/news/bangladesh/crime-justice/news/crimes-against-humanity-2-al-badr-leaders-arrested-tangail-2975466,sitemap:slug,2026-10-05T09:30:38+00:00
https://www.thedailystar.net/news/bangladesh/crime-justice/news/two-al-badr-men-arrested-2975766,sitemap:slug,2026-10-05T09:30:38+00:00
https://www.thedailystar.net/entertainment/tv-film/news/apurbas-1971-drama-nihoto-nokkhotro-release-independence-day-2983446,sitemap:slug,2026-10-05T09:30:38+00:00
https://www.thedailystar.net/news/bangladesh/crime-justice/news/crimes-during-liberation-war-1971-ex-jamaat-mp-among-2-get-death-2989541,sitemap:slug,2026-10-05T09:30:38+00:00
https://www.thedailystar.net/news/bangladesh/news/police-liberation-war-museum-opens-ctg-2990026,sitemap:slug,2026-10-05T09:30:38+00:00
https://www.thedailystar.net/news/bangladesh/news/hoping-new-pakistani-generation-would-voice-against-its-armys-genocide-1971-momen-2990351,sitemap:slug,2026-10-05T09:30:38+00:00
https://www.thedailystar.net/news/bangladesh/news/nurture-the-spirit-ideals-liberation-war-pm-hasina-2990391,sitemap:slug,2026-10-05T09:30:38+00:00
https://www.thedailystar.net/news/bangladesh/news/recognise-genocide-1971-intl-coalition-human-rights-unga-other-entities-2990406,sitemap:slug,2026-10-05T09:30:38+00:00
https://www.thedailystar.net/supplements/celebrating-51-years-independence/news/1971-bangladesh-unbound-accounts-2990451,sitemap:slug,2026-10-05T09:30:38+00:00
https://www.thedailystar.net/supplements/celebrating-51-years-independence/news/revisiting-1971-sagas-through-the-lens-silent-witness-2990456,sitemap:slug,2026-10-05T09:30:38+00:00
https://www.thedailystar.net/supplements/celebrating-51-years-independence/news/if-pakistan-acknowledges-what-its-army-did-1971-it-will-do-favour-itself-2990476,sitemap:slug,2026-10-05T09:30:38+00:00
https://www.thedailystar.net/views/opinion/news/when-will-un-recognise-bangladesh-genocide-2990536,sitemap:slug,2026-10-05T09:30:38+00:00
https://www.thedailystar.net/opinion/blowin-the-wind/news/fragmented-thoughts-independence-day-2990541,sitemap:slug,2026-10-05T09:30:38+00:00
https://www.thedailystar.net/arts-entertainment/theatre/news/theatre-celebrates-golden-jubilee-independence-day-specials-2990731,sitemap:slug,2026-10-05T09:30:38+00:00
https://www.thedailystar.net/news/bangladesh/news/president-pm-pay-homage-liberation-war-martyrs-2990816,sitemap:slug,2026-10-05T09:30:38+00:00
https://www.thedailystar.net/news/bangladesh/diplomacy/news/bangladesh-urges-uk-parliament-recognise-1971-genocide-2990966,sitemap:slug,2026-10-05T09:30:38+00:00
https://www.thedailystar.net/life-living/news/london-1971-political-frontier-the-liberation-war-2990981,sitemap:slug,2026-10-05T09:30:38+00:00
https://www.thedailystar.net/news/bangladesh/news/recognise-1971-genocide-2991151,sitemap:slug,2026-10-05T09:30:38+00:00
https://www.thedailystar.net/news/bangladesh/news/liberation-war-spirit-be-restored-pm-2991676,sitemap:slug,2026-10-05T09:30:38+00:00
https://www.thedailystar.net/news/bangladesh/news/rong-tulite-muktijuddho-festival-held-2992501,sitemap:slug,2026-10-05T09:30:38+00:00
https://www.thedailystar.net/entertainment/tv-film/news/6-new-documentaries-liberation-war-screened-bangladesh-shilpakala-academy-2994011,sitemap:slug,2026-10-05T09:30:38+00:00
https://www.thedailystar.net/news/bangladesh/news/sylhet-remembers-nine-liberation-war-martyrs-3001706,sitemap:slug,2026-10-05T09:30:38+00:00
https://www.thedailystar.net/lifestyle/news/50-bands-collaborate-patriotic-song-independence-day-celebration-3004206,sitemap:slug,2026-10-05T09:30:38+00:00
https://www.thedailystar.net/news/bangladesh/news/april-17-declared-public-holiday-mujibnagar-3004271,sitemap:slug,2026-10-05T09:30:38+00:00
https://www.thedailystar.net/news/bangladesh/news/parliamentary-sub-committee-prepare-list-razakars-al-badars-scrapped-3004291,sitemap:slug,2026-10-05T09:30:38+00:00
https://www.thedailystar.net/news/news/1971-killing-ground-replaced-shopping-mall-3005096,sitemap:slug,2026-10-05T09:30:38+00:00
https://www.thedailystar.net/news/bangladesh/news/historic-mujibnagar-day-no-ordinary-guard-honour-3005891,sitemap:slug,2026-10-05T09:30:38+00:00
https://www.thedailystar.net/views/opinion/news/mujibnagar-day-how-the-mujibnagar-government-turned-the-dream-freedom-reality-3005976,sitemap:slug,2026-10-05T09:30:38+00:00
https://www.thedailystar.net/opinion/online-exclusive/news/remembering-the-oath-taking-mujibnagar-government-3006526,sitemap:slug,2026-10-05T09:30:38+00:00
https://www.thedailystar.net/news/bangladesh/diplomacy/news/envoys-who-sided-common-people-1971-example-todays-diplomats-3007236,sitemap:slug,2026-10-05T09:30:38+00:00
https://www.thedailystar.net/news/news/history-neglected-first-military-hq-liberation-war-teliapara-needs-proper-preservation-3010701,sitemap:slug,2026-10-05T09:30:38+00:00
https://www.thedailystar.net/news/bangladesh/news/burial-abdul-gaffar-chowdhury-mirpur-martyred-intellectuals-graveyard-tomorrow-3033161,sitemap:slug,2026-10-05T09:30:39+00:00
https://www.thedailystar.net/entertainment/tv-film/news/teaser-jk-1971-impresses-3035061,sitemap:slug,2026-10-05T09:30:39+00:00
https://www.thedailystar.net/news/bangladesh/news/historic-6-point-day-being-observed-3041516,sitemap:slug,2026-10-05T09:30:39+00:00
https://www.thedailystar.net/news/bangladesh/rights/news/longer-wait-biranganas-get-same-privileges-freedom-fighters-tib-3049056,sitemap:slug,2026-10-05T09:30:39+00:00
https://www.thedailystar.net/views/editorial/news/how-much-longer-must-the-birangonas-suffer-3049656,sitemap:slug,2026-10-05T09:30:39+00:00
https://www.thedailystar.net/entertainment/tv-film/news/vicky-kaushal-all-set-play-manekshaw-indian-army-chief-during-liberation-war-3052791,sitemap:slug,2026-10-05T09:30:39+00:00
https://www.thedailystar.net/news/bangladesh/crime-justice/news/1971-war-crimes-one-walk-gallows-three-jailed-till-death-3060726,sitemap:slug,2026-10-05T09:30:39+00:00
https://www.thedailystar.net/news/bangladesh/diplomacy/news/indian-army-chief-pays-tribute-heroes-bangladesh-liberation-war-3073276,sitemap:slug,2026-10-05T09:30:39+00:00
https://www.thedailystar.net/arts-entertainment/news-bytes/news/ekti-desher-jono-gaan-screened-liberation-war-museum-3077531,sitemap:slug,2026-10-05T09:30:39+00:00
https://www.thedailystar.net/news/bangladesh/crime-justice/news/6-die-crimes-against-humanity-during-liberation-war-khulna-3081681,sitemap:slug,2026-10-05T09:30:39+00:00
https://www.thedailystar.net/entertainment/tv-film/news/producer-pippa-refers-bangladeshs-liberation-war-india-pakistan-war-3095501,sitemap:slug,2026-10-05T09:30:39+00:00
https://www.thedailystar.net/news/bangladesh/news/evil-forces-defeated-liberation-war-didnt-stop-conspiring-sajeeb-wazed-3095506,sitemap:slug,2026-10-05T09:30:39+00:00
https://www.thedailystar.net/daily-star-books/news/post-partition-period-books-prabhas-chandra-tajuddin-and-ahmed-kamal-offer-testimonies-3095681,sitemap:slug,2026-10-05T09:30:39+00:00
https://www.thedailystar.net/news/bangladesh/politics/news/dont-equate-july-uprising-liberation-war-3870071,sitemap:slug,2026-10-05T09:30:39+00:00
https://www.thedailystar.net/entertainment/tv-film/news/fakhrul-arefeen-khans-jk-1971-wins-best-historic-film-award-miff-3099086,sitemap:slug,2026-10-05T09:30:39+00:00
https://www.thedailystar.net/news/bangladesh/news/after-bangabandhus-assassination-attempts-were-made-destroy-liberation-war-spirit-secularism-3099286,sitemap:slug,2026-10-05T09:30:39+00:00
https://www.thedailystar.net/news/bangladesh/diplomacy/news/mujib-scholarship-offspring-indian-army-personnel-killed-or-injured-1971-war-3111541,sitemap:slug,2026-10-05T09:30:39+00:00
https://www.thedailystar.net/news/bangladesh/diplomacy/news/pm-confer-mujib-scholarship-india-descendants-those-who-served-1971-3112551,sitemap:slug,2026-10-05T09:30:39+00:00
https://www.thedailystar.net/star-multimedia/news-multimedia/news/museum-police-martyrs-1971-liberation-war-3117881,sitemap:slug,2026-10-05T09:30:39+00:00
https://www.thedailystar.net/news/bangladesh/crime-justice/news/al-badr-man-gets-death-penalty-crimes-1971-3118761,sitemap:slug,2026-10-05T09:30:39+00:00
https://www.thedailystar.net/law-our-rights/news/international-conference-the-genocide-1971-held-canada-and-bangladesh-3129236,sitemap:slug,2026-10-05T09:30:39+00:00
https://www.thedailystar.net/southeast-asia/news/attack-school-may-be-war-crime-3129651,sitemap:slug,2026-10-05T09:30:39+00:00
https://www.thedailystar.net/entertainment/music/news/september-dhaka-rising-musicians-serenade-liberation-war-museum-3131036,sitemap:slug,2026-10-05T09:30:39+00:00
https://www.thedailystar.net/entertainment/tv-film/news/beauty-circus-the-liberation-war-weaved-clever-storytelling-3131271,sitemap:slug,2026-10-05T09:30:39+00:00
https://www.thedailystar.net/news/bangladesh/news/we-didnt-fight-liberation-war-be-labelled-minority-3132726,sitemap:slug,2026-10-05T09:30:39+00:00
https://www.thedailystar.net/news/bangladesh/diplomacy/news/india-proud-be-partner-bangladeshs-liberation-war-president-murmu-3142866,sitemap:slug,2026-10-05T09:30:39+00:00
https://www.thedailystar.net/entertainment/tv-film/news/nirab-and-sunerah-pair-liberation-war-film-3143301,sitemap:slug,2026-10-05T09:30:39+00:00
https://www.thedailystar.net/news/bangladesh/diplomacy/news/genocide-1971-us-congressmen-move-give-it-recognition-3143736,sitemap:slug,2026-10-05T09:30:39+00:00
https://www.thedailystar.net/news/bangladesh/news/recognising-the-bangladesh-genocide-1971-icsf-welcomes-us-congress-initiative-3145026,sitemap:slug,2026-10-05T09:30:39+00:00
https://www.thedailystar.net/daily-star-books/news/contradictions-book-the-bangladesh-liberation-war-3147461,sitemap:slug,2026-10-05T09:30:39+00:00
https://www.thedailystar.net/entertainment/tv-film/news/damal-title-track-relives-the-spirit-the-liberation-war-3152061,sitemap:slug,2026-10-05T09:30:39+00:00
https://www.thedailystar.net/news/bangladesh/news/help-us-pass-1971-genocide-resolution-3156591,sitemap:slug,2026-10-05T09:30:39+00:00
https://www.thedailystar.net/news/bangladesh/news/edward-kennedy-sr-conferred-friends-liberation-war-honour-posthumously-3157561,sitemap:slug,2026-10-05T09:30:39+00:00
https://www.thedailystar.net/opinion/views/news/guerrilla-hafiz-and-the-freedom-fighters-we-have-failed-3160171,sitemap:slug,2026-10-05T09:30:39+00:00
https://www.thedailystar.net/opinion/views/news/us-resolution-1971-genocide-must-get-rid-divisive-language-3161266,sitemap:slug,2026-10-05T09:30:39+00:00
https://www.thedailystar.net/daily-star-books/news/iffat-nawazs-debut-novel-1971-not-open-wound-3172731,sitemap:slug,2026-10-05T09:30:40+00:00
https://www.thedailystar.net/news/asia/news/1971-war-political-failure-not-military-pakistan-army-chief-3178111,sitemap:slug,2026-10-05T09:30:40+00:00
https://www.thedailystar.net/news/bangladesh/diplomacy/news/work-together-keep-1971-legacy-alive-indian-envoy-3178831,sitemap:slug,2026-10-05T09:30:40+00:00
https://www.thedailystar.net/news/asia/south-asia/news/1971-war-military-failure-says-pakistan-foreign-minister-3185681,sitemap:slug,2026-10-05T09:30:40+00:00
https://www.thedailystar.net/news/bangladesh/news/thakurgaon-was-freed-day-1971-3186041,sitemap:slug,2026-10-05T09:30:40+00:00
https://www.thedailystar.net/arts-entertainment/music/news/gems-nazrul-organise-tribute-show-victory-day-3187171,sitemap:slug,2026-10-05T09:30:40+00:00
https://www.thedailystar.net/news/bangladesh/news/lalmonirhat-akhaura-liberated-day-1971-3189241,sitemap:slug,2026-10-05T09:30:41+00:00
https://www.thedailystar.net/news/bangladesh/news/liberation-war-mymensingh-freed-day-3192306,sitemap:slug,2026-10-05T09:30:41+00:00
https://www.thedailystar.net/opinion/views/news/neither-party-upholding-the-spirit-the-liberation-war-3192751,sitemap:slug,2026-10-05T09:30:41+00:00
https://www.thedailystar.net/supplements/martyred-intellectuals-day-2022/news/my-71-experiencing-genocide-understanding-violence-3195761,sitemap:slug|package:supplements/martyred-intellectuals-day-2022,2026-10-05T09:30:41+00:00
https://www.thedailystar.net/supplements/martyred-intellectuals-day-2022/news/legacies-loss-3195766,sitemap:slug|package:supplements/martyred-intellectuals-day-2022,2026-10-05T09:30:41+00:00
https://www.thedailystar.net/news/bangladesh/news/martyred-intellectuals-day-murderous-scheme-3195581,sitemap:slug,2026-10-05T09:30:41+00:00
https://www.thedailystar.net/news/bangladesh/news/people-paying-homage-martyred-intellectuals-3195846,sitemap:slug,2026-10-05T09:30:41+00:00
https://www.thedailystar.net/news/bangladesh/news/president-pm-pay-tribute-martyred-intellectuals-3195871,sitemap:slug,2026-10-05T09:30:41+00:00
https://www.thedailystar.net/news/bangladesh/news/full-list-martyred-intellectuals-likely-march-26-next-year-3195881,sitemap:slug,2026-10-05T09:30:41+00:00
https://www.thedailystar.net/news/bangladesh/news/martyred-intellectuals-memorial-desecrated-illegal-structures-3196316,sitemap:slug,2026-10-05T09:30:41+00:00
https://www.thedailystar.net/news/bangladesh/news/3-brothers-killed-day-1971-3196331,sitemap:slug,2026-10-05T09:30:41+00:00
https://www.thedailystar.net/news/bangladesh/news/martyred-intellectuals-memorial-desecrated-illegal-structures-3196406,sitemap:slug,2026-10-05T09:30:41+00:00
https://www.thedailystar.net/shout/cover-story/news/the-price-victory-1971-and-the-mental-health-generation-3196816,sitemap:slug,2026-10-05T09:30:41+00:00
https://www.thedailystar.net/shout/bulletin-board/news/canadian-university-bangladesh-holds-seminar-memory-martyred-intellectuals-3196976,sitemap:slug,2026-10-05T09:30:41+00:00
https://www.thedailystar.net/supplements/victory-day-special-2022/news/documenting-71-3197036,sitemap:slug|package:supplements/victory-day-special-2022,2026-10-05T09:30:41+00:00
https://www.thedailystar.net/supplements/victory-day-special-2022/news/global-diplomacy-and-the-birth-bangladesh-3197051,sitemap:slug|package:supplements/victory-day-special-2022,2026-10-05T09:30:41+00:00
https://www.thedailystar.net/supplements/victory-day-special-2022/news/mukti-bahini-the-real-heroes-liberation-war-3197061,sitemap:slug|package:supplements/victory-day-special-2022,2026-10-05T09:30:41+00:00
https://www.thedailystar.net/supplements/victory-day-special-2022/news/mahboobul-alam-early-historian-the-1971-war-3197266,sitemap:slug|package:supplements/victory-day-special-2022,2026-10-05T09:30:41+00:00
https://www.thedailystar.net/news/bangladesh/news/victory-day-president-pm-pay-tributes-liberation-war-martyrs-3197551,sitemap:slug,2026-10-05T09:30:41+00:00
https://www.thedailystar.net/news/bangladesh/news/snapshots-1971-3197616,sitemap:slug,2026-10-05T09:30:41+00:00
https://www.thedailystar.net/daily-star-books/news/5-books-read-victory-day-3197721,sitemap:slug,2026-10-05T09:30:41+00:00
https://www.thedailystar.net/bangladesh/news/list-razakars-al-badar-may-take-six-more-months-3197761,sitemap:slug,2026-10-05T09:30:41+00:00
https://www.thedailystar.net/shout/news/revisiting-jochna-o-jononir-golpo-victory-day-3197691,sitemap:slug,2026-10-05T09:30:41+00:00
https://www.thedailystar.net/news/asia/south-asia/news/bilawal-obviously-forgotten-day-1971-3197981,sitemap:slug,2026-10-05T09:30:41+00:00
https://www.thedailystar.net/entertainment/tv-film/news/two-liberation-war-based-films-released-victory-day-3198311,sitemap:slug,2026-10-05T09:30:41+00:00
https://www.thedailystar.net/news/bangladesh/news/prevent-plots-go-against-spirit-liberation-war-president-3198486,sitemap:slug,2026-10-05T09:30:41+00:00
https://www.thedailystar.net/nrb/news/victory-day-greeces-omania-square-fountain-lit-red-and-green-3198631,sitemap:slug,2026-10-05T09:30:41+00:00
https://www.thedailystar.net/news/bangladesh/news/french-photographer-who-documented-liberation-war-revisits-bangladesh-after-50-years-3198641,sitemap:slug,2026-10-05T09:30:41+00:00
https://www.thedailystar.net/entertainment/tv-film/news/seven-bacsas-members-honoured-contributions-liberation-war-3207301,sitemap:slug,2026-10-05T09:30:41+00:00
https://www.thedailystar.net/news/bangladesh/news/muktijuddher-chikitsha-itihash-unveiled-3207656,sitemap:slug,2026-10-05T09:30:41+00:00
https://www.thedailystar.net/editorial/news/freedom-fighters-forever-war-2021837,sitemap:slug,2026-10-05T09:30:47+00:00
https://www.thedailystar.net/online/news/bangladesh-wants-official-apology-pakistan-1971-genocide-2023949,sitemap:slug,2026-10-05T09:30:47+00:00
https://www.thedailystar.net/arts-entertainment/news/produce-high-quality-films-liberation-war-counter-distortion-history-pm-2029253,sitemap:slug,2026-10-05T09:30:47+00:00
https://www.thedailystar.net/backpage/news/make-more-films-liberation-war-2029497,sitemap:slug,2026-10-05T09:30:47+00:00
https://www.thedailystar.net/politics/news/obaidul-quader-belongs-family-razakars-claims-noakhali-4-mp-ekramul-2032229,sitemap:slug,2026-10-05T09:30:47+00:00
https://www.thedailystar.net/backpage/news/obaidul-quader-belongs-razakar-family-2032313,sitemap:slug,2026-10-05T09:30:47+00:00
https://www.thedailystar.net/bangladesh/news/musicologist-sanjida-khatun-liberation-war-veteran-col-quazi-zahir-chosen-indias-padma-shri-award-2033749,sitemap:slug,2026-10-05T09:30:47+00:00
https://www.thedailystar.net/opinion/online-exclusive/news/from-1971-to-2021-as-bangladesh-forges-ahead-pakistan-denial-continues-2036073,sitemap:slug,2026-10-05T09:30:47+00:00
https://www.thedailystar.net/star-youth/news/sign-the-daily-star-muktijuddho-olympiad-now-2037337,sitemap:slug,2026-10-05T09:30:47+00:00
https://www.thedailystar.net/india/news/india-direct-twitter-remove-content-accounts-related-farmer-genocide-hashtags-2038669,sitemap:slug,2026-10-05T09:30:47+00:00
https://www.thedailystar.net/backpage/news/liberation-war-heroes-bangladesh-honours-2-journos-kolkata-2040413,sitemap:slug,2026-10-05T09:30:47+00:00
https://www.thedailystar.net/backpage/news/martyred-intellectuals-govt-finalises-definition-2042665,sitemap:slug,2026-10-05T09:30:47+00:00
https://www.thedailystar.net/book-reviews/news/how-1952-paved-the-way-1971-2042985,sitemap:slug,2026-10-05T09:30:47+00:00
https://www.thedailystar.net/opinion/news/intellectual-property-cause-death-genocide-2043853,sitemap:slug,2026-10-05T09:30:47+00:00
https://www.thedailystar.net/city/news/world-radio-day-betars-role-1971-recalled-2044513,sitemap:slug,2026-10-05T09:30:47+00:00
https://www.thedailystar.net/present-authentic-liberation-war-history-new-generation-2045181,sitemap:slug,2026-10-05T09:30:47+00:00
https://www.thedailystar.net/world/south-asia/news/no-statute-limitation-hold-trial-1971-genocide-pakistan-army-doraiswami-2045257,sitemap:slug,2026-10-05T09:30:47+00:00
https://www.thedailystar.net/city/news/present-authentic-liberation-war-history-new-generation-2045609,sitemap:slug,2026-10-05T09:30:47+00:00
https://www.thedailystar.net/world/south-asia/news/indian-high-commission-announces-winners-essay-competition-liberation-war-2045949,sitemap:slug,2026-10-05T09:30:47+00:00
https://www.thedailystar.net/star-youth/news/muktijuddho-olympiad-launched-2047533,sitemap:slug,2026-10-05T09:30:47+00:00
https://www.thedailystar.net/literature/news/the-spirit-1971-the-beginning-2048021,sitemap:slug,2026-10-05T09:30:47+00:00
https://www.thedailystar.net/north-america/news/canadas-parliament-passes-motion-saying-chinas-treatment-uighurs-genocide-2049797,sitemap:slug,2026-10-05T09:30:47+00:00
https://www.thedailystar.net/country/news/mosque-bears-horrific-memories-1971-2054109,sitemap:slug,2026-10-05T09:30:47+00:00
https://www.thedailystar.net/world/south-asia/news/50th-anniversary-liberation-war-2-indian-naval-ships-visit-mongla-march-8-10-2056909,sitemap:slug,2026-10-05T09:30:47+00:00
https://www.thedailystar.net/arts-entertainment/news/sabyasachi-chakraborty-and-fakhrul-arefeen-khan-together-again-jk-1971-2058821,sitemap:slug,2026-10-05T09:30:47+00:00
https://www.thedailystar.net/city/news/misrepresented-vaccination-video-attempt-embarrass-government-liberation-war-affairs-minister-2059889,sitemap:slug,2026-10-05T09:30:47+00:00
https://www.thedailystar.net/editorial/news/govt-planning-build-30000-homes-freedom-fighters-2059965,sitemap:slug,2026-10-05T09:30:47+00:00
https://www.thedailystar.net/arts-entertainment/news/liberation-war-museum-begins-celebrations-their-25th-anniversary-2060337,sitemap:slug,2026-10-05T09:30:47+00:00
https://www.thedailystar.net/arts-entertainment/news/independence-day-tribute-gems-nazrul-2060833,sitemap:slug,2026-10-05T09:30:47+00:00
https://www.thedailystar.net/backpage/news/road-freedom-day-bangladesh-liberation-war-history-2061241,sitemap:slug,2026-10-05T09:30:47+00:00
https://www.thedailystar.net/law-our-rights/news/commemorating-50-years-bangladesh-genocide-global-virtual-conference-organised-liberation-war-museum-2061513,sitemap:slug,2026-10-05T09:30:47+00:00
https://www.thedailystar.net/bangladesh/news/bangladesh-genocide-remains-unrecognised-unlike-those-europe-africa-paris-based-think-tank-2061637,sitemap:slug,2026-10-05T09:30:47+00:00
https://www.thedailystar.net/bangabandhus-birth-centenary-brtc-launches-special-tungipara-mujibnagar-bus-service-2062249,sitemap:slug,2026-10-05T09:30:47+00:00
https://www.thedailystar.net/backpage/news/operation-searchlight-inked-2062417,sitemap:slug,2026-10-05T09:30:47+00:00
https://www.thedailystar.net/city/news/brtc-launches-special-tungipara-mujibnagar-service-2062533,sitemap:slug,2026-10-05T09:30:47+00:00
https://www.thedailystar.net/arts-entertainment/news/gems-nazruls-independence-day-tribute-release-march-26-2063625,sitemap:slug,2026-10-05T09:30:47+00:00
https://www.thedailystar.net/literature/news/review-war-heroines-speak-the-rape-bangladeshi-women-1971-war-independence-2063693,sitemap:slug,2026-10-05T09:30:47+00:00
https://www.thedailystar.net/pr/news/inauguration-ceremony-the-bangabandhu-and-liberation-war-corner-and-launching-nsu-research-excellent-2064305,sitemap:slug,2026-10-05T09:30:47+00:00
https://www.thedailystar.net/opinion/black-white-grey/news/cancelled-1971-conference-pakistan-sends-message-2065033,sitemap:slug,2026-10-05T09:30:47+00:00
https://www.thedailystar.net/arts-entertainment/news/liberation-war-museum-celebrates-its-silver-jubilee-2065453,sitemap:slug,2026-10-05T09:30:47+00:00
https://www.thedailystar.net/world/south-asia/news/operation-searchlight-opened-gates-hell-pakistan-army-major-2065957,sitemap:slug,2026-10-05T09:30:47+00:00
https://www.thedailystar.net/news/bangladesh/news/operation-searchlight-never-seen-so-many-bodies-2066229,sitemap:slug,2026-10-05T09:30:47+00:00
https://www.thedailystar.net/arts-entertainment/news/tv-specials-watch-independence-day-2066685,sitemap:slug,2026-10-05T09:30:47+00:00
https://www.thedailystar.net/bangladesh/news/2-bangladeshi-organisations-stage-exhibition-paris-liberation-war-atrocities-2066753,sitemap:slug,2026-10-05T09:30:47+00:00
https://www.thedailystar.net/bangladesh/news/bangladeshis-need-shape-global-opinion-recognition-genocide-1971-speakers-say-2066765,sitemap:slug,2026-10-05T09:30:47+00:00
https://www.thedailystar.net/supplements/71-memory-lane/news/kohinoor-villa-massacre-blood-soaked-house-horror-1971-2066769,sitemap:slug|package:supplements/71-memory-lane,2026-10-05T09:30:47+00:00
https://www.thedailystar.net/backpage/news/gaibandha-blast-it-was-mortar-shell-1971-2066841,sitemap:slug,2026-10-05T09:30:47+00:00
https://www.thedailystar.net/bytes/news/1971-video-games-2067013,sitemap:slug,2026-10-05T09:30:47+00:00
https://www.thedailystar.net/toggle/news/must-watch-movies-fresh-perspective-the-liberation-war-2067053,sitemap:slug,2026-10-05T09:30:47+00:00
https://www.thedailystar.net/star-youth/news/independence-day-celebrations-amidst-pandemic-2067057,sitemap:slug,2026-10-05T09:30:47+00:00
https://www.thedailystar.net/country/news/operation-jahajmara-turning-point-the-liberation-war-history-2067061,sitemap:slug,2026-10-05T09:30:47+00:00
https://www.thedailystar.net/star-youth/news/independence-day-special-2067065,sitemap:slug,2026-10-05T09:30:47+00:00
https://www.thedailystar.net/shift/news/wheeled-relics-the-liberation-war-2067069,sitemap:slug,2026-10-05T09:30:47+00:00
https://www.thedailystar.net/star-youth/news/introducing-winners-the-daily-stars-muktijuddho-olympiad-2067073,sitemap:slug,2026-10-05T09:30:47+00:00
https://www.thedailystar.net/tech-startup/news/swadhin-bangla-betar-kendra-the-source-inspiration-and-bravado-during-the-liberation-war-2067077,sitemap:slug,2026-10-05T09:30:47+00:00
https://www.thedailystar.net/backpage/news/ffs-martyred-intellectuals-govt-publishes-partial-lists-2067137,sitemap:slug,2026-10-05T09:30:47+00:00
https://www.thedailystar.net/bangladesh/news/president-pm-pay-tribute-liberation-war-martyrs-2067169,sitemap:slug,2026-10-05T09:30:47+00:00
https://www.thedailystar.net/star-youth/news/dhanua-kamalpur-cooperative-high-school-home-sixty-freedom-fighters-2067181,sitemap:slug,2026-10-05T09:30:47+00:00
https://www.thedailystar.net/bangladesh/news/rajshahi-playwright-who-recovered-al-badr-documents-1971-passes-away-2067185,sitemap:slug,2026-10-05T09:30:47+00:00
https://www.thedailystar.net/families-must-educate-youths-history-liberation-war-2067253,sitemap:slug,2026-10-05T09:30:47+00:00
https://www.thedailystar.net/editorial/news/struggling-families-freedom-fighters-2067321,sitemap:slug,2026-10-05T09:30:47+00:00
https://www.thedailystar.net/country/news/indian-fighters-involved-1971-liberation-war-visit-tangail-2067717,sitemap:slug,2026-10-05T09:30:47+00:00
https://www.thedailystar.net/bangladesh/news/former-pakistani-diplomat-calls-official-apology-bangladesh-1971-genocide-2069089,sitemap:slug,2026-10-05T09:30:47+00:00
https://www.thedailystar.net/backpage/news/1971-war-crimes-trials-organisations-ever-elusive-2069217,sitemap:slug,2026-10-05T09:30:47+00:00
https://www.thedailystar.net/backpage/news/1971-genocide-pakistan-should-offer-apology-bangladesh-2069465,sitemap:slug,2026-10-05T09:30:47+00:00
https://www.thedailystar.net/opinion/news/modis-arrest-1971-indian-perspective-2069761,sitemap:slug,2026-10-05T09:30:47+00:00
https://www.thedailystar.net/shift/news/pictures-independence-day-vintage-classic-car-expo-2021-2070821,sitemap:slug,2026-10-05T09:30:47+00:00
https://www.thedailystar.net/star-live/news/history-podcast-operation-jackpot-1971-2073037,sitemap:slug,2026-10-05T09:30:47+00:00
https://www.thedailystar.net/editorial/news/freedom-fighter-deprived-his-dues-2076041,sitemap:slug,2026-10-05T09:30:47+00:00
https://www.thedailystar.net/bangladesh/news/mujibnagar-govt-played-historic-role-freedom-struggle-bangladesh-envoy-2078597,sitemap:slug,2026-10-05T09:30:47+00:00
https://www.thedailystar.net/frontpage/news/historic-mujibnagar-day-milestone-our-history-2078673,sitemap:slug,2026-10-05T09:30:47+00:00
https://www.thedailystar.net/backpage/news/mujibnagar-government-sworn-2078841,sitemap:slug,2026-10-05T09:30:47+00:00
https://www.thedailystar.net/supplements/historic-mujibnagar-day/news/looking-back-april-17-1971-2078865,sitemap:slug|package:supplements/historic-mujibnagar-day,2026-10-05T09:30:47+00:00
https://www.thedailystar.net/supplements/historic-mujibnagar-day/news/nation-rises-2078869,sitemap:slug|package:supplements/historic-mujibnagar-day,2026-10-05T09:30:47+00:00
https://www.thedailystar.net/backpage/news/mujibnagar-cabinet-meets-2082201,sitemap:slug,2026-10-05T09:30:48+00:00
https://www.thedailystar.net/arts-entertainment/news/lyricist-and-freedom-fighter-osman-shawkat-no-more-2084685,sitemap:slug,2026-10-05T09:30:48+00:00
https://www.thedailystar.net/backpage/news/road-freedom-day-bangladesh-liberation-war-history-2089641,sitemap:slug,2026-10-05T09:30:48+00:00
https://www.thedailystar.net/backpage/news/war-criminals-relatives-assault-birangana-2094061,sitemap:slug,2026-10-05T09:30:48+00:00
https://www.thedailystar.net/city/news/preserve-kolkata-building-housed-mujibnagar-govt-2097629,sitemap:slug,2026-10-05T09:30:48+00:00
https://www.thedailystar.net/arts-entertainment/news/tajuddin-ahmeds-faces-reflects-human-resilience-2100897,sitemap:slug,2026-10-05T09:30:48+00:00
https://www.thedailystar.net/bangladesh/news/no-hefajat-leaders-supporters-be-arrested-without-allegations-says-liberation-war-affairs-minister-2103637,sitemap:slug,2026-10-05T09:30:48+00:00
https://www.thedailystar.net/budget-2021-22/news/freedom-fighters-allowance-proposed-be-increased-tk-20000-2104157,sitemap:slug,2026-10-05T09:30:48+00:00
https://www.thedailystar.net/city/news/six-point-day-today-2106185,sitemap:slug,2026-10-05T09:30:48+00:00
https://www.thedailystar.net/frontpage/news/liberation-came-riding-six-point-demand-pm-2107001,sitemap:slug,2026-10-05T09:30:48+00:00
https://www.thedailystar.net/opinion/news/how-mascarenhass-report-changed-bangladeshs-liberation-war-2109609,sitemap:slug,2026-10-05T09:30:48+00:00
https://www.thedailystar.net/editorial/news/why-cant-women-pay-respect-freedom-fighters-2111649,sitemap:slug,2026-10-05T09:30:48+00:00
https://www.thedailystar.net/india/news/indias-congress-party-reviving-plan-mark-golden-jubilee-bangladeshs-liberation-war-2115073,sitemap:slug,2026-10-05T09:30:48+00:00
https://www.thedailystar.net/crime/news/fake-freedom-fighter-certificate-scam-acc-sues-sonali-banks-ex-dgm-2116089,sitemap:slug,2026-10-05T09:30:48+00:00
https://www.thedailystar.net/news/world/uk/news/british-journalist-simon-dring-who-covered-liberation-war-no-more-2134661,sitemap:slug,2026-10-05T09:30:48+00:00
https://www.thedailystar.net/news/asia/south-asia/news/afghan-vp-slams-pakistani-trolls-image-pakistani-armys-1971-surrender-2135166,sitemap:slug,2026-10-05T09:30:48+00:00
https://www.thedailystar.net/news/bangladesh/politics/news/local-swechhasebak-league-leader-calls-natore-2-mps-father-razakar-2136621,sitemap:slug,2026-10-05T09:30:48+00:00
https://www.thedailystar.net/news/bangladesh/crime-justice/news/received-death-threats-mentioning-natore-2-mps-father-razakar-book-ru-professor-2142286,sitemap:slug,2026-10-05T09:30:48+00:00
https://www.thedailystar.net/news/bangladesh/governance/news/liberation-war-affairs-minister-withdraws-comment-barring-the-unvaccinated-going-out-2144581,sitemap:slug,2026-10-05T09:30:48+00:00
https://www.thedailystar.net/news/bangladesh/news/liberation-war-award-launched-2148881,sitemap:slug,2026-10-05T09:30:48+00:00
https://www.thedailystar.net/news/bangladesh/news/collect-documents-liberation-war-scattered-across-the-world-pm-2149206,sitemap:slug,2026-10-05T09:30:48+00:00
https://www.thedailystar.net/star-multimedia/news/liberation-war-fundraiser-repaid-name-listed-among-embezzlers-2151641,sitemap:slug,2026-10-05T09:30:48+00:00
https://www.thedailystar.net/news/bangladesh/news/anti-liberation-war-forces-still-conspiring-against-bangladesh-pm-2165186,sitemap:slug,2026-10-05T09:30:48+00:00
https://www.thedailystar.net/news/bangladesh/news/army-chief-visits-indian-brigade-entered-dhaka-1971-2170366,sitemap:slug,2026-10-05T09:30:48+00:00
https://www.thedailystar.net/news/bangladesh/news/malraux-wants-join-bangladesh-liberation-war-2176021,sitemap:slug,2026-10-05T09:30:48+00:00
https://www.thedailystar.net/views/opinion/news/looking-back-the-1971-concert-sympathy-2178786,sitemap:slug,2026-10-05T09:30:48+00:00
https://www.thedailystar.net/entertainment/tv-film/news/filming-fakhrul-arefeen-khans-jk-1971-kicks-2179326,sitemap:slug,2026-10-05T09:30:48+00:00
https://www.thedailystar.net/news/bangladesh/news/conference-geneva-recognise-1971-genocide-bangladesh-2182451,sitemap:slug,2026-10-05T09:30:48+00:00
https://www.thedailystar.net/entertainment/theatre-arts/news/five-day-cultural-programme-bangladeshs-liberation-war-be-held-kolkata-2182511,sitemap:slug,2026-10-05T09:30:48+00:00
https://www.thedailystar.net/news/bangladesh/news/mukti-bahini-expanded-2183406,sitemap:slug,2026-10-05T09:30:48+00:00
https://www.thedailystar.net/entertainment/tv-film/news/hridi-haqs-1971-shei-shob-din-shines-light-bangladeshs-independence-2185116,sitemap:slug,2026-10-05T09:30:48+00:00
https://www.thedailystar.net/nrb/news/intl-conference-held-geneva-recognise-bangladesh-genocide-2188446,sitemap:slug,2026-10-05T09:30:48+00:00
https://www.thedailystar.net/news/bangladesh/diplomacy/news/contributions-liberation-war-bangladesh-honours-10-indian-naval-war-veterans-2191981,sitemap:slug,2026-10-05T09:30:48+00:00
https://www.thedailystar.net/entertainment/theatre-arts/news/revisiting-1971-through-prangone-mors-condemned-cell-2192851,sitemap:slug,2026-10-05T09:30:48+00:00
https://www.thedailystar.net/entertainment/theatre-arts/news/revisiting-9-months-the-liberation-war-battle-bangladesh-2195786,sitemap:slug,2026-10-05T09:30:48+00:00
https://www.thedailystar.net/news/bangladesh/politics/news/those-who-attacked-hindu-temples-are-enemies-the-liberation-war-spirit-quader-2200156,sitemap:slug,2026-10-05T09:30:48+00:00
https://www.thedailystar.net/entertainment/theatre-arts/news/photography-exhibition-bangladesh-1971-mourning-and-morning-kicks-2201206,sitemap:slug,2026-10-05T09:30:48+00:00
https://www.thedailystar.net/news/bangladesh/diplomacy/news/macron-writes-hasina-exhibit-marc-ribouds-liberation-war-photos-2203051,sitemap:slug,2026-10-05T09:30:48+00:00
https://www.thedailystar.net/opinion/the-third-view/news/imbibing-1971-values-our-post-liberation-generation-2203316,sitemap:slug,2026-10-05T09:30:48+00:00
https://www.thedailystar.net/views/opinion/news/requiem-freedom-fighter-2205561,sitemap:slug,2026-10-05T09:30:49+00:00
https://www.thedailystar.net/news/bangladesh/news/including-muktijuddho-muktijoddha-constitution-petition-filed-hc-2208401,sitemap:slug,2026-10-05T09:30:49+00:00
https://www.thedailystar.net/entertainment/tv-film/news/pakistan-makes-film-1971-how-accurate-can-we-expect-the-film-be-2222061,sitemap:slug,2026-10-05T09:30:49+00:00
https://www.thedailystar.net/arts-entertainment/event/news/operation-x-tale-liberation-war-launched-bangla-2225006,sitemap:slug,2026-10-05T09:30:49+00:00
https://www.thedailystar.net/entertainment/tv-film/news/month-long-liberation-war-film-festival-commences-12-districts-2225611,sitemap:slug,2026-10-05T09:30:49+00:00
https://www.thedailystar.net/youth/education/campus/news/muktijuddho-moncho-leader-locks-5-rooms-ru-hall-students-inside-2225761,sitemap:slug,2026-10-05T09:30:49+00:00
https://www.thedailystar.net/star-multimedia/news-multimedia/news/reliving-1971-zoha-hall-kotha-koy-2228306,sitemap:slug,2026-10-05T09:30:49+00:00
https://www.thedailystar.net/news/bangladesh/news/carry-out-more-research-liberation-war-2904591,sitemap:slug,2026-10-05T09:30:49+00:00
https://www.thedailystar.net/daily-star-books/news/gyantapas-abdur-razzaq-foundation-hosts-discussion-freedom-fighters-dhaka-2906336,sitemap:slug,2026-10-05T09:30:49+00:00
https://www.thedailystar.net/news/bangladesh/news/road-freedom-day-bangladesh-liberation-war-history-2906801,sitemap:slug,2026-10-05T09:30:49+00:00
https://www.thedailystar.net/news/bangladesh/news/1971-genocide-hague-conference-demands-unconditional-apology-pakistan-2907236,sitemap:slug,2026-10-05T09:30:49+00:00
https://www.thedailystar.net/entertainment/tv-film/news/the-defeated-forces-1971-are-trying-come-back-their-ideology-2907356,sitemap:slug,2026-10-05T09:30:49+00:00
https://www.thedailystar.net/star-multimedia/news-multimedia/news/smuggler-who-played-important-role-liberation-war-2909786,sitemap:slug,2026-10-05T09:30:49+00:00
https://www.thedailystar.net/entertainment/tv-film/news/shapod-depicts-real-incident-based-1971-2910261,sitemap:slug,2026-10-05T09:30:49+00:00
https://www.thedailystar.net/news/bangladesh/diplomacy/news/reminiscing-road-liberation-1971-held-igcc-2910321,sitemap:slug,2026-10-05T09:30:49+00:00
https://www.thedailystar.net/news/bangladesh/news/bangabandhu-wouldve-wanted-formal-apology-1971-atrocities-former-pakistani-diplomat-2910686,sitemap:slug,2026-10-05T09:30:49+00:00
https://www.thedailystar.net/entertainment/tv-film/news/saidul-anam-tutuls-last-film-kalbela-premieres-liberation-war-museum-2913021,sitemap:slug,2026-10-05T09:30:49+00:00
https://www.thedailystar.net/culture/art-design/photography/news/exhibition-featuring-never-displayed-photos-bangladesh-1971-1972-opens-tomorrow-2913666,sitemap:slug,2026-10-05T09:30:49+00:00
https://www.thedailystar.net/news/bangladesh/news/recognise-1971-genocide-ghatak-dalal-nirmul-committee-urges-eu-2913761,sitemap:slug,2026-10-05T09:30:49+00:00
https://www.thedailystar.net/law-our-rights/news/bangladesh-should-withdraw-its-reservation-the-un-genocide-convention-2914786,sitemap:slug,2026-10-05T09:30:49+00:00
https://www.thedailystar.net/news/asia/india/news/tangail-air-drop-during-liberation-war-re-enacted-indias-agra-2915041,sitemap:slug,2026-10-05T09:30:49+00:00
https://www.thedailystar.net/news/bangladesh/news/liberation-war-feature-qawmi-books-2915966,sitemap:slug,2026-10-05T09:30:49+00:00
https://www.thedailystar.net/news/bangladesh/news/pictures-kader-siddique-and-his-kaderia-bahini-during-liberation-war-2916496,sitemap:slug,2026-10-05T09:30:49+00:00
https://www.thedailystar.net/star-multimedia/news-multimedia/news/story-martyred-intellectual-mostafa-hassan-2916871,sitemap:slug,2026-10-05T09:30:49+00:00
https://www.thedailystar.net/life-living/news/bijoy-50-uthsob-celebrate-victory-day-intercontinental-dhaka-2916336,sitemap:slug,2026-10-05T09:30:49+00:00
https://www.thedailystar.net/supplements/martyred-intellectuals-day-2021/news/remembering-our-martyred-intellectuals-2916736,sitemap:slug|package:supplements/martyred-intellectuals-day-2021,2026-10-05T09:30:49+00:00
https://www.thedailystar.net/supplements/martyred-intellectuals-day-2021/news/the-war-liberation-and-my-humble-participation-2916741,sitemap:slug|package:supplements/martyred-intellectuals-day-2021,2026-10-05T09:30:49+00:00
https://www.thedailystar.net/supplements/martyred-intellectuals-day-2021/news/squirrels-tale-2916751,sitemap:slug|package:supplements/martyred-intellectuals-day-2021,2026-10-05T09:30:49+00:00
https://www.thedailystar.net/supplements/martyred-intellectuals-day-2021/news/bhai-zahir-raihan-2916766,sitemap:slug|package:supplements/martyred-intellectuals-day-2021,2026-10-05T09:30:49+00:00
https://www.thedailystar.net/supplements/martyred-intellectuals-day-2021/news/opu-and-topu-2916771,sitemap:slug|package:supplements/martyred-intellectuals-day-2021,2026-10-05T09:30:49+00:00
https://www.thedailystar.net/views/opinion/news/the-commitment-the-martyred-intellectuals-2916866,sitemap:slug,2026-10-05T09:30:49+00:00
https://www.thedailystar.net/news/bangladesh/news/martyred-intellectuals-day-loss-not-entirely-personal-2916891,sitemap:slug,2026-10-05T09:30:49+00:00
https://www.thedailystar.net/life-living/news/remembering-the-martyred-intellectuals-2917181,sitemap:slug,2026-10-05T09:30:49+00:00
https://www.thedailystar.net/news/bangladesh/news/pm-pays-tributes-martyred-intellectuals-2917226,sitemap:slug,2026-10-05T09:30:49+00:00
https://www.thedailystar.net/news/bangladesh/news/individuals-cant-own-historical-images-photos-bangabandhu-liberation-war-hc-2917396,sitemap:slug,2026-10-05T09:30:49+00:00
https://www.thedailystar.net/entertainment/theatre-arts/news/bsas-arrangement-marking-martyred-intellectuals-day-2917446,sitemap:slug,2026-10-05T09:30:49+00:00
https://www.thedailystar.net/news/bangladesh/news/goal-was-sabotage-bangladeshs-dignified-existence-joy-martyred-intellectuals-day-2917521,sitemap:slug,2026-10-05T09:30:49+00:00
https://www.thedailystar.net/business/news/fbcci-honours-9-organisations-contribution-during-liberation-war-post-independence-2918271,sitemap:slug,2026-10-05T09:30:49+00:00
https://www.thedailystar.net/news/bangladesh/news/joy-criticizes-jamaat-strengthening-pakistans-footing-during-liberation-war-2918411,sitemap:slug,2026-10-05T09:30:49+00:00
https://www.thedailystar.net/supplements/victory-day-special-2021/news/celebrating-golden-jubilee-victory-2917881,sitemap:slug|package:supplements/victory-day-special-2021,2026-10-05T09:30:49+00:00
https://www.thedailystar.net/supplements/victory-day-special-2021/news/tales-courage-and-patriotism-2917981,sitemap:slug|package:supplements/victory-day-special-2021,2026-10-05T09:30:49+00:00
https://www.thedailystar.net/supplements/victory-day-special-2021/news/1971-pn-haksar-bridging-the-security-gap-2917996,sitemap:slug|package:supplements/victory-day-special-2021,2026-10-05T09:30:49+00:00
https://www.thedailystar.net/supplements/victory-day-special-2021/news/year-sacrificial-patriotism-2918006,sitemap:slug|package:supplements/victory-day-special-2021,2026-10-05T09:30:49+00:00
https://www.thedailystar.net/supplements/victory-day-special-2021/news/how-nationalist-imaginaries-were-reconstituted-1971-2918021,sitemap:slug|package:supplements/victory-day-special-2021,2026-10-05T09:30:49+00:00
https://www.thedailystar.net/supplements/victory-day-special-2021/news/1971-some-fragments-memory-2918026,sitemap:slug|package:supplements/victory-day-special-2021,2026-10-05T09:30:49+00:00
https://www.thedailystar.net/supplements/victory-day-special-2021/news/retracing-the-1971-exodus-2918041,sitemap:slug|package:supplements/victory-day-special-2021,2026-10-05T09:30:49+00:00
https://www.thedailystar.net/supplements/victory-day-special-2021/news/the-chattogram-resistance-2918051,sitemap:slug|package:supplements/victory-day-special-2021,2026-10-05T09:30:49+00:00
https://www.thedailystar.net/views/opinion/news/we-must-stand-united-uphold-the-spirit-our-liberation-war-2918521,sitemap:slug,2026-10-05T09:30:49+00:00
https://www.thedailystar.net/supplements/victory-day-special-2021/news/red-stains-green-gardens-2918616,sitemap:slug|package:supplements/victory-day-special-2021,2026-10-05T09:30:49+00:00
https://www.thedailystar.net/supplements/victory-day-special-2021/news/when-living-even-more-painful-2918621,sitemap:slug|package:supplements/victory-day-special-2021,2026-10-05T09:30:49+00:00
https://www.thedailystar.net/supplements/victory-day-special-2021/news/they-went-sleep-never-wake-2918631,sitemap:slug|package:supplements/victory-day-special-2021,2026-10-05T09:30:49+00:00
https://www.thedailystar.net/daily-star-books/news/nonfiction-books-the-liberation-war-released-year-2918841,sitemap:slug,2026-10-05T09:30:49+00:00
https://www.thedailystar.net/nrb/news/tributes-paid-martyred-intellectuals-londons-altab-ali-park-2918606,sitemap:slug,2026-10-05T09:30:49+00:00
https://www.thedailystar.net/news/bangladesh/news/president-pm-pay-tributes-liberation-war-martyrs-2918886,sitemap:slug,2026-10-05T09:30:49+00:00
https://www.thedailystar.net/news/asia/south-asia/news/modi-pays-tribute-muktijoddhas-biranganas-and-members-indian-army-sacrifices-liberation-war-2918916,sitemap:slug,2026-10-05T09:30:49+00:00
https://www.thedailystar.net/news/asia/india/news/1971-was-indira-gandhis-finest-year-sonia-gandhi-2918966,sitemap:slug,2026-10-05T09:30:49+00:00
https://www.thedailystar.net/entertainment/tv-film/news/how-would-i-make-film-based-1971-2919001,sitemap:slug,2026-10-05T09:30:49+00:00
https://www.thedailystar.net/life-living/news/stories-the-liberation-war-and-how-we-must-never-forget-pass-it-2919036,sitemap:slug,2026-10-05T09:30:49+00:00
https://www.thedailystar.net/news/asia/south-asia/news/seldom-has-humanity-witnessed-sacrifices-1971-indian-president-2919121,sitemap:slug,2026-10-05T09:30:49+00:00
https://www.thedailystar.net/views/editorial/news/celebration-victory-day-continues-2919191,sitemap:slug,2026-10-05T09:30:49+00:00
https://www.thedailystar.net/opinion/the-third-view/news/column-mahfuz-anam-golden-jubilee-celebration-medias-role-and-the-diplomatic-challenges-1971-2919256,sitemap:slug,2026-10-05T09:30:49+00:00
https://www.thedailystar.net/news/bangladesh/news/liberation-war-exhibition-held-barishal-city-2919456,sitemap:slug,2026-10-05T09:30:49+00:00
https://www.thedailystar.net/opinion/straight-line/news/understanding-the-spirit-the-liberation-war-2919921,sitemap:slug,2026-10-05T09:30:49+00:00
https://www.thedailystar.net/news/bangladesh/news/list-razakars-will-be-made-shortly-2920761,sitemap:slug,2026-10-05T09:30:49+00:00
https://www.thedailystar.net/star-multimedia/news-multimedia/news/birangana-manowara-recalls-torture-1971-2921211,sitemap:slug,2026-10-05T09:30:49+00:00
https://www.thedailystar.net/star-multimedia/news-multimedia/news/battle-tale-undaunted-liberation-war-hero-amin-hemrom-2921951,sitemap:slug,2026-10-05T09:30:49+00:00
https://www.thedailystar.net/opinion/the-grudging-urbanist/news/understanding-freedom-fighters-prison-letters-2921966,sitemap:slug,2026-10-05T09:30:49+00:00
https://www.thedailystar.net/arts-entertainment/theatre/news/liberation-war-through-the-eyes-differently-abled-artistes-2922336,sitemap:slug,2026-10-05T09:30:49+00:00
https://www.thedailystar.net/shout/bulletin-board/news/seu-observes-martyred-intellectuals-day-2922521,sitemap:slug,2026-10-05T09:30:49+00:00
https://www.thedailystar.net/entertainment/tv-film/news/bangladesh-film-archive-and-rajshahi-university-organise-liberation-war-film-festival-2923136,sitemap:slug,2026-10-05T09:30:49+00:00
https://www.thedailystar.net/news/bangladesh/news/birangona-shefali-das-dream-own-house-still-elusive-2923576,sitemap:slug,2026-10-05T09:30:49+00:00
https://www.thedailystar.net/views/opinion/news/the-political-rumblings-india-over-1971-2924301,sitemap:slug,2026-10-05T09:30:49+00:00
https://www.thedailystar.net/entertainment/tv-film/news/unapologetic-distortion-history-pakistani-1971-drama-jo-bichar-gaye-2925361,sitemap:slug,2026-10-05T09:30:49+00:00
https://www.thedailystar.net/lifestyle/news/shah-cement-sponsors-song-victory-day-2021-2926686,sitemap:slug,2026-10-05T09:30:50+00:00
https://www.thedailystar.net/entertainment/tv-film/news/unapologetic-distortion-history-pakistani-1971-drama-jo-bichar-gaye-2926856,sitemap:slug,2026-10-05T09:30:50+00:00
https://www.thedailystar.net/star-multimedia/news-multimedia/news/elderly-children-women-not-spared-gazipur-massacre-during-liberation-war-2928141,sitemap:slug,2026-10-05T09:30:50+00:00
https://www.thedailystar.net/city/news/liberation-war-organiser-ahmed-ali-passes-away-1852987,sitemap:slug,2026-10-05T09:30:55+00:00
https://www.thedailystar.net/country/1971-war-crimes-trial-supreme-court-verdict-qaisar-tomorrow-1853551,sitemap:slug,2026-10-05T09:30:55+00:00
https://www.thedailystar.net/city/one-held-murder-attempt-liberation-war-museum-trustee-sarwar-lisarwar-ali-1853593,sitemap:slug,2026-10-05T09:30:55+00:00
https://www.thedailystar.net/country/razakars-list-in-bangladesh-mp-slams-liberation-war-affairs-minister-1854928,sitemap:slug,2026-10-05T09:30:55+00:00
https://www.thedailystar.net/arts-entertainment/news/book-liberation-war-1971-muktijoddhar-boyaan-launched-1858600,sitemap:slug,2026-10-05T09:30:55+00:00
https://www.thedailystar.net/country/news/earth-being-stolen-banks-bhairab-river-mujibnagar-1859392,sitemap:slug,2026-10-05T09:30:55+00:00
https://www.thedailystar.net/opinion/closer-look/news/when-economics-prevails-over-genocide-1859398,sitemap:slug,2026-10-05T09:30:55+00:00
https://www.thedailystar.net/law-our-rights/news/csgjs-6th-winter-school-genocide-and-justice-1859959,sitemap:slug,2026-10-05T09:30:55+00:00
https://www.thedailystar.net/country/news/sukhsagar-onion-brings-smile-mujibnagar-farmers-1863694,sitemap:slug,2026-10-05T09:30:55+00:00
https://www.thedailystar.net/city/news/dr-kamals-role-during-liberation-war-was-mysterious-1866376,sitemap:slug,2026-10-05T09:30:55+00:00
https://www.thedailystar.net/city/news/justice-obaiduls-book-liberation-war-launched-1868209,sitemap:slug,2026-10-05T09:30:55+00:00
https://www.thedailystar.net/arts-entertainment/news/ekattore-ek-bindu-shishir-bir-protik-mizanur-rahman-khan-revisits-the-dark-days-1971-1873714,sitemap:slug,2026-10-05T09:30:55+00:00
https://www.thedailystar.net/international/news/delhi-riots-state-sponsored-genocide-mamata-banerjee-1875358,sitemap:slug,2026-10-05T09:30:55+00:00
https://www.thedailystar.net/arts-entertainment/news/pori-moni-star-hridi-haqs-1971-shei-shob-din-1876030,sitemap:slug,2026-10-05T09:30:55+00:00
https://www.thedailystar.net/supplements/news/road-march-7-1971-1877419,sitemap:slug,2026-10-05T09:30:55+00:00
https://www.thedailystar.net/city/news/1971-genocide-has-be-documented-1880572,sitemap:slug,2026-10-05T09:30:55+00:00
https://www.thedailystar.net/city/news/justice-abu-sayeed-resigned-du-vc-day-1971-1880929,sitemap:slug,2026-10-05T09:30:55+00:00
https://www.thedailystar.net/lifestyle/news/celebrate-independence-day-rang-bangladesh-1881742,sitemap:slug,2026-10-05T09:30:55+00:00
https://www.thedailystar.net/supplements/bangabandhus-birth-centenary-special/news/letter-tajuddin-1881844,sitemap:slug,2026-10-05T09:30:55+00:00
https://www.thedailystar.net/lifestyle/news/posters-1971-guide-freedom-1884862,sitemap:slug,2026-10-05T09:30:56+00:00
https://www.thedailystar.net/lifestyle/news/independence-day-nipun-1884973,sitemap:slug,2026-10-05T09:30:56+00:00
https://www.thedailystar.net/coronavirus-deadly-new-threat/news/china-send-coronavirus-test-kits-ppe-gift-independence-day-momen-1885378,sitemap:slug,2026-10-05T09:30:56+00:00
https://www.thedailystar.net/opinion/news/prelude-order-genocide-1885354,sitemap:slug,2026-10-05T09:30:56+00:00
https://www.thedailystar.net/shout/news/time-capsule-the-liberation-war-1885585,sitemap:slug,2026-10-05T09:30:56+00:00
https://www.thedailystar.net/editorial/news/revisiting-the-ethos-equality-independence-day-1885843,sitemap:slug,2026-10-05T09:30:56+00:00
https://www.thedailystar.net/arts-entertainment/news/liberation-war-films-1887718,sitemap:slug,2026-10-05T09:30:56+00:00
https://www.thedailystar.net/sports/news/1971-we-could-see-the-enemy-1892368,sitemap:slug,2026-10-05T09:30:56+00:00
https://www.thedailystar.net/country/news/youth-gunned-down-liberation-war-ministers-gunman-another-sustains-bullet-injury-1893877,sitemap:slug,2026-10-05T09:30:56+00:00
https://www.thedailystar.net/country/news/graves-liberation-war-martyrs-lie-neglect-1895020,sitemap:slug,2026-10-05T09:30:56+00:00
https://www.thedailystar.net/backpage/news/historic-six-point-day-today-1910193,sitemap:slug,2026-10-05T09:30:56+00:00
https://www.thedailystar.net/backpage/news/six-point-demand-was-the-roadmap-independence-1910213,sitemap:slug,2026-10-05T09:30:56+00:00
https://www.thedailystar.net/six-point-demand-blossomed-bangalees-demand-freedom-1910545,sitemap:slug,2026-10-05T09:30:56+00:00
https://www.thedailystar.net/backpage/news/6-point-emerged-demand-freedom-pm-1910757,sitemap:slug,2026-10-05T09:30:56+00:00
https://www.thedailystar.net/coronavirus-deadly-new-threat/news/liberation-war-affairs-minister-and-spouse-found-covid-19-positive-1913325,sitemap:slug,2026-10-05T09:30:56+00:00
https://www.thedailystar.net/backpage/news/liberation-war-affairs-minister-his-wife-infected-covid-19-1913465,sitemap:slug,2026-10-05T09:30:56+00:00
https://www.thedailystar.net/country/news/7-charged-over-robbery-liberation-war-museum-trustee-sarwar-alis-house-1914829,sitemap:slug,2026-10-05T09:30:56+00:00
https://www.thedailystar.net/bangladesh-liberation-war-minister-wife-dies-of-covid-19-1922245,sitemap:slug,2026-10-05T09:30:56+00:00
https://www.thedailystar.net/city/news/liberation-war-affairs-ministers-wife-laila-banu-dies-covid-19-1922561,sitemap:slug,2026-10-05T09:30:56+00:00
https://www.thedailystar.net/letters/news/possible-genocide-again-1924685,sitemap:slug,2026-10-05T09:30:56+00:00
https://www.thedailystar.net/backpage/news/foundation-freedom-fighters-maimed-liberation-war-1924829,sitemap:slug,2026-10-05T09:30:56+00:00
https://www.thedailystar.net/top-news/news/convicted-war-criminal-mueen-uddin-sues-uk-home-secretary-over-libel-damages-report-1932797,sitemap:slug,2026-10-05T09:30:56+00:00
https://www.thedailystar.net/sc-hear-1971-war-criminal-azharul-review-petition-once-regular-functions-resume-1933329,sitemap:slug,2026-10-05T09:30:56+00:00
https://www.thedailystar.net/opinion/magic-madness/news/the-art-being-tajuddin-ahmad-1934557,sitemap:slug,2026-10-05T09:30:56+00:00
https://www.thedailystar.net/opinion/tribute/news/bir-protik-major-taher-ahmed-liberation-war-hero-1937141,sitemap:slug,2026-10-05T09:30:56+00:00
https://www.thedailystar.net/city/news/share-true-history-1971-among-youths-1937845,sitemap:slug,2026-10-05T09:30:56+00:00
https://www.thedailystar.net/arts-entertainment/news/liberation-war-museum-observes-hiroshima-day-online-exhibition-1941701,sitemap:slug,2026-10-05T09:30:56+00:00
https://www.thedailystar.net/ict-probe-body-releases-report-against-4-razakars-in-noakhali-1943885,sitemap:slug,2026-10-05T09:30:56+00:00
https://www.thedailystar.net/editorial/news/has-the-world-lost-interest-the-victims-genocide-1950401,sitemap:slug,2026-10-05T09:30:56+00:00
https://www.thedailystar.net/country/news/six-point-demand-solely-bangabandhus-brainchild-pm-1951205,sitemap:slug,2026-10-05T09:30:56+00:00
https://www.thedailystar.net/backpage/news/6-point-demand-brainchild-bangabandhu-alone-pm-1951453,sitemap:slug,2026-10-05T09:30:56+00:00
https://www.thedailystar.net/bangladesh-liberation-war-museum-trustee-ziauddin-tariq-ali-dies-covid-19-1957253,sitemap:slug,2026-10-05T09:30:56+00:00
https://www.thedailystar.net/opinion/tribute/news/remembering-two-key-1971-commanders-we-just-lost-1957513,sitemap:slug,2026-10-05T09:30:56+00:00
https://www.thedailystar.net/country/news/bogura-mass-grave-gets-formal-recognition-49-years-after-liberation-war-1958073,sitemap:slug,2026-10-05T09:30:56+00:00
https://www.thedailystar.net/1971-liberation-war-articles/news/the-archives-freedom-fight-two-missionaries-1960529,sitemap:slug,2026-10-05T09:30:56+00:00
https://www.thedailystar.net/opinion/tribute/news/freedom-fighter-tariq-ali-man-great-heart-1963657,sitemap:slug,2026-10-05T09:30:56+00:00
https://www.thedailystar.net/bangadesh-1971-freedom-fighters-hc-recognising-those-who-received-training-1965561,sitemap:slug,2026-10-05T09:30:56+00:00
https://www.thedailystar.net/prime-minister-chalks-out-six-point-global-financial-plan-tackle-covid-19-crisis-1969653,sitemap:slug,2026-10-05T09:30:56+00:00
https://www.thedailystar.net/country/news/freedom-fighters-list-be-published-dec-16-liberation-war-affairs-minister-1981333,sitemap:slug,2026-10-05T09:30:56+00:00
https://www.thedailystar.net/world/south-asia/news/named-after-liberation-war-predecessor-indias-warfare-stealth-corvette-commissioned-1982565,sitemap:slug,2026-10-05T09:30:57+00:00
https://www.thedailystar.net/north-america/news/us-senators-push-uighurs-genocide-bill-1986053,sitemap:slug,2026-10-05T09:30:57+00:00
https://www.thedailystar.net/opinion/news/how-respectful-are-we-the-ideals-liberation-war-1990057,sitemap:slug,2026-10-05T09:30:57+00:00
https://www.thedailystar.net/backpage/news/govt-build-memorial-honouring-martyred-intellectuals-1994085,sitemap:slug,2026-10-05T09:30:57+00:00
https://www.thedailystar.net/country/news/writ-challenges-govt-move-sell-arms-and-weapons-used-during-liberation-war-1995449,sitemap:slug,2026-10-05T09:30:57+00:00
https://www.thedailystar.net/city/news/stop-sale-weapons-used-liberation-war-1995701,sitemap:slug,2026-10-05T09:30:57+00:00
https://www.thedailystar.net/city/news/bangabandhus-sculpture-will-be-erected-suhrawardy-udyan-liberation-war-affairs-minister-1997125,sitemap:slug,2026-10-05T09:30:57+00:00
https://www.thedailystar.net/editorial/news/school-threatened-over-victory-day-cultural-event-1997289,sitemap:slug,2026-10-05T09:30:57+00:00
https://www.thedailystar.net/committee-formed-scrutinise-list-martyred-intellectuals-1999681,sitemap:slug,2026-10-05T09:30:57+00:00
https://www.thedailystar.net/city/news/committee-formed-scrutinise-list-martyred-intellectuals-2000093,sitemap:slug,2026-10-05T09:30:57+00:00
https://www.thedailystar.net/country/news/hc-issues-injunction-selling-weapons-used-during-the-liberation-war-2000289,sitemap:slug,2026-10-05T09:30:57+00:00
https://www.thedailystar.net/city/news/weapons-used-liberation-war-cannot-be-sold-hc-2000665,sitemap:slug,2026-10-05T09:30:57+00:00
https://www.thedailystar.net/city/news/opposing-bangabandhus-sculpture-muktijuddho-moncho-holds-demo-dhakas-shahbagh-2002509,sitemap:slug,2026-10-05T09:30:57+00:00
https://www.thedailystar.net/country/news/the-birangona-we-never-knew-2004973,sitemap:slug,2026-10-05T09:30:57+00:00
https://www.thedailystar.net/country/news/bangladesh-cannot-forget-pakistan-atrocities-1971-pm-sheikh-hasina-to-pak-envoy-2005321,sitemap:slug,2026-10-05T09:30:57+00:00
https://www.thedailystar.net/country/news/lalmonirhat-freed-day-1971-2006745,sitemap:slug,2026-10-05T09:30:57+00:00
https://www.thedailystar.net/letters/news/recognising-our-birangona-women-2007093,sitemap:slug,2026-10-05T09:30:57+00:00
https://www.thedailystar.net/country/news/1971-trauma-motivation-seeking-end-genocide-pm-2008021,sitemap:slug,2026-10-05T09:30:57+00:00
https://www.thedailystar.net/country/news/security-beefed-mujibnagar-complex-2008041,sitemap:slug,2026-10-05T09:30:57+00:00
https://www.thedailystar.net/city/news/old-230kg-bomb-found-buried-dhaka-airport-possibly-1971-2008469,sitemap:slug,2026-10-05T09:30:57+00:00
https://www.thedailystar.net/top-news/news/pakistani-media-coverage-pm-hasina-and-envoys-meet-leaves-out-1971-remarks-2008501,sitemap:slug,2026-10-05T09:30:57+00:00
https://www.thedailystar.net/country/news/freedom-fighters-wont-tolerate-any-affront-towards-bangabandhu-liberation-war-minister-2008589,sitemap:slug,2026-10-05T09:30:57+00:00
https://www.thedailystar.net/top-news/news/pm-urges-global-leaders-take-action-prevent-recurrence-genocide-2008869,sitemap:slug,2026-10-05T09:30:57+00:00
https://www.thedailystar.net/arts-entertainment/news/gems-nazrul-spread-hope-victory-day-these-troubling-times-2009085,sitemap:slug,2026-10-05T09:30:57+00:00
https://www.thedailystar.net/arts-entertainment/news/bishworangs-colourful-victory-day-renowned-artists-2009797,sitemap:slug,2026-10-05T09:30:57+00:00
https://www.thedailystar.net/country/news/govt-finalise-list-martyred-intellectuals-next-year-2010701,sitemap:slug,2026-10-05T09:30:57+00:00
https://www.thedailystar.net/country/news/hefajat-has-become-neo-razakar-says-sajeeb-wazed-joy-bangladesh-2010721,sitemap:slug,2026-10-05T09:30:57+00:00
https://www.thedailystar.net/supplements/martyred-intellectuals-day-2020/news/rifle-roti-aurat-the-first-novel-the-liberation-war-2010737,sitemap:slug|package:supplements/martyred-intellectuals-day-2020,2026-10-05T09:30:57+00:00
https://www.thedailystar.net/supplements/martyred-intellectuals-day-2020/news/wont-sareng-come-home-2010749,sitemap:slug|package:supplements/martyred-intellectuals-day-2020,2026-10-05T09:30:57+00:00
https://www.thedailystar.net/supplements/news/the-last-days-martyred-intellectual-2010753,sitemap:slug|package:supplements/martyred-intellectuals-day-2020,2026-10-05T09:30:57+00:00
https://www.thedailystar.net/frontpage/news/listing-martyred-intellectuals-it-begins-last-2010905,sitemap:slug,2026-10-05T09:30:57+00:00
https://www.thedailystar.net/city/news/unsung-martyred-intellectuals-2011041,sitemap:slug,2026-10-05T09:30:57+00:00
https://www.thedailystar.net/pm-sheikh-hasina-pays-tribute-martyred-intellectuals-2011149,sitemap:slug,2026-10-05T09:30:57+00:00
https://www.thedailystar.net/country/news/tangail-get-liberation-war-memorial-centre-mujib-year-2011389,sitemap:slug,2026-10-05T09:30:57+00:00
https://www.thedailystar.net/world/news/protesters-demand-apology-bangladesh-genocide-2011653,sitemap:slug,2026-10-05T09:30:57+00:00
https://www.thedailystar.net/arts-entertainment/news/victory-day-specials-watch-tv-2011793,sitemap:slug,2026-10-05T09:30:57+00:00
https://www.thedailystar.net/country/news/ideals-and-values-liberation-war-the-foundation-bilateral-ties-indian-high-commissioner-2011929,sitemap:slug,2026-10-05T09:30:57+00:00
https://www.thedailystar.net/opinion/news/benapole-stronghold-the-free-land-1971-2011973,sitemap:slug,2026-10-05T09:30:57+00:00
https://www.thedailystar.net/opinion/open-dialogue/news/remembering-the-hardships-we-faced-1971-2011997,sitemap:slug,2026-10-05T09:30:57+00:00
https://www.thedailystar.net/editorial/news/victory-day-never-2012069,sitemap:slug,2026-10-05T09:30:57+00:00
https://www.thedailystar.net/supplements/victory-day-special-2020/news/editors-note-2012201,sitemap:slug|package:supplements/victory-day-special-2020,2026-10-05T09:30:57+00:00
https://www.thedailystar.net/president-pm-pay-tributes-bangladesh-liberation-war-heroes-2012229,sitemap:slug,2026-10-05T09:30:57+00:00
https://www.thedailystar.net/arts-entertainment/news/notable-films-based-the-liberation-war-2012333,sitemap:slug,2026-10-05T09:30:57+00:00
https://www.thedailystar.net/country/news/liberation-war-memorial-sculpture-bogura-covered-black-cloth-victory-day-2012353,sitemap:slug,2026-10-05T09:30:57+00:00
https://www.thedailystar.net/book-reviews/news/tarashankars-1971-2012481,sitemap:slug,2026-10-05T09:30:57+00:00
https://www.thedailystar.net/frontpage/news/stay-firm-non-communal-spirit-1971-2012525,sitemap:slug,2026-10-05T09:30:57+00:00
https://www.thedailystar.net/frontpage/news/preserving-liberation-war-sites-project-hamstrung-land-issues-2012565,sitemap:slug,2026-10-05T09:30:57+00:00
https://www.thedailystar.net/shout/news/birangona-fifty-years-later-2012977,sitemap:slug,2026-10-05T09:30:57+00:00
https://www.thedailystar.net/editorial/news/preserving-our-liberation-war-sites-2013157,sitemap:slug,2026-10-05T09:30:57+00:00
https://www.thedailystar.net/city/news/ewu-holds-webinar-observing-martyred-intellectuals-day-2013325,sitemap:slug,2026-10-05T09:30:57+00:00
https://www.thedailystar.net/backpage/news/mujibnagar-officials-get-9-months-arrears-2013649,sitemap:slug,2026-10-05T09:30:57+00:00
https://www.thedailystar.net/country/news/kushtia-sps-statement-favour-liberation-war-say-11-noted-citizens-2018121,sitemap:slug,2026-10-05T09:30:57+00:00
https://www.thedailystar.net/city/news/4th-liberation-war-time-bomb-found-dhaka-airports-construction-site-2018509,sitemap:slug,2026-10-05T09:30:57+00:00
https://www.thedailystar.net/opinion/news/remembering-syed-muazzem-ali-diplomat-and-freedom-fighter-2019617,sitemap:slug,2026-10-05T09:30:57+00:00
https://www.thedailystar.net/arts-entertainment/news/safeguarding-stories-the-birangona-women-1682566,sitemap:slug,2026-10-05T09:31:01+00:00
https://www.thedailystar.net/arts-entertainment/exhibition/news/1947-1971-through-photographs-1697377,sitemap:slug,2026-10-05T09:31:01+00:00
https://www.thedailystar.net/politics/nazrul-islam-bangladesh-jamaat-e-islami-should-apologise-nation-anti-liberation-war-in-1971-1704853,sitemap:slug,2026-10-05T09:31:01+00:00
https://www.thedailystar.net/city/news/instilling-the-spirit-liberation-war-1706893,sitemap:slug,2026-10-05T09:31:01+00:00
https://www.thedailystar.net/city/jamaat-e-islami-men-will-be-tried-for-1971-war-crimes-against-humanity-law-minister-1707610,sitemap:slug,2026-10-05T09:31:01+00:00
https://www.thedailystar.net/city/news/cu-chhatra-union-places-six-point-demand-cucsu-election-1707865,sitemap:slug,2026-10-05T09:31:01+00:00
https://www.thedailystar.net/country/news/mortar-shell-1971-found-feni-pond-1709143,sitemap:slug,2026-10-05T09:31:01+00:00
https://www.thedailystar.net/frontpage/news/march-4-1971-radio-tv-join-struggle-freedom-1710166,sitemap:slug,2026-10-05T09:31:01+00:00
https://www.thedailystar.net/frontpage/news/march-5-1971-bangabandhu-command-1710661,sitemap:slug,2026-10-05T09:31:01+00:00
https://www.thedailystar.net/frontpage/news/march-8-1971-the-day-after-the-thunder-1712128,sitemap:slug,2026-10-05T09:31:01+00:00
https://www.thedailystar.net/frontpage/news/march-11-1971-defiance-tyrants-1713340,sitemap:slug,2026-10-05T09:31:01+00:00
https://www.thedailystar.net/frontpage/news/march-13-1971-civilian-staff-military-gets-warning-1714384,sitemap:slug,2026-10-05T09:31:01+00:00
https://www.thedailystar.net/frontpage/news/march-17-1971-mujib-meets-yahya-1716202,sitemap:slug,2026-10-05T09:31:01+00:00
https://www.thedailystar.net/city/news/igniting-the-spirit-liberation-war-1716541,sitemap:slug,2026-10-05T09:31:01+00:00
https://www.thedailystar.net/city/news/igniting-the-spirit-liberation-war-1716547,sitemap:slug,2026-10-05T09:31:01+00:00
https://www.thedailystar.net/frontpage/news/march-18-1971-so-called-talks-enter-third-day-1716724,sitemap:slug,2026-10-05T09:31:01+00:00
https://www.thedailystar.net/lifestyle/check-it-out/news/independence-day-megh-1716370,sitemap:slug,2026-10-05T09:31:01+00:00
https://www.thedailystar.net/arts-entertainment/music/news/chol-re-chopoltoruun-dal-independence-day-1717447,sitemap:slug,2026-10-05T09:31:01+00:00
https://www.thedailystar.net/arts-entertainment/news/shajals-independence-day-special-1718479,sitemap:slug,2026-10-05T09:31:01+00:00
https://www.thedailystar.net/literature/news/the-1971-we-dont-talk-about-1719172,sitemap:slug,2026-10-05T09:31:01+00:00
https://www.thedailystar.net/frontpage/news/march-24-1971-bangabandhu-warns-against-conspiracy-1719508,sitemap:slug,2026-10-05T09:31:01+00:00
https://www.thedailystar.net/country/1971-genocide-in-bangladesh-united-nations-raise-it-in-international-forum-1719685,sitemap:slug,2026-10-05T09:31:01+00:00
https://www.thedailystar.net/city/news/armed-forces-heroic-role-during-1971-focus-1719826,sitemap:slug,2026-10-05T09:31:01+00:00
https://www.thedailystar.net/city/news/un-urged-recognise-1971-killings-genocide-1719841,sitemap:slug,2026-10-05T09:31:01+00:00
https://www.thedailystar.net/city/1971-war-crimes-evidence-found-against-9-gaibandha-men-1720108,sitemap:slug,2026-10-05T09:31:01+00:00
https://www.thedailystar.net/country/news/nation-observes-one-minute-blackout-tonight-march-25-bangladesh-genocide-day-1720192,sitemap:slug,2026-10-05T09:31:01+00:00
https://www.thedailystar.net/supplements/independence-day-special-2019/news/the-irregular-forces-bangladesh-liberation-war-1719757,sitemap:slug|package:supplements/independence-day-special-2019,2026-10-05T09:31:01+00:00
https://www.thedailystar.net/supplements/independence-day-special-2019/news/bisramganj-hospital-freedom-fighters-1719763,sitemap:slug|package:supplements/independence-day-special-2019,2026-10-05T09:31:01+00:00
https://www.thedailystar.net/supplements/independence-day-special-2019/news/the-first-61-and-the-murtee-days-1719772,sitemap:slug|package:supplements/independence-day-special-2019,2026-10-05T09:31:01+00:00
https://www.thedailystar.net/supplements/independence-day-special-2019/news/the-first-resistance-against-pakistan-march-19-1971-1719781,sitemap:slug|package:supplements/independence-day-special-2019,2026-10-05T09:31:01+00:00
https://www.thedailystar.net/supplements/independence-day-special-2019/news/khaled-musharraf-bir-uttam-the-commander-1719787,sitemap:slug|package:supplements/independence-day-special-2019,2026-10-05T09:31:01+00:00
https://www.thedailystar.net/supplements/independence-day-special-2019/news/sheikh-mujib-the-evolution-great-leader-1719802,sitemap:slug|package:supplements/independence-day-special-2019,2026-10-05T09:31:01+00:00
https://www.thedailystar.net/arts-entertainment/film/news/raisul-islam-asad-looks-back-1971-1720240,sitemap:slug,2026-10-05T09:31:01+00:00
https://www.thedailystar.net/law-our-rights/law-vision/news/the-trial-1971-genocide-reflection-ictbd-1720285,sitemap:slug,2026-10-05T09:31:01+00:00
https://www.thedailystar.net/law-our-rights/news/operation-searchlight-the-national-self-determination-narrative-1720294,sitemap:slug,2026-10-05T09:31:01+00:00
https://www.thedailystar.net/politics/advance-country-being-imbued-patriotism-liberation-war-1971-1720597,sitemap:slug,2026-10-05T09:31:01+00:00
https://www.thedailystar.net/country/news/families-bangladesh-genocide-victims-call-justice-the-netherlands-1720678,sitemap:slug,2026-10-05T09:31:01+00:00
https://www.thedailystar.net/arts-entertainment/theatre/news/swapnadal-stages-tringsha-shatabdi-independence-day-1720717,sitemap:slug,2026-10-05T09:31:01+00:00
https://www.thedailystar.net/city/news/president-pm-pay-homage-liberation-war-martyrs-1720858,sitemap:slug,2026-10-05T09:31:01+00:00
https://www.thedailystar.net/frontpage/news/liberation-war-more-foreign-friends-be-recognised-1720930,sitemap:slug,2026-10-05T09:31:01+00:00
https://www.thedailystar.net/arts-entertainment/event/news/10th-rong-tulite-muktijuddho-held-1721170,sitemap:slug,2026-10-05T09:31:02+00:00
https://www.thedailystar.net/arts-entertainment/event/news/bangladesh-shilpakala-academy-celebrates-independence-day-1721185,sitemap:slug,2026-10-05T09:31:02+00:00
https://www.thedailystar.net/literature/news/freedom-fighter-1722112,sitemap:slug,2026-10-05T09:31:02+00:00
https://www.thedailystar.net/star-youth/news/female-freedom-fighters-open-about-the-liberation-war-1726876,sitemap:slug,2026-10-05T09:31:02+00:00
https://www.thedailystar.net/backpage/news/mujibnagar-day-today-1730662,sitemap:slug,2026-10-05T09:31:02+00:00
https://www.thedailystar.net/country/news/mujibnagar-day-being-observed-1730869,sitemap:slug,2026-10-05T09:31:02+00:00
https://www.thedailystar.net/backpage/news/mujibnagar-day-observed-1731403,sitemap:slug,2026-10-05T09:31:02+00:00
https://www.thedailystar.net/star-weekend/news/graphic-novel-tackles-the-ethics-interviewing-birangonas-1731577,sitemap:slug,2026-10-05T09:31:02+00:00
https://www.thedailystar.net/country/news/verdict-netrakona-razakars-tomorrow-1733515,sitemap:slug,2026-10-05T09:31:02+00:00
https://www.thedailystar.net/country/1971-bangladesh-genocide-international-community-urged-recognise-1734028,sitemap:slug,2026-10-05T09:31:02+00:00
https://www.thedailystar.net/city/news/uphold-spirit-liberation-war-instead-just-talking-about-it-1741819,sitemap:slug,2026-10-05T09:31:02+00:00
https://www.thedailystar.net/backpage/her-war-wasnt-over-1971-bangladesh-liberation-war-1748518,sitemap:slug,2026-10-05T09:31:02+00:00
https://www.thedailystar.net/politics/news/six-point-demand-was-the-charter-freedom-quader-1753675,sitemap:slug,2026-10-05T09:31:02+00:00
https://www.thedailystar.net/city/news/muktijuddho-moncho-demands-quaders-apology-1767736,sitemap:slug,2026-10-05T09:31:02+00:00
https://www.thedailystar.net/north-america/news/trump-blames-teleprompter-independence-day-speech-gaffe-1767823,sitemap:slug,2026-10-05T09:31:02+00:00
https://www.thedailystar.net/politics/south-korean-pm-lee-nak-yon-pays-tributes-bangladesh-liberation-war-martyrs-1771276,sitemap:slug,2026-10-05T09:31:02+00:00
https://www.thedailystar.net/backpage/news/ministry-asks-dcs-make-lists-razakar-1790536,sitemap:slug,2026-10-05T09:31:02+00:00
https://www.thedailystar.net/country/1971-war-crimes-in-bangladesh-verdict-rajshahi-jamaat-man-tuesday-1790773,sitemap:slug,2026-10-05T09:31:02+00:00
https://www.thedailystar.net/country/rajshahi-jamaat-man-gets-death-for-1971-war-crimes-1791343,sitemap:slug,2026-10-05T09:31:02+00:00
https://www.thedailystar.net/country/news/birangona-gets-new-house-1797436,sitemap:slug,2026-10-05T09:31:02+00:00
https://www.thedailystar.net/book-reviews/news/liberation-war-hero-prison-and-after-sobering-tale-1799509,sitemap:slug,2026-10-05T09:31:02+00:00
https://www.thedailystar.net/city/news/bring-forth-less-known-aspects-liberation-war-1812913,sitemap:slug,2026-10-05T09:31:03+00:00
https://www.thedailystar.net/country/news/expel-the-ones-razakar-families-1814296,sitemap:slug,2026-10-05T09:31:03+00:00
https://www.thedailystar.net/country/1971-liberation-war-crimes-nsi-ex-acting-dg-indicted-1814479,sitemap:slug,2026-10-05T09:31:03+00:00
https://www.thedailystar.net/backpage/news/war-crimes-1971-ex-nsi-chief-indicted-1814764,sitemap:slug,2026-10-05T09:31:03+00:00
https://www.thedailystar.net/country/1971-liberation-war-crimes-verdict-against-rajshahi-criminal-any-day-1815010,sitemap:slug,2026-10-05T09:31:03+00:00
https://www.thedailystar.net/country/1971-liberation-war-crimes-sc-verdict-atm-azharul-islam-plea-against-death-penalty-tomorrow-1820884,sitemap:slug,2026-10-05T09:31:03+00:00
https://www.thedailystar.net/country/news/bangladesh-supreme-court-upholds-death-sentence-jamaat-leader-azaharul-islam-for-war-crime-liberation-war-1971-1821265,sitemap:slug,2026-10-05T09:31:03+00:00
https://www.thedailystar.net/star-weekend/news/ethical-documentation-the-birangona-women-1821208,sitemap:slug,2026-10-05T09:31:03+00:00
https://www.thedailystar.net/opinion/politics/news/tajuddin-ahmad-leader-incredible-moral-integrity-and-political-acumen-1822180,sitemap:slug,2026-10-05T09:31:03+00:00
https://www.thedailystar.net/opinion/closer-look/news/arming-genocide-1823983,sitemap:slug,2026-10-05T09:31:03+00:00
https://www.thedailystar.net/frontpage/news/day-1971-1834492,sitemap:slug,2026-10-05T09:31:03+00:00
https://www.thedailystar.net/frontpage/news/day-1971-1834984,sitemap:slug,2026-10-05T09:31:03+00:00
https://www.thedailystar.net/frontpage/news/day-1971-1835425,sitemap:slug,2026-10-05T09:31:03+00:00
https://www.thedailystar.net/country/news/joy-bangla-was-only-slogan-during-liberation-war-hc-1835722,sitemap:slug,2026-10-05T09:31:03+00:00
https://www.thedailystar.net/backpage/news/day-1971-1835920,sitemap:slug,2026-10-05T09:31:03+00:00
https://www.thedailystar.net/city/news/joy-bangla-the-only-slogan-liberation-war-1836067,sitemap:slug,2026-10-05T09:31:03+00:00
https://www.thedailystar.net/backpage/news/day-1971-1836391,sitemap:slug,2026-10-05T09:31:03+00:00
https://www.thedailystar.net/country/news/bangladesh-honour-380-indian-soldiers-martyred-during-liberation-war-1836715,sitemap:slug,2026-10-05T09:31:03+00:00
https://www.thedailystar.net/frontpage/news/day-1971-1836871,sitemap:slug,2026-10-05T09:31:03+00:00
https://www.thedailystar.net/frontpage/news/day-1971-1837258,sitemap:slug,2026-10-05T09:31:03+00:00
https://www.thedailystar.net/frontpage/news/day-1971-1837690,sitemap:slug,2026-10-05T09:31:04+00:00
https://www.thedailystar.net/lifestyle/check-it-out/news/foring-victory-day-1837708,sitemap:slug,2026-10-05T09:31:04+00:00
https://www.thedailystar.net/lifestyle/news/anjans-celebrates-victory-day-1837780,sitemap:slug,2026-10-05T09:31:04+00:00
https://www.thedailystar.net/opinion/bystander/news/nobel-peace-laureate-will-defend-genocide-1837996,sitemap:slug,2026-10-05T09:31:04+00:00
https://www.thedailystar.net/backpage/bangladesh-liberation-war-razakar-list-publish-dec-16-1838092,sitemap:slug,2026-10-05T09:31:04+00:00
https://www.thedailystar.net/frontpage/news/day-1971-1838104,sitemap:slug,2026-10-05T09:31:04+00:00
https://www.thedailystar.net/country/news/liberation-war-71-mymensingh-freed-day-1838128,sitemap:slug,2026-10-05T09:31:04+00:00
https://www.thedailystar.net/arts-entertainment/news/gems-nazrul-rejoices-tora-shob-joyoddhwani-kor-victory-day-1838452,sitemap:slug,2026-10-05T09:31:04+00:00
https://www.thedailystar.net/backpage/news/day-1971-1838581,sitemap:slug,2026-10-05T09:31:04+00:00
https://www.thedailystar.net/country/1971-liberation-war-criminal-death-penalty-1838824,sitemap:slug,2026-10-05T09:31:04+00:00
https://www.thedailystar.net/frontpage/news/day-1971-1839046,sitemap:slug,2026-10-05T09:31:04+00:00
https://www.thedailystar.net/backpage/news/day-1971-1839553,sitemap:slug,2026-10-05T09:31:04+00:00
https://www.thedailystar.net/opinion/perspective/news/the-nation-seeks-official-list-martyred-intellectuals-1839943,sitemap:slug,2026-10-05T09:31:04+00:00
https://www.thedailystar.net/backpage/news/day-1971-1839985,sitemap:slug,2026-10-05T09:31:04+00:00
https://www.thedailystar.net/frontpage/news/martyred-intellectuals-day-freedom-comes-price-1840027,sitemap:slug,2026-10-05T09:31:04+00:00
https://www.thedailystar.net/city/news/martyred-intellectuals-day-today-1840129,sitemap:slug,2026-10-05T09:31:04+00:00
https://www.thedailystar.net/arts-entertainment/news/victory-day-celebration-1840156,sitemap:slug,2026-10-05T09:31:04+00:00
https://www.thedailystar.net/supplements/martyred-intellectuals-day-2019/news/editors-note-1840168,sitemap:slug|package:supplements/martyred-intellectuals-day-2019,2026-10-05T09:31:04+00:00
https://www.thedailystar.net/supplements/martyred-intellectuals-day-2019/news/dr-fazlul-huq-mahi-exemplary-scholar-teacher-and-human-being-1840174,sitemap:slug|package:supplements/martyred-intellectuals-day-2019,2026-10-05T09:31:04+00:00
https://www.thedailystar.net/supplements/martyred-intellectuals-day-2019/news/sudhirkumar-chakrabarti-the-man-everyone-adored-1840180,sitemap:slug|package:supplements/martyred-intellectuals-day-2019,2026-10-05T09:31:04+00:00
https://www.thedailystar.net/supplements/martyred-intellectuals-day-2019/news/sharafat-ali-heros-humility-1840192,sitemap:slug|package:supplements/martyred-intellectuals-day-2019,2026-10-05T09:31:04+00:00
https://www.thedailystar.net/supplements/martyred-intellectuals-day-2019/news/tojammel-hossen-someone-my-brother-1840198,sitemap:slug|package:supplements/martyred-intellectuals-day-2019,2026-10-05T09:31:04+00:00
https://www.thedailystar.net/supplements/martyred-intellectuals-day-2019/news/lutfun-nahar-helen-teacher-and-revolutionary-1840204,sitemap:slug|package:supplements/martyred-intellectuals-day-2019,2026-10-05T09:31:04+00:00
https://www.thedailystar.net/supplements/martyred-intellectuals-day-2019/news/dr-sadat-ali-my-father-my-hero-1840186,sitemap:slug|package:supplements/martyred-intellectuals-day-2019,2026-10-05T09:31:04+00:00
https://www.thedailystar.net/country/news/martyred-intellectuals-day-today-1840210,sitemap:slug,2026-10-05T09:31:04+00:00
https://www.thedailystar.net/country/jatiya-press-club-opens-special-corner-bangladesh-liberation-war-1971-1840294,sitemap:slug,2026-10-05T09:31:04+00:00
https://www.thedailystar.net/letters/news/martyred-intellectuals-1840309,sitemap:slug,2026-10-05T09:31:04+00:00
https://www.thedailystar.net/editorial/news/martyred-intellectuals-day-1840315,sitemap:slug,2026-10-05T09:31:04+00:00
https://www.thedailystar.net/frontpage/news/day-1971-1840465,sitemap:slug,2026-10-05T09:31:04+00:00
https://www.thedailystar.net/country/10789-razakar-list-published-of-1971-bangladesh-liberation-war-1840657,sitemap:slug,2026-10-05T09:31:04+00:00
https://www.thedailystar.net/supplements/news/bangladesh-police-liberation-war-1840564,sitemap:slug|package:supplements/victory-day-special-2019,2026-10-05T09:31:04+00:00
https://www.thedailystar.net/supplements/news/bangladesh-theatre-and-liberation-war-plays-1840567,sitemap:slug|package:supplements/victory-day-special-2019,2026-10-05T09:31:04+00:00
https://www.thedailystar.net/supplements/victory-day-special-2019/news/bangabandhu-and-bangladesh-breaking-the-shackles-post-colonial-order-1840588,sitemap:slug|package:supplements/victory-day-special-2019,2026-10-05T09:31:04+00:00
https://www.thedailystar.net/supplements/victory-day-special-2019/news/editors-note-1840591,sitemap:slug|package:supplements/victory-day-special-2019,2026-10-05T09:31:04+00:00
https://www.thedailystar.net/arts-entertainment/news/tanvir-ahsan-directs-nestles-victory-day-campaign-1840738,sitemap:slug,2026-10-05T09:31:04+00:00
https://www.thedailystar.net/arts-entertainment/victory-day-2019-special-television-programs--1840744,sitemap:slug,2026-10-05T09:31:04+00:00
https://www.thedailystar.net/frontpage/the-list-of-10789-razakars-published-1840843,sitemap:slug,2026-10-05T09:31:04+00:00
https://www.thedailystar.net/frontpage/news/day-1971-1840846,sitemap:slug,2026-10-05T09:31:04+00:00
https://www.thedailystar.net/opinion/perspective/news/atiq-freedom-fighter-1841038,sitemap:slug,2026-10-05T09:31:04+00:00
https://www.thedailystar.net/supplements/victory-day-special-2019/news/one-kamrul-alam-khan-khasrus-valiant-missions-1840585,sitemap:slug|package:supplements/victory-day-special-2019,2026-10-05T09:31:04+00:00
https://www.thedailystar.net/country/news/president-pm-pay-tributes-liberation-war-martyrs-1841077,sitemap:slug,2026-10-05T09:31:04+00:00
https://www.thedailystar.net/opinion/news/role-baljit-singh-tyagi-and-bsf-our-liberation-war-1841140,sitemap:slug,2026-10-05T09:31:04+00:00
https://www.thedailystar.net/letters/news/the-true-spirit-our-victory-day-1841146,sitemap:slug,2026-10-05T09:31:04+00:00
https://www.thedailystar.net/arts-entertainment/news/muktijuddher-bijoy-mela-underway-manikganj-1841155,sitemap:slug,2026-10-05T09:31:04+00:00
https://www.thedailystar.net/backpage/news/day-1971-1841272,sitemap:slug,2026-10-05T09:31:04+00:00
https://www.thedailystar.net/frontpage/news/freedom-fighters-razakars-list-1841317,sitemap:slug,2026-10-05T09:31:04+00:00
https://www.thedailystar.net/city/news/birangana-faces-eviction-chuadanga-nation-celebrates-victory-day-1841368,sitemap:slug,2026-10-05T09:31:04+00:00
https://www.thedailystar.net/city/news/art-camp-liberation-war-national-martyrs-memorial-1841377,sitemap:slug,2026-10-05T09:31:04+00:00
https://www.thedailystar.net/city/news/list-razakars-made-malicious-intent-towards-bnp-fakhrul-1841383,sitemap:slug,2026-10-05T09:31:04+00:00
https://www.thedailystar.net/politics/razakar-list-of-liberation-war-bd-ministry-should-have-verified-1841491,sitemap:slug,2026-10-05T09:31:04+00:00
https://www.thedailystar.net/country/news/not-behind-razakar-list-error-still-accept-responsibility-1841497,sitemap:slug,2026-10-05T09:31:04+00:00
https://www.thedailystar.net/country/news/barguna-mukti-sangram-parishad-ex-president-razakars-list-1841524,sitemap:slug,2026-10-05T09:31:04+00:00
https://www.thedailystar.net/country/bangladesh-razakar-list-i-am-astonished-disheartened-1841530,sitemap:slug,2026-10-05T09:31:04+00:00
https://www.thedailystar.net/politics/news/razakar-list-published-political-motive-fakhrul-1841584,sitemap:slug,2026-10-05T09:31:04+00:00
https://www.thedailystar.net/arts-entertainment/news/bsa-celebrates-victory-day-2019-1841587,sitemap:slug,2026-10-05T09:31:04+00:00
https://www.thedailystar.net/arts-entertainment/news/bangladesh-national-museum-holds-discussion-and-exhibition-liberation-war-1841599,sitemap:slug,2026-10-05T09:31:04+00:00
https://www.thedailystar.net/arts-entertainment/news/channel-i-celebrates-victory-day-bijoy-mela-2019-1841602,sitemap:slug,2026-10-05T09:31:04+00:00
https://www.thedailystar.net/backpage/news/day-1971-1841626,sitemap:slug,2026-10-05T09:31:04+00:00
https://www.thedailystar.net/backpage/news/protests-spiral-over-flawed-razakar-list-1841650,sitemap:slug,2026-10-05T09:31:04+00:00
https://www.thedailystar.net/city/news/made-exclude-real-razakars-1841929,sitemap:slug,2026-10-05T09:31:04+00:00
https://www.thedailystar.net/country/bangladesh-razakar-list-correction-pm-instructed-1841989,sitemap:slug,2026-10-05T09:31:04+00:00
https://www.thedailystar.net/country/news/names-ffs-be-removed-razakar-list-after-scrutiny-1842001,sitemap:slug,2026-10-05T09:31:04+00:00
https://www.thedailystar.net/country/news/home-ministry-didnt-give-razakars-list-liberation-war-ministry-kamal-1842004,sitemap:slug,2026-10-05T09:31:04+00:00
https://www.thedailystar.net/country/bangladesh-razakars-list-withheld-1842013,sitemap:slug,2026-10-05T09:31:04+00:00
https://www.thedailystar.net/country/bangladesh-razakars-list-wait-see-if-i-resign-1842019,sitemap:slug,2026-10-05T09:31:04+00:00
https://www.thedailystar.net/politics/bangladesh-razakar-list-will-have-no-freedom-fighter-1842082,sitemap:slug,2026-10-05T09:31:04+00:00
https://www.thedailystar.net/arts-entertainment/news/victory-day-celebrations-mymensingh-1842052,sitemap:slug,2026-10-05T09:31:04+00:00
https://www.thedailystar.net/backpage/news/day-1971-1842187,sitemap:slug,2026-10-05T09:31:04+00:00
https://www.thedailystar.net/frontpage/bangladesh-govt-suspends-razakars-list-1842208,sitemap:slug,2026-10-05T09:31:04+00:00
https://www.thedailystar.net/frontpage/news/it-cant-be-razakar-list-1842211,sitemap:slug,2026-10-05T09:31:04+00:00
https://www.thedailystar.net/shout/bulletin-board/news/diu-observes-49th-victory-day-1842292,sitemap:slug,2026-10-05T09:31:04+00:00
https://www.thedailystar.net/country/razakar-list-legal-notice-seeks-unconditional-apology-1842475,sitemap:slug,2026-10-05T09:31:04+00:00
https://www.thedailystar.net/politics/bd-razakars-list-making-not-single-dime-spent-1842490,sitemap:slug,2026-10-05T09:31:04+00:00
https://www.thedailystar.net/country/bangladesh-razakars-list-ekattorer-ghatak-dalal-nirmul-committee-demands-judicial-inquiry-1842523,sitemap:slug,2026-10-05T09:31:04+00:00
https://www.thedailystar.net/backpage/news/controversial-razakars-list-nirmul-committee-calls-judicial-enquiry-1842595,sitemap:slug,2026-10-05T09:31:04+00:00
https://www.thedailystar.net/backpage/news/day-1971-1842628,sitemap:slug,2026-10-05T09:31:04+00:00
https://www.thedailystar.net/frontpage/news/day-1971-1843123,sitemap:slug,2026-10-05T09:31:04+00:00
https://www.thedailystar.net/backpage/news/day-1971-1843864,sitemap:slug,2026-10-05T09:31:04+00:00
https://www.thedailystar.net/backpage/news/home-belongs-martyred-intellectuals-family-1843867,sitemap:slug,2026-10-05T09:31:04+00:00
https://www.thedailystar.net/city/attack-on-vp-nur-2-muktijuddho-moncho-leaders-held-1844080,sitemap:slug,2026-10-05T09:31:04+00:00
https://www.thedailystar.net/backpage/news/day-1971-1844326,sitemap:slug,2026-10-05T09:31:04+00:00
https://www.thedailystar.net/backpage/news/day-1971-1844836,sitemap:slug,2026-10-05T09:31:04+00:00
https://www.thedailystar.net/frontpage/news/day-1971-1845265,sitemap:slug,2026-10-05T09:31:04+00:00
https://www.thedailystar.net/backpage/news/day-1971-1845622,sitemap:slug,2026-10-05T09:31:04+00:00
https://www.thedailystar.net/backpage/news/flawed-razakars-list-foolish-publish-it-without-verification-1845913,sitemap:slug,2026-10-05T09:31:04+00:00
https://www.thedailystar.net/backpage/news/day-1971-1846141,sitemap:slug,2026-10-05T09:31:04+00:00
https://www.thedailystar.net/backpage/news/day-1971-1846756,sitemap:slug,2026-10-05T09:31:04+00:00
https://www.thedailystar.net/arts-entertainment/news/azizul-hakim-mithur-muktijuddho-1846873,sitemap:slug,2026-10-05T09:31:04+00:00
https://www.thedailystar.net/backpage/news/day-1971-1847032,sitemap:slug,2026-10-05T09:31:04+00:00
https://www.thedailystar.net/backpage/news/day-1971-1847383,sitemap:slug,2026-10-05T09:31:04+00:00
https://www.thedailystar.net/video-stories/war-baby-shama-return-to-roots-find-mother-after-45-years-bangladesh-bd-liberation-war-1971-missionaries-of-charity-1515808,sitemap:slug,2026-10-05T09:31:10+00:00
https://www.thedailystar.net/arts-entertainment/film/bangladesh-film-festival-2018-and-liberation-war-1971-based-photography-exhibition-opens-in-kolkata-1515847,sitemap:slug,2026-10-05T09:31:10+00:00
https://www.thedailystar.net/country/writ-seeking-compulsory-observance-8-days-liberation-war-national-mourning-day-bangabandhu-rejected-1516720,sitemap:slug,2026-10-05T09:31:10+00:00
https://www.thedailystar.net/country/bangladesh-liberation-war-crime-of-1971-ict-trial-verdict-5-moulvibazar-accused-tomorrow-1517254,sitemap:slug,2026-10-05T09:31:10+00:00
https://www.thedailystar.net/country/liberation-war-in-1971-trial-2-moulvibazar-war-crimes-tribunal-get-death-1517743,sitemap:slug,2026-10-05T09:31:10+00:00
https://www.thedailystar.net/country/liberation-war-affairs-ministry-issued-minimum-age-freedom-fighter-now-12-1521220,sitemap:slug,2026-10-05T09:31:10+00:00
https://www.thedailystar.net/arts-entertainment/film/liberation-war-thriller-the-offing-1521256,sitemap:slug,2026-10-05T09:31:10+00:00
https://www.thedailystar.net/literature/news/untitledunfinished-unpublished-1971-story-1522240,sitemap:slug,2026-10-05T09:31:10+00:00
https://www.thedailystar.net/backpage/ban-jamaat-role-1971-1522501,sitemap:slug,2026-10-05T09:31:10+00:00
https://www.thedailystar.net/law-our-rights/intensive-learning-genocide-and-justice-1523596,sitemap:slug,2026-10-05T09:31:10+00:00
https://www.thedailystar.net/country/international-crimes-tribunal-will-deliver-verdict-any-day-on-4-noakhali-razakars-1530736,sitemap:slug,2026-10-05T09:31:10+00:00
https://www.thedailystar.net/city/verdict-four-razakars-any-day-1531093,sitemap:slug,2026-10-05T09:31:10+00:00
https://www.thedailystar.net/city/imbued-spirit-liberation-war-1533238,sitemap:slug,2026-10-05T09:31:10+00:00
https://www.thedailystar.net/country/government-identifying-movable-immovable-property-bangabandhus-killers-convicted-war-criminals-and-razakars-prime-minister-sheikh-hasina-1541407,sitemap:slug,2026-10-05T09:31:10+00:00
https://www.thedailystar.net/frontpage/march-2-1971-first-flag-flies-1542295,sitemap:slug,2026-10-05T09:31:10+00:00
https://www.thedailystar.net/frontpage/march-3-1971-dhaka-turns-city-processions-1542805,sitemap:slug,2026-10-05T09:31:10+00:00
https://www.thedailystar.net/sports/mashrafe-bin-mortaza-launches-quiz-competition-on-bangladesh-liberation-war-history-of-1971-1542886,sitemap:slug,2026-10-05T09:31:10+00:00
https://www.thedailystar.net/backpage/learn-the-history-of-bangladesh-liberation-war-1971-says-mashrafe-bin-mortoza-1543120,sitemap:slug,2026-10-05T09:31:10+00:00
https://www.thedailystar.net/frontpage/march-4-1971-the-movement-full-blast-1543144,sitemap:slug,2026-10-05T09:31:10+00:00
https://www.thedailystar.net/country/preserve-march-7-1971-declaring-speech-of-bangladesh-independence-by-bangabandhu-historical-place-at-suhrawardy-udyan-says-high-court-1543321,sitemap:slug,2026-10-05T09:31:10+00:00
https://www.thedailystar.net/opinion/perspective/bangabandhu-sheikh-mujibur-rahman-on-historic-speech-march-7-1971-now-part-of-world-heritage-1544338,sitemap:slug,2026-10-05T09:31:10+00:00
https://www.thedailystar.net/frontpage/priyabhashini-end-symbol-liberation-war-1544524,sitemap:slug,2026-10-05T09:31:10+00:00
https://www.thedailystar.net/frontpage/march-7-1971-when-thunder-roars-1544533,sitemap:slug,2026-10-05T09:31:10+00:00
https://www.thedailystar.net/politics/bangladesh-bd-pm-sheikh-hasina-pays-homage-bangabandhu-sheikh-mujibur-rahman-historic-march-7-speech-1971-liberation-war-1544701,sitemap:slug,2026-10-05T09:31:10+00:00
https://www.thedailystar.net/city/live-joy-bangla-concert-2018-on-march-7-historic-speech-bangabandhu-sheikh-mujibur-rahman-young-bangla-1971-1544749,sitemap:slug,2026-10-05T09:31:10+00:00
https://www.thedailystar.net/frontpage/march-9-1971-hours-solidarity-1545640,sitemap:slug,2026-10-05T09:31:10+00:00
https://www.thedailystar.net/backpage/president-recalls-memories-liberation-war-1546141,sitemap:slug,2026-10-05T09:31:10+00:00
https://www.thedailystar.net/frontpage/march-11-1971-standing-tyranny-1546333,sitemap:slug,2026-10-05T09:31:10+00:00
https://www.thedailystar.net/city/slide-1971-war-spirit-1546375,sitemap:slug,2026-10-05T09:31:10+00:00
https://www.thedailystar.net/backpage/march-12-1971-more-support-movement-1546843,sitemap:slug,2026-10-05T09:31:10+00:00
https://www.thedailystar.net/country/international-war-crimes-tribunal-verdict-on-4-noakhali-razakars-march-13-against-bangladesh-liberation-war-1971-1547020,sitemap:slug,2026-10-05T09:31:10+00:00
https://www.thedailystar.net/lifestyle/news-flash/celebrate-independence-day-megh-1547092,sitemap:slug,2026-10-05T09:31:10+00:00
https://www.thedailystar.net/backpage/march-13-1971-pakistan-army-issues-threat-1547380,sitemap:slug,2026-10-05T09:31:10+00:00
https://www.thedailystar.net/country/war-crimes-trial-in-bangladesh-3-noakhali-razakars-get-death-1547548,sitemap:slug,2026-10-05T09:31:10+00:00
https://www.thedailystar.net/backpage/march-14-1971-fight-independence-1547887,sitemap:slug,2026-10-05T09:31:10+00:00
https://www.thedailystar.net/frontpage/march-15-1971-yahya-arrives-dhaka-negotiation-1548394,sitemap:slug,2026-10-05T09:31:10+00:00
https://www.thedailystar.net/backpage/march-16-1971-yahyas-blunder-1548940,sitemap:slug,2026-10-05T09:31:10+00:00
https://www.thedailystar.net/literature/news/bangladesh-during-those-turbulent-days-march-1971-1549156,sitemap:slug,2026-10-05T09:31:10+00:00
https://www.thedailystar.net/frontpage/march-17-1971-fruitless-talks-yahya-1549354,sitemap:slug,2026-10-05T09:31:10+00:00
https://www.thedailystar.net/backpage/march-18-1971-yahya-orders-operation-search-light-1549693,sitemap:slug,2026-10-05T09:31:10+00:00
https://www.thedailystar.net/frontpage/march-19-1971-first-encounter-troops-joydebpur-1550245,sitemap:slug,2026-10-05T09:31:10+00:00
https://www.thedailystar.net/lifestyle/check-it-out/latest-independence-day-collection-rang-bangladesh-1549963,sitemap:slug,2026-10-05T09:31:10+00:00
https://www.thedailystar.net/lifestyle/check-it-out/independence-day-kay-kraft-1549975,sitemap:slug,2026-10-05T09:31:10+00:00
https://www.thedailystar.net/lifestyle/special-feature/bangladesh-independence-day-2018-the-portrait-of-an-artist-ferdousi-priyabhashini-1550041,sitemap:slug,2026-10-05T09:31:10+00:00
https://www.thedailystar.net/lifestyle/special-feature/january-march-1971-the-dawning-fearless-fight-freedom-1550467,sitemap:slug,2026-10-05T09:31:10+00:00
https://www.thedailystar.net/lifestyle/cover-story/memoirs-of-1971-bangladesh-liberation-war-1550653,sitemap:slug,2026-10-05T09:31:10+00:00
https://www.thedailystar.net/frontpage/march-20-1971-no-force-can-stop-bangalees-1550764,sitemap:slug,2026-10-05T09:31:10+00:00
https://www.thedailystar.net/frontpage/march-21-1971-bhutto-arrives-meets-yahya-1551220,sitemap:slug,2026-10-05T09:31:10+00:00
https://www.thedailystar.net/country/1971-liberation-war-crime-verdict-any-day-on-mymensingh-man-accused-genocide-1551334,sitemap:slug,2026-10-05T09:31:10+00:00
https://www.thedailystar.net/frontpage/march-22-1971-yahya-postpones-march-25-natl-assembly-session-1551679,sitemap:slug,2026-10-05T09:31:10+00:00
https://www.thedailystar.net/star-weekend/the-tumultuous-days-1971-tajuddin-1551934,sitemap:slug,2026-10-05T09:31:10+00:00
https://www.thedailystar.net/arts-entertainment/tv/liberation-war-tele-film-gopit-channel-i-1551955,sitemap:slug,2026-10-05T09:31:10+00:00
https://www.thedailystar.net/frontpage/march-23-1971-red-green-everywhere-1552231,sitemap:slug,2026-10-05T09:31:10+00:00
https://www.thedailystar.net/frontpage/march-24-1971-face-and-firing-1552567,sitemap:slug,2026-10-05T09:31:10+00:00
https://www.thedailystar.net/opinion/interviews/justice-the-only-way-prevent-recurrence-genocide-1552831,sitemap:slug,2026-10-05T09:31:10+00:00
https://www.thedailystar.net/editorial/genocide-day-must-be-recognised-1552849,sitemap:slug,2026-10-05T09:31:10+00:00
https://www.thedailystar.net/frontpage/march-25-1971-pakistan-army-unleashes-terror-1553008,sitemap:slug,2026-10-05T09:31:10+00:00
https://www.thedailystar.net/country/one-minute-blackout-tonight-remembering-black-night-of-25-march-1971-in-bangladesh-1553302,sitemap:slug,2026-10-05T09:31:10+00:00
https://www.thedailystar.net/arts-entertainment/interview/bangladesh-famous-actor-mamunur-rashid-reminiscing-independence-war-1971-1553275,sitemap:slug,2026-10-05T09:31:10+00:00
https://www.thedailystar.net/arts-entertainment/tv/daylong-independence-day-programmes-gtv-1553290,sitemap:slug,2026-10-05T09:31:10+00:00
https://www.thedailystar.net/arts-entertainment/freedom-fighter-ferdousi-priyabhashini-artistic-legacy-should-be-preserved-1553299,sitemap:slug,2026-10-05T09:31:10+00:00
https://www.thedailystar.net/supplements/independence-day-special-2018/why-should-hero-remain-unsung-1553311,sitemap:slug|package:supplements/independence-day-special-2018,2026-10-05T09:31:10+00:00
https://www.thedailystar.net/supplements/independence-day-special-2018/operation-kalachara-tea-garden-1553320,sitemap:slug|package:supplements/independence-day-special-2018,2026-10-05T09:31:10+00:00
https://www.thedailystar.net/supplements/independence-day-special-2018/memories-the-angry-march-1553332,sitemap:slug|package:supplements/independence-day-special-2018,2026-10-05T09:31:10+00:00
https://www.thedailystar.net/supplements/independence-day-special-2018/1971-resistance-resilience-and-redemption-1553350,sitemap:slug|package:supplements/independence-day-special-2018,2026-10-05T09:31:10+00:00
https://www.thedailystar.net/supplements/independence-day-special-2018/indian-armys-support-structure-1553374,sitemap:slug|package:supplements/independence-day-special-2018,2026-10-05T09:31:10+00:00
https://www.thedailystar.net/supplements/independence-day-special-2018/the-liberation-war-and-the-provisional-government-1553428,sitemap:slug|package:supplements/independence-day-special-2018,2026-10-05T09:31:10+00:00
https://www.thedailystar.net/supplements/independence-day-special-2018/editors-note-1553431,sitemap:slug|package:supplements/independence-day-special-2018,2026-10-05T09:31:10+00:00
https://www.thedailystar.net/frontpage/march-26-1971-bangabandhu-declares-independence-1553476,sitemap:slug,2026-10-05T09:31:10+00:00
https://www.thedailystar.net/frontpage/take-bangladesh-forward-with-liberation-war-1971-spirit-1553491,sitemap:slug,2026-10-05T09:31:10+00:00
https://www.thedailystar.net/frontpage/independence-day-2018-today-london-rises-bangladesh-liberation-war-1971-1553494,sitemap:slug,2026-10-05T09:31:10+00:00
https://www.thedailystar.net/supplements/independence-day-special-2018/bangabandhu-illustrious-leader-1553338,sitemap:slug|package:supplements/independence-day-special-2018,2026-10-05T09:31:10+00:00
https://www.thedailystar.net/supplements/independence-day-special-2018/only-sheikh-mujib-could-deliver-1553347,sitemap:slug|package:supplements/independence-day-special-2018,2026-10-05T09:31:10+00:00
https://www.thedailystar.net/country/president-abdul-hamid-prime-minister-sheikh-hasina-pay-homage-liberation-war-heroes-bangladesh-48th-independence-national-day-2018-1553638,sitemap:slug,2026-10-05T09:31:10+00:00
https://www.thedailystar.net/country/bangladesh-war-crimes-of-1971-ict-evidence-found-against-rajshahi-man-1554085,sitemap:slug,2026-10-05T09:31:10+00:00
https://www.thedailystar.net/arts-entertainment/event/independence-day-celebrated-msingh-1554214,sitemap:slug,2026-10-05T09:31:10+00:00
https://www.thedailystar.net/backpage/march-29-1971-bangabandhu-flown-karachi-1554958,sitemap:slug,2026-10-05T09:31:10+00:00
https://www.thedailystar.net/backpage/march-30-1971-pakistan-air-force-bombs-kalurghat-radio-station-1555450,sitemap:slug,2026-10-05T09:31:10+00:00
https://www.thedailystar.net/showbiz/event/48th-independence-day-observed-1555783,sitemap:slug,2026-10-05T09:31:10+00:00
https://www.thedailystar.net/frontpage/march-31-1971-indira-gandhi-pledges-support-1555957,sitemap:slug,2026-10-05T09:31:10+00:00
https://www.thedailystar.net/country/during-bangladesh-liberation-war-in-1971-16-coxs-bazar-war-criminals-indicted-1557415,sitemap:slug,2026-10-05T09:31:10+00:00
https://www.thedailystar.net/world/south-asia/bangladesh/friends-of-liberation-war-1971-michael-barnes-funeral-held-in-uk-1559365,sitemap:slug,2026-10-05T09:31:10+00:00
https://www.thedailystar.net/book-reviews/review-his-chariot-life-liberation-war-politics-and-sojourn-jail-1562470,sitemap:slug,2026-10-05T09:31:10+00:00
https://www.thedailystar.net/backpage/mujibnagar-day-today-1563505,sitemap:slug,2026-10-05T09:31:10+00:00
https://www.thedailystar.net/country/free-medical-services-for-freedom-fighter-within-a-month-says-liberation-war-affairs-minister-akm-mozammel-huq-1564726,sitemap:slug,2026-10-05T09:31:10+00:00
https://www.thedailystar.net/1971-liberation-war-articles/web-drama-kash-iflix-1564810,sitemap:slug,2026-10-05T09:31:10+00:00
https://www.thedailystar.net/opinion/human-rights/the-way-uphold-the-glory-the-liberation-war-1566253,sitemap:slug,2026-10-05T09:31:10+00:00
https://www.thedailystar.net/city/ex-additional-inspector-general-police-igp-arrested-crimes-against-humanity-1971-liberation-war-international-crimes-tribunal-dhaka-bangladesh-bd-1567159,sitemap:slug,2026-10-05T09:31:10+00:00
https://www.thedailystar.net/opinion/tribute/remembering-freedom-fighter-lt-col-quazi-nooruzzaman-bu-declined-1571878,sitemap:slug,2026-10-05T09:31:10+00:00
https://www.thedailystar.net/city/liberation-war-era-tank-recovered-karatoa-1572121,sitemap:slug,2026-10-05T09:31:10+00:00
https://www.thedailystar.net/country/war-crimes-in-liberation-war-1971-verdict-mymensingh-criminal-tomorrow-1573708,sitemap:slug,2026-10-05T09:31:10+00:00
https://www.thedailystar.net/editorial/callous-disregard-freedom-fighters-burial-1580467,sitemap:slug,2026-10-05T09:31:10+00:00
https://www.thedailystar.net/backpage/1971-war-crimes-bnp-leader-arrested-habiganj-1580686,sitemap:slug,2026-10-05T09:31:10+00:00
https://www.thedailystar.net/book-reviews/art-against-genocide-testament-time-1581604,sitemap:slug,2026-10-05T09:31:10+00:00
https://www.thedailystar.net/city/instil-spirit-liberation-war-the-youth-1583146,sitemap:slug,2026-10-05T09:31:10+00:00
https://www.thedailystar.net/country/international-crimes-tribunal-1-will-deliver-verdict-on-5-patuakhali-razakars-any-day-1583698,sitemap:slug,2026-10-05T09:31:10+00:00
https://www.thedailystar.net/city/historic-6-point-day-today-1587631,sitemap:slug,2026-10-05T09:31:10+00:00
https://www.thedailystar.net/politics/bangladesh-pm-sheikh-hasina-pays-tributes-bangabandhu-sheikh-mujibur-rahman-marking-6-point-day-1587751,sitemap:slug,2026-10-05T09:31:10+00:00
https://www.thedailystar.net/bangladesh-national-budget-2018-19/wounded-freedom-fighter-families-get-tk-400-crore-fiscal-year-2018-19-bangladesh-1587832,sitemap:slug,2026-10-05T09:31:10+00:00
https://www.thedailystar.net/law-our-rights/workshop-mooting-and-the-issue-genocide-held-seu-1589524,sitemap:slug,2026-10-05T09:31:10+00:00
https://www.thedailystar.net/editorial/death-war-crimes-trial-witness-1591867,sitemap:slug,2026-10-05T09:31:10+00:00
https://www.thedailystar.net/politics/demeaning-bangladesh-liberation-war-1971-martyrs-khaleda-zia-denied-bail-1605760,sitemap:slug,2026-10-05T09:31:11+00:00
https://www.thedailystar.net/book-reviews/the-good-muslim-post-liberation-war-bangladesh-1612096,sitemap:slug,2026-10-05T09:31:11+00:00
https://www.thedailystar.net/book-reviews/the-good-muslim-post-liberation-war-bangladesh-1612105,sitemap:slug,2026-10-05T09:31:11+00:00
https://www.thedailystar.net/law-our-rights/war-crimes-probe-against-israel-1613467,sitemap:slug,2026-10-05T09:31:11+00:00
https://www.thedailystar.net/city/freedom-fighters-razakars-cannot-coexist-1613794,sitemap:slug,2026-10-05T09:31:11+00:00
https://www.thedailystar.net/news/city/noted-indian-photojournalist-friends-bangladesh-liberation-war-raghu-rai-urges-prime-minister-not-to-punish-photographer-shahidul-alam-1617226,sitemap:slug,2026-10-05T09:31:11+00:00
https://www.thedailystar.net/news/opinion/chintito-1995/freedom-fighter-and-liberation-war-researcher-1618894,sitemap:slug,2026-10-05T09:31:11+00:00
https://www.thedailystar.net/news/city/bangabandhu-was-killed-overpower-spirit-liberation-war-shahriar-kabir-1619098,sitemap:slug,2026-10-05T09:31:11+00:00
https://www.thedailystar.net/news/country/bangladesh-liberation-war-crimes-in-1971-ict-deliver-verdict-against-5-patuakhali-men-tomorrow-1619632,sitemap:slug,2026-10-05T09:31:11+00:00
https://www.thedailystar.net/news/city/demeaning-liberation-war-martyrs-bnp-chairperson-khaleda-zia-seeks-bangladesh-high-court-bail-1620115,sitemap:slug,2026-10-05T09:31:11+00:00
https://www.thedailystar.net/news/country/5-patuakhali-liberation-war-criminals-get-death-penalty-1620052,sitemap:slug,2026-10-05T09:31:11+00:00
https://www.thedailystar.net/news/city/govt-facilitate-accommodation-all-biranganas-poor-freedom-fighters-1620199,sitemap:slug,2026-10-05T09:31:11+00:00
https://www.thedailystar.net/news/country/birangana-rama-chowdhury-passes-away-bangladesh-liberation-war-1628395,sitemap:slug,2026-10-05T09:31:11+00:00
https://www.thedailystar.net/city/news/workshop-genocide-liberation-war-starts-barisal-1630825,sitemap:slug,2026-10-05T09:31:11+00:00
https://www.thedailystar.net/us/news/us-issues-threat-war-crimes-court-1632310,sitemap:slug,2026-10-05T09:31:11+00:00
https://www.thedailystar.net/law-our-rights/news/genocide-rakhine-1637971,sitemap:slug,2026-10-05T09:31:11+00:00
https://www.thedailystar.net/opinion/the-grudging-urbanist/news/secret-history-1971-1638517,sitemap:slug,2026-10-05T09:31:11+00:00
https://www.thedailystar.net/city/news/lobby-intl-recognition-1971-genocide-1640179,sitemap:slug,2026-10-05T09:31:11+00:00
https://www.thedailystar.net/city/news/liberation-war-sculpture-unveiled-cu-1651966,sitemap:slug,2026-10-05T09:31:11+00:00
https://www.thedailystar.net/city/war-crimes-in-liberation-war-1971-accused-pirojpur-dies-at-dhaka-medical-college-hospital-1653868,sitemap:slug,2026-10-05T09:31:11+00:00
https://www.thedailystar.net/country/war-crimes-during-liberation-war-in-1971-ex-awami-league-leader-gets-death-1656472,sitemap:slug,2026-10-05T09:31:11+00:00
https://www.thedailystar.net/country/news/bhurungamari-freed-day-1971-1660084,sitemap:slug,2026-10-05T09:31:11+00:00
https://www.thedailystar.net/js-polls-2018/news/no-ticket-war-criminals-sons-1660732,sitemap:slug,2026-10-05T09:31:11+00:00
https://www.thedailystar.net/showbiz/grapevine/news/safa-kabir-starring-victory-day-drama-1667431,sitemap:slug,2026-10-05T09:31:11+00:00
https://www.thedailystar.net/arts-entertainment/event/news/15-day-long-muktijuddher-bijoy-mela-begins-manikganj-1670083,sitemap:slug,2026-10-05T09:31:11+00:00
https://www.thedailystar.net/city/news/india-shaped-global-opinion-favour-liberation-war-1670317,sitemap:slug,2026-10-05T09:31:11+00:00
https://www.thedailystar.net/lifestyle/check-it-out/news/bijoy-dibosh-foring-1671730,sitemap:slug,2026-10-05T09:31:12+00:00
https://www.thedailystar.net/lifestyle/check-it-out/news/celebrate-victory-day-megh-1671733,sitemap:slug,2026-10-05T09:31:12+00:00
https://www.thedailystar.net/lifestyle/check-it-out/news/celebrate-victory-day-uber-1671745,sitemap:slug,2026-10-05T09:31:12+00:00
https://www.thedailystar.net/lifestyle/check-it-out/news/anjans-celebrates-victory-day-1671751,sitemap:slug,2026-10-05T09:31:12+00:00
https://www.thedailystar.net/supplements/martyred-intellectuals-day-2018/news/martyrs-conformists-and-the-servile-1672984,sitemap:slug|package:supplements/martyred-intellectuals-day-2018,2026-10-05T09:31:12+00:00
https://www.thedailystar.net/supplements/martyred-intellectuals-day-2017/news/how-best-remember-our-martyred-intellectuals-1672990,sitemap:slug|package:supplements/martyred-intellectuals-day-2018,2026-10-05T09:31:12+00:00
https://www.thedailystar.net/supplements/martyred-intellectuals-day-2017/news/remembering-the-great-minds-we-lost-1672993,sitemap:slug|package:supplements/martyred-intellectuals-day-2018,2026-10-05T09:31:12+00:00
https://www.thedailystar.net/editorial/news/martyred-intellectuals-being-sorely-missed-1673230,sitemap:slug,2026-10-05T09:31:12+00:00
https://www.thedailystar.net/city/news/nation-observes-martyred-intellectuals-day-today-1673536,sitemap:slug,2026-10-05T09:31:12+00:00
https://www.thedailystar.net/politics/news/pm-pays-tributes-martyred-intellectuals-1673572,sitemap:slug,2026-10-05T09:31:12+00:00
https://www.thedailystar.net/bangladesh-national-election-2018/news/dont-cast-votes-war-criminals-bangladesh-prime-minister-sheikh-hasina-1673860,sitemap:slug,2026-10-05T09:31:12+00:00
https://www.thedailystar.net/frontpage/news/homage-martyred-intellectuals-1673911,sitemap:slug,2026-10-05T09:31:12+00:00
https://www.thedailystar.net/bangladesh-national-election-2018/news/dont-vote-war-criminals-1673923,sitemap:slug,2026-10-05T09:31:12+00:00
https://www.thedailystar.net/1971-the-battles-women-fought/news/our-struggle-ended-the-struggle-the-biranganas-had-just-begun-1674007,sitemap:slug|package:1971-the-battles-women-fought,2026-10-05T09:31:12+00:00
https://www.thedailystar.net/1971-the-battles-women-fought/news/sheela-devi-tale-woman-freedom-fighter-1674013,sitemap:slug|package:1971-the-battles-women-fought,2026-10-05T09:31:12+00:00
https://www.thedailystar.net/opinion/news/the-end-the-liberation-war-71-road-dhaka-1674133,sitemap:slug,2026-10-05T09:31:12+00:00
https://www.thedailystar.net/city/news/uncared-monument-the-liberation-war-1674223,sitemap:slug,2026-10-05T09:31:12+00:00
https://www.thedailystar.net/1971-the-battles-women-fought/news/when-music-paves-the-way-1674016,sitemap:slug|package:1971-the-battles-women-fought,2026-10-05T09:31:12+00:00
https://www.thedailystar.net/1971-the-battles-women-fought/news/healing-the-wounded-another-field-battle-1674055,sitemap:slug|package:1971-the-battles-women-fought,2026-10-05T09:31:12+00:00
https://www.thedailystar.net/1971-the-battles-women-fought/news/the-war-we-fought-home-1674067,sitemap:slug|package:1971-the-battles-women-fought,2026-10-05T09:31:12+00:00
https://www.thedailystar.net/1971-the-battles-women-fought/news/history-and-herstory-1674088,sitemap:slug|package:1971-the-battles-women-fought,2026-10-05T09:31:12+00:00
https://www.thedailystar.net/politics/news/indian-prime-minister-narendra-modi-honours-soldiers-who-fought-1971-bangladesh-liberation-war-1674379,sitemap:slug,2026-10-05T09:31:12+00:00
https://www.thedailystar.net/bangladesh-national-election-2018/jatiya-oikyafront-stages-48th-victory-day-2018-rally-in-dhaka-1674427,sitemap:slug,2026-10-05T09:31:12+00:00
https://www.thedailystar.net/bangladesh-national-election-2018/news/war-criminal-wont-be-allowed-parliament-shahjahan-khan-1674586,sitemap:slug,2026-10-05T09:31:12+00:00
https://www.thedailystar.net/country/news/bangladesh-pm-sheikh-hasina-pays-tributes-martyrs-of-liberation-war-48th-victory-day-1674358,sitemap:slug,2026-10-05T09:31:12+00:00
https://www.thedailystar.net/opinion/views/economics/news/the-liberation-war-and-bangladeshs-development-1674505,sitemap:slug,2026-10-05T09:31:12+00:00
https://www.thedailystar.net/letters/news/what-the-spirit-the-liberation-war-means-1674511,sitemap:slug,2026-10-05T09:31:12+00:00
https://www.thedailystar.net/arts-entertainment/event/bangladesh-47th-victory-day-2018-hajaro-konthe-deshgaan-commemorates-1674532,sitemap:slug,2026-10-05T09:31:12+00:00
https://www.thedailystar.net/arts-entertainment/event/news/bijoy-utshab-2018-concludes-liberation-war-museum-1675015,sitemap:slug,2026-10-05T09:31:12+00:00
https://www.thedailystar.net/bangladesh-national-election-2018/bangladesh-freedom-fighters-become-honorary-citizens-bnp-manifesto-pledges-1675393,sitemap:slug,2026-10-05T09:31:12+00:00
https://www.thedailystar.net/city/news/1971-through-pakistani-eyes-1676347,sitemap:slug,2026-10-05T09:31:12+00:00
https://www.thedailystar.net/arts-entertainment/news/dbl-celebrates-bangladeshs-victory-day-ethiopia-1676431,sitemap:slug,2026-10-05T09:31:12+00:00
https://www.thedailystar.net/backpage/news/artistic-way-recall-1971-1677190,sitemap:slug,2026-10-05T09:31:12+00:00
https://www.thedailystar.net/city/news/did-not-fight-the-liberation-war-live-minority-1677196,sitemap:slug,2026-10-05T09:31:12+00:00
https://www.thedailystar.net/city/news/dr-kamal-supporting-anti-liberation-war-forces-the-name-oikyafront-1678123,sitemap:slug,2026-10-05T09:31:12+00:00
https://www.thedailystar.net/city/fire-near-rayerbazar-martyred-intellectuals-mausoleum-in-dhaka-1679119,sitemap:slug,2026-10-05T09:31:12+00:00
https://www.thedailystar.net/law-our-rights/genocide-trials-duty-rebuild-truth-and-history-1339684,sitemap:slug,2026-10-05T09:31:18+00:00
https://www.thedailystar.net/country/kismat-unsung-hero-liberation-war-1342297,sitemap:slug,2026-10-05T09:31:18+00:00
https://www.thedailystar.net/law-our-rights/redefining-rape-war-crime-1346254,sitemap:slug,2026-10-05T09:31:18+00:00
https://www.thedailystar.net/backpage/1971-war-crimes-bnp-leader-osman-under-scanner-1346896,sitemap:slug,2026-10-05T09:31:18+00:00
https://www.thedailystar.net/op-ed/six-point-asean-secrets-trump-should-know-1348651,sitemap:slug,2026-10-05T09:31:18+00:00
https://www.thedailystar.net/opinion/asian-editors-circle/six-point-asean-secrets-trump-should-know-1350097,sitemap:slug,2026-10-05T09:31:18+00:00
https://www.thedailystar.net/backpage/uphold-spirit-liberation-war-1350139,sitemap:slug,2026-10-05T09:31:18+00:00
https://www.thedailystar.net/arts-entertainment/film/malayalam-perspective-our-liberation-war-1351402,sitemap:slug,2026-10-05T09:31:19+00:00
https://www.thedailystar.net/country/plaques-razakars-name-removed-1356976,sitemap:slug,2026-10-05T09:31:19+00:00
https://www.thedailystar.net/city/recognise-genocide-1971-1361857,sitemap:slug,2026-10-05T09:31:19+00:00
https://www.thedailystar.net/backpage/1971-genocide-pm-blasts-pakistan-spreading-false-info-1364506,sitemap:slug,2026-10-05T09:31:19+00:00
https://www.thedailystar.net/arts-entertainment/arts/drawing-inspiration-the-liberation-war-1366732,sitemap:slug,2026-10-05T09:31:19+00:00
https://www.thedailystar.net/arts-entertainment/memories-freedom-fighter-1367656,sitemap:slug,2026-10-05T09:31:19+00:00
https://www.thedailystar.net/city/readers-draw-inspiration-liberation-war-books-1367809,sitemap:slug,2026-10-05T09:31:19+00:00
https://www.thedailystar.net/arts-entertainment/exhibition/london-1971-photography-exhibits-sylhet-1368787,sitemap:slug,2026-10-05T09:31:19+00:00
https://www.thedailystar.net/online/liberation-war-songs-at-joy-bangla-concert-march-7-1370464,sitemap:slug,2026-10-05T09:31:19+00:00
https://www.thedailystar.net/city/london-expats-role-1971-recalled-1370560,sitemap:slug,2026-10-05T09:31:19+00:00
https://www.thedailystar.net/country/names-4-roads-named-after-razakars-changed-1372768,sitemap:slug,2026-10-05T09:31:19+00:00
https://www.thedailystar.net/arts-entertainment/event/instilling-the-spirit-liberation-war-1372876,sitemap:slug,2026-10-05T09:31:19+00:00
https://www.thedailystar.net/country/4-roads-named-after-razakars-renamed-1372906,sitemap:slug,2026-10-05T09:31:19+00:00
https://www.thedailystar.net/lifestyle/check-it-out/sadakalos-independence-day-celebrations-1375348,sitemap:slug,2026-10-05T09:31:19+00:00
https://www.thedailystar.net/editorial/march-25-genocide-day-1375906,sitemap:slug,2026-10-05T09:31:19+00:00
https://www.thedailystar.net/city/shadhin-bangla-betar-kendra-singers-inspired-nation-1971-1378144,sitemap:slug,2026-10-05T09:31:19+00:00
https://www.thedailystar.net/frontpage/genocide-1971-govt-moves-get-un-recognition-1379065,sitemap:slug,2026-10-05T09:31:19+00:00
https://www.thedailystar.net/backpage/1971-war-crimes-evidence-found-against-former-pak-army-man-1379374,sitemap:slug,2026-10-05T09:31:19+00:00
https://www.thedailystar.net/star-weekend/spotlight/televising-1971-the-war-footage-1380265,sitemap:slug,2026-10-05T09:31:19+00:00
https://www.thedailystar.net/star-weekend/long-form/history-and-the-birangona-1380280,sitemap:slug,2026-10-05T09:31:19+00:00
https://www.thedailystar.net/wide-angle/bangla-college-witness-the-1971-genocide-1380715,sitemap:slug,2026-10-05T09:31:19+00:00
https://www.thedailystar.net/editorial/genocide-day-1380928,sitemap:slug,2026-10-05T09:31:19+00:00
https://www.thedailystar.net/supplements/7-years-war-crimes-trial-1381120,sitemap:slug,2026-10-05T09:31:19+00:00
https://www.thedailystar.net/op-ed/politics/one-genocide-one-telegram-and-two-opportunists-1380925,sitemap:slug,2026-10-05T09:31:19+00:00
https://www.thedailystar.net/supplements/independence-day-special-2017/the-tangail-landings-signal-victory-1381231,sitemap:slug|package:supplements/independence-day-special-2017,2026-10-05T09:31:19+00:00
https://www.thedailystar.net/supplements/independence-day-special-2017/lets-acknowledge-bangalis-leaders-1381237,sitemap:slug|package:supplements/independence-day-special-2017,2026-10-05T09:31:19+00:00
https://www.thedailystar.net/supplements/independence-day-special-2017/those-dark-days-1381240,sitemap:slug|package:supplements/independence-day-special-2017,2026-10-05T09:31:19+00:00
https://www.thedailystar.net/supplements/independence-day-special-2017/bangladesh-the-goal-culture-and-civilisation-1381243,sitemap:slug|package:supplements/independence-day-special-2017,2026-10-05T09:31:19+00:00
https://www.thedailystar.net/supplements/independence-day-special-2017/the-birangana-and-the-birth-bangladesh-1381249,sitemap:slug|package:supplements/independence-day-special-2017,2026-10-05T09:31:19+00:00
https://www.thedailystar.net/supplements/independence-day-special-2017/remembering-the-year-war-1381255,sitemap:slug|package:supplements/independence-day-special-2017,2026-10-05T09:31:19+00:00
https://www.thedailystar.net/supplements/independence-day-special-2017/editors-note-1381258,sitemap:slug|package:supplements/independence-day-special-2017,2026-10-05T09:31:19+00:00
https://www.thedailystar.net/supplements/independence-day-special-2017/sheikh-mujibur-rahman-our-bangabandhu-1381261,sitemap:slug|package:supplements/independence-day-special-2017,2026-10-05T09:31:19+00:00
https://www.thedailystar.net/letters/independence-day-let-us-stand-against-terrorism-1381270,sitemap:slug,2026-10-05T09:31:19+00:00
https://www.thedailystar.net/op-ed/my-familys-close-encounter-death-1971-1381279,sitemap:slug,2026-10-05T09:31:19+00:00
https://www.thedailystar.net/city/recalling-1971-genocide-1381516,sitemap:slug,2026-10-05T09:31:19+00:00
https://www.thedailystar.net/arts-entertainment/how-music-and-culture-drove-the-liberation-war-1381564,sitemap:slug,2026-10-05T09:31:19+00:00
https://www.thedailystar.net/arts-entertainment/music/scorpions-greet-bangladesh-independence-day-1381987,sitemap:slug,2026-10-05T09:31:19+00:00
https://www.thedailystar.net/city/how-get-intl-recognition-1971-genocide-1381936,sitemap:slug,2026-10-05T09:31:19+00:00
https://www.thedailystar.net/shout/event/uhh-arranges-medical-camp-the-occasion-independence-day-1382167,sitemap:slug,2026-10-05T09:31:19+00:00
https://www.thedailystar.net/editorial/neglected-liberation-war-sites-1382332,sitemap:slug,2026-10-05T09:31:19+00:00
https://www.thedailystar.net/arts-entertainment/event/independence-day-celebrations-mymensingh-1382698,sitemap:slug,2026-10-05T09:31:19+00:00
https://www.thedailystar.net/arts-entertainment/exhibition/bangladeshs-independence-day-celebrations-thailand-1383361,sitemap:slug,2026-10-05T09:31:19+00:00
https://www.thedailystar.net/backpage/1971-war-crimes-moosa-faces-preliminary-investigation-1383448,sitemap:slug,2026-10-05T09:31:19+00:00
https://www.thedailystar.net/arts-entertainment/event/bangladeshs-independence-day-observed-tripura-1384393,sitemap:slug,2026-10-05T09:31:19+00:00
https://www.thedailystar.net/backpage/war-crimes-1971-probe-agency-gets-documents-moosa-1387639,sitemap:slug,2026-10-05T09:31:19+00:00
https://www.thedailystar.net/country/hasina-meets-indian-major-who-rescued-her-1971-1388212,sitemap:slug,2026-10-05T09:31:19+00:00
https://www.thedailystar.net/arts-entertainment/exhibition/photography-exhibition-london-1971-starts-cu-1388263,sitemap:slug,2026-10-05T09:31:19+00:00
https://www.thedailystar.net/opinion/stranger-fiction/gambit-and-war-crime-1388692,sitemap:slug,2026-10-05T09:31:19+00:00
https://www.thedailystar.net/backpage/4-sued-killing-ff-1971-1389976,sitemap:slug,2026-10-05T09:31:19+00:00
https://www.thedailystar.net/slow-reads/news/the-many-shades-boisabi-1390897,sitemap,2026-10-05T09:31:19+00:00
https://www.thedailystar.net/op-ed/politics/lest-we-forget-the-legacy-mujibnagar-1391902,sitemap:slug,2026-10-05T09:31:19+00:00
https://www.thedailystar.net/backpage/mujibnagar-day-today-1392061,sitemap:slug,2026-10-05T09:31:19+00:00
https://www.thedailystar.net/country/mujibnagar-day-pm-pays-homage-bangabandhu-1392208,sitemap:slug,2026-10-05T09:31:19+00:00
https://www.thedailystar.net/politics/bnp-doesnt-believe-liberation-war-spirit-quader-1392304,sitemap:slug,2026-10-05T09:31:19+00:00
https://www.thedailystar.net/backpage/1971-war-crimes-verdict-2-kishoreganj-men-today-1393102,sitemap:slug,2026-10-05T09:31:19+00:00
https://www.thedailystar.net/politics/2-kishoreganj-razakars-get-death-1393258,sitemap:slug,2026-10-05T09:31:19+00:00
https://www.thedailystar.net/backpage/1971-war-crimes-13-bagerhat-men-face-7-charges-1393693,sitemap:slug,2026-10-05T09:31:19+00:00
https://www.thedailystar.net/country/forgotten-massacre-1971-1394914,sitemap:slug,2026-10-05T09:31:19+00:00
https://www.thedailystar.net/footages-1971-liberation-war/killing-grounds/the-girl-who-lies-among-forgotten-dupchanchia-massacre-martyrs-1395226,sitemap:slug|package:footages-1971-liberation-war/killing-grounds,2026-10-05T09:31:19+00:00
https://www.thedailystar.net/country/trial-razakars-demanded-1395433,sitemap:slug,2026-10-05T09:31:19+00:00
https://www.thedailystar.net/arts-entertainment/bangladesh-culture-personality-freedom-fighter-kazi-arif-clinically-dead-1398268,sitemap:slug,2026-10-05T09:31:19+00:00
https://www.thedailystar.net/country/punishment-distorting-liberation-war-history-1400959,sitemap:slug,2026-10-05T09:31:19+00:00
https://www.thedailystar.net/country/bangladesh-war-crimes-arrest-warrant-bogra-ex-bnp-lawmaker-razakar-1971-liberation-war-1407037,sitemap:slug,2026-10-05T09:31:19+00:00
https://www.thedailystar.net/country/remove-name-chakma-king-tridib-structure-anti-liberation-1971-1409089,sitemap:slug,2026-10-05T09:31:19+00:00
https://www.thedailystar.net/arts-entertainment/new-generation-should-know-the-real-history-our-liberation-war-1410847,sitemap:slug,2026-10-05T09:31:19+00:00
https://www.thedailystar.net/book-reviews/muktijuddha-ojana-oddhay-1414846,sitemap:slug,2026-10-05T09:31:19+00:00
https://www.thedailystar.net/city/historic-six-point-day-today-1416628,sitemap:slug,2026-10-05T09:31:19+00:00
https://www.thedailystar.net/politics/historic-6-point-day-prime-minister-sheikh-hasina-pays-tributes-bangabandhu-sheikh-mujibur-rahman-1416748,sitemap:slug,2026-10-05T09:31:19+00:00
https://www.thedailystar.net/business/tk-13372cr-whitened-1971-1417534,sitemap:slug,2026-10-05T09:31:19+00:00
https://www.thedailystar.net/country/noakhali-ffs-recall-horrific-days-1971-1420273,sitemap:slug,2026-10-05T09:31:19+00:00
https://www.thedailystar.net/arts-entertainment/interview/tanvir-mokammel-revisiting-the-liberation-war-1421206,sitemap:slug,2026-10-05T09:31:19+00:00
https://www.thedailystar.net/book-reviews/1971-new-horizon-history-1421401,sitemap:slug,2026-10-05T09:31:19+00:00
https://www.thedailystar.net/arts-entertainment/shadhin-bangla-betar-kendra-artiste-subrata-sengupta-no-more-prostate-cancer-dhaka-liberation-war-tagore-singer-bangladesh-1428223,sitemap:slug,2026-10-05T09:31:19+00:00
https://www.thedailystar.net/city/find-army-leadership-having-liberation-war-spirit-pm-1430878,sitemap:slug,2026-10-05T09:31:19+00:00
https://www.thedailystar.net/city/international-crimes-tribunal-bangladesh-sends-rajshahi-razakar-jail-1431310,sitemap:slug,2026-10-05T09:31:19+00:00
https://www.thedailystar.net/country/58-swadhin-bangla-betar-kendra-artistes-shobdo-soinik-bangladesh-government-awarded-freedom-fighter-status-1431583,sitemap:slug,2026-10-05T09:31:19+00:00
https://www.thedailystar.net/1971-liberation-war-articles/fazlur-rahman-babu-coming-tds-facebook-live-1431655,sitemap:slug,2026-10-05T09:31:19+00:00
https://www.thedailystar.net/backpage/swadhin-bangla-betar-freedom-fighter-status-58-more-artistes-1431871,sitemap:slug,2026-10-05T09:31:19+00:00
https://www.thedailystar.net/book-reviews/liberation-war-novel-our-time-1433302,sitemap:slug,2026-10-05T09:31:19+00:00
https://www.thedailystar.net/city/pakistani-poet-1971-genocide-trial-1439368,sitemap:slug,2026-10-05T09:31:19+00:00
https://www.thedailystar.net/editorial/trial-1971-genocide-1439605,sitemap:slug,2026-10-05T09:31:19+00:00
https://www.thedailystar.net/country/freedom-fighter-bir-protik-taramon-bibi-to-be-taken-dhaka-combined-military-hospital-from-rangpur-cmh-bangladesh-1971-liberation-war-1443982,sitemap:slug,2026-10-05T09:31:19+00:00
https://www.thedailystar.net/in-focus/english-language-carnival-held-ideal-school-and-college-1446754,sitemap,2026-10-05T09:31:20+00:00
https://www.thedailystar.net/lifestyle/cover-story/re-visiting-the-liberation-war-museum-1448839,sitemap:slug,2026-10-05T09:31:20+00:00
https://www.thedailystar.net/city/some-cjs-observations-contradict-liberation-war-spirit-1451134,sitemap:slug,2026-10-05T09:31:20+00:00
https://www.thedailystar.net/arts-entertainment/music/veteran-bangladesh-singer-abdul-jabbar-passes-away-freedom-fighter-liberation-war-1971-1456219,sitemap:slug,2026-10-05T09:31:20+00:00
https://www.thedailystar.net/op-ed/remembering-saleh-chowdhury-journalist-and-freedom-fighter-1458403,sitemap:slug,2026-10-05T09:31:20+00:00
https://www.thedailystar.net/opinion/chintito-1995/stop-genocide-the-name-buddha-1461271,sitemap:slug,2026-10-05T09:31:20+00:00
https://www.thedailystar.net/star-weekend/spotlight/living-the-genocide-the-grip-trauma-1472017,sitemap:slug,2026-10-05T09:31:20+00:00
https://www.thedailystar.net/star-weekend/the-shadow-violence/genocide-any-other-name-1474879,sitemap:slug,2026-10-05T09:31:20+00:00
https://www.thedailystar.net/city/liberation-war-secretary-faces-contempt-charges-1478014,sitemap:slug,2026-10-05T09:31:20+00:00
https://www.thedailystar.net/country/italian-bangladeshi-1971-veteran-marino-rigon-passes-away-1479730,sitemap:slug,2026-10-05T09:31:20+00:00
https://www.thedailystar.net/country/natore-mp-blamed-calling-al-leader-razakar-1484479,sitemap:slug,2026-10-05T09:31:20+00:00
https://www.thedailystar.net/country/probe-finds-tangail-man-abduction-ranada-prasad-shaha-1971-1485325,sitemap:slug,2026-10-05T09:31:20+00:00
https://www.thedailystar.net/country/widow-of-martyred-freedom-fighter-sues-meherpur-razakar-war-crimes-liberation-war-1971-bangladesh-1487803,sitemap:slug,2026-10-05T09:31:20+00:00
https://www.thedailystar.net/backpage/wife-files-case-against-razakar-meherpur-1488109,sitemap:slug,2026-10-05T09:31:20+00:00
https://www.thedailystar.net/backpage/new-window-1971-research-1489099,sitemap:slug,2026-10-05T09:31:20+00:00
https://www.thedailystar.net/city/34-cops-honoured-building-first-armed-resistance-against-pak-army-1971-1491160,sitemap:slug,2026-10-05T09:31:20+00:00
https://www.thedailystar.net/city/death-anniversary-two-liberation-war-martyrs-today-1491421,sitemap:slug,2026-10-05T09:31:20+00:00
https://www.thedailystar.net/opinion/politics/victory-day-bar-anti-liberation-elements-1492093,sitemap:slug,2026-10-05T09:31:20+00:00
https://www.thedailystar.net/opinion/politics/call-it-genocide-1493548,sitemap:slug,2026-10-05T09:31:20+00:00
https://www.thedailystar.net/country/president-pm-sheikh-hasina-pay-homage-armed-forces-day-2017-martyrs-1971-liberation-war-shikha-anirban-flame-eternal-1494415,sitemap:slug,2026-10-05T09:31:22+00:00
https://www.thedailystar.net/country/verdict-6-gaibandha-war-criminals-tomorrow-international-crimes-tribunal-Jamaat-e-Islami-bangladesh-liberation-war-1971-1494430,sitemap:slug,2026-10-05T09:31:22+00:00
https://www.thedailystar.net/politics/bangladesh-1971-liberation-war-veteran-forces-members-will-get-allowance-prime-minister-sheikh-hasina-1494457,sitemap:slug,2026-10-05T09:31:22+00:00
https://www.thedailystar.net/backpage/crime-against-humanity-1971-ex-jamaat-mp-5-others-hang-1495258,sitemap:slug,2026-10-05T09:31:22+00:00
https://www.thedailystar.net/opinion/perspective/pakistani-war-criminals-must-be-tried-1496029,sitemap:slug,2026-10-05T09:31:22+00:00
https://www.thedailystar.net/city/dhaka-roads-avoid-unesco-bangabandhu-7-march-1971-historical-speech-today-1496281,sitemap:slug,2026-10-05T09:31:22+00:00
https://www.thedailystar.net/city/5-daily-star-journalists-get-dhaka-reporters-unity-dru-best-reporting-award-2017-diplomacy-health-city-problem-liberation-war-1496695,sitemap:slug,2026-10-05T09:31:22+00:00
https://www.thedailystar.net/city/muktijuddher-bijoy-mela-begins-today-ctg-1499035,sitemap:slug,2026-10-05T09:31:22+00:00
https://www.thedailystar.net/arts-entertainment/tv/liberation-war-based-series-bijoy-atn-bangla-1500172,sitemap:slug,2026-10-05T09:31:22+00:00
https://www.thedailystar.net/law-our-rights/our-duty-prevent-genocide-1500484,sitemap:slug,2026-10-05T09:31:22+00:00
https://www.thedailystar.net/opinion/interviews/ending-the-genocide-not-profitable-1500649,sitemap:slug,2026-10-05T09:31:22+00:00
https://www.thedailystar.net/opinion/strategically-speaking/genocide-next-door-and-the-pontiffs-moral-dilemma-1500655,sitemap:slug,2026-10-05T09:31:22+00:00
https://www.thedailystar.net/country/gaibandha-freed-day-1971-1501210,sitemap:slug,2026-10-05T09:31:22+00:00
https://www.thedailystar.net/bytes/priyo-muktipin-new-digital-archive-liberation-war-1503304,sitemap:slug,2026-10-05T09:31:22+00:00
https://www.thedailystar.net/star-weekend/unseen-1971-amanul-haq-1503958,sitemap:slug,2026-10-05T09:31:22+00:00
https://www.thedailystar.net/supplements/martyred-intellectuals-day-2017/my-great-mentor-dr-kalachand-roy-1504426,sitemap:slug|package:supplements/martyred-intellectuals-day-2017,2026-10-05T09:31:22+00:00
https://www.thedailystar.net/supplements/martyred-intellectuals-day-2017/kasim-uddin-ahmad-true-humanist-1504429,sitemap:slug|package:supplements/martyred-intellectuals-day-2017,2026-10-05T09:31:22+00:00
https://www.thedailystar.net/supplements/martyred-intellectuals-day-2017/my-brother-badsha-alam-sikder-1504441,sitemap:slug|package:supplements/martyred-intellectuals-day-2017,2026-10-05T09:31:22+00:00
https://www.thedailystar.net/supplements/martyred-intellectuals-day-2017/martyred-intellectuals-1504444,sitemap:slug|package:supplements/martyred-intellectuals-day-2017,2026-10-05T09:31:22+00:00
https://www.thedailystar.net/supplements/martyred-intellectuals-day-2017/my-father-jitendra-lal-dutta-1504450,sitemap:slug|package:supplements/martyred-intellectuals-day-2017,2026-10-05T09:31:22+00:00
https://www.thedailystar.net/arts-entertainment/tv/special-tv-programmes-martyred-intellectuals-day-1504486,sitemap:slug,2026-10-05T09:31:22+00:00
https://www.thedailystar.net/arts-entertainment/exhibition/glorifying-the-indomitable-spirit-the-liberation-war-1504489,sitemap:slug,2026-10-05T09:31:22+00:00
https://www.thedailystar.net/editorial/martyred-intellectuals-day-1504534,sitemap:slug,2026-10-05T09:31:22+00:00
https://www.thedailystar.net/frontpage/martyred-intellectuals-still-not-war-heroes-1504669,sitemap:slug,2026-10-05T09:31:22+00:00
https://www.thedailystar.net/city/bangladesh-victory-day-martyred-intellectuals-day-being-observed-1504855,sitemap:slug,2026-10-05T09:31:22+00:00
https://www.thedailystar.net/video-stories/walk-through-the-liberation-war-museum-1504918,sitemap:slug,2026-10-05T09:31:22+00:00
https://www.thedailystar.net/arts-entertainment/badhans-first-liberation-war-play-1505056,sitemap:slug,2026-10-05T09:31:22+00:00
https://www.thedailystar.net/arts-entertainment/music/liberation-war-and-saga-singers-1505176,sitemap:slug,2026-10-05T09:31:22+00:00
https://www.thedailystar.net/arts-entertainment/liberation-war-celluloid-1505185,sitemap:slug,2026-10-05T09:31:22+00:00
https://www.thedailystar.net/city/tributes-pour-martyred-intellectuals-1505257,sitemap:slug,2026-10-05T09:31:22+00:00
https://www.thedailystar.net/supplements/victory-day-special-2017/escape-freedom-1505431,sitemap:slug|package:supplements/victory-day-special-2017,2026-10-05T09:31:22+00:00
https://www.thedailystar.net/supplements/victory-day-special-2017/battles-belonia-bulge-1505437,sitemap:slug|package:supplements/victory-day-special-2017,2026-10-05T09:31:22+00:00
https://www.thedailystar.net/supplements/victory-day-special-2017/the-war-footage-1505443,sitemap:slug|package:supplements/victory-day-special-2017,2026-10-05T09:31:22+00:00
https://www.thedailystar.net/arts-entertainment/tv/victory-day-celebrations-channel-i-1505449,sitemap:slug,2026-10-05T09:31:22+00:00
https://www.thedailystar.net/arts-entertainment/tv/desh-tv-broadcast-victory-day-concert-live-1505455,sitemap:slug,2026-10-05T09:31:22+00:00
https://www.thedailystar.net/arts-entertainment/chhayanaut-hold-victory-day-programmes-du-1505458,sitemap:slug,2026-10-05T09:31:22+00:00
https://www.thedailystar.net/arts-entertainment/film/liberation-war-films-all-theatres-the-country-today-1505461,sitemap:slug,2026-10-05T09:31:22+00:00
https://www.thedailystar.net/editorial/we-celebrate-victory-day-1505467,sitemap:slug,2026-10-05T09:31:22+00:00
https://www.thedailystar.net/supplements/victory-day-special-2017/editors-note-1505512,sitemap:slug|package:supplements/victory-day-special-2017,2026-10-05T09:31:22+00:00
https://www.thedailystar.net/showbiz/movie-review-0/5-memorable-films-based-the-liberation-war-1505542,sitemap:slug,2026-10-05T09:31:22+00:00
https://www.thedailystar.net/showbiz/deshi-grapevine/pori-moni-antarjala-victory-day-1505548,sitemap:slug,2026-10-05T09:31:22+00:00
https://www.thedailystar.net/country/bangladesh-nation-pays-tributes-liberation-war-martyrs-on-victory-day-2017-1505785,sitemap:slug,2026-10-05T09:31:22+00:00
https://www.thedailystar.net/literature/news/the-promise-1971-1505902,sitemap:slug,2026-10-05T09:31:22+00:00
https://www.thedailystar.net/frontpage/unique-burial-ground-1971-1506007,sitemap:slug,2026-10-05T09:31:22+00:00
https://www.thedailystar.net/frontpage/doa-mahfil-liberation-war-martyrs-he-prays-killers-bangabandhu-sheikh-mujibur-rahman-1506022,sitemap:slug,2026-10-05T09:31:22+00:00
https://www.thedailystar.net/editorial/freedom-fighters-unique-protest-1505842,sitemap:slug,2026-10-05T09:31:22+00:00
https://www.thedailystar.net/arts-entertainment/exhibition/exhibition-marking-victory-day-2017-barisal-1507357,sitemap:slug,2026-10-05T09:31:22+00:00
https://www.thedailystar.net/op-ed/khaleda-zias-numeracy-and-the-1971-genocide-195079,sitemap:slug,2026-10-05T09:31:26+00:00
https://www.thedailystar.net/in-focus/bangla-academys-60th-year-preserving-and-projecting-bangali-culture-195568,sitemap,2026-10-05T09:31:26+00:00
https://www.thedailystar.net/top-news/war-crimes-accused-another-kashimpur-inmate-die-197344,sitemap:slug,2026-10-05T09:31:26+00:00
https://www.thedailystar.net/country/news/charges-against-2-kishoreganj-razakars-accepted-198367,sitemap:slug,2026-10-05T09:31:26+00:00
https://www.thedailystar.net/in-focus/agreeing-save-the-planet-199030,sitemap,2026-10-05T09:31:27+00:00
https://www.thedailystar.net/country/news/war-crimes-verdict-2-netrakona-razakars-anytime-199783,sitemap:slug,2026-10-05T09:31:27+00:00
https://www.thedailystar.net/politics/razakars-conspiring-destroy-democracy-ashraf-199825,sitemap:slug,2026-10-05T09:31:27+00:00
https://www.thedailystar.net/country/news/1971-war-hero-jfr-jacob-no-more-201208,sitemap:slug,2026-10-05T09:31:27+00:00
https://www.thedailystar.net/op-ed/politics/the-sinister-collaborators-1971-201967,sitemap:slug,2026-10-05T09:31:27+00:00
https://www.thedailystar.net/in-focus/roma-suchitra-sen-202492,sitemap,2026-10-05T09:31:27+00:00
https://www.thedailystar.net/city/news/tell-intl-community-about-1971-genocide-204424,sitemap:slug,2026-10-05T09:31:27+00:00
https://www.thedailystar.net/city/news/court-orders-probe-goyeshwars-remark-about-liberation-war-martyrs-205426,sitemap:slug,2026-10-05T09:31:27+00:00
https://www.thedailystar.net/wide-angle/how-india-won-the-1971-war-against-pakistan-205555,sitemap:slug,2026-10-05T09:31:27+00:00
https://www.thedailystar.net/in-focus/gano-adalot-205765,sitemap,2026-10-05T09:31:27+00:00
https://www.thedailystar.net/city/news/1969-mass-uprising-was-preamble-liberation-war-206863,sitemap:slug,2026-10-05T09:31:27+00:00
https://www.thedailystar.net/country/news/endorse-liberation-war-denial-crimes-act-208681,sitemap:slug,2026-10-05T09:31:27+00:00
https://www.thedailystar.net/city/news/enact-liberation-war-denial-crimes-act-209017,sitemap:slug,2026-10-05T09:31:27+00:00
https://www.thedailystar.net/city/news/ashraf-headed-al-badr-torture-camp-209176,sitemap:slug,2026-10-05T09:31:27+00:00
https://www.thedailystar.net/in-focus/coming-back-home-209350,sitemap,2026-10-05T09:31:27+00:00
https://www.thedailystar.net/politics/bnp-demands-1971-martyrs%E2%80%99-list-209692,sitemap:slug,2026-10-05T09:31:27+00:00
https://www.thedailystar.net/world/1971-war-ex-indian-army-chief-rao-passes-away-209749,sitemap:slug,2026-10-05T09:31:27+00:00
https://www.thedailystar.net/frontpage/bnp-demands-list-1971-martyrs-209935,sitemap:slug,2026-10-05T09:31:27+00:00
https://www.thedailystar.net/country/news/law-try-people-undermining-1971-war-planned-210250,sitemap:slug,2026-10-05T09:31:27+00:00
https://www.thedailystar.net/frontpage/bnp-make-list-1971-martyrs-210535,sitemap:slug,2026-10-05T09:31:27+00:00
https://www.thedailystar.net/city/news/law-cards-punish-distortion-1971-history-210541,sitemap:slug,2026-10-05T09:31:27+00:00
https://www.thedailystar.net/country/news/verdict-2-netrokona-razakars-tomorrow-210661,sitemap:slug,2026-10-05T09:31:27+00:00
https://www.thedailystar.net/country/news/war-crimes-taher-nani-razakars-get-death-penalty-211285,sitemap:slug,2026-10-05T09:31:27+00:00
https://www.thedailystar.net/country/news/martyrs-count-1971-undisputed-history-ict-211339,sitemap:slug,2026-10-05T09:31:27+00:00
https://www.thedailystar.net/supplements/star-lifetime-awardees-2016/muktijuddho-jadughar-liberation-war-museum-212614,sitemap:slug,2026-10-05T09:31:27+00:00
https://www.thedailystar.net/country/news/arrest-2-netrokona-razakars-ict-214339,sitemap:slug,2026-10-05T09:31:27+00:00
https://www.thedailystar.net/city/news/nasir-uddin-yousuff-testifies-against-eight-al-badr-men-477517,sitemap:slug,2026-10-05T09:31:27+00:00
https://www.thedailystar.net/city/news/law-against-denial-liberation-war-facts-drafted-510307,sitemap:slug,2026-10-05T09:31:27+00:00
https://www.thedailystar.net/slow-reads/focus/news/elias-writer-the-oppressed-510325,sitemap,2026-10-05T09:31:27+00:00
https://www.thedailystar.net/lifestyle/perspective/bangladesh-birth-nation-1952-1971-511834,sitemap:slug,2026-10-05T09:31:27+00:00
https://www.thedailystar.net/city/news/rising-violence-against-them-negates-liberation-war-spirit-513451,sitemap:slug,2026-10-05T09:31:27+00:00
https://www.thedailystar.net/city/news/uphold-mag-osmanis-role-liberation-war-513589,sitemap:slug,2026-10-05T09:31:27+00:00
https://www.thedailystar.net/shout/overclock/freedom-fighters-573721,sitemap:slug,2026-10-05T09:31:27+00:00
https://www.thedailystar.net/country/remark-about-liberation-war-martyrs-court-summons-goyeshwar-574249,sitemap:slug,2026-10-05T09:31:27+00:00
https://www.thedailystar.net/in-focus/the-origins-the-language-movement-574846,sitemap,2026-10-05T09:31:27+00:00
https://www.thedailystar.net/country/news/liberation-war-affairs-have-100-marks-bcs-exam-576235,sitemap:slug,2026-10-05T09:31:27+00:00
https://www.thedailystar.net/city/news/io-testifies-against-5-kishoreganj-razakars-682594,sitemap:slug,2026-10-05T09:31:27+00:00
https://www.thedailystar.net/in-focus/i-am-human-782800,sitemap,2026-10-05T09:31:27+00:00
https://www.thedailystar.net/showbiz/deshi-grapevine/%E2%80%9Caynabaazi%E2%80%9D-be-released-the-eve-independence-day-782806,sitemap:slug,2026-10-05T09:31:27+00:00
https://www.thedailystar.net/city/news/concert-liberation-war-army-stadium-march-7-783985,sitemap:slug,2026-10-05T09:31:27+00:00
https://www.thedailystar.net/country/news/war-crimes-2-moulvibazar-razakars-held-784585,sitemap:slug,2026-10-05T09:31:27+00:00
https://www.thedailystar.net/slow-reads/focus/news/revisiting-dhakas-treasures-786310,sitemap,2026-10-05T09:31:27+00:00
https://www.thedailystar.net/city/news/ordeal-1971-onwards-789895,sitemap:slug,2026-10-05T09:31:27+00:00
https://www.thedailystar.net/in-focus/do-political-parties-support-womens-political-empowerment-790036,sitemap,2026-10-05T09:31:27+00:00
https://www.thedailystar.net/editorial/recognised-freedom-fighters-long-last-790705,sitemap:slug,2026-10-05T09:31:27+00:00
https://www.thedailystar.net/country/news/war-crimes-proof-found-against-7-netrakona-razakars-791989,sitemap:slug,2026-10-05T09:31:27+00:00
https://www.thedailystar.net/city/news/multimedia-photographic-exhibition-1971-begins-tomorrow-1043443,sitemap:slug,2026-10-05T09:31:27+00:00
https://www.thedailystar.net/backpage/know-real-history-liberation-war-1043500,sitemap:slug,2026-10-05T09:31:27+00:00
https://www.thedailystar.net/showbiz/six-artists-sing-independence-day-1196170,sitemap:slug,2026-10-05T09:31:27+00:00
https://www.thedailystar.net/in-focus/pawn-power-1196398,sitemap,2026-10-05T09:31:27+00:00
https://www.thedailystar.net/arts-entertainment/event/painting-competition-independence-day-bogra-1196533,sitemap:slug,2026-10-05T09:31:27+00:00
https://www.thedailystar.net/backpage/liberation-war-denial-crimes-act-drafted-1198240,sitemap:slug,2026-10-05T09:31:27+00:00
https://www.thedailystar.net/video-stories/march-1971-the-killing-jyotirmoy-guhathakurta-1198468,sitemap:slug,2026-10-05T09:31:27+00:00
https://www.thedailystar.net/op-ed/reflections-march-1971-1199122,sitemap:slug,2026-10-05T09:31:27+00:00
https://www.thedailystar.net/star-weekend/mad-genius/tajuddin-ahmed-july-23-1925-%E2%80%93-november-3-1975-1199224,sitemap:slug,2026-10-05T09:31:27+00:00
https://www.thedailystar.net/supplements/independence-day-2016/editors-note-1199548,sitemap:slug|package:supplements/independence-day-2016,2026-10-05T09:31:27+00:00
https://www.thedailystar.net/supplements/independence-day-2016/argus-under-anaesthesia-1199617,sitemap:slug|package:supplements/independence-day-2016,2026-10-05T09:31:27+00:00
https://www.thedailystar.net/in-focus/the-burden-dishonour-1199632,sitemap,2026-10-05T09:31:27+00:00
https://www.thedailystar.net/supplements/independence-day-2016/those-days-71-1199638,sitemap:slug|package:supplements/independence-day-2016,2026-10-05T09:31:27+00:00
https://www.thedailystar.net/supplements/independence-day-2016/bangladesh-i-1199641,sitemap:slug|package:supplements/independence-day-2016,2026-10-05T09:31:27+00:00
https://www.thedailystar.net/op-ed/politics/unfinished-agenda-the-liberation-war-1199692,sitemap:slug,2026-10-05T09:31:27+00:00
https://www.thedailystar.net/op-ed/economics/the-treasury-officer-and-those-dark-days-march-1971-1199713,sitemap:slug,2026-10-05T09:31:27+00:00
https://www.thedailystar.net/op-ed/politics/1971-our-war-their-battles-1199722,sitemap:slug,2026-10-05T09:31:27+00:00
https://www.thedailystar.net/letters/thoughts-the-independence-day-1199728,sitemap:slug,2026-10-05T09:31:27+00:00
https://www.thedailystar.net/arts-entertainment/tv/independence-day-special-drama-%E2%80%9Cyahya-khan%E2%80%9D-1199803,sitemap:slug,2026-10-05T09:31:27+00:00
https://www.thedailystar.net/city/news/1971-spirit-ruined-lack-democracy-1199899,sitemap:slug,2026-10-05T09:31:27+00:00
https://www.thedailystar.net/supplements/independence-day-2016/what-price-honour-1199569,sitemap:slug|package:supplements/independence-day-2016,2026-10-05T09:31:27+00:00
https://www.thedailystar.net/city/news/nation-paying-tributes-liberation-war-martyrs-1199914,sitemap:slug,2026-10-05T09:31:27+00:00
https://www.thedailystar.net/supplements/independence-day-2016/midnight-marathon-1199647,sitemap:slug|package:supplements/independence-day-2016,2026-10-05T09:31:27+00:00
https://www.thedailystar.net/supplements/independence-day-2016/without-name-without-tribe-1199575,sitemap:slug|package:supplements/independence-day-2016,2026-10-05T09:31:27+00:00
https://www.thedailystar.net/supplements/independence-day-2016/war-heroine-i-speak-1199590,sitemap:slug|package:supplements/independence-day-2016,2026-10-05T09:31:27+00:00
https://www.thedailystar.net/supplements/independence-day-2016/roaring-liberation-1199581,sitemap:slug|package:supplements/independence-day-2016,2026-10-05T09:31:27+00:00
https://www.thedailystar.net/supplements/independence-day-2016/enchanted-delta-1199611,sitemap:slug|package:supplements/independence-day-2016,2026-10-05T09:31:27+00:00
https://www.thedailystar.net/editorial/71-genocide-1199989,sitemap:slug,2026-10-05T09:31:27+00:00
https://www.thedailystar.net/city/news/youths-walk-learn-about-liberation-war-1200181,sitemap:slug,2026-10-05T09:31:27+00:00
https://www.thedailystar.net/arts-entertainment/event/independence-day-observed-barisal-1200424,sitemap:slug,2026-10-05T09:31:27+00:00
https://www.thedailystar.net/daily-star-books/news/struggling-1971-1200865,sitemap:slug,2026-10-05T09:31:27+00:00
https://www.thedailystar.net/arts-entertainment/cultural-functions-mark-independence-day-1200883,sitemap:slug,2026-10-05T09:31:27+00:00
https://www.thedailystar.net/city/news/71-foundation-honours-11-women-liberation-war-contributions-1202128,sitemap:slug,2026-10-05T09:31:27+00:00
https://www.thedailystar.net/in-focus/where-home-1202935,sitemap,2026-10-05T09:31:27+00:00
https://www.thedailystar.net/city/news/educate-youths-about-liberation-war-1203874,sitemap:slug,2026-10-05T09:31:27+00:00
https://www.thedailystar.net/in-focus/once-blue-moon-1209553,sitemap,2026-10-05T09:31:27+00:00
https://www.thedailystar.net/backpage/mujibnagar-day-today-1209817,sitemap:slug,2026-10-05T09:31:27+00:00
https://www.thedailystar.net/country/news/historic-mujibnagar-day-being-observed-1210054,sitemap:slug,2026-10-05T09:31:27+00:00
https://www.thedailystar.net/city/news/elements-al-acting-against-liberation-war-spirit-1212076,sitemap:slug,2026-10-05T09:31:27+00:00
https://www.thedailystar.net/in-focus/the-khapra-ward-day-the-moment-and-the-movement-1213042,sitemap,2026-10-05T09:31:27+00:00
https://www.thedailystar.net/city/news/testimony-against-8-al-badr-men-start-may-19-1214143,sitemap:slug,2026-10-05T09:31:27+00:00
https://www.thedailystar.net/city/news/charge-framing-decision-against-2-kishoreganj-razakars-may-9-1215058,sitemap:slug,2026-10-05T09:31:27+00:00
https://www.thedailystar.net/in-focus/the-worlds-bishwa-kobi-1216543,sitemap,2026-10-05T09:31:27+00:00
https://www.thedailystar.net/country/news/verdict-5-kishoreganj-razakars-tomorrow-1217365,sitemap:slug,2026-10-05T09:31:27+00:00
https://www.thedailystar.net/country/news/war-crimes-death-4-kishoreganj-razakars-1217926,sitemap:slug,2026-10-05T09:31:27+00:00
https://www.thedailystar.net/backpage/gallows-4-razakars-1218334,sitemap:slug,2026-10-05T09:31:27+00:00
https://www.thedailystar.net/in-focus/sher-e-bangla-ak-fazlul-huq-1219987,sitemap,2026-10-05T09:31:27+00:00
https://www.thedailystar.net/slow-reads/focus/news/anwara-bahar-choudhury-breaking-traditional-shackles-1223383,sitemap,2026-10-05T09:31:27+00:00
https://www.thedailystar.net/letters/pakistan-and-genocide-1224541,sitemap:slug,2026-10-05T09:31:27+00:00
https://www.thedailystar.net/op-ed/politics/pakistan-incrminates-itself-war-crimes-bangladesh-1225939,sitemap:slug,2026-10-05T09:31:27+00:00
https://www.thedailystar.net/in-focus/dhaka-university-can-it-still-lead-us-1227115,sitemap,2026-10-05T09:31:27+00:00
https://www.thedailystar.net/in-focus/awakened-village-1230439,sitemap,2026-10-05T09:31:27+00:00
https://www.thedailystar.net/city/ff-links-2-shariatpur-razakars-killing-scores-rape-13-1231471,sitemap:slug,2026-10-05T09:31:27+00:00
https://www.thedailystar.net/in-focus/the-inheritance-loss-1234039,sitemap,2026-10-05T09:31:27+00:00
https://www.thedailystar.net/law-our-rights/learning-about-genocide-and-justice-1235326,sitemap:slug,2026-10-05T09:31:27+00:00
https://www.thedailystar.net/city/historic-six-point-day-today-1235611,sitemap:slug,2026-10-05T09:31:27+00:00
https://www.thedailystar.net/city/34-hindu-murder-kishoreganj-1971-1235614,sitemap:slug,2026-10-05T09:31:27+00:00
https://www.thedailystar.net/city/two-shariatpur-razakars-again-implicated-1236703,sitemap:slug,2026-10-05T09:31:27+00:00
https://www.thedailystar.net/in-focus/spells-and-quills-exploring-magic-literature-1237609,sitemap,2026-10-05T09:31:27+00:00
https://www.thedailystar.net/city/court-okays-7-charges-against-6-netrakona-razakars-1238752,sitemap:slug,2026-10-05T09:31:27+00:00
https://www.thedailystar.net/in-focus/jihans-story-greece-1241290,sitemap,2026-10-05T09:31:27+00:00
https://www.thedailystar.net/showbiz/coming-soon/independence-day-resurgence-1241296,sitemap:slug,2026-10-05T09:31:27+00:00
https://www.thedailystar.net/in-focus/mouhamads-journey-1241302,sitemap,2026-10-05T09:31:27+00:00
https://www.thedailystar.net/in-focus/saving-our-drowning-humanity-1241320,sitemap,2026-10-05T09:31:27+00:00
https://www.thedailystar.net/country/news/verdict-8-jamalpur-al-badr-men-any-day-1242151,sitemap:slug,2026-10-05T09:31:27+00:00
https://www.thedailystar.net/country/news/muslim-hindu-refugees-helped-each-other-1971-1242625,sitemap:slug,2026-10-05T09:31:27+00:00
https://www.thedailystar.net/slow-reads/focus/news/when-the-santhals-rebelled-1245196,sitemap,2026-10-05T09:31:27+00:00
https://www.thedailystar.net/in-focus/dream-within-dream-1249177,sitemap,2026-10-05T09:31:27+00:00
https://www.thedailystar.net/backpage/news/ask-jamaat-apologise-its-1971-role-1254112,sitemap:slug,2026-10-05T09:31:27+00:00
https://www.thedailystar.net/in-focus/shahidullahs-sadhana-1254475,sitemap,2026-10-05T09:31:27+00:00
https://www.thedailystar.net/city/verdict-eight-jamalpur-al-badr-men-today-1255345,sitemap:slug,2026-10-05T09:31:27+00:00
https://www.thedailystar.net/country/news/war-crimes-death-3-jamalpur-al-badrs-1255498,sitemap:slug,2026-10-05T09:31:27+00:00
https://www.thedailystar.net/backpage/3-al-badr-men-jamalpur-die-1256020,sitemap:slug,2026-10-05T09:31:27+00:00
https://www.thedailystar.net/slow-reads/focus/news/the-lost-histories-the-bengali-harlem-1258099,sitemap,2026-10-05T09:31:27+00:00
https://www.thedailystar.net/country/news/defeated-forces-1971-behind-militant-attacks-kamal-1258207,sitemap:slug,2026-10-05T09:31:27+00:00
https://www.thedailystar.net/city/2-shariatpur-razakars-again-linked-killings-1259566,sitemap:slug,2026-10-05T09:31:27+00:00
https://www.thedailystar.net/slow-reads/focus/news/bengals-ocean-knowledge-1261456,sitemap,2026-10-05T09:31:28+00:00
https://www.thedailystar.net/slow-reads/focus/news/songs-the-river-called-titas-1265137,sitemap,2026-10-05T09:31:28+00:00
https://www.thedailystar.net/arts-entertainment/exhibition/bangabandhu-and-the-liberation-war-1267624,sitemap:slug,2026-10-05T09:31:28+00:00
https://www.thedailystar.net/city/martyred-intellectuals-memorial-be-built-ru-1267885,sitemap:slug,2026-10-05T09:31:28+00:00
https://www.thedailystar.net/in-focus/syed-waliullah-existentialism-nostalgia-nationalism-1268767,sitemap,2026-10-05T09:31:28+00:00
https://www.thedailystar.net/editorial/travails-freedom-fighter-1268824,sitemap:slug,2026-10-05T09:31:28+00:00
https://www.thedailystar.net/arts-entertainment/london-1971-unsung-heroes-bangladeshs-liberation-war-1271296,sitemap:slug,2026-10-05T09:31:28+00:00
https://www.thedailystar.net/slow-reads/focus/news/bismillah-india-1272487,sitemap,2026-10-05T09:31:28+00:00
https://www.thedailystar.net/country/news/life-term-jail-dishonouring-liberation-war-bangabandhu-1273756,sitemap:slug,2026-10-05T09:31:28+00:00
https://www.thedailystar.net/city/sherpur-razakar-suspect-arrested-1274002,sitemap:slug,2026-10-05T09:31:28+00:00
https://www.thedailystar.net/city/sherpur-razakar-suspect-sent-jail-1274593,sitemap:slug,2026-10-05T09:31:28+00:00
https://www.thedailystar.net/in-focus/setting-trend-1276252,sitemap,2026-10-05T09:31:28+00:00
https://www.thedailystar.net/showbiz/movie-review/english/independence-day-resurgence-1279819,sitemap:slug,2026-10-05T09:31:28+00:00
https://www.thedailystar.net/country/al-badr-chief-mir-quasem-executed-1280152,sitemap:slug,2026-10-05T09:31:28+00:00
https://www.thedailystar.net/editorial/punishment-war-criminal-1281124,sitemap:slug,2026-10-05T09:31:28+00:00
https://www.thedailystar.net/city/war-crimes-proof-3-netrokona-razakars-found-1282645,sitemap:slug,2026-10-05T09:31:28+00:00
https://www.thedailystar.net/country/news/16-more-biranganas-recognised-freedom-fighters-1282816,sitemap:slug,2026-10-05T09:31:28+00:00
https://www.thedailystar.net/in-focus/huseyn-shaheed-suhrawardy-icon-democracy-1283335,sitemap,2026-10-05T09:31:28+00:00
https://www.thedailystar.net/country/news/pm-confers-liberation-war-honour-pierre-trudeau-1285429,sitemap:slug,2026-10-05T09:31:28+00:00
https://www.thedailystar.net/frontpage/pierre-trudeau-given-liberation-war-honour-1285639,sitemap:slug,2026-10-05T09:31:28+00:00
https://www.thedailystar.net/city/witness-links-two-razakars-1287217,sitemap:slug,2026-10-05T09:31:28+00:00
https://www.thedailystar.net/in-focus/strange-welcome-1288885,sitemap,2026-10-05T09:31:28+00:00
https://www.thedailystar.net/book-reviews/valiant-freedom-fighters-the-soil-1289875,sitemap:slug,2026-10-05T09:31:28+00:00
https://www.thedailystar.net/city/students-want-sculpture-liberation-war-cu-1291942,sitemap:slug,2026-10-05T09:31:28+00:00
https://www.thedailystar.net/city/witness-accuses-kishoreganj-razakar-torturing-him-3-others-1310641,sitemap:slug,2026-10-05T09:31:28+00:00
https://www.thedailystar.net/backpage/1971-martyrs-pm-honour-2000-indian-soldiers-1311775,sitemap:slug,2026-10-05T09:31:28+00:00
https://www.thedailystar.net/city/liberation-war-e-archive-launched-1314961,sitemap:slug,2026-10-05T09:31:29+00:00
https://www.thedailystar.net/editorial/justice-murdered-freedom-fighter-1317763,sitemap:slug,2026-10-05T09:31:29+00:00
https://www.thedailystar.net/editorial/worlds-silence-perpetuates-genocide-1320448,sitemap:slug,2026-10-05T09:31:29+00:00
https://www.thedailystar.net/city/thakurgaon-was-freed-day-1971-1324366,sitemap:slug,2026-10-05T09:31:29+00:00
https://www.thedailystar.net/city/death-shariatpur-razakar-idris-1325404,sitemap:slug,2026-10-05T09:31:29+00:00
https://www.thedailystar.net/country/news/halims-harrowing-memory-1971-1326190,sitemap:slug,2026-10-05T09:31:29+00:00
https://www.thedailystar.net/bytes/facebook-buzz-your-live-video-victory-day-theme-1327045,sitemap:slug,2026-10-05T09:31:29+00:00
https://www.thedailystar.net/politics/zia-took-part-liberation-war-circumstantial-ground-minister-1327189,sitemap:slug,2026-10-05T09:31:29+00:00
https://www.thedailystar.net/city/zia-joined-1971-war-circumstance-not-ideology-1327393,sitemap:slug,2026-10-05T09:31:29+00:00
https://www.thedailystar.net/lifestyle/check-it-out/victory-day-collection-anjans-1329157,sitemap:slug,2026-10-05T09:31:29+00:00
https://www.thedailystar.net/events/chhayanaut-and-du-hold-elaborate-victory-day-programmes-1329235,sitemap:slug,2026-10-05T09:31:29+00:00
https://www.thedailystar.net/country/news/president-pm-pay-tribute-martyred-intellectuals-1329589,sitemap:slug,2026-10-05T09:31:29+00:00
https://www.thedailystar.net/video-stories/maleka-khanss-tale-1971-part-1-1329664,sitemap:slug,2026-10-05T09:31:29+00:00
https://www.thedailystar.net/letters/martyred-intellectuals-day-1329832,sitemap:slug,2026-10-05T09:31:29+00:00
https://www.thedailystar.net/frontpage/nation-pays-homage-martyred-intellectuals-1330042,sitemap:slug,2026-10-05T09:31:29+00:00
https://www.thedailystar.net/opinion/martyred-intellectuals-day/martyred-intellectuals-day-2016-1330045,sitemap:slug,2026-10-05T09:31:29+00:00
https://www.thedailystar.net/opinion/martyred-intellectuals-day/end-era-1330174,sitemap:slug,2026-10-05T09:31:29+00:00
https://www.thedailystar.net/opinion/martyred-intellectuals-day/editors-note-1330177,sitemap:slug,2026-10-05T09:31:29+00:00
https://www.thedailystar.net/killing-fields-1971-our-owes-our-strength-1330243,sitemap:slug|package:footages-1971-liberation-war/killing-grounds,2026-10-05T09:31:29+00:00
https://www.thedailystar.net/war-heroes-video-interviews/tale-1971-indian-war-veterans-1330429,sitemap:slug,2026-10-05T09:31:29+00:00
https://www.thedailystar.net/1971-liberation-war-interviews/commander-sma-karim-tangail-1330390,sitemap:slug|package:1971-liberation-war-interviews,2026-10-05T09:31:29+00:00
https://www.thedailystar.net/supplements/victory-day-2016-special/editors-note-1330297,sitemap:slug|package:supplements/victory-day-2016-special,2026-10-05T09:31:29+00:00
https://www.thedailystar.net/supplements/victory-day-2016-special/muktijuddho-polyphony-the-ocean-1330336,sitemap:slug|package:supplements/victory-day-2016-special,2026-10-05T09:31:29+00:00
https://www.thedailystar.net/star-weekend/immortalising-the-tales-1971-1330366,sitemap:slug,2026-10-05T09:31:29+00:00
https://www.thedailystar.net/editorial/victory-day-today-1330393,sitemap:slug,2026-10-05T09:31:29+00:00
https://www.thedailystar.net/arts-entertainment/interview/mamunur-rashid-looks-back-victory-day-1330432,sitemap:slug,2026-10-05T09:31:29+00:00
https://www.thedailystar.net/arts-entertainment/tv/victory-day-special-tv-play-sohodor-1330453,sitemap:slug,2026-10-05T09:31:29+00:00
https://www.thedailystar.net/arts-entertainment/event/victory-day-celebration-programmes-agartala-1330456,sitemap:slug,2026-10-05T09:31:29+00:00
https://www.thedailystar.net/country/news/names-razakars-removed-roads-1330651,sitemap:slug,2026-10-05T09:31:29+00:00
https://www.thedailystar.net/supplements/victory-day-2016-special/remembering-lieutenant-samir-das-1330339,sitemap:slug|package:supplements/victory-day-2016-special,2026-10-05T09:31:29+00:00
https://www.thedailystar.net/supplements/victory-day-2016-special/the-women-our-liberation-war-1330396,sitemap:slug|package:supplements/victory-day-2016-special,2026-10-05T09:31:29+00:00
https://www.thedailystar.net/politics/khaleda-pays-homage-liberation-war-heroes-1330861,sitemap:slug,2026-10-05T09:31:29+00:00
https://www.thedailystar.net/arts-entertainment/tv/liberation-war-inspiring-creativity-1330945,sitemap:slug,2026-10-05T09:31:29+00:00
https://www.thedailystar.net/letters/victory-day-my-perspective-1330990,sitemap:slug,2026-10-05T09:31:29+00:00
https://www.thedailystar.net/city/1971-created-historic-indo-bangla-bond-1331125,sitemap:slug,2026-10-05T09:31:29+00:00
https://www.thedailystar.net/video-stories/watch-now-maleka-khanss-1971-part-2-1331332,sitemap:slug|package:1971-liberation-war-interviews,2026-10-05T09:31:30+00:00
https://www.thedailystar.net/events/the-essence-victory-day-1331392,sitemap:slug,2026-10-05T09:31:30+00:00
https://www.thedailystar.net/events/victory-day-celebrations-across-the-border-1331398,sitemap:slug,2026-10-05T09:31:30+00:00
https://www.thedailystar.net/arts-entertainment/event/victory-day-celebrations-shanto-mariam-1332925,sitemap:slug,2026-10-05T09:31:30+00:00
https://www.thedailystar.net/opinion/society/birangonas-the-liberators-left-unliberated-1332943,sitemap:slug,2026-10-05T09:31:30+00:00
https://www.thedailystar.net/op-ed/the-peculiar-global-invisibility-1971-1334659,sitemap:slug,2026-10-05T09:31:30+00:00
https://www.thedailystar.net/video-stories/maleka-khans-tale-1971-part-3-1334950,sitemap:slug|package:1971-liberation-war-interviews,2026-10-05T09:31:30+00:00
https://www.thedailystar.net/video-stories/watch-maleka-khans-tale-1971-part-4-1335376,sitemap:slug|package:1971-liberation-war-interviews,2026-10-05T09:31:30+00:00
https://www.thedailystar.net/editorial/assaults-freedom-fighters-1335937,sitemap:slug,2026-10-05T09:31:30+00:00
https://www.thedailystar.net/liberation-war-factsheet-52898,sitemap:slug,2026-10-05T09:31:35+00:00
https://www.thedailystar.net/competition-on-liberation-war-history-begins-in-ctg-tomorrow-59847,sitemap:slug,2026-10-05T09:31:35+00:00
https://www.thedailystar.net/contest-on-liberation-war-kicks-off-in-ctg-60210,sitemap:slug,2026-10-05T09:31:35+00:00
https://www.thedailystar.net/competition-on-liberation-war-history-concludes-in-ctg-60382,sitemap:slug,2026-10-05T09:31:35+00:00
https://www.thedailystar.net/book-on-roles-of-artists-in-1971-launched-61461,sitemap:slug,2026-10-05T09:31:35+00:00
https://www.thedailystar.net/birangonas-recognised-as-freedom-fighter-62288,sitemap:slug,2026-10-05T09:31:35+00:00
https://www.thedailystar.net/spirit-of-liberation-war-and-reality-62909,sitemap:slug,2026-10-05T09:31:35+00:00
https://www.thedailystar.net/supplements/victory-day-special-2014/editors-note-1297,sitemap:slug|package:supplements/victory-day-special-2014,2026-10-05T09:31:35+00:00
https://www.thedailystar.net/ict-defers-charge-framing-against-2-netrakona-razakars-65077,sitemap:slug,2026-10-05T09:31:36+00:00
https://www.thedailystar.net/book-reviews/muktijuddher-shotogolpo-3388,sitemap:slug,2026-10-05T09:31:36+00:00
https://www.thedailystar.net/top-news/bnp-jamaat-carrying-out-genocide-pm-4048,sitemap:slug,2026-10-05T09:31:36+00:00
https://www.thedailystar.net/city/ongoing-terrors-resemble-1971-war-4302,sitemap:slug,2026-10-05T09:31:36+00:00
https://www.thedailystar.net/op-ed/politics/2-war-crimes-accused-held-cox%E2%80%99s-bazar-4532,sitemap:slug,2026-10-05T09:31:36+00:00
https://www.thedailystar.net/online/news/2-netrakona-razakars-indicted-4686,sitemap:slug,2026-10-05T09:31:36+00:00
https://www.thedailystar.net/law-our-rights/prevailing-justice-the-victims-genocide-4719,sitemap:slug,2026-10-05T09:31:36+00:00
https://www.thedailystar.net/city/ru-museum-mirrors-sacrifice-liberation-war-martyrs-4741,sitemap:slug,2026-10-05T09:31:36+00:00
https://www.thedailystar.net/the-star/conference/views-genocide-5289,sitemap:slug,2026-10-05T09:31:36+00:00
https://www.thedailystar.net/op-ed/politics/march-7-1971-the-beginning-the-end-5482,sitemap:slug,2026-10-05T09:31:36+00:00
https://www.thedailystar.net/politics/naval-commandos-the-liberation-war-70597,sitemap:slug,2026-10-05T09:31:36+00:00
https://www.thedailystar.net/wide-angle/europe/merkel-wont-attend-moscow-wwii-victory-day-parade-71030,sitemap:slug,2026-10-05T09:31:36+00:00
https://www.thedailystar.net/arts-entertainment/exhibition/photography-exhibition-marking-independence-day-71952,sitemap:slug,2026-10-05T09:31:36+00:00
https://www.thedailystar.net/lifestyle/check-it-out/zeenat-brings-independence-day-special-collection-71933,sitemap:slug,2026-10-05T09:31:36+00:00
https://www.thedailystar.net/op-ed/politics/the-horrific-memories-1971-71986,sitemap:slug,2026-10-05T09:31:36+00:00
https://www.thedailystar.net/op-ed/politics/military-strategy-the-liberation-war-72190,sitemap:slug,2026-10-05T09:31:36+00:00
https://www.thedailystar.net/in-focus/protecting-the-witness-72789,sitemap,2026-10-05T09:31:36+00:00
https://www.thedailystar.net/in-focus/their-lips-are-sealed-72792,sitemap,2026-10-05T09:31:36+00:00
https://www.thedailystar.net/arts-entertainment/liberation-war-sculpture-73331,sitemap:slug,2026-10-05T09:31:36+00:00
https://www.thedailystar.net/country/news/evidence-found-against-8-jamalpur-al-badr-men-73459,sitemap:slug,2026-10-05T09:31:36+00:00
https://www.thedailystar.net/arts-entertainment/music/freedom-fighters-and-songsters-share-the-stage-73534,sitemap:slug,2026-10-05T09:31:36+00:00
https://www.thedailystar.net/city/news/evidence-found-against-8-jamalpur-al-badr-men-73647,sitemap:slug,2026-10-05T09:31:36+00:00
https://www.thedailystar.net/supplements/independence-day-special-2013/editors-note-73734,sitemap:slug|package:supplements/independence-day-special-2015,2026-10-05T09:31:36+00:00
https://www.thedailystar.net/supplements/independence-day-special-2015/nation-born-73735,sitemap:slug|package:supplements/independence-day-special-2015,2026-10-05T09:31:36+00:00
https://www.thedailystar.net/supplements/independence-day-special-2015/naval-commandos-operation-jackpot-73739,sitemap:slug|package:supplements/independence-day-special-2015,2026-10-05T09:31:36+00:00
https://www.thedailystar.net/supplements/independence-day-special-2015/the-war-liberation-and-maulana-bhashani-73746,sitemap:slug,2026-10-05T09:31:36+00:00
https://www.thedailystar.net/supplements/independence-day-special-2015/the-fabric-identity-73752,sitemap:slug|package:supplements/independence-day-special-2015,2026-10-05T09:31:36+00:00
https://www.thedailystar.net/supplements/independence-day-special-2015/the-tangail-landings-signal-victory-73754,sitemap:slug|package:supplements/independence-day-special-2015,2026-10-05T09:31:36+00:00
https://www.thedailystar.net/supplements/independence-day-special-2015/tamil-familys-sacrifice-73755,sitemap:slug|package:supplements/independence-day-special-2015,2026-10-05T09:31:36+00:00
https://www.thedailystar.net/supplements/independence-day-special-2015/1971-witness-early-resistance-73758,sitemap:slug|package:supplements/independence-day-special-2015,2026-10-05T09:31:36+00:00
https://www.thedailystar.net/supplements/independence-day-special-2015/killing-the-best-bengali-pilots-pia-73760,sitemap:slug|package:supplements/independence-day-special-2015,2026-10-05T09:31:36+00:00
https://www.thedailystar.net/supplements/independence-day-special-2015/my-reflections-day-73762,sitemap:slug|package:supplements/independence-day-special-2015,2026-10-05T09:31:36+00:00
https://www.thedailystar.net/arts-entertainment/music/independence-day-cultural-programmes-the-capital-73773,sitemap:slug,2026-10-05T09:31:36+00:00
https://www.thedailystar.net/op-ed/we-took-arms-freedom-they-took-arms-genocide-73786,sitemap:slug,2026-10-05T09:31:36+00:00
https://www.thedailystar.net/top-news/google-celebrates-bangladesh-independence-day-73890,sitemap:slug,2026-10-05T09:31:36+00:00
https://www.thedailystar.net/arts-entertainment/tv/depicting-liberation-war-canvases-73952,sitemap:slug,2026-10-05T09:31:36+00:00
https://www.thedailystar.net/op-ed/politics/bangladeshs-liberation-war-documents-and-history-74126,sitemap:slug,2026-10-05T09:31:36+00:00
https://www.thedailystar.net/arts-entertainment/event/cultural-programmes-marking-independence-day-74135,sitemap:slug,2026-10-05T09:31:36+00:00
https://www.thedailystar.net/in-focus/women-not-portrayed-freedom-fighters-screen-74241,sitemap,2026-10-05T09:31:36+00:00
https://www.thedailystar.net/op-ed/strategy-and-tactics-the-liberation-war-74292,sitemap:slug,2026-10-05T09:31:36+00:00
https://www.thedailystar.net/arts-entertainment/theatre/liberation-war-based-play-staged-jamalpur-74487,sitemap:slug,2026-10-05T09:31:36+00:00
https://www.thedailystar.net/online/news/ict-seeks-formal-charge-against-8-jamalpur-al-badr-men-74615,sitemap:slug,2026-10-05T09:31:36+00:00
https://www.thedailystar.net/showbiz/movie-review/classic/the-go-between-1971-75212,sitemap:slug,2026-10-05T09:31:36+00:00
https://www.thedailystar.net/arts-entertainment/music/musical-liberation-war-public-library-75425,sitemap:slug,2026-10-05T09:31:36+00:00
https://www.thedailystar.net/in-focus/the-economist-and-the-patriot-75436,sitemap,2026-10-05T09:31:36+00:00
https://www.thedailystar.net/city/news/trial-two-netrakona-razakars-begins-75842,sitemap:slug,2026-10-05T09:31:36+00:00
https://www.thedailystar.net/top-news/responsible-al-badr-crimes-76295,sitemap:slug,2026-10-05T09:31:36+00:00
https://www.thedailystar.net/top-news/key-man-al-badr-76297,sitemap:slug,2026-10-05T09:31:36+00:00
https://www.thedailystar.net/shout/bulletin-board/nub-pays-respect-freedom-fighters-76058,sitemap:slug,2026-10-05T09:31:36+00:00
https://www.thedailystar.net/in-focus/poetry-dying-76709,sitemap,2026-10-05T09:31:36+00:00
https://www.thedailystar.net/op-ed/politics/the-debate-over-war-crimes-trials-there-any-merit-76837,sitemap:slug,2026-10-05T09:31:36+00:00
https://www.thedailystar.net/city/news/prosecution-gets-5-more-days-charging-8-al-badr-men-jamalpur-77292,sitemap:slug,2026-10-05T09:31:36+00:00
https://www.thedailystar.net/country/news/pm-pays-homage-bangabandhu-marking-mujibnagar-day-77768,sitemap:slug,2026-10-05T09:31:36+00:00
https://www.thedailystar.net/in-focus/candid-diplomat-77793,sitemap,2026-10-05T09:31:36+00:00
https://www.thedailystar.net/in-focus/japan-77794,sitemap,2026-10-05T09:31:36+00:00
https://www.thedailystar.net/arts-entertainment/music/tankian-raises-genocide-awareness-%E2%80%9C100-years%E2%80%9D-77935,sitemap:slug,2026-10-05T09:31:36+00:00
https://www.thedailystar.net/country/news/charges-pressed-against-jamalpur-al-badr-men-78070,sitemap:slug,2026-10-05T09:31:36+00:00
https://www.thedailystar.net/backpage/8-jamalpur-al-badr-men-charged-78220,sitemap:slug,2026-10-05T09:31:36+00:00
https://www.thedailystar.net/in-focus/lest-we-forget-79128,sitemap,2026-10-05T09:31:36+00:00
https://www.thedailystar.net/country/news/charges-accepted-against-jamalpur-al-badr-men-79722,sitemap:slug,2026-10-05T09:31:36+00:00
https://www.thedailystar.net/city/news/evidence-found-against-2-habiganj-razakar-brothers-79890,sitemap:slug,2026-10-05T09:31:36+00:00
https://www.thedailystar.net/city/news/tribunal-seeks-charges-may-17-against-habiganj-razakars-80062,sitemap:slug,2026-10-05T09:31:36+00:00
https://www.thedailystar.net/in-focus/dont-askdont-tell-81209,sitemap,2026-10-05T09:31:36+00:00
https://www.thedailystar.net/city/news/charges-pressed-against-5-kishoreganj-razakars-81593,sitemap:slug,2026-10-05T09:31:36+00:00
https://www.thedailystar.net/city/news/arrest-11-jessore-razakar-suspects-81964,sitemap:slug,2026-10-05T09:31:36+00:00
https://www.thedailystar.net/country/news/charges-accepted-against-5-kishoreganj-razakars-82047,sitemap:slug,2026-10-05T09:31:36+00:00
https://www.thedailystar.net/country/news/3-jessore-razakars-sent-jail-82055,sitemap:slug,2026-10-05T09:31:36+00:00
https://www.thedailystar.net/city/news/7-charges-accepted-against-5-razakars-kishoreganj-82209,sitemap:slug,2026-10-05T09:31:36+00:00
https://www.thedailystar.net/in-focus/digital-sexual-harassment-digital-bangladesh-82480,sitemap,2026-10-05T09:31:36+00:00
https://www.thedailystar.net/country/news/charges-pressed-against-2-habiganj-razakar-83062,sitemap:slug,2026-10-05T09:31:36+00:00
https://www.thedailystar.net/city/news/al-badrs-killing-intellectuals-was-planned-83908,sitemap:slug,2026-10-05T09:31:36+00:00
https://www.thedailystar.net/country/news/verdict-2-chapainawabganj-razakars-tomorrow-83998,sitemap:slug,2026-10-05T09:31:36+00:00
https://www.thedailystar.net/country/news/charges-against-chapainawabganj-razakars-84562,sitemap:slug,2026-10-05T09:31:36+00:00
https://www.thedailystar.net/in-focus/there-has-be-better-way-85807,sitemap,2026-10-05T09:31:36+00:00
https://www.thedailystar.net/city/news/dhaka-honour-vajpayee-liberation-war-role-87076,sitemap:slug,2026-10-05T09:31:36+00:00
https://www.thedailystar.net/wide-angle/europe/the-voice-against-genocide-89182,sitemap:slug,2026-10-05T09:31:36+00:00
https://www.thedailystar.net/in-focus/scarred-life-89530,sitemap,2026-10-05T09:31:36+00:00
https://www.thedailystar.net/in-focus/scarred-life-89533,sitemap,2026-10-05T09:31:36+00:00
https://www.thedailystar.net/in-focus/the-one-who-heals-89539,sitemap,2026-10-05T09:31:36+00:00
https://www.thedailystar.net/country/news/charges-against-3-habiganj-razakars-accepted-90295,sitemap:slug,2026-10-05T09:31:36+00:00
https://www.thedailystar.net/city/news/four-charges-accepted-against-3-habiganj-razakars-90643,sitemap:slug,2026-10-05T09:31:36+00:00
https://www.thedailystar.net/in-focus/living-the-edge-92965,sitemap,2026-10-05T09:31:36+00:00
https://www.thedailystar.net/country/news/kishoreganj-razakar-verdict-tomorrow-93922,sitemap:slug,2026-10-05T09:31:36+00:00
https://www.thedailystar.net/country/news/fugitive-kishoreganj-razakar-die-94432,sitemap:slug,2026-10-05T09:31:36+00:00
https://www.thedailystar.net/country/news/modi-hands-liberation-war-honour-vajpayee-family-95467,sitemap:slug,2026-10-05T09:31:36+00:00
https://www.thedailystar.net/in-focus/report-card-humanity-1900-2050-96430,sitemap,2026-10-05T09:31:36+00:00
https://www.thedailystar.net/city/news/shariatpur-razakar-sent-jail-97720,sitemap:slug,2026-10-05T09:31:36+00:00
https://www.thedailystar.net/city/news/manzur-memorabilia-liberation-war-museum-98881,sitemap:slug,2026-10-05T09:31:36+00:00
https://www.thedailystar.net/in-focus/sufia-kamal-the-charming-rebel-99853,sitemap,2026-10-05T09:31:36+00:00
https://www.thedailystar.net/in-focus/let-it-rain-103534,sitemap,2026-10-05T09:31:36+00:00
https://www.thedailystar.net/in-focus/the-power-connecting-the-dots-107047,sitemap,2026-10-05T09:31:36+00:00
https://www.thedailystar.net/country/news/razakar-held-after-ict-issues-arrest-warrant-108838,sitemap:slug,2026-10-05T09:31:36+00:00
https://www.thedailystar.net/country/news/sq-chy-was-bangladesh-1971-ag-tells-sc-109378,sitemap:slug,2026-10-05T09:31:36+00:00
https://www.thedailystar.net/city/news/kishoreganj-razakar-sent-jail-109738,sitemap:slug,2026-10-05T09:31:36+00:00
https://www.thedailystar.net/in-focus/%E2%80%9Cpoetry-work-lifetime%E2%80%9D-110614,sitemap,2026-10-05T09:31:36+00:00
https://www.thedailystar.net/country/news/patuakhali-razakar-verdict-thursday-112318,sitemap:slug,2026-10-05T09:31:36+00:00
https://www.thedailystar.net/country/news/advertise-asking-6-jamalpur-al-badr-men-surrender-ict-115024,sitemap:slug,2026-10-05T09:31:36+00:00
https://www.thedailystar.net/city/news/razakar-latif-shifted-dmch-115813,sitemap:slug,2026-10-05T09:31:37+00:00
https://www.thedailystar.net/in-focus/sundarbans-under-threat-116224,sitemap,2026-10-05T09:31:37+00:00
https://www.thedailystar.net/city/news/promote-those-who-believe-spirit-liberation-war-117433,sitemap:slug,2026-10-05T09:31:37+00:00
https://www.thedailystar.net/country/news/bagerhat-razakar-abdul-latif-dies-117946,sitemap:slug,2026-10-05T09:31:37+00:00
https://www.thedailystar.net/in-focus/the-violence-greedy-matrimoney-119788,sitemap,2026-10-05T09:31:37+00:00
https://www.thedailystar.net/country/news/verdict-bagerhat-razakars-aug-11-122155,sitemap:slug,2026-10-05T09:31:37+00:00
https://www.thedailystar.net/in-focus/sultan-artist-the-land-123343,sitemap,2026-10-05T09:31:37+00:00
https://www.thedailystar.net/in-focus/the-eve-the-emergence-bangladesh-127051,sitemap,2026-10-05T09:31:37+00:00
https://www.thedailystar.net/in-focus/remembering-yasmin-130435,sitemap,2026-10-05T09:31:37+00:00
https://www.thedailystar.net/city/news/satkhira-razakar-suspect-shown-arrested-132670,sitemap:slug,2026-10-05T09:31:37+00:00
https://www.thedailystar.net/in-focus/reading-nazrul-islam-after-walter-benjamin-134326,sitemap,2026-10-05T09:31:37+00:00
https://www.thedailystar.net/arts-entertainment/tv/1971-set-air-btv-136783,sitemap:slug,2026-10-05T09:31:37+00:00
https://www.thedailystar.net/wide-angle/vermeer-thefts-1971-the-love-letter-137680,sitemap:slug,2026-10-05T09:31:37+00:00
https://www.thedailystar.net/in-focus/sarigaan-male-domain-female-paradigm-138148,sitemap,2026-10-05T09:31:37+00:00
https://www.thedailystar.net/city/news/donate-tk-10000-build-liberation-war-museum-138223,sitemap:slug,2026-10-05T09:31:37+00:00
https://www.thedailystar.net/politics/unite-again-during-liberation-war-ashraf-140371,sitemap:slug,2026-10-05T09:31:37+00:00
https://www.thedailystar.net/in-focus/purists-struggle-141622,sitemap,2026-10-05T09:31:37+00:00
https://www.thedailystar.net/law-our-rights/third-certificate-course-genocide-and-justice-143200,sitemap:slug,2026-10-05T09:31:37+00:00
https://www.thedailystar.net/in-focus/unlocking-dhakas-gridlock-145414,sitemap,2026-10-05T09:31:37+00:00
https://www.thedailystar.net/country/news/3-habiganj-razakars-indicted-149089,sitemap:slug,2026-10-05T09:31:37+00:00
https://www.thedailystar.net/city/news/4-charges-framed-against-3-habiganj-razakars-149434,sitemap:slug,2026-10-05T09:31:37+00:00
https://www.thedailystar.net/showbiz/movie-review/classic/the-working-class-goes-heaven-1971-150820,sitemap:slug,2026-10-05T09:31:37+00:00
https://www.thedailystar.net/country/news/decision-5-kishoreganj-razakars-indictment-oct-12-151684,sitemap:slug,2026-10-05T09:31:37+00:00
https://www.thedailystar.net/country/news/arrest-warrant-5-noakhali-razakars-152146,sitemap:slug,2026-10-05T09:31:37+00:00
https://www.thedailystar.net/city/news/3-noakhali-razakars-held-152536,sitemap:slug,2026-10-05T09:31:37+00:00
https://www.thedailystar.net/country/news/3-noakhali-razakars-sent-jail-152710,sitemap:slug,2026-10-05T09:31:37+00:00
https://www.thedailystar.net/backpage/project-barbarism-1971-152956,sitemap:slug,2026-10-05T09:31:37+00:00
https://www.thedailystar.net/city/news/three-held-noakhali-razakars-sent-jail-153004,sitemap:slug,2026-10-05T09:31:37+00:00
https://www.thedailystar.net/country/news/indictment-order-against-8-jamalpur-al-badr-men-oct-26-153214,sitemap:slug,2026-10-05T09:31:37+00:00
https://www.thedailystar.net/in-focus/abdul-karims-discoveries-origins-modernity-bengali-literature-154528,sitemap,2026-10-05T09:31:37+00:00
https://www.thedailystar.net/country/news/5-kishoreganj-razakars-indicted-155791,sitemap:slug,2026-10-05T09:31:37+00:00
https://www.thedailystar.net/country/news/41-biranganas-get-recognition-freedom-fighters-155830,sitemap:slug,2026-10-05T09:31:37+00:00
https://www.thedailystar.net/frontpage/news/freedom-fighter-status-41-biranganas-156145,sitemap:slug,2026-10-05T09:31:37+00:00
https://www.thedailystar.net/country/news/2-razakars-held-moulvibazar-156463,sitemap:slug,2026-10-05T09:31:37+00:00
https://www.thedailystar.net/editorial/freedom-fighter-status-biranganas-156541,sitemap:slug,2026-10-05T09:31:37+00:00
https://www.thedailystar.net/letters/declare-the-us-air-strike-war-crime-157735,sitemap:slug,2026-10-05T09:31:37+00:00
https://www.thedailystar.net/in-focus/ila-mitra-revolutionary-trailblazer-158164,sitemap,2026-10-05T09:31:37+00:00
https://www.thedailystar.net/city/three-habiganj-razakars-killed-2-freedom-fighters-160894,sitemap:slug,2026-10-05T09:31:37+00:00
https://www.thedailystar.net/in-focus/polluting-possibility-161716,sitemap,2026-10-05T09:31:37+00:00
https://www.thedailystar.net/book-reviews/historical-fiction-the-liberation-war-bangladesh-162181,sitemap:slug,2026-10-05T09:31:37+00:00
https://www.thedailystar.net/country/news/8-jamalpur-al-badr-men-indicted-162589,sitemap:slug,2026-10-05T09:31:37+00:00
https://www.thedailystar.net/backpage/eight-al-badr-men-face-trial-162880,sitemap:slug,2026-10-05T09:31:37+00:00
https://www.thedailystar.net/country/news/liberation-war-believers-will-leave-bnp-hanif-164158,sitemap:slug,2026-10-05T09:31:38+00:00
https://www.thedailystar.net/in-focus/yes-better-dhaka-possible-164812,sitemap,2026-10-05T09:31:38+00:00
https://www.thedailystar.net/op-ed/politics/war-crimes-trials-and-now-the-amnesty-international-164833,sitemap:slug,2026-10-05T09:31:38+00:00
https://www.thedailystar.net/city/news/1971-defeated-forces-taking-identities-militants-165022,sitemap:slug,2026-10-05T09:31:38+00:00
https://www.thedailystar.net/country/news/solace-2-liberation-war-martyrs-families-165442,sitemap:slug,2026-10-05T09:31:38+00:00
https://www.thedailystar.net/country/news/i-feel-insecure-i-felt-1971-167209,sitemap:slug,2026-10-05T09:31:38+00:00
https://www.thedailystar.net/frontpage/news/feeling-insecure-1971-167638,sitemap:slug,2026-10-05T09:31:38+00:00
https://www.thedailystar.net/city/two-more-link-five-razakars-murder-9-168157,sitemap:slug,2026-10-05T09:31:38+00:00
https://www.thedailystar.net/city/two-implicate-3-razakars-murder-rape-looting-170572,sitemap:slug,2026-10-05T09:31:38+00:00
https://www.thedailystar.net/slow-reads/focus/news/women-waging-peace-171931,sitemap,2026-10-05T09:31:38+00:00
https://www.thedailystar.net/arts-entertainment/film/focus-liberation-war-films-174994,sitemap:slug,2026-10-05T09:31:39+00:00
https://www.thedailystar.net/slow-reads/focus/news/maulana-bhashani-the-lessons-freedom-175531,sitemap,2026-10-05T09:31:39+00:00
https://www.thedailystar.net/op-ed/war-crimes-trials-the-lobbyists-are-work-again-175918,sitemap:slug,2026-10-05T09:31:39+00:00
https://www.thedailystar.net/editorial/pakistans-statement-hanging-war-criminals-176977,sitemap:slug,2026-10-05T09:31:39+00:00
https://www.thedailystar.net/op-ed/politics/ghosts-war-crimes-past-177028,sitemap:slug,2026-10-05T09:31:39+00:00
https://www.thedailystar.net/city/news/transcom-staff-donate-tk-27-lakh-new-building-liberation-war-museum-178192,sitemap:slug,2026-10-05T09:31:39+00:00
https://www.thedailystar.net/slow-reads/focus/news/tiny-deadly-179026,sitemap,2026-10-05T09:31:39+00:00
https://www.thedailystar.net/country/news/pakistan-denies-war-atrocities-1971-180319,sitemap:slug,2026-10-05T09:31:39+00:00
https://www.thedailystar.net/op-ed/politics/war-criminals-and-hypocrites-180514,sitemap:slug,2026-10-05T09:31:39+00:00
https://www.thedailystar.net/frontpage/news/pakistan-denies-committing-war-crimes-1971-180628,sitemap:slug,2026-10-05T09:31:39+00:00
https://www.thedailystar.net/city/news/six-charges-pressed-against-2-kishoreganj-razakars-182116,sitemap:slug,2026-10-05T09:31:39+00:00
https://www.thedailystar.net/slow-reads/focus/news/conversation-selina-hossain-182329,sitemap,2026-10-05T09:31:39+00:00
https://www.thedailystar.net/showbiz/deshi-grapevine/nipa-host-bijoy-dibosh-tv-program-182389,sitemap:slug,2026-10-05T09:31:39+00:00
https://www.thedailystar.net/letters/war-criminals-were-pakistans-agents-182491,sitemap:slug,2026-10-05T09:31:39+00:00
https://www.thedailystar.net/long-read/news/partners-the-genocide-183616,sitemap:slug,2026-10-05T09:31:39+00:00
https://www.thedailystar.net/op-ed/politics/pakistans-denials-war-crimes-and-the-worlds-silence-183805,sitemap:slug,2026-10-05T09:31:39+00:00
https://www.thedailystar.net/politics/spirit-liberation-war-stake-fakhrul-184183,sitemap:slug,2026-10-05T09:31:39+00:00
https://www.thedailystar.net/arts-entertainment/mustafa-manwar-recalls-the-liberation-war-184765,sitemap:slug,2026-10-05T09:31:39+00:00
https://www.thedailystar.net/video-stories/watch-now-gobinda-haldar-the-1971-war-lyrist-who-was-kept-shadow-185776,sitemap:slug,2026-10-05T09:31:39+00:00
https://www.thedailystar.net/slow-reads/focus/news/rokeyas-unrealised-dream-185908,sitemap,2026-10-05T09:31:39+00:00
https://www.thedailystar.net/arts-entertainment/event/du-and-chhayanaut-jointly-celebrate-victory-day-185926,sitemap:slug,2026-10-05T09:31:39+00:00
https://www.thedailystar.net/arts-entertainment/event/weeklong-programme-liberation-war-museum-185932,sitemap:slug,2026-10-05T09:31:39+00:00
https://www.thedailystar.net/supplements/reflections-muktijuddho-jadughar-moves-its-new-premises-186682,sitemap:slug,2026-10-05T09:31:39+00:00
https://www.thedailystar.net/supplements/recalling-the-martyred-intellectuals-186694,sitemap:slug,2026-10-05T09:31:39+00:00
https://www.thedailystar.net/editorial/martyred-intellectuals-186721,sitemap:slug,2026-10-05T09:31:39+00:00
https://www.thedailystar.net/country/news/nation-observes-martyred-intellectuals-day-187063,sitemap:slug,2026-10-05T09:31:39+00:00
https://www.thedailystar.net/editorial/fugitive-war-crimes-accused-187204,sitemap:slug,2026-10-05T09:31:39+00:00
https://www.thedailystar.net/lifestyle/spotlight/media-coverage-and-the-war-1971-187237,sitemap:slug,2026-10-05T09:31:39+00:00
https://www.thedailystar.net/arts-entertainment/event/ssj-begins-victory-day-celebrations-187516,sitemap:slug,2026-10-05T09:31:39+00:00
https://www.thedailystar.net/op-ed/pakistani-war-criminals-1971-still-free-187672,sitemap:slug,2026-10-05T09:31:39+00:00
https://www.thedailystar.net/letters/thoughts-victory-day-187684,sitemap:slug,2026-10-05T09:31:39+00:00
https://www.thedailystar.net/city/news/two-link-al-badr-men-killing-family-members-187882,sitemap:slug,2026-10-05T09:31:39+00:00
https://www.thedailystar.net/supplements/pakistani-war-criminals-should-not-go-unpunished-187996,sitemap:slug,2026-10-05T09:31:39+00:00
https://www.thedailystar.net/country/news/tribute-pours-liberation-war-martyrs-188089,sitemap:slug,2026-10-05T09:31:39+00:00
https://www.thedailystar.net/frontpage/news/after-1971-defeat-bhutto-dreamt-confederation-188143,sitemap:slug,2026-10-05T09:31:39+00:00
https://www.thedailystar.net/1971-liberation-war-articles/preserving-war-history-188146,sitemap:slug|package:1971-liberation-war-articles,2026-10-05T09:31:39+00:00
https://www.thedailystar.net/shout/1971-literature-188185,sitemap:slug,2026-10-05T09:31:39+00:00
https://www.thedailystar.net/city/news/nation-rejoices-liberation-war-victory-188476,sitemap:slug,2026-10-05T09:31:39+00:00
https://www.thedailystar.net/backpage/no-place-the-cohorts-1971-defeated-forces-189187,sitemap:slug,2026-10-05T09:31:39+00:00
https://www.thedailystar.net/video-stories/watch-where-are-the-1971-mass-graves-killing-fields-dhaka-189223,sitemap:slug|package:footages-1971-liberation-war/killing-grounds,2026-10-05T09:31:39+00:00
https://www.thedailystar.net/showbiz/deshi-grapevine/runa-laila-kolkata-victory-day-concert-188749,sitemap:slug,2026-10-05T09:31:39+00:00
https://www.thedailystar.net/arts-entertainment/art-competition-children-marking-victory-day-189274,sitemap:slug,2026-10-05T09:31:39+00:00
https://www.thedailystar.net/arts-entertainment/liberation-war-silver-screens-189283,sitemap:slug,2026-10-05T09:31:39+00:00
https://www.thedailystar.net/slow-reads/focus/news/thinkers-will-lead-the-way-189340,sitemap,2026-10-05T09:31:39+00:00
https://www.thedailystar.net/the-islamic-state/minority-killings-should-be-recognised-genocide-190417,sitemap:slug,2026-10-05T09:31:39+00:00
https://www.thedailystar.net/politics/khaleda-kicks-controversy-over-1971-war-death-toll-190486,sitemap:slug,2026-10-05T09:31:39+00:00
https://www.thedailystar.net/city/news/liberation-war-stories-reach-the-blind-190855,sitemap:slug,2026-10-05T09:31:39+00:00
https://www.thedailystar.net/country/news/enact-law-try-those-who-deny-1971-history-192694,sitemap:slug,2026-10-05T09:31:39+00:00
https://www.thedailystar.net/city/news/make-challenging-liberation-war-facts-criminal-offence-192913,sitemap:slug,2026-10-05T09:31:39+00:00
https://www.thedailystar.net/law-our-rights/learn-about-liberation-war-193765,sitemap:slug,2026-10-05T09:31:39+00:00
https://www.thedailystar.net/muktijuddher-bijoy-natya-utsab-concludes-5195,sitemap:slug,2026-10-05T09:31:44+00:00
https://www.thedailystar.net/yusuf-ordered-detention-of-man-killed-in-1971-6225,sitemap:slug,2026-10-05T09:31:44+00:00
https://www.thedailystar.net/tortured-in-al-badr-camp-in-presence-of-mir-quasem-7140,sitemap:slug,2026-10-05T09:31:44+00:00
https://www.thedailystar.net/razakars-killed-65-on-a-single-day-7531,sitemap:slug,2026-10-05T09:31:44+00:00
https://www.thedailystar.net/razakars-yelled-yusuf-bhai-zindabad-after-killings-torching-of-houses-7707,sitemap:slug,2026-10-05T09:31:44+00:00
https://www.thedailystar.net/he-had-control-over-razakars-al-badrs-8201,sitemap:slug,2026-10-05T09:31:44+00:00
https://www.thedailystar.net/razakars-shot-dead-villagers-8603,sitemap:slug,2026-10-05T09:31:44+00:00
https://www.thedailystar.net/why-birangonas-not-given-state-honour-in-43-years-8775,sitemap:slug,2026-10-05T09:31:44+00:00
https://www.thedailystar.net/1971-9322,sitemap:slug,2026-10-05T09:31:44+00:00
https://www.thedailystar.net/al-badr-killed-3-in-quasems-presence-9699,sitemap:slug,2026-10-05T09:31:44+00:00
https://www.thedailystar.net/official-list-of-martyred-intellectuals-by-june-10265,sitemap:slug,2026-10-05T09:31:44+00:00
https://www.thedailystar.net/quasem-took-ranjit-das-to-torture-camp-in-1971-12021,sitemap:slug,2026-10-05T09:31:44+00:00
https://www.thedailystar.net/quasem-led-al-badr-to-kidnap-25-13049,sitemap:slug,2026-10-05T09:31:44+00:00
https://www.thedailystar.net/liberation-war-museum-gets-ict-verdicts-copies-13245,sitemap:slug,2026-10-05T09:31:44+00:00
https://www.thedailystar.net/one-stop-solution-for-liberation-war-books-13244,sitemap:slug,2026-10-05T09:31:44+00:00
https://www.thedailystar.net/nizami-turned-chhatra-sangha-into-al-badr-15029,sitemap:slug,2026-10-05T09:31:44+00:00
https://www.thedailystar.net/yahya-okays-operation-searchlight-16076,sitemap:slug,2026-10-05T09:31:44+00:00
https://www.thedailystar.net/haunted-by-1971-torture-17168,sitemap:slug,2026-10-05T09:31:44+00:00
https://www.thedailystar.net/victim-tells-of-torture-by-al-badr-in-1971-17167,sitemap:slug,2026-10-05T09:31:44+00:00
https://www.thedailystar.net/reflections-on-the-liberation-war-17327,sitemap:slug,2026-10-05T09:31:44+00:00
https://www.thedailystar.net/spirit-of-liberation-war-17307,sitemap:slug,2026-10-05T09:31:44+00:00
https://www.thedailystar.net/president-pm-for-upholding-liberation-war-spirit-17292,sitemap:slug,2026-10-05T09:31:44+00:00
https://www.thedailystar.net/march-1971-in-quetta-17489,sitemap:slug,2026-10-05T09:31:44+00:00
https://www.thedailystar.net/al-didnt-join-or-witness-liberation-war-khaleda-17787,sitemap:slug,2026-10-05T09:31:44+00:00
https://www.thedailystar.net/1971-redux-17812,sitemap:slug,2026-10-05T09:31:44+00:00
https://www.thedailystar.net/bnp-will-write-true-history-of-1971-khaleda-17842,sitemap:slug,2026-10-05T09:31:44+00:00
https://www.thedailystar.net/khaleda-trying-to-make-liberation-war-controversial-18025,sitemap:slug,2026-10-05T09:31:44+00:00
https://www.thedailystar.net/times-ny-times-ignored-bangalees-plights-in-1971-18208,sitemap:slug,2026-10-05T09:31:44+00:00
https://www.thedailystar.net/children-sketch-history-of-liberation-war-18248,sitemap:slug,2026-10-05T09:31:44+00:00
https://www.thedailystar.net/arrest-warrant-for-kishoreganj-razakar-18558,sitemap:slug,2026-10-05T09:31:44+00:00
https://www.thedailystar.net/special-programme-on-mujibnagar-day-20329,sitemap:slug,2026-10-05T09:31:44+00:00
https://www.thedailystar.net/mujibnagar-day-today-20358,sitemap:slug,2026-10-05T09:31:44+00:00
https://www.thedailystar.net/pm-pays-tribute-to-bangabandhu-on-mujibnagar-day-20420,sitemap:slug,2026-10-05T09:31:44+00:00
https://www.thedailystar.net/verdict-on-khokon-razakar-any-day-20423,sitemap:slug,2026-10-05T09:31:44+00:00
https://www.thedailystar.net/liberation-war-ministry-jt-secy-made-osd-21125,sitemap:slug,2026-10-05T09:31:44+00:00
https://www.thedailystar.net/book-on-liberation-war-launched-at-afd-21899,sitemap:slug,2026-10-05T09:31:44+00:00
https://www.thedailystar.net/an-instrument-of-surrender-22983,sitemap:slug,2026-10-05T09:31:45+00:00
https://www.thedailystar.net/liberation-war-ministry-secy-made-osd-23259,sitemap:slug,2026-10-05T09:31:45+00:00
https://www.thedailystar.net/liberation-war-museum-and-the-paradigm-shift-24490,sitemap:slug,2026-10-05T09:31:45+00:00
https://www.thedailystar.net/pre-1971-migrants-to-be-indian-voters-25156,sitemap:slug,2026-10-05T09:31:45+00:00
https://www.thedailystar.net/razakars-tortured-father-on-subhans-order-25724,sitemap:slug,2026-10-05T09:31:45+00:00
https://www.thedailystar.net/genocide-of-1971-it-must-be-remembered-not-forgotten-27788,sitemap:slug,2026-10-05T09:31:45+00:00
https://www.thedailystar.net/investigators-find-evidence-against-kishoreganj-razakar-30908,sitemap:slug,2026-10-05T09:31:45+00:00
https://www.thedailystar.net/razakar-leader-held-in-bagerhat-34380,sitemap:slug,2026-10-05T09:31:45+00:00
https://www.thedailystar.net/qaisar-founded-killing-squad-in-1971-34823,sitemap:slug,2026-10-05T09:31:45+00:00
https://www.thedailystar.net/justice-abu-sayeed-remembered-for-role-during-liberation-war-36774,sitemap:slug,2026-10-05T09:31:45+00:00
https://www.thedailystar.net/liberation-war-affairs-secretary-made-osd-37637,sitemap:slug,2026-10-05T09:31:45+00:00
https://www.thedailystar.net/liberation-war-affairs-secy-made-osd-37765,sitemap:slug,2026-10-05T09:31:45+00:00
https://www.thedailystar.net/azhar-played-role-in-forming-al-badr-37717,sitemap:slug,2026-10-05T09:31:45+00:00
https://www.thedailystar.net/evidence-found-against-3-bagerhat-razakars-38622,sitemap:slug,2026-10-05T09:31:45+00:00
https://www.thedailystar.net/children-portray-liberation-war-38681,sitemap:slug,2026-10-05T09:31:45+00:00
https://www.thedailystar.net/1971-bhetore-baire-may-fuel-controversy-39969,sitemap:slug,2026-10-05T09:31:45+00:00
https://www.thedailystar.net/rewriting-liberation-war-history-40922,sitemap:slug,2026-10-05T09:31:45+00:00
https://www.thedailystar.net/he-controlled-many-al-badr-camps-41201,sitemap:slug,2026-10-05T09:31:45+00:00
https://www.thedailystar.net/charges-pressed-against-3-bagerhat-razakars-41653,sitemap:slug,2026-10-05T09:31:45+00:00
https://www.thedailystar.net/ak-khondokars-book-on-1971-41754,sitemap:slug,2026-10-05T09:31:45+00:00
https://www.thedailystar.net/charges-against-3-bagerhat-razakars-taken-into-cognisance-41792,sitemap:slug,2026-10-05T09:31:45+00:00
https://www.thedailystar.net/2-chapainawabganj-razakars-to-face-tribunal-sept-23-42263,sitemap:slug,2026-10-05T09:31:45+00:00
https://www.thedailystar.net/forget-1971-43963,sitemap:slug,2026-10-05T09:31:45+00:00
https://www.thedailystar.net/1971-bhitore-bahire-45353,sitemap:slug,2026-10-05T09:31:45+00:00
https://www.thedailystar.net/liberation-war-and-the-politics-of-historical-reasoning-45507,sitemap:slug,2026-10-05T09:31:45+00:00
https://www.thedailystar.net/evidence-found-against-3-razakars-47619,sitemap:slug,2026-10-05T09:31:45+00:00
https://www.thedailystar.net/a-slap-in-face-for-liberation-war-48027,sitemap:slug,2026-10-05T09:31:45+00:00
https://www.thedailystar.net/list-of-razakars-to-be-published-48128,sitemap:slug,2026-10-05T09:31:45+00:00
https://www.thedailystar.net/charges-framed-against-3-bagerhat-razakars-48847,sitemap:slug,2026-10-05T09:31:45+00:00
https://www.thedailystar.net/2-chapainawabganj-razakars-to-face-tribunal-nov-16-49632,sitemap:slug,2026-10-05T09:31:45+00:00
https://www.thedailystar.net/capitailising-on-liberation-war-bangabandhu-49662,sitemap:slug,2026-10-05T09:31:45+00:00
https://www.thedailystar.net/december-31-1971-53676,sitemap:slug,2026-10-05T09:31:45+00:00
https://www.thedailystar.net/december-30-1971-53677,sitemap:slug,2026-10-05T09:31:45+00:00
https://www.thedailystar.net/photo-and-film-exhibit-on-liberation-war-49825,sitemap:slug,2026-10-05T09:31:45+00:00
https://www.thedailystar.net/january-31-1971-53712,sitemap:slug,2026-10-05T09:31:45+00:00
https://www.thedailystar.net/khokon-razakar-verdict-tomorrow-49940,sitemap:slug,2026-10-05T09:31:45+00:00
https://www.thedailystar.net/december-29-1971-53681,sitemap:slug,2026-10-05T09:31:45+00:00
https://www.thedailystar.net/an-insult-to-liberation-war-50091,sitemap:slug,2026-10-05T09:31:45+00:00
https://www.thedailystar.net/january-30-1971-53713,sitemap:slug,2026-10-05T09:31:45+00:00
https://www.thedailystar.net/death-for-khokon-razakar-50134,sitemap:slug,2026-10-05T09:31:45+00:00
https://www.thedailystar.net/charges-on-which-khokon-razakar-found-guilty-50135,sitemap:slug,2026-10-05T09:31:45+00:00
https://www.thedailystar.net/bring-khokon-razakar-back-execute-immediately-50158,sitemap:slug,2026-10-05T09:31:45+00:00
https://www.thedailystar.net/december-28-1971-53682,sitemap:slug,2026-10-05T09:31:45+00:00
https://www.thedailystar.net/january-29-1971-53714,sitemap:slug,2026-10-05T09:31:45+00:00
https://www.thedailystar.net/joy-calls-bnp-party-of-razakars-50446,sitemap:slug,2026-10-05T09:31:45+00:00
https://www.thedailystar.net/december-27-1971-53683,sitemap:slug,2026-10-05T09:31:45+00:00
https://www.thedailystar.net/january-28-1971-53715,sitemap:slug,2026-10-05T09:31:45+00:00
https://www.thedailystar.net/reflections-on-the-liberation-war-50464,sitemap:slug,2026-10-05T09:31:45+00:00
https://www.thedailystar.net/in-their-words-bhutto-and-mujib-december-1971-50468,sitemap:slug,2026-10-05T09:31:45+00:00
https://www.thedailystar.net/december-26-1971-53684,sitemap:slug,2026-10-05T09:31:45+00:00
https://www.thedailystar.net/january-27-1971-53716,sitemap:slug,2026-10-05T09:31:45+00:00
https://www.thedailystar.net/war-crimes-charges-pressed-against-2-chapainawabganj-razakars-50602,sitemap:slug,2026-10-05T09:31:45+00:00
https://www.thedailystar.net/december-25-1971-53685,sitemap:slug,2026-10-05T09:31:45+00:00
https://www.thedailystar.net/january-26-1971-53717,sitemap:slug,2026-10-05T09:31:45+00:00
https://www.thedailystar.net/8-war-crimes-charges-pressed-against-forkan-razakar-50771,sitemap:slug,2026-10-05T09:31:45+00:00
https://www.thedailystar.net/december-24-1971-53686,sitemap:slug,2026-10-05T09:31:45+00:00
https://www.thedailystar.net/january-25-1971-53718,sitemap:slug,2026-10-05T09:31:45+00:00
https://www.thedailystar.net/spirit-of-liberation-war-50936,sitemap:slug,2026-10-05T09:31:45+00:00
https://www.thedailystar.net/bangladesh-1971-a-forgotten-genocide-50941,sitemap:slug,2026-10-05T09:31:45+00:00
https://www.thedailystar.net/december-23-1971-53687,sitemap:slug,2026-10-05T09:31:45+00:00
https://www.thedailystar.net/january-24-1971-53719,sitemap:slug,2026-10-05T09:31:45+00:00
https://www.thedailystar.net/january-23-1971-53720,sitemap:slug,2026-10-05T09:31:45+00:00
https://www.thedailystar.net/december-22-1971-53688,sitemap:slug,2026-10-05T09:31:45+00:00
https://www.thedailystar.net/december-21-1971-53689,sitemap:slug,2026-10-05T09:31:45+00:00
https://www.thedailystar.net/january-22-1971-53721,sitemap:slug,2026-10-05T09:31:45+00:00
https://www.thedailystar.net/december-20-1971-53691,sitemap:slug,2026-10-05T09:31:45+00:00
https://www.thedailystar.net/book-on-1971-genocide-wins-cundill-prize-51493,sitemap:slug,2026-10-05T09:31:45+00:00
https://www.thedailystar.net/january-21-1971-53724,sitemap:slug,2026-10-05T09:31:45+00:00
https://www.thedailystar.net/december-19-1971-53692,sitemap:slug,2026-10-05T09:31:45+00:00
https://www.thedailystar.net/january-20-1971-53725,sitemap:slug,2026-10-05T09:31:45+00:00
https://www.thedailystar.net/dhaka-attack-march-26-1971-51859,sitemap:slug,2026-10-05T09:31:45+00:00
https://www.thedailystar.net/january-19-1971-53726,sitemap:slug,2026-10-05T09:31:45+00:00
https://www.thedailystar.net/december-18-1971-53693,sitemap:slug,2026-10-05T09:31:45+00:00
https://www.thedailystar.net/ict-accepts-war-crimes-charges-of-2-razakars-51854,sitemap:slug,2026-10-05T09:31:45+00:00
https://www.thedailystar.net/december-17-1971-53694,sitemap:slug,2026-10-05T09:31:45+00:00
https://www.thedailystar.net/january-18-1971-53727,sitemap:slug,2026-10-05T09:31:45+00:00
https://www.thedailystar.net/march-25-1971-51988,sitemap:slug,2026-10-05T09:31:45+00:00
https://www.thedailystar.net/evidence-found-against-2-kishoreganj-razakars-51990,sitemap:slug,2026-10-05T09:31:45+00:00
https://www.thedailystar.net/january-17-1971-53728,sitemap:slug,2026-10-05T09:31:45+00:00
https://www.thedailystar.net/prosecution-gets-probe-report-on-2-kishoreganj-razakars-52160,sitemap:slug,2026-10-05T09:31:45+00:00
https://www.thedailystar.net/january-16-1971-53729,sitemap:slug,2026-10-05T09:31:45+00:00
https://www.thedailystar.net/december-15-1971-53697,sitemap:slug,2026-10-05T09:31:45+00:00
https://www.thedailystar.net/fading-memories-of-mujibnagar-government-52362,sitemap:slug,2026-10-05T09:31:45+00:00
https://www.thedailystar.net/january-15-1971-53730,sitemap:slug,2026-10-05T09:31:45+00:00
https://www.thedailystar.net/december-13-1971-53699,sitemap:slug,2026-10-05T09:31:45+00:00
https://www.thedailystar.net/january-14-1971-53731,sitemap:slug,2026-10-05T09:31:45+00:00
https://www.thedailystar.net/january-12-1971-53732,sitemap:slug,2026-10-05T09:31:45+00:00
https://www.thedailystar.net/december-12-1971-53700,sitemap:slug,2026-10-05T09:31:45+00:00
https://www.thedailystar.net/december-11-1971-53701,sitemap:slug,2026-10-05T09:31:45+00:00
https://www.thedailystar.net/january-11-1971-53733,sitemap:slug,2026-10-05T09:31:45+00:00
https://www.thedailystar.net/december-10-1971-53702,sitemap:slug,2026-10-05T09:31:45+00:00
https://www.thedailystar.net/january-10-1971-53734,sitemap:slug,2026-10-05T09:31:45+00:00
https://www.thedailystar.net/war-crime-bangladesh-a-documentary-on-genocide-by-pakistan-1971-53395,sitemap:slug,2026-10-05T09:31:45+00:00
https://www.thedailystar.net/a-documentary-on-the-liberation-war-of-bangladesh-in-1971-53396,sitemap:slug,2026-10-05T09:31:45+00:00
https://www.thedailystar.net/thakurgaon-was-liberated-on-this-day-in-1971-53070,sitemap:slug,2026-10-05T09:31:45+00:00
https://www.thedailystar.net/december-9-1971-53703,sitemap:slug,2026-10-05T09:31:45+00:00
https://www.thedailystar.net/january-9-1971-53735,sitemap:slug,2026-10-05T09:31:45+00:00
https://www.thedailystar.net/january-8-1971-53736,sitemap:slug,2026-10-05T09:31:45+00:00
https://www.thedailystar.net/december-8-1971-53704,sitemap:slug,2026-10-05T09:31:45+00:00
https://www.thedailystar.net/skewing-the-history-of-rape-in-1971-a-prescription-for-reconciliation-53365,sitemap:slug|package:1971-liberation-war-articles,2026-10-05T09:31:45+00:00
https://www.thedailystar.net/flying-blind-waiting-for-a-real-reckoning-on-1971-53393,sitemap:slug,2026-10-05T09:31:45+00:00
https://www.thedailystar.net/december-7-1971-53705,sitemap:slug,2026-10-05T09:31:45+00:00
https://www.thedailystar.net/january-7-1971-53737,sitemap:slug,2026-10-05T09:31:45+00:00
https://www.thedailystar.net/commemorating-teliapara-with-a-muktijuddha-smriti-complex-53549,sitemap:slug|package:1971-liberation-war-articles,2026-10-05T09:31:45+00:00
https://www.thedailystar.net/bangladesh-genocide-memory-and-justice-53550,sitemap:slug|package:1971-liberation-war-articles,2026-10-05T09:31:45+00:00
https://www.thedailystar.net/on-trial-war-crimes-1971-53556,sitemap:slug|package:1971-liberation-war-interviews,2026-10-05T09:31:45+00:00
https://www.thedailystar.net/1971-rapes-bangladesh-cannot-hide-history-53561,sitemap:slug|package:1971-liberation-war-articles,2026-10-05T09:31:45+00:00
https://www.thedailystar.net/july-21-1971-53844,sitemap:slug,2026-10-05T09:31:45+00:00
https://www.thedailystar.net/june-14-1971-53806,sitemap:slug,2026-10-05T09:31:45+00:00
https://www.thedailystar.net/july-3-1971-53825,sitemap:slug,2026-10-05T09:31:45+00:00
https://www.thedailystar.net/july-25-1971-53848,sitemap:slug,2026-10-05T09:31:45+00:00
https://www.thedailystar.net/may-26-1971-53789,sitemap:slug,2026-10-05T09:31:45+00:00
https://www.thedailystar.net/may-13-1971-53775,sitemap:slug,2026-10-05T09:31:45+00:00
https://www.thedailystar.net/june-25-1971-53817,sitemap:slug,2026-10-05T09:31:45+00:00
https://www.thedailystar.net/july-14-1971-53837,sitemap:slug,2026-10-05T09:31:45+00:00
https://www.thedailystar.net/may-22-1971-53785,sitemap:slug,2026-10-05T09:31:45+00:00
https://www.thedailystar.net/may-12-1971-53774,sitemap:slug,2026-10-05T09:31:45+00:00
https://www.thedailystar.net/july-12-1971-53835,sitemap:slug,2026-10-05T09:31:45+00:00
https://www.thedailystar.net/july-9-1971-53831,sitemap:slug,2026-10-05T09:31:45+00:00
https://www.thedailystar.net/july-7-1971-53829,sitemap:slug,2026-10-05T09:31:45+00:00
https://www.thedailystar.net/july-2-1971-53824,sitemap:slug,2026-10-05T09:31:45+00:00
https://www.thedailystar.net/july-16-1971-53839,sitemap:slug,2026-10-05T09:31:45+00:00
https://www.thedailystar.net/may-10-1971-53771,sitemap:slug,2026-10-05T09:31:45+00:00
https://www.thedailystar.net/june-17-1971-53809,sitemap:slug,2026-10-05T09:31:45+00:00
https://www.thedailystar.net/july-20-1971-53843,sitemap:slug,2026-10-05T09:31:45+00:00
https://www.thedailystar.net/june-9-1971-53801,sitemap:slug,2026-10-05T09:31:45+00:00
https://www.thedailystar.net/june-30-1971-53822,sitemap:slug,2026-10-05T09:31:45+00:00
https://www.thedailystar.net/may-29-1971-53792,sitemap:slug,2026-10-05T09:31:45+00:00
https://www.thedailystar.net/june-28-1971-53820,sitemap:slug,2026-10-05T09:31:45+00:00
https://www.thedailystar.net/may-19-1971-53782,sitemap:slug,2026-10-05T09:31:45+00:00
https://www.thedailystar.net/may-17-1971-53779,sitemap:slug,2026-10-05T09:31:45+00:00
https://www.thedailystar.net/july-18-1971-53841,sitemap:slug,2026-10-05T09:31:45+00:00
https://www.thedailystar.net/june-13-1971-53805,sitemap:slug,2026-10-05T09:31:45+00:00
https://www.thedailystar.net/may-3-1971-53764,sitemap:slug,2026-10-05T09:31:45+00:00
https://www.thedailystar.net/july-26-1971-53849,sitemap:slug,2026-10-05T09:31:45+00:00
https://www.thedailystar.net/june-20-1971-53812,sitemap:slug,2026-10-05T09:31:45+00:00
https://www.thedailystar.net/july-15-1971-53838,sitemap:slug,2026-10-05T09:31:45+00:00
https://www.thedailystar.net/may-5-1971-53766,sitemap:slug,2026-10-05T09:31:45+00:00
https://www.thedailystar.net/16-june-1971-53808,sitemap:slug,2026-10-05T09:31:45+00:00
https://www.thedailystar.net/july-6-1971-53828,sitemap:slug,2026-10-05T09:31:45+00:00
https://www.thedailystar.net/may-27-1971-53790,sitemap:slug,2026-10-05T09:31:45+00:00
https://www.thedailystar.net/may-8-1971-53769,sitemap:slug,2026-10-05T09:31:45+00:00
https://www.thedailystar.net/july-31-1971-53854,sitemap:slug,2026-10-05T09:31:45+00:00
https://www.thedailystar.net/may-15-1971-53777,sitemap:slug,2026-10-05T09:31:45+00:00
https://www.thedailystar.net/june-24-1971-53816,sitemap:slug,2026-10-05T09:31:45+00:00
https://www.thedailystar.net/july-29-1971-53852,sitemap:slug,2026-10-05T09:31:45+00:00
https://www.thedailystar.net/july-23-1971-53846,sitemap:slug,2026-10-05T09:31:45+00:00
https://www.thedailystar.net/may-23-1971-53786,sitemap:slug,2026-10-05T09:31:45+00:00
https://www.thedailystar.net/may-25-1971-53788,sitemap:slug,2026-10-05T09:31:45+00:00
https://www.thedailystar.net/may-11-1971-53772,sitemap:slug,2026-10-05T09:31:45+00:00
https://www.thedailystar.net/may-24-1971-53787,sitemap:slug,2026-10-05T09:31:45+00:00
https://www.thedailystar.net/june-22-1971-53814,sitemap:slug,2026-10-05T09:31:45+00:00
https://www.thedailystar.net/may-21-1971-53784,sitemap:slug,2026-10-05T09:31:45+00:00
https://www.thedailystar.net/july-17-1971-53840,sitemap:slug,2026-10-05T09:31:45+00:00
https://www.thedailystar.net/june-26-1971-53818,sitemap:slug,2026-10-05T09:31:45+00:00
https://www.thedailystar.net/july-1-1971-53823,sitemap:slug,2026-10-05T09:31:45+00:00
https://www.thedailystar.net/july-10-1971-53833,sitemap:slug,2026-10-05T09:31:45+00:00
https://www.thedailystar.net/may-31-1971-53794,sitemap:slug,2026-10-05T09:31:45+00:00
https://www.thedailystar.net/july-24-1971-53847,sitemap:slug,2026-10-05T09:31:45+00:00
https://www.thedailystar.net/may-14-1971-53776,sitemap:slug,2026-10-05T09:31:45+00:00
https://www.thedailystar.net/june-19-1971-53811,sitemap:slug,2026-10-05T09:31:45+00:00
https://www.thedailystar.net/june-12-1971-53804,sitemap:slug,2026-10-05T09:31:45+00:00
https://www.thedailystar.net/june-29-1971-53821,sitemap:slug,2026-10-05T09:31:45+00:00
https://www.thedailystar.net/may-1-1971-53762,sitemap:slug,2026-10-05T09:31:45+00:00
https://www.thedailystar.net/june-3-1971-53796,sitemap:slug,2026-10-05T09:31:45+00:00
https://www.thedailystar.net/may-2-1971-53763,sitemap:slug,2026-10-05T09:31:45+00:00
https://www.thedailystar.net/june-5-1971-53798,sitemap:slug,2026-10-05T09:31:45+00:00
https://www.thedailystar.net/may-20-1971-53783,sitemap:slug,2026-10-05T09:31:45+00:00
https://www.thedailystar.net/june-21-1971-53813,sitemap:slug,2026-10-05T09:31:45+00:00
https://www.thedailystar.net/july-4-1971-53826,sitemap:slug,2026-10-05T09:31:45+00:00
https://www.thedailystar.net/july-13-1971-53836,sitemap:slug,2026-10-05T09:31:45+00:00
https://www.thedailystar.net/may-18-1971-53781,sitemap:slug,2026-10-05T09:31:45+00:00
https://www.thedailystar.net/july-30-1971-53853,sitemap:slug,2026-10-05T09:31:45+00:00
https://www.thedailystar.net/july-27-1971-53850,sitemap:slug,2026-10-05T09:31:45+00:00
https://www.thedailystar.net/june-8-1971-53800,sitemap:slug,2026-10-05T09:31:45+00:00
https://www.thedailystar.net/july-8-1971-53830,sitemap:slug,2026-10-05T09:31:45+00:00
https://www.thedailystar.net/may-9-1971-53770,sitemap:slug,2026-10-05T09:31:45+00:00
https://www.thedailystar.net/july-19-1971-53842,sitemap:slug,2026-10-05T09:31:45+00:00
https://www.thedailystar.net/may-6-1971-53767,sitemap:slug,2026-10-05T09:31:45+00:00
https://www.thedailystar.net/may-30-1971-53793,sitemap:slug,2026-10-05T09:31:45+00:00
https://www.thedailystar.net/may-7-1971-53768,sitemap:slug,2026-10-05T09:31:45+00:00
https://www.thedailystar.net/june-27-1971-53819,sitemap:slug,2026-10-05T09:31:45+00:00
https://www.thedailystar.net/june-23-1971-53815,sitemap:slug,2026-10-05T09:31:45+00:00
https://www.thedailystar.net/july-5-1971-53827,sitemap:slug,2026-10-05T09:31:45+00:00
https://www.thedailystar.net/may-16-1971-53778,sitemap:slug,2026-10-05T09:31:45+00:00
https://www.thedailystar.net/june-11-1971-53803,sitemap:slug,2026-10-05T09:31:45+00:00
https://www.thedailystar.net/may-28-1971-53791,sitemap:slug,2026-10-05T09:31:45+00:00
https://www.thedailystar.net/june-10-1971-53802,sitemap:slug,2026-10-05T09:31:45+00:00
https://www.thedailystar.net/june-1-1971-53795,sitemap:slug,2026-10-05T09:31:45+00:00
https://www.thedailystar.net/january-6-1971-53738,sitemap:slug,2026-10-05T09:31:45+00:00
https://www.thedailystar.net/may-4-1971-53765,sitemap:slug,2026-10-05T09:31:45+00:00
https://www.thedailystar.net/july-11-1971-53834,sitemap:slug,2026-10-05T09:31:45+00:00
https://www.thedailystar.net/june-15-1971-53807,sitemap:slug,2026-10-05T09:31:45+00:00
https://www.thedailystar.net/july-22-1971-53845,sitemap:slug,2026-10-05T09:31:45+00:00
https://www.thedailystar.net/july-28-1971-53851,sitemap:slug,2026-10-05T09:31:45+00:00
https://www.thedailystar.net/june-18-1971-53810,sitemap:slug,2026-10-05T09:31:45+00:00
https://www.thedailystar.net/june-7-1971-53799,sitemap:slug,2026-10-05T09:31:45+00:00
https://www.thedailystar.net/the-politics-of-1971-53673,sitemap:slug|package:1971-liberation-war-articles,2026-10-05T09:31:45+00:00
https://www.thedailystar.net/january-5-1971-53739,sitemap:slug,2026-10-05T09:31:45+00:00
https://www.thedailystar.net/december-6-1971-53706,sitemap:slug,2026-10-05T09:31:45+00:00
https://www.thedailystar.net/bhutto-at-un-security-council-dec-15-1971-54461,sitemap:slug,2026-10-05T09:31:45+00:00
https://www.thedailystar.net/december-5-1971-53707,sitemap:slug,2026-10-05T09:31:45+00:00
https://www.thedailystar.net/footage-of-liberation-war-54459,sitemap:slug,2026-10-05T09:31:45+00:00
https://www.thedailystar.net/march-25-1971-tale-of-the-darkest-night-54455,sitemap:slug,2026-10-05T09:31:45+00:00
https://www.thedailystar.net/genocide-in-bangladesh-54143,sitemap:slug|package:1971-liberation-war-articles,2026-10-05T09:31:45+00:00
https://www.thedailystar.net/liberating-the-women-of-1971-54154,sitemap:slug|package:1971-liberation-war-articles,2026-10-05T09:31:45+00:00
https://www.thedailystar.net/notes-to-my-successor-the-forgotten-women-of-the-1971-war-54155,sitemap:slug|package:1971-liberation-war-articles,2026-10-05T09:31:45+00:00
https://www.thedailystar.net/genocide-at-bangladesh-village-in-1971-54567,sitemap:slug,2026-10-05T09:31:45+00:00
https://www.thedailystar.net/october-4-1971-54164,sitemap:slug,2026-10-05T09:31:45+00:00
https://www.thedailystar.net/october-11-1971-54171,sitemap:slug,2026-10-05T09:31:45+00:00
https://www.thedailystar.net/april-7-1971-54426,sitemap:slug,2026-10-05T09:31:45+00:00
https://www.thedailystar.net/april-9-1971-54428,sitemap:slug,2026-10-05T09:31:45+00:00
https://www.thedailystar.net/october-28-1971-54190,sitemap:slug,2026-10-05T09:31:45+00:00
https://www.thedailystar.net/november-26-1971-54212,sitemap:slug,2026-10-05T09:31:45+00:00
https://www.thedailystar.net/march-13-1971-54399,sitemap:slug,2026-10-05T09:31:45+00:00
https://www.thedailystar.net/october-13-1971-54173,sitemap:slug,2026-10-05T09:31:45+00:00
https://www.thedailystar.net/march-29-1971-54415,sitemap:slug,2026-10-05T09:31:45+00:00
https://www.thedailystar.net/october-1-1971-54017,sitemap:slug,2026-10-05T09:31:45+00:00
https://www.thedailystar.net/october-17-1971-54178,sitemap:slug,2026-10-05T09:31:45+00:00
https://www.thedailystar.net/april-26-1971-54447,sitemap:slug,2026-10-05T09:31:45+00:00
https://www.thedailystar.net/march-15-1971-54401,sitemap:slug,2026-10-05T09:31:45+00:00
https://www.thedailystar.net/november-24-1971-54210,sitemap:slug,2026-10-05T09:31:45+00:00
https://www.thedailystar.net/razakars-of-1971-54468,sitemap:slug,2026-10-05T09:31:45+00:00
https://www.thedailystar.net/april-20-1971-54440,sitemap:slug,2026-10-05T09:31:45+00:00
https://www.thedailystar.net/march-8-1971-54395,sitemap:slug,2026-10-05T09:31:45+00:00
https://www.thedailystar.net/november-14-1971-54199,sitemap:slug,2026-10-05T09:31:45+00:00
https://www.thedailystar.net/april-12-1971-54431,sitemap:slug,2026-10-05T09:31:45+00:00
https://www.thedailystar.net/october-19-1971-54180,sitemap:slug,2026-10-05T09:31:45+00:00
https://www.thedailystar.net/november-15-1971-54200,sitemap:slug,2026-10-05T09:31:45+00:00
https://www.thedailystar.net/april-6-1971-54425,sitemap:slug,2026-10-05T09:31:45+00:00
https://www.thedailystar.net/november-29-1971-54215,sitemap:slug,2026-10-05T09:31:45+00:00
https://www.thedailystar.net/april-2-1971-54421,sitemap:slug,2026-10-05T09:31:45+00:00
https://www.thedailystar.net/october-27-1971-54189,sitemap:slug,2026-10-05T09:31:45+00:00
https://www.thedailystar.net/march-7-1971-54394,sitemap:slug,2026-10-05T09:31:45+00:00
https://www.thedailystar.net/march-27-1971-54413,sitemap:slug,2026-10-05T09:31:45+00:00
https://www.thedailystar.net/october-23-1971-54184,sitemap:slug,2026-10-05T09:31:45+00:00
https://www.thedailystar.net/october-6-1971-54166,sitemap:slug,2026-10-05T09:31:45+00:00
https://www.thedailystar.net/march-4-1971-54390,sitemap:slug,2026-10-05T09:31:45+00:00
https://www.thedailystar.net/march-11-1971-54397,sitemap:slug,2026-10-05T09:31:45+00:00
https://www.thedailystar.net/april-24-1971-54445,sitemap:slug,2026-10-05T09:31:45+00:00
https://www.thedailystar.net/war-crime-bangladesh-a-documentary-on-genocide-by-pakistan-1971-54570,sitemap:slug,2026-10-05T09:31:45+00:00
https://www.thedailystar.net/october-21-1971-54182,sitemap:slug,2026-10-05T09:31:45+00:00
https://www.thedailystar.net/march-23-1971-54408,sitemap:slug,2026-10-05T09:31:45+00:00
https://www.thedailystar.net/march-5-1971-54391,sitemap:slug,2026-10-05T09:31:45+00:00
https://www.thedailystar.net/march-2-1971-54388,sitemap:slug,2026-10-05T09:31:45+00:00
https://www.thedailystar.net/october-16-1971-54176,sitemap:slug,2026-10-05T09:31:45+00:00
https://www.thedailystar.net/april-17-1971-54436,sitemap:slug,2026-10-05T09:31:45+00:00
https://www.thedailystar.net/october-3-1971-54163,sitemap:slug,2026-10-05T09:31:45+00:00
https://www.thedailystar.net/march-12-1971-54398,sitemap:slug,2026-10-05T09:31:45+00:00
https://www.thedailystar.net/march-24-1971-54409,sitemap:slug,2026-10-05T09:31:45+00:00
https://www.thedailystar.net/april-4-1971-54423,sitemap:slug,2026-10-05T09:31:45+00:00
https://www.thedailystar.net/november-23-1971-54209,sitemap:slug,2026-10-05T09:31:45+00:00
https://www.thedailystar.net/march-19-1971-54404,sitemap:slug,2026-10-05T09:31:45+00:00
https://www.thedailystar.net/october-12-1971-54172,sitemap:slug,2026-10-05T09:31:45+00:00
https://www.thedailystar.net/november-28-1971-54214,sitemap:slug,2026-10-05T09:31:45+00:00
https://www.thedailystar.net/january-4-1971-53741,sitemap:slug,2026-10-05T09:31:45+00:00
https://www.thedailystar.net/october-9-1971-54169,sitemap:slug,2026-10-05T09:31:45+00:00
https://www.thedailystar.net/october-8-1971-54168,sitemap:slug,2026-10-05T09:31:45+00:00
https://www.thedailystar.net/october-29-1971-54191,sitemap:slug,2026-10-05T09:31:45+00:00
https://www.thedailystar.net/april-14-1971-54433,sitemap:slug,2026-10-05T09:31:45+00:00
https://www.thedailystar.net/november-13-1971-54198,sitemap:slug,2026-10-05T09:31:45+00:00
https://www.thedailystar.net/march-28-1971-54414,sitemap:slug,2026-10-05T09:31:45+00:00
https://www.thedailystar.net/october-26-1971-54187,sitemap:slug,2026-10-05T09:31:45+00:00
https://www.thedailystar.net/october-18-1971-54179,sitemap:slug,2026-10-05T09:31:45+00:00
https://www.thedailystar.net/april-16-1971-54435,sitemap:slug,2026-10-05T09:31:45+00:00
https://www.thedailystar.net/april-1-1971-54420,sitemap:slug,2026-10-05T09:31:45+00:00
https://www.thedailystar.net/april-19-1971-54439,sitemap:slug,2026-10-05T09:31:45+00:00
https://www.thedailystar.net/october-30-1971-54193,sitemap:slug,2026-10-05T09:31:45+00:00
https://www.thedailystar.net/november-11-1971-54196,sitemap:slug,2026-10-05T09:31:45+00:00
https://www.thedailystar.net/april-10-1971-54429,sitemap:slug,2026-10-05T09:31:45+00:00
https://www.thedailystar.net/october-20-1971-54181,sitemap:slug,2026-10-05T09:31:45+00:00
https://www.thedailystar.net/march-6-1971-54392,sitemap:slug,2026-10-05T09:31:45+00:00
https://www.thedailystar.net/march-26-1971-54411,sitemap:slug,2026-10-05T09:31:45+00:00
https://www.thedailystar.net/november-30-1971-54216,sitemap:slug,2026-10-05T09:31:45+00:00
https://www.thedailystar.net/november-17-1971-54202,sitemap:slug,2026-10-05T09:31:45+00:00
https://www.thedailystar.net/april-8-1971-54427,sitemap:slug,2026-10-05T09:31:45+00:00
https://www.thedailystar.net/october-5-1971-54165,sitemap:slug,2026-10-05T09:31:45+00:00
https://www.thedailystar.net/october-10-1971-54170,sitemap:slug,2026-10-05T09:31:45+00:00
https://www.thedailystar.net/october-15-1971-54175,sitemap:slug,2026-10-05T09:31:45+00:00
https://www.thedailystar.net/march-3-1971-54389,sitemap:slug,2026-10-05T09:31:45+00:00
https://www.thedailystar.net/april-3-1971-54422,sitemap:slug,2026-10-05T09:31:45+00:00
https://www.thedailystar.net/girl-raped-by-pakistani-army-in-1971-54597,sitemap:slug,2026-10-05T09:31:45+00:00
https://www.thedailystar.net/march-31-1971-54417,sitemap:slug,2026-10-05T09:31:45+00:00
https://www.thedailystar.net/november-18-1971-54203,sitemap:slug,2026-10-05T09:31:45+00:00
https://www.thedailystar.net/october-2-1971-54019,sitemap:slug,2026-10-05T09:31:45+00:00
https://www.thedailystar.net/april-18-1971-54437,sitemap:slug,2026-10-05T09:31:45+00:00
https://www.thedailystar.net/april-25-1971-54446,sitemap:slug,2026-10-05T09:31:45+00:00
https://www.thedailystar.net/november-22-1971-54207,sitemap:slug,2026-10-05T09:31:45+00:00
https://www.thedailystar.net/october-24-1971-54185,sitemap:slug,2026-10-05T09:31:45+00:00
https://www.thedailystar.net/october-25-1971-54186,sitemap:slug,2026-10-05T09:31:45+00:00
https://www.thedailystar.net/april-11-1971-54430,sitemap:slug,2026-10-05T09:31:45+00:00
https://www.thedailystar.net/november-20-1971-54205,sitemap:slug,2026-10-05T09:31:45+00:00
https://www.thedailystar.net/october-22-1971-54183,sitemap:slug,2026-10-05T09:31:45+00:00
https://www.thedailystar.net/october-31-1971-54194,sitemap:slug,2026-10-05T09:31:45+00:00
https://www.thedailystar.net/april-22-1971-54443,sitemap:slug,2026-10-05T09:31:45+00:00
https://www.thedailystar.net/march-30-1971-54416,sitemap:slug,2026-10-05T09:31:45+00:00
https://www.thedailystar.net/march-17-1971-54403,sitemap:slug,2026-10-05T09:31:45+00:00
https://www.thedailystar.net/october-7-1971-54167,sitemap:slug,2026-10-05T09:31:45+00:00
https://www.thedailystar.net/november-27-1971-54213,sitemap:slug,2026-10-05T09:31:45+00:00
https://www.thedailystar.net/march-14-1971-54400,sitemap:slug,2026-10-05T09:31:45+00:00
https://www.thedailystar.net/april-28-1971-54448,sitemap:slug,2026-10-05T09:31:45+00:00
https://www.thedailystar.net/december-4-1971-53708,sitemap:slug,2026-10-05T09:31:45+00:00
https://www.thedailystar.net/november-12-1971-54197,sitemap:slug,2026-10-05T09:31:45+00:00
https://www.thedailystar.net/november-25-1971-54211,sitemap:slug,2026-10-05T09:31:45+00:00
https://www.thedailystar.net/march-20-1971-54406,sitemap:slug,2026-10-05T09:31:45+00:00
https://www.thedailystar.net/november-16-1971-54201,sitemap:slug,2026-10-05T09:31:45+00:00
https://www.thedailystar.net/april-15-1971-54434,sitemap:slug,2026-10-05T09:31:45+00:00
https://www.thedailystar.net/yahya-khan-talks-on-1971-war-54544,sitemap:slug,2026-10-05T09:31:45+00:00
https://www.thedailystar.net/april-13-1971-54432,sitemap:slug,2026-10-05T09:31:45+00:00
https://www.thedailystar.net/1971-genocide-footage-from-khulna-54557,sitemap:slug,2026-10-05T09:31:45+00:00
https://www.thedailystar.net/march-16-1971-54402,sitemap:slug,2026-10-05T09:31:45+00:00
https://www.thedailystar.net/bangladesh-1971-war-of-liberation-battle-of-panchdona-54498,sitemap:slug,2026-10-05T09:31:45+00:00
https://www.thedailystar.net/november-21-1971-54206,sitemap:slug,2026-10-05T09:31:45+00:00
https://www.thedailystar.net/march-10-1971-54396,sitemap:slug,2026-10-05T09:31:45+00:00
https://www.thedailystar.net/march-21-1971-54407,sitemap:slug,2026-10-05T09:31:45+00:00
https://www.thedailystar.net/november-19-1971-54204,sitemap:slug,2026-10-05T09:31:45+00:00
https://www.thedailystar.net/april-23-1971-54444,sitemap:slug,2026-10-05T09:31:45+00:00
https://www.thedailystar.net/october-14-1971-54174,sitemap:slug,2026-10-05T09:31:45+00:00
https://www.thedailystar.net/pakistani-army-organises-genocide-in-march-of-1971-part-1-54586,sitemap:slug,2026-10-05T09:31:45+00:00
https://www.thedailystar.net/footage-of-mukti-bahini-54504,sitemap:slug,2026-10-05T09:31:45+00:00
https://www.thedailystar.net/killing-of-intellectuals-by-pakistani-army-al-badrs-part-2-54589,sitemap:slug,2026-10-05T09:31:45+00:00
https://www.thedailystar.net/april-21-1971-54442,sitemap:slug,2026-10-05T09:31:45+00:00
https://www.thedailystar.net/march-1-1971-54387,sitemap:slug,2026-10-05T09:31:45+00:00
https://www.thedailystar.net/freedom-fighters-sing-national-anthem-in-1971-54503,sitemap:slug,2026-10-05T09:31:45+00:00
https://www.thedailystar.net/bangabandhu-s-speech-on-march-7-1971-54539,sitemap:slug,2026-10-05T09:31:45+00:00
https://www.thedailystar.net/indian-troops-attempt-to-cross-comilla-border-in-1971-54515,sitemap:slug,2026-10-05T09:31:45+00:00
https://www.thedailystar.net/decision-on-patuakhali-razakar-indictment-dec-18-54441,sitemap:slug,2026-10-05T09:31:45+00:00
https://www.thedailystar.net/exhibition-on-1971-genocide-opens-at-bnm-54473,sitemap:slug,2026-10-05T09:31:45+00:00
https://www.thedailystar.net/december-3-1971-53709,sitemap:slug,2026-10-05T09:31:45+00:00
https://www.thedailystar.net/january-3-1971-53742,sitemap:slug,2026-10-05T09:31:45+00:00
https://www.thedailystar.net/2-chapainawabganj-razakars-indicted-54835,sitemap:slug,2026-10-05T09:31:45+00:00
https://www.thedailystar.net/september-17-1971-54690,sitemap:slug,2026-10-05T09:31:45+00:00
https://www.thedailystar.net/september-11-1971-54684,sitemap:slug,2026-10-05T09:31:45+00:00
https://www.thedailystar.net/september-18-1971-54691,sitemap:slug,2026-10-05T09:31:45+00:00
https://www.thedailystar.net/september-9-1971-54682,sitemap:slug,2026-10-05T09:31:45+00:00
https://www.thedailystar.net/september-24-1971-54697,sitemap:slug,2026-10-05T09:31:45+00:00
https://www.thedailystar.net/september-27-1971-54700,sitemap:slug,2026-10-05T09:31:45+00:00
https://www.thedailystar.net/september-14-1971-54687,sitemap:slug,2026-10-05T09:31:45+00:00
https://www.thedailystar.net/september-21-1971-54694,sitemap:slug,2026-10-05T09:31:45+00:00
https://www.thedailystar.net/september-25-1971-54698,sitemap:slug,2026-10-05T09:31:45+00:00
https://www.thedailystar.net/september-6-1971-54679,sitemap:slug,2026-10-05T09:31:45+00:00
https://www.thedailystar.net/september-10-1971-54683,sitemap:slug,2026-10-05T09:31:45+00:00
https://www.thedailystar.net/september-7-1971-54680,sitemap:slug,2026-10-05T09:31:45+00:00
https://www.thedailystar.net/september-8-1971-54681,sitemap:slug,2026-10-05T09:31:45+00:00
https://www.thedailystar.net/september-20-1971-54693,sitemap:slug,2026-10-05T09:31:45+00:00
https://www.thedailystar.net/september-12-1971-54685,sitemap:slug,2026-10-05T09:31:45+00:00
https://www.thedailystar.net/september-13-1971-54686,sitemap:slug,2026-10-05T09:31:45+00:00
https://www.thedailystar.net/september-30-1971-54703,sitemap:slug,2026-10-05T09:31:45+00:00
https://www.thedailystar.net/september-15-1971-54688,sitemap:slug,2026-10-05T09:31:45+00:00
https://www.thedailystar.net/september-16-1971-54689,sitemap:slug,2026-10-05T09:31:45+00:00
https://www.thedailystar.net/september-22-1971-54695,sitemap:slug,2026-10-05T09:31:45+00:00
https://www.thedailystar.net/september-19-1971-54692,sitemap:slug,2026-10-05T09:31:45+00:00
https://www.thedailystar.net/september-23-1971-54696,sitemap:slug,2026-10-05T09:31:45+00:00
https://www.thedailystar.net/september-26-1971-54699,sitemap:slug,2026-10-05T09:31:45+00:00
https://www.thedailystar.net/september-28-1971-54701,sitemap:slug,2026-10-05T09:31:45+00:00
https://www.thedailystar.net/september-29-1971-54702,sitemap:slug,2026-10-05T09:31:45+00:00
https://www.thedailystar.net/september-4-1971-54677,sitemap:slug,2026-10-05T09:31:45+00:00
https://www.thedailystar.net/september-1-1971-54673,sitemap:slug,2026-10-05T09:31:45+00:00
https://www.thedailystar.net/december-2-1971-53710,sitemap:slug,2026-10-05T09:31:45+00:00
https://www.thedailystar.net/september-5-1971-54678,sitemap:slug,2026-10-05T09:31:45+00:00
https://www.thedailystar.net/january-2-1971-53743,sitemap:slug,2026-10-05T09:31:45+00:00
https://www.thedailystar.net/september-3-1971-54676,sitemap:slug,2026-10-05T09:31:45+00:00
https://www.thedailystar.net/court-accepts-charges-against-two-netrakona-razakars-54992,sitemap:slug,2026-10-05T09:31:45+00:00
https://www.thedailystar.net/september-2-1971-54675,sitemap:slug,2026-10-05T09:31:45+00:00
https://www.thedailystar.net/stories-on-bangladesh-liberation-war-55134,sitemap:slug,2026-10-05T09:31:45+00:00
https://www.thedailystar.net/exclusive-photos-of-liberation-war-55510,sitemap:slug,2026-10-05T09:31:45+00:00
https://www.thedailystar.net/footages-of-1971-liberation-war-55309,sitemap:slug,2026-10-05T09:31:45+00:00
https://www.thedailystar.net/december-1-1971-53711,sitemap:slug,2026-10-05T09:31:45+00:00
https://www.thedailystar.net/january-1-1971-53744,sitemap:slug,2026-10-05T09:31:45+00:00
https://www.thedailystar.net/women-raped-by-pakistani-army-men-in-1971-55135,sitemap:slug,2026-10-05T09:31:45+00:00
https://www.thedailystar.net/november-8-1971-55322,sitemap:slug,2026-10-05T09:31:45+00:00
https://www.thedailystar.net/november-4-1971-55318,sitemap:slug,2026-10-05T09:31:45+00:00
https://www.thedailystar.net/november-2-1971-55316,sitemap:slug,2026-10-05T09:31:45+00:00
https://www.thedailystar.net/february-15-1971-55348,sitemap:slug,2026-10-05T09:31:45+00:00
https://www.thedailystar.net/february-12-1971-55345,sitemap:slug,2026-10-05T09:31:45+00:00
https://www.thedailystar.net/february-14-1971-55347,sitemap:slug,2026-10-05T09:31:45+00:00
https://www.thedailystar.net/february-2-1971-55331,sitemap:slug,2026-10-05T09:31:45+00:00
https://www.thedailystar.net/february-26-1971-55359,sitemap:slug,2026-10-05T09:31:45+00:00
https://www.thedailystar.net/april-29-1971-55311,sitemap:slug,2026-10-05T09:31:45+00:00
https://www.thedailystar.net/february-3-1971-55334,sitemap:slug,2026-10-05T09:31:45+00:00
https://www.thedailystar.net/november-5-1971-55319,sitemap:slug,2026-10-05T09:31:45+00:00
https://www.thedailystar.net/april-30-1971-55312,sitemap:slug,2026-10-05T09:31:45+00:00
https://www.thedailystar.net/february-18-1971-55352,sitemap:slug,2026-10-05T09:31:45+00:00
https://www.thedailystar.net/february-1-1971-55330,sitemap:slug,2026-10-05T09:31:45+00:00
https://www.thedailystar.net/november-1-1971-55315,sitemap:slug,2026-10-05T09:31:45+00:00
https://www.thedailystar.net/february-24-1971-55358,sitemap:slug,2026-10-05T09:31:45+00:00
https://www.thedailystar.net/november-6-1971-55320,sitemap:slug,2026-10-05T09:31:45+00:00
https://www.thedailystar.net/april-27-1971-55310,sitemap:slug,2026-10-05T09:31:45+00:00
https://www.thedailystar.net/february-13-1971-55346,sitemap:slug,2026-10-05T09:31:45+00:00
https://www.thedailystar.net/november-3-1971-55317,sitemap:slug,2026-10-05T09:31:45+00:00
https://www.thedailystar.net/november-10-1971-55324,sitemap:slug,2026-10-05T09:31:45+00:00
https://www.thedailystar.net/november-9-1971-55323,sitemap:slug,2026-10-05T09:31:45+00:00
https://www.thedailystar.net/november-7-1971-55321,sitemap:slug,2026-10-05T09:31:45+00:00
https://www.thedailystar.net/february-10-1971-55342,sitemap:slug,2026-10-05T09:31:45+00:00
https://www.thedailystar.net/february-4-1971-55336,sitemap:slug,2026-10-05T09:31:45+00:00
https://www.thedailystar.net/february-5-1971-55337,sitemap:slug,2026-10-05T09:31:45+00:00
https://www.thedailystar.net/february-6-1971-55338,sitemap:slug,2026-10-05T09:31:45+00:00
https://www.thedailystar.net/february-7-1971-55340,sitemap:slug,2026-10-05T09:31:45+00:00
https://www.thedailystar.net/february-9-1971-55341,sitemap:slug,2026-10-05T09:31:45+00:00
https://www.thedailystar.net/february-11-1971-55343,sitemap:slug,2026-10-05T09:31:45+00:00
https://www.thedailystar.net/february-16-1971-55349,sitemap:slug,2026-10-05T09:31:45+00:00
https://www.thedailystar.net/february-17-1971-55350,sitemap:slug,2026-10-05T09:31:45+00:00
https://www.thedailystar.net/february-19-1971-55353,sitemap:slug,2026-10-05T09:31:45+00:00
https://www.thedailystar.net/february-20-1971-55354,sitemap:slug,2026-10-05T09:31:45+00:00
https://www.thedailystar.net/february-21-1971-55355,sitemap:slug,2026-10-05T09:31:45+00:00
https://www.thedailystar.net/february-22-1971-55356,sitemap:slug,2026-10-05T09:31:45+00:00
https://www.thedailystar.net/february-23-1971-55357,sitemap:slug,2026-10-05T09:31:45+00:00
https://www.thedailystar.net/february-27-1971-55360,sitemap:slug,2026-10-05T09:31:45+00:00
https://www.thedailystar.net/february-28-1971-55361,sitemap:slug,2026-10-05T09:31:45+00:00
https://www.thedailystar.net/august-15-1971-55289,sitemap:slug,2026-10-05T09:31:45+00:00
https://www.thedailystar.net/august-18-1971-55292,sitemap:slug,2026-10-05T09:31:45+00:00
https://www.thedailystar.net/august-10-1971-55283,sitemap:slug,2026-10-05T09:31:45+00:00
https://www.thedailystar.net/august-12-1971-55285,sitemap:slug,2026-10-05T09:31:45+00:00
https://www.thedailystar.net/august-22-1971-55296,sitemap:slug,2026-10-05T09:31:45+00:00
https://www.thedailystar.net/august-13-1971-55286,sitemap:slug,2026-10-05T09:31:45+00:00
https://www.thedailystar.net/august-28-1971-55302,sitemap:slug,2026-10-05T09:31:45+00:00
https://www.thedailystar.net/august-26-1971-55300,sitemap:slug,2026-10-05T09:31:45+00:00
https://www.thedailystar.net/mourning-the-martyred-intellectuals-55176,sitemap:slug,2026-10-05T09:31:45+00:00
https://www.thedailystar.net/three-day-programmes-chalked-for-remembering-martyred-intellectuals-55230,sitemap:slug,2026-10-05T09:31:45+00:00
https://www.thedailystar.net/august-7-1971-55280,sitemap:slug,2026-10-05T09:31:45+00:00
https://www.thedailystar.net/august-23-1971-55297,sitemap:slug,2026-10-05T09:31:45+00:00
https://www.thedailystar.net/august-20-1971-55294,sitemap:slug,2026-10-05T09:31:45+00:00
https://www.thedailystar.net/august-29-1971-55303,sitemap:slug,2026-10-05T09:31:45+00:00
https://www.thedailystar.net/august-24-1971-55298,sitemap:slug,2026-10-05T09:31:45+00:00
https://www.thedailystar.net/august-5-1971-55278,sitemap:slug,2026-10-05T09:31:45+00:00
https://www.thedailystar.net/august-8-1971-55281,sitemap:slug,2026-10-05T09:31:45+00:00
https://www.thedailystar.net/august-30-1971-55304,sitemap:slug,2026-10-05T09:31:45+00:00
https://www.thedailystar.net/august-21-1971-55295,sitemap:slug,2026-10-05T09:31:45+00:00
https://www.thedailystar.net/august-27-1971-55301,sitemap:slug,2026-10-05T09:31:45+00:00
https://www.thedailystar.net/august-17-1971-55291,sitemap:slug,2026-10-05T09:31:45+00:00
https://www.thedailystar.net/august-25-1971-55299,sitemap:slug,2026-10-05T09:31:45+00:00
https://www.thedailystar.net/august-6-1971-55279,sitemap:slug,2026-10-05T09:31:45+00:00
https://www.thedailystar.net/august-11-1971-55284,sitemap:slug,2026-10-05T09:31:45+00:00
https://www.thedailystar.net/august-14-1971-55288,sitemap:slug,2026-10-05T09:31:45+00:00
https://www.thedailystar.net/july-16-1971-55290,sitemap:slug,2026-10-05T09:31:45+00:00
https://www.thedailystar.net/august-4-1971-55277,sitemap:slug,2026-10-05T09:31:45+00:00
https://www.thedailystar.net/august-9-1971-55282,sitemap:slug,2026-10-05T09:31:45+00:00
https://www.thedailystar.net/august-31-1971-55305,sitemap:slug,2026-10-05T09:31:45+00:00
https://www.thedailystar.net/august-19-1971-55293,sitemap:slug,2026-10-05T09:31:46+00:00
https://www.thedailystar.net/august-2-1971-55275,sitemap:slug,2026-10-05T09:31:46+00:00
https://www.thedailystar.net/august-3-1971-55276,sitemap:slug,2026-10-05T09:31:46+00:00
https://www.thedailystar.net/august-1-1971-55274,sitemap:slug,2026-10-05T09:31:46+00:00
https://www.thedailystar.net/war-calendar-chronology-of-events-taking-place-during-1971-55375,sitemap:slug,2026-10-05T09:31:46+00:00
https://www.thedailystar.net/president-pm-pay-tributes-to-martyred-intellectuals-55265,sitemap:slug,2026-10-05T09:31:46+00:00
https://www.thedailystar.net/al-shatters-martyred-intellectuals-dream-bnp-55307,sitemap:slug,2026-10-05T09:31:46+00:00
https://www.thedailystar.net/1971-a-global-history-of-the-creation-of-bangladesh-55388,sitemap:slug,2026-10-05T09:31:46+00:00
https://www.thedailystar.net/star-grameenphone-launch-online-liberation-war-archive-55619,sitemap:slug,2026-10-05T09:31:46+00:00
https://www.thedailystar.net/tarique-now-terms-bangabandhu-razakar-55659,sitemap:slug,2026-10-05T09:31:46+00:00
https://www.thedailystar.net/als-illegal-power-grab-ruined-spirit-of-1971-bnp-55699,sitemap:slug,2026-10-05T09:31:46+00:00
https://www.thedailystar.net/joyjatra-is-the-image-of-the-liberation-war-in-my-mind-tauquir-ahmed-55670,sitemap:slug,2026-10-05T09:31:47+00:00
https://www.thedailystar.net/tarique-this-time-calls-bangabandhu-a-razakar-55754,sitemap:slug,2026-10-05T09:31:47+00:00
https://www.thedailystar.net/poramati-a-tale-from-1971-55669,sitemap:slug,2026-10-05T09:31:47+00:00
https://www.thedailystar.net/tarique-asked-to-apologise-for-calling-bangabandhu-razakar-55817,sitemap:slug,2026-10-05T09:31:47+00:00
https://www.thedailystar.net/every-new-day-was-a-gift-in-1971-pijush-bandopadhyay-55846,sitemap:slug,2026-10-05T09:31:47+00:00
https://www.thedailystar.net/1971-the-international-chess-game-55784,sitemap:slug,2026-10-05T09:31:47+00:00
https://www.thedailystar.net/charge-framed-against-forkan-razakar-55980,sitemap:slug,2026-10-05T09:31:47+00:00
https://www.thedailystar.net/komola-collective-stages-birangona-women-of-war-56001,sitemap:slug,2026-10-05T09:31:47+00:00
https://www.thedailystar.net/liberation-war-film-festival-underway-56263,sitemap:slug,2026-10-05T09:31:47+00:00
https://www.thedailystar.net/realising-the-spirit-of-liberation-war-57575,sitemap:slug,2026-10-05T09:31:47+00:00
https://www.thedailystar.net/key-man-behind-forming-al-badr-at-rangpur-57787,sitemap:slug,2026-10-05T09:31:47+00:00
https://www.thedailystar.net/1971-and-the-songs-we-sang-1005,sitemap:slug,2026-10-05T09:31:53+00:00
https://www.thedailystar.net/book-on-1971-genocide-launched-in-london-1177,sitemap:slug,2026-10-05T09:31:53+00:00
https://www.thedailystar.net/phulbari-tasted-freedom-on-this-day-in-1971-1249,sitemap:slug,2026-10-05T09:31:53+00:00
https://www.thedailystar.net/hridoye-muktijuddho-on-channel-i-1355,sitemap:slug,2026-10-05T09:31:53+00:00
https://www.thedailystar.net/bochaganj-jhenidah-were-freed-on-this-day-in-1971-1523,sitemap:slug,2026-10-05T09:31:55+00:00
https://www.thedailystar.net/witness-narrates-killing-of-nine-by-razakars-1793,sitemap:slug,2026-10-05T09:31:55+00:00
https://www.thedailystar.net/sculptures-themed-on-the-liberation-war-2228,sitemap:slug,2026-10-05T09:31:55+00:00
https://www.thedailystar.net/events-on-martyred-intellectuals-day-2408,sitemap:slug,2026-10-05T09:31:55+00:00
https://www.thedailystar.net/events-on-martyred-intellectuals-day-2411,sitemap:slug,2026-10-05T09:31:55+00:00
https://www.thedailystar.net/the-commitment-of-the-martyred-intellectuals-2432,sitemap:slug,2026-10-05T09:31:55+00:00
https://www.thedailystar.net/nation-observes-new-dimension-martyred-intellectuals-day-2433,sitemap:slug,2026-10-05T09:31:55+00:00
https://www.thedailystar.net/chapainawabganj-was-freed-on-this-day-in-1971-2497,sitemap:slug,2026-10-05T09:31:55+00:00
https://www.thedailystar.net/families-of-martyred-intellectuals-want-immediate-execution-2551,sitemap:slug,2026-10-05T09:31:55+00:00
https://www.thedailystar.net/nation-pays-homage-to-martyred-intellectuals-2552,sitemap:slug,2026-10-05T09:31:55+00:00
https://www.thedailystar.net/martyred-intellectual-dr-fazle-rabbee-s-death-anniversary-today-2553,sitemap:slug,2026-10-05T09:31:55+00:00
https://www.thedailystar.net/the-spirit-of-the-liberation-war-will-burn-bright-mahmuder-rahman-benu-2577,sitemap:slug,2026-10-05T09:31:55+00:00
https://www.thedailystar.net/celebrations-of-triumph-1971-2578,sitemap:slug,2026-10-05T09:31:55+00:00
https://www.thedailystar.net/back-to-1971-2646,sitemap:slug,2026-10-05T09:31:55+00:00
https://www.thedailystar.net/muktijuddher-bijoy-mela-in-chittagong-2704,sitemap:slug,2026-10-05T09:31:55+00:00
https://www.thedailystar.net/bangla-academy-recalls-1971-victory-2848,sitemap:slug,2026-10-05T09:31:55+00:00
https://www.thedailystar.net/martyred-intellectuals-day-2872,sitemap:slug,2026-10-05T09:31:55+00:00
https://www.thedailystar.net/remembering-the-martyred-intellectuals-3270,sitemap:slug,2026-10-05T09:31:55+00:00
https://www.thedailystar.net/zohra-tajuddin-played-invaluable-role-in-1971-war-3279,sitemap:slug,2026-10-05T09:31:55+00:00
https://www.thedailystar.net/books-on-liberation-war-launched-in-chittagong-3287,sitemap:slug,2026-10-05T09:31:55+00:00
https://www.thedailystar.net/muktijuddher-bijoy-natyotsob-kicks-off-3543,sitemap:slug,2026-10-05T09:31:55+00:00
https://www.thedailystar.net/khokon-pak-army-razakars-killed-five-3736,sitemap:slug,2026-10-05T09:31:55+00:00
https://www.thedailystar.net/muktijuddher-bijoy-mela-in-ctg-celebrates-silver-jubilee-3897,sitemap:slug,2026-10-05T09:31:55+00:00
https://www.thedailystar.net/yusuf-was-khulna-unit-razakar-chief-4630,sitemap:slug,2026-10-05T09:31:55+00:00
https://www.thedailystar.net/reliving-the-liberation-war-4699,sitemap:slug,2026-10-05T09:31:55+00:00
https://www.thedailystar.net/arts-entertainment/film/news/20-films-liberation-war-so-far-2159041,sitemap:slug,2026-10-05T09:32:58+00:00
https://www.thedailystar.net/star-multimedia/news/why-bangladesh-failing-curb-juvenile-crime-star-discourse-4290036,package:1971-liberation-war-articles|package:1971-liberation-war-interviews|package:1971-the-battles-women-fought|package:footages-1971-liberation-war/killing-grounds|package:martyred-intellectuals-day-2024|package:supplements/71-memory-lane|package:supplements/historic-mujibnagar-day|package:supplements/independence-day-2016|package:supplements/independence-day-special-2013|package:supplements/independence-day-special-2015|package:supplements/independence-day-special-2017|package:supplements/independence-day-special-2018|package:supplements/independence-day-special-2019|package:supplements/independence-day-special-2023|package:supplements/independence-day-special-2024|package:supplements/independence-day-special-2024-0|package:supplements/independence-day-special-2025|package:supplements/martyred-intellectuals-day-2017|package:supplements/martyred-intellectuals-day-2018|package:supplements/martyred-intellectuals-day-2019|package:supplements/martyred-intellectuals-day-2020|package:supplements/martyred-intellectuals-day-2021|package:supplements/martyred-intellectuals-day-2022|package:supplements/martyred-intellectuals-day-2025|package:supplements/victory-day-2016-special|package:supplements/victory-day-special-2014|package:supplements/victory-day-special-2017|package:supplements/victory-day-special-2019|package:supplements/victory-day-special-2020|package:supplements/victory-day-special-2021|package:supplements/victory-day-special-2022|package:supplements/victory-day-special-2023|package:supplements/victory-day-special-2024,2026-10-05T09:33:05+00:00
https://www.thedailystar.net/star-multimedia/news/protests-delhi-mumbai-put-modi-govt-under-growing-pressure-4290026,package:1971-liberation-war-articles|package:1971-liberation-war-interviews|package:1971-the-battles-women-fought|package:footages-1971-liberation-war/killing-grounds|package:martyred-intellectuals-day-2024|package:supplements/71-memory-lane|package:supplements/historic-mujibnagar-day|package:supplements/independence-day-2016|package:supplements/independence-day-special-2013|package:supplements/independence-day-special-2015|package:supplements/independence-day-special-2017|package:supplements/independence-day-special-2018|package:supplements/independence-day-special-2019|package:supplements/independence-day-special-2023|package:supplements/independence-day-special-2024|package:supplements/independence-day-special-2024-0|package:supplements/independence-day-special-2025|package:supplements/martyred-intellectuals-day-2017|package:supplements/martyred-intellectuals-day-2018|package:supplements/martyred-intellectuals-day-2019|package:supplements/martyred-intellectuals-day-2020|package:supplements/martyred-intellectuals-day-2021|package:supplements/martyred-intellectuals-day-2022|package:supplements/martyred-intellectuals-day-2025|package:supplements/victory-day-2016-special|package:supplements/victory-day-special-2014|package:supplements/victory-day-special-2017|package:supplements/victory-day-special-2019|package:supplements/victory-day-special-2020|package:supplements/victory-day-special-2021|package:supplements/victory-day-special-2022|package:supplements/victory-day-special-2023|package:supplements/victory-day-special-2024,2026-10-05T09:33:05+00:00
https://www.thedailystar.net/star-multimedia/news/power-gas-water-how-syndicate-charges-slum-dwellers-extra-4290021,package:1971-liberation-war-articles|package:1971-liberation-war-interviews|package:1971-the-battles-women-fought|package:footages-1971-liberation-war/killing-grounds|package:martyred-intellectuals-day-2024|package:supplements/71-memory-lane|package:supplements/historic-mujibnagar-day|package:supplements/independence-day-2016|package:supplements/independence-day-special-2013|package:supplements/independence-day-special-2015|package:supplements/independence-day-special-2017|package:supplements/independence-day-special-2018|package:supplements/independence-day-special-2019|package:supplements/independence-day-special-2023|package:supplements/independence-day-special-2024|package:supplements/independence-day-special-2024-0|package:supplements/independence-day-special-2025|package:supplements/martyred-intellectuals-day-2017|package:supplements/martyred-intellectuals-day-2018|package:supplements/martyred-intellectuals-day-2019|package:supplements/martyred-intellectuals-day-2020|package:supplements/martyred-intellectuals-day-2021|package:supplements/martyred-intellectuals-day-2022|package:supplements/martyred-intellectuals-day-2025|package:supplements/victory-day-2016-special|package:supplements/victory-day-special-2014|package:supplements/victory-day-special-2017|package:supplements/victory-day-special-2019|package:supplements/victory-day-special-2020|package:supplements/victory-day-special-2021|package:supplements/victory-day-special-2022|package:supplements/victory-day-special-2023|package:supplements/victory-day-special-2024,2026-10-05T09:33:05+00:00
https://www.thedailystar.net/shout/news/behind-enemy-lines-2917606,package:1971-liberation-war-articles,2026-10-05T09:33:05+00:00
https://www.thedailystar.net/news/arts-entertainment/tv/tv-watch-1624405,package:1971-liberation-war-articles,2026-10-05T09:33:05+00:00
https://www.thedailystar.net/mujib-freed-from-house-arrest-55126,package:1971-liberation-war-articles,2026-10-05T09:33:05+00:00
https://www.thedailystar.net/east-pakistan-party-emerges-strong-in-vote-54379,package:1971-liberation-war-articles,2026-10-05T09:33:05+00:00
https://www.thedailystar.net/downfall-of-ayub-khan-54372,package:1971-liberation-war-articles,2026-10-05T09:33:05+00:00
https://www.thedailystar.net/woman-on-a-mission-54159,package:1971-liberation-war-articles,2026-10-05T09:33:05+00:00
https://www.thedailystar.net/abortion-team-to-travel-bangladesh-54158,package:1971-liberation-war-articles,2026-10-05T09:33:05+00:00
https://www.thedailystar.net/most-bangladesh-war-babies-being-adopted-54156,package:1971-liberation-war-articles,2026-10-05T09:33:05+00:00
https://www.thedailystar.net/sheikh-mujib-wanted-a-confederation-us-papers-53750,package:1971-liberation-war-articles,2026-10-05T09:33:05+00:00
https://www.thedailystar.net/the-battle-for-bangladesh-53746,package:1971-liberation-war-articles,2026-10-05T09:33:05+00:00
https://www.thedailystar.net/healing-the-hidden-wounds-of-war-53558,package:1971-liberation-war-articles,2026-10-05T09:33:05+00:00
https://www.thedailystar.net/bangladesh-holocaust-of-71-53555,package:1971-liberation-war-articles|sitemap:slug,2026-10-05T09:33:05+00:00
https://www.thedailystar.net/saving-war-babies-53552,package:1971-liberation-war-articles,2026-10-05T09:33:05+00:00
https://www.thedailystar.net/dr-nuran-nabi-a-beacon-of-success-53547,package:1971-liberation-war-articles,2026-10-05T09:33:07+00:00
https://www.thedailystar.net/the-story-of-people-power-53380,package:1971-liberation-war-articles,2026-10-05T09:33:07+00:00
https://www.thedailystar.net/victorys-silence-53364,package:1971-liberation-war-articles,2026-10-05T09:33:07+00:00
https://www.thedailystar.net/can-pakistan-survive-a-third-war-with-india-53345,package:1971-liberation-war-articles,2026-10-05T09:33:07+00:00
https://www.thedailystar.net/ayub-khan-resigns-53340,package:1971-liberation-war-articles,2026-10-05T09:33:07+00:00
https://www.thedailystar.net/a-day-at-the-track-53336,package:1971-liberation-war-articles,2026-10-05T09:33:07+00:00
https://www.thedailystar.net/bangladesh-sheikh-dies-during-coup-53342,package:1971-liberation-war-articles,2026-10-05T09:33:07+00:00
https://www.thedailystar.net/news/news/citizens-delegation-demands-probe-demolition-bir-sreshtho-hamidur-rahman-sculpture-4242136,sitemap:slug,2026-10-05T09:34:32+00:00
https://www.thedailystar.net/news/bangladesh/news/bir-sreshtho-matiur-rahman-memorial-bears-scars-neglect-4253631,sitemap:slug,2026-10-05T09:34:32+00:00
https://www.thedailystar.net/entertainment/tv-film/news/birangana-kabya-play-mark-bicentennial-birth-anniversary-michael-madhusudan-dutt-3527976,sitemap:slug,2026-10-05T09:34:41+00:00
https://www.thedailystar.net/news/bangladesh/news/5-birangana-honoured-patuakhali-3640556,sitemap:slug,2026-10-05T09:34:42+00:00
https://www.thedailystar.net/entertainment/music/news/12-bands-perform-swadhin-bangla-betar-concert-dhaka-3692471,sitemap:slug,2026-10-05T09:34:43+00:00
https://www.thedailystar.net/wide-angle/bangladesh/news/jatiya-nagorik-committee-holds-candlelight-vigil-martyrs-71-and-24-3777486,sitemap:slug,2026-10-05T09:34:43+00:00
https://www.thedailystar.net/weekend-read/news/those-turbulent-first-days-71-march-3262536,sitemap:slug,2026-10-05T09:34:47+00:00
https://www.thedailystar.net/opinion/views/news/the-bloody-legacy-henry-kissinger-3332571,sitemap:slug,2026-10-05T09:34:47+00:00
https://www.thedailystar.net/daily-star-books/news/how-pakistan-viewed-71-academics-and-publishers-discuss-3353061,sitemap:slug,2026-10-05T09:34:47+00:00
https://www.thedailystar.net/entertainment/news/two-stalwarts-swadhin-bangla-betar-pass-3368761,sitemap:slug,2026-10-05T09:34:48+00:00
https://www.thedailystar.net/news/bangladesh/obituary/news/pm-mourns-passing-two-leading-artists-swadhin-bangla-betar-kendra-3368906,sitemap:slug,2026-10-05T09:34:48+00:00
https://www.thedailystar.net/news/bangladesh/obituary/news/2-stalwarts-swadhin-bangla-betar-pass-away-3369111,sitemap:slug,2026-10-05T09:34:48+00:00
https://www.thedailystar.net/top-news/news/china-us-ties-crossroads-xi-tells-kissinger-3374201,sitemap:slug,2026-10-05T09:34:48+00:00
https://www.thedailystar.net/news/bangladesh/news/bangabandhus-7th-march-speech-translated-mro-language-3449186,sitemap:slug,2026-10-05T09:34:48+00:00
https://www.thedailystar.net/top-news/news/kissinger-should-have-apologised-people-bangladesh-momen-3483061,sitemap:slug,2026-10-05T09:34:49+00:00
https://www.thedailystar.net/entertainment/theatre-arts/news/swadhin-bangla-betar-kendra-artistes-felicitated-3502771,sitemap:slug,2026-10-05T09:34:49+00:00
https://www.thedailystar.net/entertainment/tv-film/news/why-not-revisiting-the-gruesome-torture-comfort-women-and-biranganas-3036041,sitemap:slug,2026-10-05T09:34:53+00:00
https://www.thedailystar.net/news/bangladesh/rights/news/biranganas-caught-bureaucratic-tangles-3049311,sitemap:slug,2026-10-05T09:34:53+00:00
https://www.thedailystar.net/star-literature/news/garos-71-documentary-search-history-3077121,sitemap:slug,2026-10-05T09:34:53+00:00
https://www.thedailystar.net/bangladesh/news/historic-7th-march-pm-pays-homage-bangabandhu-2056329,sitemap:slug,2026-10-05T09:34:58+00:00
https://www.thedailystar.net/arts-entertainment/news/dance-production-muktir-mohaakkhyan-honours-bangabandhus-7th-march-speech-2056485,sitemap:slug,2026-10-05T09:34:58+00:00
https://www.thedailystar.net/shout/news/swadhin-bangla-betar-kendra-2066373,sitemap:slug,2026-10-05T09:34:58+00:00
https://www.thedailystar.net/supplements/71-memory-lane/news/the-battle-beni-commander-2066761,sitemap:slug|package:supplements/71-memory-lane,2026-10-05T09:34:58+00:00
https://www.thedailystar.net/supplements/71-memory-lane/news/words-unsaid-wounds-deep-2066801,sitemap:slug|package:supplements/71-memory-lane,2026-10-05T09:34:58+00:00
https://www.thedailystar.net/pr/news/mural-71-unveiled-chattogram-2068289,sitemap:slug,2026-10-05T09:34:58+00:00
https://www.thedailystar.net/arts-entertainment/news/swadhin-bangla-betar-kendra-artiste-indramohan-rajbongshi-dies-covid-19-2073597,sitemap:slug,2026-10-05T09:34:58+00:00
https://www.thedailystar.net/arts-entertainment/news/swadhin-bangla-betar-kendra-artiste-anup-bhattacharya-no-more-2089401,sitemap:slug,2026-10-05T09:34:58+00:00
https://www.thedailystar.net/news/bangladesh/news/writer-swadhin-bangla-betar-shobdo-sainik-begum-mushtari-shafi-no-more-2921881,sitemap:slug,2026-10-05T09:34:59+00:00
https://www.thedailystar.net/arts-entertainment/news/wahid-ibn-reza-surviving-71-1848643,sitemap:slug,2026-10-05T09:35:03+00:00
https://www.thedailystar.net/arts-entertainment/news/amader-school-pays-tribute-historic-7th-march-1877308,sitemap:slug,2026-10-05T09:35:03+00:00
https://www.thedailystar.net/arts-entertainment/news/dr-enamul-haq-reminisces-bangabandhus-historic-7th-march-speech-1877314,sitemap:slug,2026-10-05T09:35:03+00:00
https://www.thedailystar.net/editorial/news/historic-7th-march-1877395,sitemap:slug,2026-10-05T09:35:03+00:00
https://www.thedailystar.net/lifestyle/news/films-71-your-guide-movie-marathon-1884946,sitemap:slug,2026-10-05T09:35:03+00:00
https://www.thedailystar.net/opinion/news/tora-amar-ma-tora-birangana-1885849,sitemap:slug,2026-10-05T09:35:03+00:00
https://www.thedailystar.net/country/news/honour-and-biranganas-1886068,sitemap:slug,2026-10-05T09:35:03+00:00
https://www.thedailystar.net/shout/news/stories-71-1886185,sitemap:slug,2026-10-05T09:35:03+00:00
https://www.thedailystar.net/country/news/7th-march-be-observed-national-historic-day-1929789,sitemap:slug,2026-10-05T09:35:04+00:00
https://www.thedailystar.net/arts-entertainment/news/largest-fiberglass-sculpture-bangladesh-honours-bangabandhus-7th-march-speech-1972229,sitemap:slug,2026-10-05T09:35:04+00:00
https://www.thedailystar.net/bytes/news/uas-f-71-bangladesh-bangladesh-1974909,sitemap:slug,2026-10-05T09:35:04+00:00
https://www.thedailystar.net/backpage/news/birangana-parul-rani-laid-rest-1990649,sitemap:slug,2026-10-05T09:35:04+00:00
https://www.thedailystar.net/country/news/61-more-birangana-recognised-2011817,sitemap:slug,2026-10-05T09:35:04+00:00
https://www.thedailystar.net/frontpage/news/sixty-one-more-recognised-biranganas-2011961,sitemap:slug,2026-10-05T09:35:04+00:00
https://www.thedailystar.net/arts-entertainment/film/news/surviving-71-gearing-extraordinary-film-1720243,sitemap:slug,2026-10-05T09:35:08+00:00
https://www.thedailystar.net/country/news/humiliated-six-biranganas-living-fear-1726516,sitemap:slug,2026-10-05T09:35:08+00:00
https://www.thedailystar.net/politics/news/bangabandhu-sheikh-mujibur-rahman-7th-march-speech-published-japanese-1753444,sitemap:slug,2026-10-05T09:35:08+00:00
https://www.thedailystar.net/arts-entertainment/news/moushumis-upcoming-movie-orjon-71-1770478,sitemap:slug,2026-10-05T09:35:08+00:00
https://www.thedailystar.net/arts-entertainment/news/biranganar-bayan-stage-100th-show-today-bsa-1796050,sitemap:slug,2026-10-05T09:35:09+00:00
https://www.thedailystar.net/arts-entertainment/theatre/news/rajarbag-71-staged-manikganj-1820371,sitemap:slug,2026-10-05T09:35:09+00:00
https://www.thedailystar.net/city/why-not-demarcate-7th-march-speech-spot-1543576,sitemap:slug,2026-10-05T09:35:13+00:00
https://www.thedailystar.net/politics/historic-7th-march-observation-awami-league-begins-rally-at-dhaka-suhrawardy-udyan-1544761,sitemap:slug,2026-10-05T09:35:13+00:00
https://www.thedailystar.net/lifestyle/perspective/birangana-representations-lost-stories-the-contemporary-1550002,sitemap:slug,2026-10-05T09:35:13+00:00
https://www.thedailystar.net/star-weekend/diary-71-1555255,sitemap:slug,2026-10-05T09:35:13+00:00
https://www.thedailystar.net/book-reviews/women-war-shongramee-naree-52-and-71-1559143,sitemap:slug,2026-10-05T09:35:13+00:00
https://www.thedailystar.net/opinion/kautilyan-kronicles/kissingers-rise-and-fall-enlightenment-1594219,sitemap:slug,2026-10-05T09:35:13+00:00
https://www.thedailystar.net/lifestyle/eating-out/thai-respite-soi-71-1595161,sitemap:slug,2026-10-05T09:35:13+00:00
https://www.thedailystar.net/news/city/dhaka-university-7th-march-bhaban-pm-sheikh-hasina-opens-1627516,sitemap:slug,2026-10-05T09:35:14+00:00
https://www.thedailystar.net/next-step/work-toons/news/the-bossman-71-1657873,sitemap:slug,2026-10-05T09:35:14+00:00
https://www.thedailystar.net/arts-entertainment/film/news/ferdous-hopeful-about-postmaster-71-1669600,sitemap:slug,2026-10-05T09:35:14+00:00
https://www.thedailystar.net/country/news/four-biranganas-honoured-v-day-1675093,sitemap:slug,2026-10-05T09:35:14+00:00
https://www.thedailystar.net/arts-entertainment/news/surviving-71-poster-revealed-1677367,sitemap:slug,2026-10-05T09:35:14+00:00
https://www.thedailystar.net/frontpage/historic-7th-march-today-1372018,sitemap:slug,2026-10-05T09:35:18+00:00
https://www.thedailystar.net/city/more-biranganas-get-ff-status-1430875,sitemap:slug,2026-10-05T09:35:18+00:00
https://www.thedailystar.net/city/handle-biranganas-care-1455124,sitemap:slug,2026-10-05T09:35:19+00:00
https://www.thedailystar.net/politics/unesco-recognition-bangabandhus-7th-march-speech-another-milestone-1484821,sitemap:slug,2026-10-05T09:35:19+00:00
https://www.thedailystar.net/editorial/unesco-recognition-bangabandhus-7th-march-speech-1485145,sitemap:slug,2026-10-05T09:35:19+00:00
https://www.thedailystar.net/law-our-rights/law-vision/7th-march-speech-and-preamble-our-constitution-1491010,sitemap:slug,2026-10-05T09:35:19+00:00
https://www.thedailystar.net/politics/recognition-7th-march-speech-matter-joy-fakhrul-1493041,sitemap:slug,2026-10-05T09:35:19+00:00
https://www.thedailystar.net/city/nation-celebrates-unesco-bangabandhu-7th-march-historic-speech-recognition-celebration-1496314,sitemap:slug,2026-10-05T09:35:19+00:00
https://www.thedailystar.net/backpage/birangana-waits-recognition-1508590,sitemap:slug,2026-10-05T09:35:19+00:00
https://www.thedailystar.net/city/19-artistes-officials-swadhin-bangla-betar-awarded-1510948,sitemap:slug,2026-10-05T09:35:19+00:00
https://www.thedailystar.net/city/news/war-babies-biranganas-should-be-honoured-204943,sitemap:slug,2026-10-05T09:35:23+00:00
https://www.thedailystar.net/op-ed/politics/7th-march-the-pinnacle-relationship-789322,sitemap:slug,2026-10-05T09:35:23+00:00
https://www.thedailystar.net/backpage/26-more-biranganas-be-recognised-ffs-789649,sitemap:slug,2026-10-05T09:35:23+00:00
https://www.thedailystar.net/shout/overclock/making-liberation-71-1201852,sitemap:slug,2026-10-05T09:35:23+00:00
https://www.thedailystar.net/city/swadhin-bangla-betar-kendra-reminisced-1229560,sitemap:slug,2026-10-05T09:35:24+00:00
https://www.thedailystar.net/country/news/23-more-biranganas-recognised-ffs-1230790,sitemap:slug,2026-10-05T09:35:24+00:00
https://www.thedailystar.net/backpage/another-23-biranganas-recognised-ffs-1230949,sitemap:slug,2026-10-05T09:35:24+00:00
https://www.thedailystar.net/backpage/priyobhashinee-recognised-birangana-1268386,sitemap:slug,2026-10-05T09:35:24+00:00
https://www.thedailystar.net/star-weekend/numbers/numbers-71-1279327,sitemap:slug,2026-10-05T09:35:24+00:00
https://www.thedailystar.net/backpage/sixteen-more-biranganas-given-ff-status-1282987,sitemap:slug,2026-10-05T09:35:24+00:00
https://www.thedailystar.net/country/news/24-more-biranganas-get-ff-status-1319398,sitemap:slug,2026-10-05T09:35:25+00:00
https://www.thedailystar.net/star-weekend/star-people/stories-71-1330378,sitemap:slug,2026-10-05T09:35:25+00:00
https://www.thedailystar.net/biranganas-to-be-included-in-war-hero-list-62414,sitemap:slug,2026-10-05T09:35:28+00:00
https://www.thedailystar.net/homepage/indian-air-force-hands-over-71-dakota-aircraft-2369,sitemap:slug,2026-10-05T09:35:28+00:00
https://www.thedailystar.net/frontpage/news/historic-7th-march-today-5567,sitemap:slug,2026-10-05T09:35:28+00:00
https://www.thedailystar.net/arts-entertainment/music/the-lingering-echoes-71-74285,sitemap:slug,2026-10-05T09:35:29+00:00
https://www.thedailystar.net/arts-entertainment/music/louie-louie-singer-dies-71-79736,sitemap:slug,2026-10-05T09:35:29+00:00
https://www.thedailystar.net/arts-entertainment/film/ferdous-produces-postmaster-71-156331,sitemap:slug,2026-10-05T09:35:29+00:00
https://www.thedailystar.net/showbiz/movie-review/bangla/work-begins-postmaster-71-161623,sitemap:slug,2026-10-05T09:35:30+00:00
https://www.thedailystar.net/arts-entertainment/tv/abul-hayat-makes-diary-71-186751,sitemap:slug,2026-10-05T09:35:31+00:00
https://www.thedailystar.net/city/news/swadhin-bangla-betar-engr-rashidul-dies-190933,sitemap:slug,2026-10-05T09:35:31+00:00
https://www.thedailystar.net/video-stories/swadhin-bangla-betar-spirit-returns-bulbul-mahalanobish-the-igcc-191413,sitemap:slug,2026-10-05T09:35:31+00:00
https://www.thedailystar.net/book-reviews/telegrams-infuriated-nixon-and-kissinger-193126,sitemap:slug,2026-10-05T09:35:31+00:00
https://www.thedailystar.net/fourteen-biranganas-honoured-15696,sitemap:slug,2026-10-05T09:35:34+00:00
https://www.thedailystar.net/tales-of-the-biranganas-50938,sitemap:slug,2026-10-05T09:35:35+00:00
https://www.thedailystar.net/birangana-or-muktijoddha-50961,sitemap:slug,2026-10-05T09:35:35+00:00
https://www.thedailystar.net/swadhin-bangla-betar-artist-nasreen-54485,sitemap:slug,2026-10-05T09:35:35+00:00
https://www.thedailystar.net/swadhin-bangla-betar-kendro-and-bangladeshs-declaration-of-independence-52001,sitemap:slug,2026-10-05T09:35:35+00:00
https://www.thedailystar.net/the-blood-telegram-52771,sitemap:slug,2026-10-05T09:35:35+00:00
https://www.thedailystar.net/news/bangladesh/news/morar-bhita-71-massacre-site-still-frozen-fear-4135791,sitemap:slug,2026-10-05T09:37:18+00:00
https://www.thedailystar.net/news/bangladesh/news/js-heats-over-jamaats-role-71-war-4163451,sitemap:slug,2026-10-05T09:37:18+00:00
https://www.thedailystar.net/sports/football/news/allowance-hike-swadhin-bangla-football-team-members-3803321,sitemap:slug,2026-10-05T09:37:22+00:00
https://www.thedailystar.net/news/bangladesh/news/bangla-pak-ties-grow-71-still-unreckoned-3970876,sitemap:slug,2026-10-05T09:37:24+00:00
https://www.thedailystar.net/sports/football/news/shamit-dedicates-india-win-swadhin-bangla-football-team-captain-pintoo-4038336,sitemap:slug,2026-10-05T09:37:24+00:00
https://www.thedailystar.net/news/bangladesh/diplomacy/news/hasan-mahmud-raises-71-genocide-issue-pak-envoy-3592561,sitemap:slug,2026-10-05T09:37:29+00:00
https://www.thedailystar.net/sports/football/news/swadhin-bangla-football-team-organiser-patel-passes-away-3672636,sitemap:slug,2026-10-05T09:37:29+00:00
https://www.thedailystar.net/sports/football/news/swadhin-bangla-football-team-member-bimal-kar-passes-away-3706841,sitemap:slug,2026-10-05T09:37:29+00:00
https://www.thedailystar.net/news/bangladesh/politics/news/will-apologise-if-71-crimes-are-proven-beyond-doubt-shafiqur-3733256,sitemap:slug,2026-10-05T09:37:30+00:00
https://www.thedailystar.net/sports/football/news/swadhin-bangla-football-team-member-khokon-no-more-3770721,sitemap:slug,2026-10-05T09:37:30+00:00
https://www.thedailystar.net/news/bangladesh/news/friend-71-refugees-get-padma-vibhushan-3230581,sitemap:slug,2026-10-05T09:37:34+00:00
https://www.thedailystar.net/news/bangladesh/diplomacy/news/apologise-71-atrocities-3239361,sitemap:slug,2026-10-05T09:37:34+00:00
https://www.thedailystar.net/news/bangladesh/diplomacy/news/genocide-watch-recognises-71-crimes-against-humanity-2955906,sitemap:slug,2026-10-05T09:37:41+00:00
https://www.thedailystar.net/news/bangladesh/news/showcase-the-extent-71-genocide-2995481,sitemap:slug,2026-10-05T09:37:41+00:00
https://www.thedailystar.net/sports/football/news/another-swadhin-bangla-football-team-member-departs-3105001,sitemap:slug,2026-10-05T09:37:42+00:00
https://www.thedailystar.net/arts-entertainment/news/namita-ghosh-first-female-voice-artiste-swadhin-bangla-beta-kendra-passes-away-2067577,sitemap:slug,2026-10-05T09:37:47+00:00
https://www.thedailystar.net/news/bangladesh/news/preserve-all-documents-71-war-2149441,sitemap:slug,2026-10-05T09:37:47+00:00
https://www.thedailystar.net/sports/football/news/bff-accords-reception-swadhin-bangla-football-team-2912781,sitemap:slug,2026-10-05T09:37:48+00:00
https://www.thedailystar.net/sports/news/swadhin-bangla-players-made-ambassadors-1852780,sitemap:slug,2026-10-05T09:37:51+00:00
https://www.thedailystar.net/sports/news/swadhin-bangla-footballer-nawsheruzzaman-dies-covid-19-1965189,sitemap:slug,2026-10-05T09:37:52+00:00
https://www.thedailystar.net/frontpage/news/un-will-raise-the-issue-71-genocide-1719982,sitemap:slug,2026-10-05T09:37:57+00:00
https://www.thedailystar.net/middle-east/news/clashes-kill-71-fighters-syrias-rebel-held-idlib-1770247,sitemap:slug,2026-10-05T09:37:57+00:00
https://www.thedailystar.net/middle-east/news/clashes-kill-71-fighters-syrias-rebel-held-idlib-1770250,sitemap:slug,2026-10-05T09:37:57+00:00
https://www.thedailystar.net/city/news/preserving-memories-71-mass-killing-ground-restored-barishal-1840123,sitemap:slug,2026-10-05T09:37:58+00:00
https://www.thedailystar.net/sports/football/news/swadhin-bangla-urge-recognition-71-1679980,sitemap:slug,2026-10-05T09:38:03+00:00
https://www.thedailystar.net/city/online-exhibition-71-war-photos-starts-1348453,sitemap:slug,2026-10-05T09:38:07+00:00
https://www.thedailystar.net/country/include-mitils-heroic-role-71-textbook-1438639,sitemap:slug,2026-10-05T09:38:08+00:00
https://www.thedailystar.net/country/survivors-71-massacre-1504078,sitemap:slug,2026-10-05T09:38:09+00:00
https://www.thedailystar.net/city/71-war-was-never-between-india-and-pakistan-1505740,sitemap:slug,2026-10-05T09:38:09+00:00
https://www.thedailystar.net/backpage/game-71-war-out-march-26-1198246,sitemap:slug,2026-10-05T09:38:13+00:00
https://www.thedailystar.net/city/hindus-muslims-helped-each-other-71-refugee-camps-1243168,sitemap:slug,2026-10-05T09:38:14+00:00
https://www.thedailystar.net/country/news/horrors-71-still-haunt-war-heroine-ganobala-1323733,sitemap:slug,2026-10-05T09:38:15+00:00
https://www.thedailystar.net/city/news/swadhin-bangla-betars-sound-engineer-rashidul-passes-away-191335,sitemap:slug,2026-10-05T09:38:21+00:00
https://www.thedailystar.net/with-memories-of-71-10041,sitemap:slug,2026-10-05T09:38:25+00:00
https://www.thedailystar.net/tales-of-persecution-led-taramon-bibi-to-71-war-14622,sitemap:slug,2026-10-05T09:38:25+00:00
https://www.thedailystar.net/teenage-freedom-fighter-tortured-to-death-in-71-16405,sitemap:slug,2026-10-05T09:38:25+00:00
https://www.thedailystar.net/the-lingering-echoes-of-71-16769,sitemap:slug,2026-10-05T09:38:25+00:00
https://www.thedailystar.net/rigging-in-uz-polls-undermines-the-spirit-of-71-17081,sitemap:slug,2026-10-05T09:38:25+00:00
https://www.thedailystar.net/azhar-pak-army-abducted-college-teacher-in-71-19359,sitemap:slug,2026-10-05T09:38:25+00:00
https://www.thedailystar.net/woman-narrates-killing-of-her-husband-in-71-25318,sitemap:slug,2026-10-05T09:38:25+00:00
https://www.thedailystar.net/womens-role-in-52-71-shahbagh-53033,sitemap:slug,2026-10-05T09:38:26+00:00
https://www.thedailystar.net/kamalpur-phulbari-tasted-freedom-on-this-day-in-71-53244,sitemap:slug,2026-10-05T09:38:26+00:00
https://www.thedailystar.net/kashems-old-radio-still-reminds-the-days-of-71-55183,sitemap:slug,2026-10-05T09:38:26+00:00
https://www.thedailystar.net/thakurgaon-was-freed-on-this-day-in-71-1162,sitemap:slug,2026-10-05T09:38:30+00:00
https://www.thedailystar.net/bogra-manikganj-were-freed-on-this-day-in-71-2305,sitemap:slug,2026-10-05T09:38:31+00:00
https://www.thedailystar.net/jamaat-shibir-emulating-71-role-sultana-kamal-3797,sitemap:slug,2026-10-05T09:38:31+00:00
https://www.thedailystar.net/frontpage/victory-day-2019-blood-sweat-tears-1840861,package:1971-liberation-war-interviews|push:sitemap-review,2026-10-05T09:39:25+00:00
https://www.thedailystar.net/city/news/chose-land-over-my-father-1841023,package:1971-liberation-war-interviews,2026-10-05T09:39:25+00:00
https://www.thedailystar.net/frontpage/victory-day-2019-of-bravery-of-betiara-1840852,package:1971-liberation-war-interviews|push:sitemap-review,2026-10-05T09:39:25+00:00
https://www.thedailystar.net/backpage/news/perfect-cover-freedom-fighters-1840432,package:1971-liberation-war-interviews|push:sitemap-review,2026-10-05T09:39:25+00:00
https://www.thedailystar.net/frontpage/victory-day-tribute-the-legend-jagatjyoti-1505617,package:1971-liberation-war-interviews,2026-10-05T09:39:25+00:00
https://www.thedailystar.net/video-stories/freedom-fighter-ahamed-ali-1332313,package:1971-liberation-war-interviews|push:sitemap-review,2026-10-05T09:39:25+00:00
https://www.thedailystar.net/a-reticent-freedom-fighter-53745,package:1971-liberation-war-interviews|push:sitemap-review,2026-10-05T09:39:25+00:00
https://www.thedailystar.net/a-conversation-with-dr-nuran-nabi-53546,package:1971-liberation-war-interviews,2026-10-05T09:39:25+00:00
https://www.thedailystar.net/pakistan-must-offer-unconditional-apology-53543,package:1971-liberation-war-interviews,2026-10-05T09:39:25+00:00
https://www.thedailystar.net/before-and-after-august-15-in-eyes-of-gen-shafiullah-53390,package:1971-liberation-war-interviews,2026-10-05T09:39:25+00:00
https://www.thedailystar.net/in-conversation-with-lawrence-lifschultz-53386,package:1971-liberation-war-interviews,2026-10-05T09:39:25+00:00
https://www.thedailystar.net/guerrilla-fighter-shahzaman-part-2-54482,package:1971-liberation-war-interviews,2026-10-05T09:39:25+00:00
https://www.thedailystar.net/star-weekend/heritage/tale-tragedy-1330360,package:footages-1971-liberation-war/killing-grounds,2026-10-05T09:39:40+00:00
https://www.thedailystar.net/wide-angle/bangladesh/alamdanga-killing-field-could-have-more-say-1330783,package:footages-1971-liberation-war/killing-grounds,2026-10-05T09:39:40+00:00
https://www.thedailystar.net/country/news/gaibandha-mass-grave-now-barren-ground-1330261,package:footages-1971-liberation-war/killing-grounds,2026-10-05T09:39:40+00:00
https://www.thedailystar.net/country/news/mass-grave-utter-neglect-1329238,package:footages-1971-liberation-war/killing-grounds,2026-10-05T09:39:40+00:00
https://www.thedailystar.net/killing-grounds-left-uncared-for-55480,package:footages-1971-liberation-war/killing-grounds,2026-10-05T09:39:40+00:00
https://www.thedailystar.net/killing-of-intellectuals-at-rayerbazar-54579,package:footages-1971-liberation-war/killing-grounds,2026-10-05T09:39:40+00:00
https://www.thedailystar.net/news-detail-230551,package:footages-1971-liberation-war/killing-grounds,2026-10-05T09:39:40+00:00
https://www.thedailystar.net/supplements/news/kobor-unique-artistic-representation-unusual-situation-2010757,package:supplements/martyred-intellectuals-day-2020,2026-10-05T09:41:50+00:00
https://www.thedailystar.net/supplements/news/literature-and-national-consciousness-2010765,package:supplements/martyred-intellectuals-day-2020,2026-10-05T09:41:50+00:00
https://www.thedailystar.net/supplements/news/editors-note-2010773,package:supplements/martyred-intellectuals-day-2020,2026-10-05T09:41:50+00:00
https://www.thedailystar.net/ds/slow-reads-special/news/martyr-poetry-and-patriotism-4058081,package:supplements/martyred-intellectuals-day-2025,2026-10-05T09:42:13+00:00
https://www.thedailystar.net/ds/slow-reads-special/news/silencing-philosopher-4057371,package:supplements/martyred-intellectuals-day-2025,2026-10-05T09:42:13+00:00
https://www.thedailystar.net/ds/slow-reads-special/news/quiet-farewell-preserved-ash-4057381,package:supplements/martyred-intellectuals-day-2025,2026-10-05T09:42:13+00:00
https://www.thedailystar.net/ds/slow-reads-special/news/historian-courage-and-conscience-4057406,package:supplements/martyred-intellectuals-day-2025,2026-10-05T09:42:13+00:00
https://www.thedailystar.net/ds/slow-reads-special/news/physician-who-turned-his-car-lifeline-liberation-4057411,package:supplements/martyred-intellectuals-day-2025,2026-10-05T09:42:13+00:00
https://www.thedailystar.net/ds/slow-reads-special/news/believing-his-people-without-fear-4057421,package:supplements/martyred-intellectuals-day-2025,2026-10-05T09:42:13+00:00
https://www.thedailystar.net/ds/slow-reads-special/news/shilalipi-killing-fields-4057426,package:supplements/martyred-intellectuals-day-2025,2026-10-05T09:42:13+00:00
https://www.thedailystar.net/ds/slow-reads-special/news/scientist-philosopher-4057431,package:supplements/martyred-intellectuals-day-2025,2026-10-05T09:42:13+00:00
https://www.thedailystar.net/ds/slow-reads-special/news/writer-made-resistance-4057436,package:supplements/martyred-intellectuals-day-2025,2026-10-05T09:42:13+00:00
https://www.thedailystar.net/ds/slow-reads-special/news/filming-freedom-4057451,package:supplements/martyred-intellectuals-day-2025,2026-10-05T09:42:13+00:00
https://www.thedailystar.net/ds/slow-reads-special/news/tikka-khans-letter-warning-4057456,package:supplements/martyred-intellectuals-day-2025,2026-10-05T09:42:13+00:00
https://www.thedailystar.net/ds/slow-reads-special/news/life-geology-interrupted-4057336,package:supplements/martyred-intellectuals-day-2025,2026-10-05T09:42:13+00:00
https://www.thedailystar.net/ds/slow-reads-special/news/traces-danbirs-humanity-4057461,package:supplements/martyred-intellectuals-day-2025,2026-10-05T09:42:13+00:00
https://www.thedailystar.net/ds/slow-reads-special/news/champion-communal-harmony-4057346,package:supplements/martyred-intellectuals-day-2025,2026-10-05T09:42:13+00:00
https://www.thedailystar.net/ds/slow-reads-special/news/music-defied-bullets-4057351,package:supplements/martyred-intellectuals-day-2025,2026-10-05T09:42:13+00:00
https://www.thedailystar.net/ds/slow-reads-special/news/martyrs-freedom-4057481,package:supplements/martyred-intellectuals-day-2025,2026-10-05T09:42:13+00:00
https://www.thedailystar.net/ds/slow-reads-special/news/face-unknown-woman-rayerbazar-4057726,package:supplements/martyred-intellectuals-day-2025,2026-10-05T09:42:15+00:00
https://www.thedailystar.net/the-victory-and-the-defeat-55634,package:supplements/victory-day-special-2014,2026-10-05T09:42:30+00:00
https://www.thedailystar.net/patheo-55637,package:supplements/victory-day-special-2014,2026-10-05T09:42:30+00:00
https://www.thedailystar.net/that-unsung-philatelic-war-55642,package:supplements/victory-day-special-2014,2026-10-05T09:42:30+00:00
https://www.thedailystar.net/prof-muzaffar-ahmed-an-interview-55636,package:supplements/victory-day-special-2014,2026-10-05T09:42:30+00:00
https://www.thedailystar.net/16-december-in-chittagong-55640,package:supplements/victory-day-special-2014,2026-10-05T09:42:30+00:00
https://www.thedailystar.net/editors-note-55644,package:supplements/victory-day-special-2014,2026-10-05T09:42:30+00:00
https://www.thedailystar.net/of-hopes-and-disappointments-55635,package:supplements/victory-day-special-2014,2026-10-05T09:42:30+00:00
https://www.thedailystar.net/firestorm-from-the-air-55638,package:supplements/victory-day-special-2014,2026-10-05T09:42:30+00:00
https://www.thedailystar.net/the-dying-moments-of-jinnahs-pakistan-55639,package:supplements/victory-day-special-2014,2026-10-05T09:42:30+00:00
https://www.thedailystar.net/bangladesh-has-to-be-a-secular-state-55643,package:supplements/victory-day-special-2014,2026-10-05T09:42:30+00:00
https://www.thedailystar.net/shanti-gone-with-the-wind-55641,package:supplements/victory-day-special-2014,2026-10-05T09:42:30+00:00
https://www.thedailystar.net/supplements/news/serenading-the-sublime-souls-the-soil-1840558,package:supplements/victory-day-special-2019,2026-10-05T09:42:51+00:00
https://www.thedailystar.net/supplements/news/sagat-singh-unsung-hero-1840570,package:supplements/victory-day-special-2019,2026-10-05T09:42:51+00:00
https://www.thedailystar.net/supplements/news/documenting-liberation-through-his-lens-1840576,package:supplements/victory-day-special-2019,2026-10-05T09:42:51+00:00
https://www.thedailystar.net/supplements/news/bloody-war-and-how-i-witnessed-it-1840579,package:supplements/victory-day-special-2019,2026-10-05T09:42:51+00:00
https://www.thedailystar.net/ds/slow-reads-special/news/deeply-committed-humanist-4057361,package:supplements/martyred-intellectuals-day-2025,2026-10-05T09:46:43+00:00
https://www.thedailystar.net/ds/slow-reads-special/news/spirit-shaheed-munier-chowdhury-4057541,package:supplements/martyred-intellectuals-day-2025,2026-10-05T09:46:43+00:00
https://www.thedailystar.net/supplements/news/democracy-the-journey-has-taken-wrong-turn-2011913,package:supplements/victory-day-special-2020,2026-10-05T09:47:19+00:00
https://www.thedailystar.net/supplements/news/towards-multiplex-horizons-nationalism-2011917,package:supplements/victory-day-special-2020,2026-10-05T09:47:19+00:00
https://www.thedailystar.net/supplements/news/socialism-disaster-capitalism-2011925,package:supplements/victory-day-special-2020,2026-10-05T09:47:19+00:00
https://www.thedailystar.net/supplements/news/secularism-bangladesh-the-troubled-biography-constitutional-pillar-2011933,package:supplements/victory-day-special-2020,2026-10-05T09:47:19+00:00
https://www.thedailystar.net/an-architect-of-the-language-movement-14218,sitemap:lm-slug,2026-10-05T14:49:12+00:00
https://www.thedailystar.net/arts-entertainment/bangla-schools-singapore-observe-ekushey-february-576307,sitemap:lm-slug,2026-10-05T14:49:12+00:00
https://www.thedailystar.net/arts-entertainment/ekushey-mind-575278,sitemap:lm-slug,2026-10-05T14:49:12+00:00
https://www.thedailystar.net/arts-entertainment/event/bsa-celebrates-intl-mother-language-day-1538569,sitemap:lm-slug,2026-10-05T14:49:12+00:00
https://www.thedailystar.net/arts-entertainment/event/children-celebrate-intl-mother-language-day-1539436,sitemap:lm-slug,2026-10-05T14:49:12+00:00
https://www.thedailystar.net/arts-entertainment/event/children-paint-pictures-language-movement-1364374,sitemap:lm-slug,2026-10-05T14:49:12+00:00
https://www.thedailystar.net/arts-entertainment/event/cultural-programme-intl-mother-language-day-4698,sitemap:lm-slug,2026-10-05T14:49:12+00:00
https://www.thedailystar.net/arts-entertainment/event/ekushey-laureates-share-feelings-tds-anniversary-1535578,sitemap:lm-slug,2026-10-05T14:49:12+00:00
https://www.thedailystar.net/arts-entertainment/event/intl-mother-language-day-celebrated-sau-delhi-660214,sitemap:lm-slug,2026-10-05T14:49:12+00:00
https://www.thedailystar.net/arts-entertainment/event/intl-mother-language-day-observed-kathmandu-3759,sitemap:lm-slug,2026-10-05T14:49:12+00:00
https://www.thedailystar.net/arts-entertainment/event/intl-mother-language-day-solemnly-observed-nepal-1538572,sitemap:lm-slug,2026-10-05T14:49:12+00:00
https://www.thedailystar.net/arts-entertainment/event/mother-language-day-sculpture-unveiled-ny-211696,sitemap:lm-slug,2026-10-05T14:49:12+00:00
https://www.thedailystar.net/arts-entertainment/event/ssj-announces-14-day-programme-marking-ekushey-351091,sitemap:lm-slug,2026-10-05T14:49:12+00:00
https://www.thedailystar.net/arts-entertainment/event/the-ardour-ekushey-3368,sitemap:lm-slug,2026-10-05T14:49:12+00:00
https://www.thedailystar.net/arts-entertainment/event/two-day-cultural-show-marking-amar-ekushey-351079,sitemap:lm-slug,2026-10-05T14:49:12+00:00
https://www.thedailystar.net/arts-entertainment/film/1952-language-movement-film-phagun-hawa-release-soon-1687504,sitemap:lm-slug,2026-10-05T14:49:12+00:00
https://www.thedailystar.net/arts-entertainment/international-mother-language-day-21st-february-2018-tribute-our-language-martyrs-1537546,sitemap:lm-slug,2026-10-05T14:49:12+00:00
https://www.thedailystar.net/arts-entertainment/interview/more-books-ekushey-should-be-penned-%E2%80%A6-farid-ahmed-2876,sitemap:lm-slug,2026-10-05T14:49:12+00:00
https://www.thedailystar.net/arts-entertainment/its-true/amar-bhaier-rokte-rangano-ekushey-february-574945,sitemap:lm-slug,2026-10-05T14:49:12+00:00
https://www.thedailystar.net/arts-entertainment/news-bytes/news/gulshan-habib-razib-releases-song-ekushey-february-humaira-and-raja-bashir-2971081,sitemap:lm-slug,2026-10-05T14:49:12+00:00
https://www.thedailystar.net/arts-entertainment/news/bangladesh-embassy-kathmandu-honours-language-movement-martyrs-1707166,sitemap:lm-slug,2026-10-05T14:49:12+00:00
https://www.thedailystar.net/arts-entertainment/news/bishwajit-goswamis-installation-near-bakkhali-river-commemorates-international-mother-language-day-2048733,sitemap:lm-slug,2026-10-05T14:49:12+00:00
https://www.thedailystar.net/arts-entertainment/news/female-artists-celebrate-the-spirit-the-language-movement-ekusher-chetonay-2051897,sitemap:lm-slug,2026-10-05T14:49:12+00:00
https://www.thedailystar.net/arts-entertainment/news/preparing-international-mother-language-day-1871026,sitemap:lm-slug,2026-10-05T14:49:12+00:00
https://www.thedailystar.net/arts-entertainment/news/renowned-language-movement-veteran-poet-ahmad-rafique-90th-birthday-celebrated-1632889,sitemap:lm-slug,2026-10-05T14:49:12+00:00
https://www.thedailystar.net/arts-entertainment/news/tv-specials-international-mother-language-day-1871023,sitemap:lm-slug,2026-10-05T14:49:12+00:00
https://www.thedailystar.net/arts-entertainment/news/tv-specials-watch-international-mother-language-day-2048161,sitemap:lm-slug,2026-10-05T14:49:12+00:00
https://www.thedailystar.net/arts-entertainment/tauquir-ahmed-new-film-phagun-hawa-on-1952-language-movement-1662367,sitemap:lm-slug,2026-10-05T14:49:12+00:00
https://www.thedailystar.net/arts-entertainment/theatre/news/celebrating-the-spirit-international-mother-language-day-1707724,sitemap:lm-slug,2026-10-05T14:49:12+00:00
https://www.thedailystar.net/arts-entertainment/tv/maasranga-tv-gears-ekushey-1537078,sitemap:lm-slug,2026-10-05T14:49:12+00:00
https://www.thedailystar.net/bangladesh/news/language-movement-hero-yusuf-kalu-passes-away-2068953,sitemap:lm-slug,2026-10-05T14:49:12+00:00
https://www.thedailystar.net/bangladesh/news/language-movement-paved-the-way-independence-pm-2048101,sitemap:lm-slug,2026-10-05T14:49:12+00:00
https://www.thedailystar.net/bangladesh/news/language-movement-veteran-abul-hossain-no-more-2069717,sitemap:lm-slug,2026-10-05T14:49:12+00:00
https://www.thedailystar.net/bangladesh/news/nation-paying-tributes-language-heroes-2048657,sitemap:lm-slug,2026-10-05T14:49:12+00:00
https://www.thedailystar.net/bangladesh/news/president-pm-pay-homage-language-heroes-2048469,sitemap:lm-slug,2026-10-05T14:49:12+00:00
https://www.thedailystar.net/books-literature/fiction/news/the-ekushey-filter-4111416,sitemap:lm-slug,2026-10-05T14:49:12+00:00
https://www.thedailystar.net/business/news/bhasha-andolon-museum-private-initiative-few-1704724,sitemap:lm-slug,2026-10-05T14:49:12+00:00
https://www.thedailystar.net/campus/news/language-martyrs-day-du-restrict-campus-entry-friday-7pm-4109886,sitemap:lm-slug,2026-10-05T14:49:12+00:00
https://www.thedailystar.net/campus/noticeboard/news/brac-university-celebrates-chinese-language-day-2025-3881371,sitemap:lm-slug,2026-10-05T14:49:12+00:00
https://www.thedailystar.net/cisd-pays-tribute-to-language-martyrs-12685,sitemap:lm-slug,2026-10-05T14:49:12+00:00
https://www.thedailystar.net/city-in-frame/probhat-ferry-ekushey-4178,sitemap:lm-slug,2026-10-05T14:49:12+00:00
https://www.thedailystar.net/city/language-movement-activist-gazi-shahidullah-passes-away-1530514,sitemap:lm-slug,2026-10-05T14:49:12+00:00
https://www.thedailystar.net/city/language-movement-hero-dalil-uddin-passes-away-1491415,sitemap:lm-slug,2026-10-05T14:49:12+00:00
https://www.thedailystar.net/city/language-movement-veteran-abdul-kayum-passes-away-1613149,sitemap:lm-slug,2026-10-05T14:49:12+00:00
https://www.thedailystar.net/city/language-veteran-journo-zainul-abedin-laid-rest-1374052,sitemap:lm-slug,2026-10-05T14:49:12+00:00
https://www.thedailystar.net/city/news/5-indian-cyclists-pay-tribute-language-heroes-575086,sitemap:lm-slug,2026-10-05T14:49:12+00:00
https://www.thedailystar.net/city/news/ahmed-brings-out-book-language-movement-574006,sitemap:lm-slug,2026-10-05T14:49:12+00:00
https://www.thedailystar.net/city/news/homage-paid-language-martyrs-1705783,sitemap:lm-slug,2026-10-05T14:49:12+00:00
https://www.thedailystar.net/city/news/language-movement-veteran-akmat-ali-dies-1633708,sitemap:lm-slug,2026-10-05T14:49:12+00:00
https://www.thedailystar.net/city/news/language-movement-veteran-musa-passes-away-1797457,sitemap:lm-slug,2026-10-05T14:49:12+00:00
https://www.thedailystar.net/city/news/language-veteran-abdul-malek-passes-away-2038361,sitemap:lm-slug,2026-10-05T14:49:12+00:00
https://www.thedailystar.net/city/news/language-veteran-ali-taher-no-more-2032789,sitemap:lm-slug,2026-10-05T14:49:12+00:00
https://www.thedailystar.net/city/news/language-veteran-mirza-mazharul-passes-away-1976393,sitemap:lm-slug,2026-10-05T14:49:12+00:00
https://www.thedailystar.net/city/news/language-veteran-yusuf-kalu-no-more-2069357,sitemap:lm-slug,2026-10-05T14:49:12+00:00
https://www.thedailystar.net/city/news/not-enough-books-language-movement-1870873,sitemap:lm-slug,2026-10-05T14:49:12+00:00
https://www.thedailystar.net/city/news/prepare-list-language-heroes-hc-1878250,sitemap:lm-slug,2026-10-05T14:49:12+00:00
https://www.thedailystar.net/city/news/president-pm-pay-homage-language-heroes-575560,sitemap:lm-slug,2026-10-05T14:49:12+00:00
https://www.thedailystar.net/city/news/rich-homage-language-martyrs-2049013,sitemap:lm-slug,2026-10-05T14:49:12+00:00
https://www.thedailystar.net/city/news/seven-language-heroes-honoured-1869151,sitemap:lm-slug,2026-10-05T14:49:12+00:00
https://www.thedailystar.net/city/news/spread-the-history-language-movement-president-1702687,sitemap:lm-slug,2026-10-05T14:49:12+00:00
https://www.thedailystar.net/city/uoda-declares-scholarship-honour-language-martyrs-1535506,sitemap:lm-slug,2026-10-05T14:49:12+00:00
https://www.thedailystar.net/country/1952-language-movement-hero-syed-abdul-hannan-dies-in-dhaka-1684606,sitemap:lm-slug,2026-10-05T14:49:12+00:00
https://www.thedailystar.net/country/1952-still-etched-his-memory-1367233,sitemap:lm-slug,2026-10-05T14:49:12+00:00
https://www.thedailystar.net/country/bangladesh-president-prime-minister-sheikh-hasina-pay-homage-language-martyrs-amar-ekushey-2018-international-mother-language-day-1537852,sitemap:lm-slug,2026-10-05T14:49:12+00:00
https://www.thedailystar.net/country/high-court-wants-list-language-heroes-martyrs-1878016,sitemap:lm-slug,2026-10-05T14:49:12+00:00
https://www.thedailystar.net/country/language-movement-hero-desires-see-pm-1537735,sitemap:lm-slug,2026-10-05T14:49:12+00:00
https://www.thedailystar.net/country/language-movement-hero-shows-the-way-1348915,sitemap:lm-slug,2026-10-05T14:49:12+00:00
https://www.thedailystar.net/country/language-veteran-journo-zainul-abedin-laid-rest-1373866,sitemap:lm-slug,2026-10-05T14:49:12+00:00
https://www.thedailystar.net/country/nation-paying-homage-language-martyrs-1537897,sitemap:lm-slug,2026-10-05T14:49:12+00:00
https://www.thedailystar.net/country/nation-pays-tributes-language-movement-martyrs-1364692,sitemap:lm-slug,2026-10-05T14:49:12+00:00
https://www.thedailystar.net/country/news/disrespect-language-martyrs-1323055,sitemap:lm-slug,2026-10-05T14:49:12+00:00
https://www.thedailystar.net/country/news/language-martyrs-day-observed-border-1705840,sitemap:lm-slug,2026-10-05T14:49:12+00:00
https://www.thedailystar.net/country/news/language-movement-pabna-two-female-heroes-still-not-recognised-1870948,sitemap:lm-slug,2026-10-05T14:49:12+00:00
https://www.thedailystar.net/country/news/language-movement-veteran-ali-taher-majumdar-passes-away-2032549,sitemap:lm-slug,2026-10-05T14:49:12+00:00
https://www.thedailystar.net/country/news/nation-paying-tribute-language-movement-martyrs-1870810,sitemap:lm-slug,2026-10-05T14:49:12+00:00
https://www.thedailystar.net/country/news/nation-pays-homage-language-martyrs-575593,sitemap:lm-slug,2026-10-05T14:49:12+00:00
https://www.thedailystar.net/country/news/nearly-forgotten-chapter-language-movement-783760,sitemap:lm-slug,2026-10-05T14:49:12+00:00
https://www.thedailystar.net/country/news/president-pm-pay-homage-language-heroes-1870996,sitemap:lm-slug,2026-10-05T14:49:12+00:00
https://www.thedailystar.net/country/news/school-students-played-glorious-role-language-movement-574438,sitemap:lm-slug,2026-10-05T14:49:12+00:00
https://www.thedailystar.net/country/news/us-embassy-video-honours-language-martyrs-575605,sitemap:lm-slug,2026-10-05T14:49:12+00:00
https://www.thedailystar.net/country/news/writ-petition-filed-seeking-full-state-honour-language-heroes-martyrs-1874167,sitemap:lm-slug,2026-10-05T14:49:12+00:00
https://www.thedailystar.net/country/norwegian-fm-dhaka-pay-homage-language-martyrs-1364296,sitemap:lm-slug,2026-10-05T14:49:12+00:00
https://www.thedailystar.net/country/reminiscence-days-1952-1362472,sitemap:lm-slug,2026-10-05T14:49:12+00:00
https://www.thedailystar.net/country/women-language-movement-heroes-nilphamari-2785,sitemap:lm-slug,2026-10-05T14:49:12+00:00
https://www.thedailystar.net/crime/news/failing-rape-man-kills-teen-near-shaheed-minar-karmojibi-nari-demands-justice-2038101,sitemap:lm-slug,2026-10-05T14:49:12+00:00
https://www.thedailystar.net/culture/entertainment/news/final-respects-be-paid-ataur-rahman-central-shaheed-minar-4173796,sitemap:lm-slug,2026-10-05T14:49:12+00:00
https://www.thedailystar.net/culture/news/construction-begins-rajshahis-first-central-shaheed-minar-3612931,sitemap:lm-slug,2026-10-05T14:49:12+00:00
https://www.thedailystar.net/culture/news/ekhushey-february-many-port-city-dwellers-pay-tribute-makeshift-shaheed-minar-3548731,sitemap:lm-slug,2026-10-05T14:49:12+00:00
https://www.thedailystar.net/culture/news/indian-cyclists-bangladesh-pay-homage-language-heroes-3250531,sitemap:lm-slug,2026-10-05T14:49:12+00:00
https://www.thedailystar.net/culture/news/pratul-mukhopadhyay-personification-ekushey-februarys-spirit-4109996,sitemap:lm-slug,2026-10-05T14:49:12+00:00
https://www.thedailystar.net/culture/news/revise-design-newly-built-shaheed-minar-3494661,sitemap:lm-slug,2026-10-05T14:49:12+00:00
https://www.thedailystar.net/daily-star-books/news/5-books-read-year-observance-ekushey-february-3253736,sitemap:lm-slug,2026-10-05T14:49:12+00:00
https://www.thedailystar.net/daily-star-books/news/books-read-the-bangla-language-movement-2969331,sitemap:lm-slug,2026-10-05T14:49:12+00:00
https://www.thedailystar.net/daily-star-books/news/ds-bistro-unveils-golper-provat-celebration-international-mother-language-day-3557896,sitemap:lm-slug,2026-10-05T14:49:12+00:00
https://www.thedailystar.net/daily-star-books/news/reminiscing-ekushey-70-years-3092361,sitemap:lm-slug,2026-10-05T14:49:12+00:00
https://www.thedailystar.net/editorial/ekushey-the-eternal-beacon-3042,sitemap:lm-slug,2026-10-05T14:49:12+00:00
https://www.thedailystar.net/editorial/news/language-martyrs-day-2048397,sitemap:lm-slug,2026-10-05T14:49:12+00:00
https://www.thedailystar.net/editorial/news/the-eternal-flame-ekushey-1704946,sitemap:lm-slug,2026-10-05T14:49:12+00:00
https://www.thedailystar.net/editorial/remembering-ekushey-1364368,sitemap:lm-slug,2026-10-05T14:49:12+00:00
https://www.thedailystar.net/editorial/the-eternal-ekushey-1537672,sitemap:lm-slug,2026-10-05T14:49:12+00:00
https://www.thedailystar.net/entertainment/music/news/bangladeshi-artistes-honour-language-movement-unesco-event-paris-3828171,sitemap:lm-slug,2026-10-05T14:49:12+00:00
https://www.thedailystar.net/entertainment/music/news/bangladeshi-musicians-reach-paris-commemorate-language-movement-unesco-3829446,sitemap:lm-slug,2026-10-05T14:49:12+00:00
https://www.thedailystar.net/entertainment/music/news/momtaz-sings-language-movement-based-film-3428391,sitemap:lm-slug,2026-10-05T14:49:12+00:00
https://www.thedailystar.net/entertainment/music/news/my-artistic-life-feels-worthwhile-when-i-sing-our-language-martyrs-rafiqul-alam-3252806,sitemap:lm-slug,2026-10-05T14:49:12+00:00
https://www.thedailystar.net/entertainment/news/sangkalan-revisits-language-movement-through-print-culture-4109821,sitemap:lm-slug,2026-10-05T14:49:12+00:00
https://www.thedailystar.net/entertainment/theatre-arts/news/du-stages-street-play-honour-language-martyrs-4111291,sitemap:lm-slug,2026-10-05T14:49:12+00:00
https://www.thedailystar.net/entertainment/theatre-arts/news/edge-gallery-pays-tribute-1952-language-movement-through-art-and-history-4116981,sitemap:lm-slug,2026-10-05T14:49:12+00:00
https://www.thedailystar.net/entertainment/theatre-arts/news/sangkalan-brings-back-the-history-language-movement-day-4111421,sitemap:lm-slug,2026-10-05T14:49:12+00:00
https://www.thedailystar.net/entertainment/tv-film/news/bhabnas-poetic-film-tribute-language-martyrs-3253816,sitemap:lm-slug,2026-10-05T14:49:12+00:00
https://www.thedailystar.net/entertainment/tv-film/news/how-would-i-make-film-the-1952-language-movement-2967201,sitemap:lm-slug,2026-10-05T14:49:12+00:00
https://www.thedailystar.net/events/charter-demands-shaheed-minar-1323139,sitemap:lm-slug,2026-10-05T14:49:12+00:00
https://www.thedailystar.net/events/news/celebration-international-mother-language-day-turkey-2049313,sitemap:lm-slug,2026-10-05T14:49:12+00:00
https://www.thedailystar.net/frontpage/amar-ekushey-remembering-the-martyrs-1952-1365079,sitemap:lm-slug,2026-10-05T14:49:12+00:00
https://www.thedailystar.net/frontpage/homage-language-heroes-1364557,sitemap:lm-slug,2026-10-05T14:49:12+00:00
https://www.thedailystar.net/frontpage/nation-paying-homage-language-martyrs-575506,sitemap:lm-slug,2026-10-05T14:49:12+00:00
https://www.thedailystar.net/frontpage/news/homage-language-martyrs-1871302,sitemap:lm-slug,2026-10-05T14:49:12+00:00
https://www.thedailystar.net/frontpage/news/language-movement-paved-path-independence-2048305,sitemap:lm-slug,2026-10-05T14:49:12+00:00
https://www.thedailystar.net/frontpage/tbangladesh-president-prime-minister-sheikh-hasina-pay-ribute-language-martyrs-1537858,sitemap:lm-slug,2026-10-05T14:49:12+00:00
https://www.thedailystar.net/govt-assures-language-martyr-barkats-family-of-legal-assistance-12175,sitemap:lm-slug,2026-10-05T14:49:12+00:00
https://www.thedailystar.net/historical/politics/news/left-aligned-platform-npa-launched-central-shaheed-minar-4082506,sitemap:lm-slug,2026-10-05T14:49:12+00:00
https://www.thedailystar.net/international-mother-language-day-2022/news/editors-note-2966696,sitemap:lm-slug,2026-10-05T14:49:12+00:00
https://www.thedailystar.net/international-mother-language-day-2022/news/first-ctg-residents-pay-tribute-makeshift-shaheed-minar-2967186,sitemap:lm-slug,2026-10-05T14:49:12+00:00
https://www.thedailystar.net/international-mother-language-day-2022/news/i-have-not-come-weep-2966746,sitemap:lm-slug,2026-10-05T14:49:12+00:00
https://www.thedailystar.net/international-mother-language-day-2022/news/imaginary-interview-the-bangla-language-2966706,sitemap:lm-slug,2026-10-05T14:49:12+00:00
https://www.thedailystar.net/international-mother-language-day-2022/news/intl-mother-language-day-observed-finland-2967891,sitemap:lm-slug,2026-10-05T14:49:12+00:00
https://www.thedailystar.net/international-mother-language-day-2022/news/language-movement-the-momentous-phase-2966716,sitemap:lm-slug,2026-10-05T14:49:12+00:00
https://www.thedailystar.net/international-mother-language-day-2022/news/language-worries-bangla-west-bengal-2966751,sitemap:lm-slug,2026-10-05T14:49:12+00:00
https://www.thedailystar.net/international-mother-language-day-2022/news/nation-pays-homage-language-heroes-world-observes-mother-language-day-2967161,sitemap:lm-slug,2026-10-05T14:49:12+00:00
https://www.thedailystar.net/international-mother-language-day-2022/news/nationalist-forgettings-2966771,sitemap:lm-slug,2026-10-05T14:49:12+00:00
https://www.thedailystar.net/international-mother-language-day-2022/news/struggle-the-state-language-2966761,sitemap:lm-slug,2026-10-05T14:49:12+00:00
https://www.thedailystar.net/international-mother-language-day-2022/news/the-language-movement-revisited-2966711,sitemap:lm-slug,2026-10-05T14:49:12+00:00
https://www.thedailystar.net/international-mother-language-day-2022/news/the-pervasive-problem-linguistic-discrimination-2966756,sitemap:lm-slug,2026-10-05T14:49:12+00:00
https://www.thedailystar.net/international-mother-language-day-2022/news/tributes-paid-language-martyrs-bangladesh-high-commission-delhi-2967331,sitemap:lm-slug,2026-10-05T14:49:12+00:00
https://www.thedailystar.net/international-mother-language-day-2022/news/ukraine-pauses-civilian-evacuations-2992626,sitemap:lm-slug,2026-10-05T14:49:12+00:00
https://www.thedailystar.net/language-martyr-barkats-family-complains-about-grabbing-effort-12027,sitemap:lm-slug,2026-10-05T14:49:12+00:00
https://www.thedailystar.net/language-movement-11484,sitemap:lm-slug,2026-10-05T14:49:12+00:00
https://www.thedailystar.net/language-movement-hero-matin-critically-ill-44665,sitemap:lm-slug,2026-10-05T14:49:12+00:00
https://www.thedailystar.net/language-movement-hero-matin-no-more-44801,sitemap:lm-slug,2026-10-05T14:49:12+00:00
https://www.thedailystar.net/language-movement-hero-matin-passes-away-44723,sitemap:lm-slug,2026-10-05T14:49:12+00:00
https://www.thedailystar.net/language-movement-hero-mirza-mazharul-islam-passes-away-1976137,sitemap:lm-slug,2026-10-05T14:49:12+00:00
https://www.thedailystar.net/language-movement-veteran-azharuddin-passes-away-23483,sitemap:lm-slug,2026-10-05T14:49:12+00:00
https://www.thedailystar.net/language-movement-veteran-matin-hospitalised-37641,sitemap:lm-slug,2026-10-05T14:49:12+00:00
https://www.thedailystar.net/language-movement-veteran-sayeed-uddin-passes-away-13558,sitemap:lm-slug,2026-10-05T14:49:12+00:00
https://www.thedailystar.net/law-our-rights/news/linguistic-right-indigenous-peoples-bangladesh-aspiration-language-movement-and-reality-3005526,sitemap:lm-slug,2026-10-05T14:49:12+00:00
https://www.thedailystar.net/letters/amar-ekushey-sculpture-bad-shape-211699,sitemap:lm-slug,2026-10-05T14:49:12+00:00
https://www.thedailystar.net/letters/news/paying-respect-language-martyrs-1703017,sitemap:lm-slug,2026-10-05T14:49:12+00:00
https://www.thedailystar.net/letters/news/we-salute-the-martyrs-the-language-movement-1861801,sitemap:lm-slug,2026-10-05T14:49:12+00:00
https://www.thedailystar.net/letters/preserve-the-sanctity-shaheed-minar-1471039,sitemap:lm-slug,2026-10-05T14:49:12+00:00
https://www.thedailystar.net/letters/significance-ekushey-february-575236,sitemap:lm-slug,2026-10-05T14:49:12+00:00
https://www.thedailystar.net/life-living/news/4-lesser-known-facts-about-ekushey-february-3252941,sitemap:lm-slug,2026-10-05T14:49:12+00:00
https://www.thedailystar.net/life-living/news/celebrating-ekushey-2962466,sitemap:lm-slug,2026-10-05T14:49:12+00:00
https://www.thedailystar.net/life-living/news/the-ekushey-spirit-2962441,sitemap:lm-slug,2026-10-05T14:49:12+00:00
https://www.thedailystar.net/lifestyle/book-review/news/ekushe-february-ode-unforgettable-event-1869310,sitemap:lm-slug,2026-10-05T14:49:12+00:00
https://www.thedailystar.net/lifestyle/check-it-out/adroit-ekushey-1360039,sitemap:lm-slug,2026-10-05T14:49:12+00:00
https://www.thedailystar.net/lifestyle/check-it-out/amar-ekushey-february-2018-with-sadakalo-dress-collection-1537000,sitemap:lm-slug,2026-10-05T14:49:12+00:00
https://www.thedailystar.net/lifestyle/check-it-out/ekushey-foring-1536988,sitemap:lm-slug,2026-10-05T14:49:12+00:00
https://www.thedailystar.net/lifestyle/check-it-out/kay-krafts-ekushey-collection-1536994,sitemap:lm-slug,2026-10-05T14:49:12+00:00
https://www.thedailystar.net/lifestyle/check-it-out/kay-krafts-ekushey-wardrobe-511453,sitemap:lm-slug,2026-10-05T14:49:12+00:00
https://www.thedailystar.net/lifestyle/check-it-out/kay-krafts-tribute-ekushey-1360036,sitemap:lm-slug,2026-10-05T14:49:12+00:00
https://www.thedailystar.net/lifestyle/check-it-out/news/deshi-dosh-celebrates-21-february-1703914,sitemap:lm-slug,2026-10-05T14:49:12+00:00
https://www.thedailystar.net/lifestyle/check-it-out/news/ekushey-and-falgun-collection-karupalli-1703881,sitemap:lm-slug,2026-10-05T14:49:12+00:00
https://www.thedailystar.net/lifestyle/check-it-out/news/ekushey-foring-1703890,sitemap:lm-slug,2026-10-05T14:49:12+00:00
https://www.thedailystar.net/lifestyle/check-it-out/news/international-mother-language-day-anjans-1703884,sitemap:lm-slug,2026-10-05T14:49:12+00:00
https://www.thedailystar.net/lifestyle/check-it-out/news/megh-ekushey-1703878,sitemap:lm-slug,2026-10-05T14:49:12+00:00
https://www.thedailystar.net/lifestyle/check-it-out/news/nipun-presents-new-collection-intl-mother-language-day-1703893,sitemap:lm-slug,2026-10-05T14:49:12+00:00
https://www.thedailystar.net/lifestyle/check-it-out/nitya-upahar-ekushey-1363702,sitemap:lm-slug,2026-10-05T14:49:12+00:00
https://www.thedailystar.net/lifestyle/check-it-out/popular-fashion-outlet-megh-celebrating-amar-21st-february-2018-latest-dress-collection-1536997,sitemap:lm-slug,2026-10-05T14:49:12+00:00
https://www.thedailystar.net/lifestyle/news/kay-kraft-brings-ekushey-collection-3246741,sitemap:lm-slug,2026-10-05T14:49:12+00:00
https://www.thedailystar.net/lifestyle/perspective/news/ekushey-bideshi-1706284,sitemap:lm-slug,2026-10-05T14:49:12+00:00
https://www.thedailystar.net/lifestyle/spotlight/ekushey-february-2367,sitemap:lm-slug,2026-10-05T14:49:12+00:00
https://www.thedailystar.net/literature/ekushey-february-1952-to-international-mother-language-day-and-beyond-1539088,sitemap:lm-slug,2026-10-05T14:49:12+00:00
https://www.thedailystar.net/literature/news/first-poem-ekushey-3055,sitemap:lm-slug,2026-10-05T14:49:12+00:00
https://www.thedailystar.net/literature/news/prof-rafiqul-islam-witness-the-language-movement-and-the-liberation-bangladesh-1535875,sitemap:lm-slug,2026-10-05T14:49:12+00:00
https://www.thedailystar.net/literature/news/the-spirit-the-international-mother-language-day-1705948,sitemap:lm-slug,2026-10-05T14:49:12+00:00
https://www.thedailystar.net/news/bangladesh/news/abdul-aziz-silent-pillar-the-language-movement-3829951,sitemap:lm-slug,2026-10-05T14:49:12+00:00
https://www.thedailystar.net/news/bangladesh/news/amar-ekushey-fading-memories-language-heroes-4111031,sitemap:lm-slug,2026-10-05T14:49:12+00:00
https://www.thedailystar.net/news/bangladesh/news/bangabandhus-1952-trip-new-china-3095026,sitemap:lm-slug,2026-10-05T14:49:12+00:00
https://www.thedailystar.net/news/bangladesh/news/bangladesh-mission-delhi-pays-tribute-language-martyrs-3253826,sitemap:lm-slug,2026-10-05T14:49:12+00:00
https://www.thedailystar.net/news/bangladesh/news/dr-muhammad-shahidullahs-role-language-movement-3818706,sitemap:lm-slug,2026-10-05T14:49:12+00:00
https://www.thedailystar.net/news/bangladesh/news/eu-envoys-pay-homage-language-movement-martyrs-3548596,sitemap:lm-slug,2026-10-05T14:49:12+00:00
https://www.thedailystar.net/news/bangladesh/news/forgotten-hero-the-language-movement-3829821,sitemap:lm-slug,2026-10-05T14:49:12+00:00
https://www.thedailystar.net/news/bangladesh/news/homage-language-martyrs-3254111,sitemap:lm-slug,2026-10-05T14:49:12+00:00
https://www.thedailystar.net/news/bangladesh/news/honouring-the-martyrs-1952-3830146,sitemap:lm-slug,2026-10-05T14:49:12+00:00
https://www.thedailystar.net/news/bangladesh/news/honouring-the-martyrs-1952-3830481,sitemap:lm-slug,2026-10-05T14:49:12+00:00
https://www.thedailystar.net/news/bangladesh/news/indian-cyclists-the-country-pay-homage-language-heroes-3250726,sitemap:lm-slug,2026-10-05T14:49:12+00:00
https://www.thedailystar.net/news/bangladesh/news/indians-and-bangladeshis-pay-tribute-language-martyrs-no-mans-land-benapole-border-3549371,sitemap:lm-slug,2026-10-05T14:49:12+00:00
https://www.thedailystar.net/news/bangladesh/news/intl-mother-language-day-nation-pays-homage-language-martyrs-4111786,sitemap:lm-slug,2026-10-05T14:49:12+00:00
https://www.thedailystar.net/news/bangladesh/news/joy-pays-tribute-language-martyrs-highlights-bangabandhus-role-movement-2967276,sitemap:lm-slug,2026-10-05T14:49:12+00:00
https://www.thedailystar.net/news/bangladesh/news/language-movement-faridpur-3813921,sitemap:lm-slug,2026-10-05T14:49:12+00:00
https://www.thedailystar.net/news/bangladesh/news/language-movement-pabna-3815631,sitemap:lm-slug,2026-10-05T14:49:12+00:00
https://www.thedailystar.net/news/bangladesh/news/language-movement-rangpur-3817206,sitemap:lm-slug,2026-10-05T14:49:12+00:00
https://www.thedailystar.net/news/bangladesh/news/language-movement-tangail-3816451,sitemap:lm-slug,2026-10-05T14:49:12+00:00
https://www.thedailystar.net/news/bangladesh/news/language-movement-veteran-nafisa-kabir-no-more-2956591,sitemap:lm-slug,2026-10-05T14:49:12+00:00
https://www.thedailystar.net/news/bangladesh/news/language-movement-veteran-ranesh-maitra-no-more-3128431,sitemap:lm-slug,2026-10-05T14:49:12+00:00
https://www.thedailystar.net/news/bangladesh/news/my-alphabets-are-earned-blood-joy-says-tribute-language-martyrs-2952201,sitemap:lm-slug,2026-10-05T14:49:12+00:00
https://www.thedailystar.net/news/bangladesh/news/mymensingh-resists-urdu-state-language-3820301,sitemap:lm-slug,2026-10-05T14:49:12+00:00
https://www.thedailystar.net/news/bangladesh/news/nation-honours-language-heroes-3829861,sitemap:lm-slug,2026-10-05T14:49:12+00:00
https://www.thedailystar.net/news/bangladesh/news/nation-honours-language-martyrs-4110996,sitemap:lm-slug,2026-10-05T14:49:12+00:00
https://www.thedailystar.net/news/bangladesh/news/nation-set-pay-tributes-language-martyrs-tomorrow-3548681,sitemap:lm-slug,2026-10-05T14:49:12+00:00
https://www.thedailystar.net/news/bangladesh/news/passing-language-movement-hero-4000381,sitemap:lm-slug,2026-10-05T14:49:12+00:00
https://www.thedailystar.net/news/bangladesh/news/pm-slams-move-undermine-bangabandhus-role-language-movement-3252841,sitemap:lm-slug,2026-10-05T14:49:12+00:00
https://www.thedailystar.net/news/bangladesh/news/president-ca-pay-homage-language-heroes-3829691,sitemap:lm-slug,2026-10-05T14:49:12+00:00
https://www.thedailystar.net/news/bangladesh/news/president-pm-lead-nation-honouring-language-heroes-3549126,sitemap:lm-slug,2026-10-05T14:49:12+00:00
https://www.thedailystar.net/news/bangladesh/news/president-pm-pay-homage-language-movement-heroes-3253276,sitemap:lm-slug,2026-10-05T14:49:12+00:00
https://www.thedailystar.net/news/bangladesh/news/president-pm-pay-homage-language-movement-heroes-3549036,sitemap:lm-slug,2026-10-05T14:49:12+00:00
https://www.thedailystar.net/news/bangladesh/news/president-pm-pay-tribute-absentia-language-movement-martyrs-2967116,sitemap:lm-slug,2026-10-05T14:49:12+00:00
https://www.thedailystar.net/news/bangladesh/news/remembering-language-martyr-3549826,sitemap:lm-slug,2026-10-05T14:49:12+00:00
https://www.thedailystar.net/news/bangladesh/news/reverence-language-martyrs-3549866,sitemap:lm-slug,2026-10-05T14:49:12+00:00
https://www.thedailystar.net/news/bangladesh/news/the-bell-ringer-language-movement-2968276,sitemap:lm-slug,2026-10-05T14:49:12+00:00
https://www.thedailystar.net/news/bangladesh/news/tributes-language-martyrs-pour-central-shaheed-minar-3549241,sitemap:lm-slug,2026-10-05T14:49:12+00:00
https://www.thedailystar.net/news/bangladesh/news/unite-protect-dignity-language-movement-3546556,sitemap:lm-slug,2026-10-05T14:49:12+00:00
https://www.thedailystar.net/news/bangladesh/obituary/news/language-veteran-freedom-fighter-bm-kalimullah-dies-3511776,sitemap:lm-slug,2026-10-05T14:49:12+00:00
https://www.thedailystar.net/news/bangladesh/politics/news/al-destroying-the-language-movement-spirit-2967666,sitemap:lm-slug,2026-10-05T14:49:12+00:00
https://www.thedailystar.net/news/bangladesh/politics/news/jamaat-chief-cites-constitutional-obligation-tribute-language-martyrs-4111251,sitemap:lm-slug,2026-10-05T14:49:12+00:00
https://www.thedailystar.net/news/bangladesh/politics/news/language-movement-awakens-sense-nationalism-unity-tarique-3829701,sitemap:lm-slug,2026-10-05T14:49:12+00:00
https://www.thedailystar.net/news/city/language-movement-veteran-shamsul-haque-passes-away-1624555,sitemap:lm-slug,2026-10-05T14:49:12+00:00
https://www.thedailystar.net/nrb/news/paris-have-its-first-shaheed-minar-3026206,sitemap:lm-slug,2026-10-05T14:49:12+00:00
https://www.thedailystar.net/op-ed/literary-history-the-language-movement-1364386,sitemap:lm-slug,2026-10-05T14:49:12+00:00
https://www.thedailystar.net/op-ed/politics/dmch-doctor-hurt-shaheed-minar-crude-bomb-blast-5613,sitemap:lm-slug,2026-10-05T14:49:12+00:00
https://www.thedailystar.net/opinion/editorial/news/ekushey-shouldnt-be-consigned-routines-and-rituals-3549316,sitemap:lm-slug,2026-10-05T14:49:12+00:00
https://www.thedailystar.net/opinion/editorial/news/upholding-the-legacy-ekushey-3829381,sitemap:lm-slug,2026-10-05T14:49:12+00:00
https://www.thedailystar.net/opinion/news/ekushey-and-its-global-legacy-1864414,sitemap:lm-slug,2026-10-05T14:49:12+00:00
https://www.thedailystar.net/opinion/news/ekushey-february-the-legacy-and-the-challenge-1705555,sitemap:lm-slug,2026-10-05T14:49:12+00:00
https://www.thedailystar.net/opinion/online-exclusive/news/8th-episode-mujib-graphic-novel-bangabandhus-role-language-movement-couldnt-be-better-portrayed-2048201,sitemap:lm-slug,2026-10-05T14:49:12+00:00
https://www.thedailystar.net/opinion/perspective/news/debasing-the-memory-amar-ekushey-1704922,sitemap:lm-slug,2026-10-05T14:49:12+00:00
https://www.thedailystar.net/opinion/the-grudging-urbanist/news/the-political-algorithm-21st-february-1704925,sitemap:lm-slug,2026-10-05T14:49:12+00:00
https://www.thedailystar.net/opinion/views/news/do-we-still-follow-what-our-language-veterans-fought-3253006,sitemap:lm-slug,2026-10-05T14:49:12+00:00
https://www.thedailystar.net/opinion/views/news/legacy-ekushey-february-my-mothers-story-1952-3829421,sitemap:lm-slug,2026-10-05T14:49:12+00:00
https://www.thedailystar.net/opinion/views/news/whatever-happened-bangla-being-our-state-language-3253441,sitemap:lm-slug,2026-10-05T14:49:12+00:00
https://www.thedailystar.net/paying-homage-to-language-martyrs-12241,sitemap:lm-slug,2026-10-05T14:49:12+00:00
https://www.thedailystar.net/politics/khaleda-pay-tribute-language-martyrs-first-hrs-1363660,sitemap:lm-slug,2026-10-05T14:49:12+00:00
https://www.thedailystar.net/pr/news/aiub-organized-folklore-2021-symphony-the-world-celebrate-international-mother-language-day-2021-2049237,sitemap:lm-slug,2026-10-05T14:49:12+00:00
https://www.thedailystar.net/salute-to-language-heroes-12370,sitemap:lm-slug,2026-10-05T14:49:12+00:00
https://www.thedailystar.net/shout/bulletin-board/news/cub-celebrates-intl-mother-language-day-2968611,sitemap:lm-slug,2026-10-05T14:49:12+00:00
https://www.thedailystar.net/shout/bulletin-board/news/nsu-holds-virtual-discussion-martyrs-day-international-mother-language-day-2968021,sitemap:lm-slug,2026-10-05T14:49:12+00:00
https://www.thedailystar.net/shout/shaheed-minar-minecraft-2868,sitemap:lm-slug,2026-10-05T14:49:12+00:00
https://www.thedailystar.net/showbiz/deshi-grapevine/bornomala-commemorates-21st-february-1366672,sitemap:lm-slug,2026-10-05T14:49:12+00:00
https://www.thedailystar.net/showbiz/movie-review/classic/singin-the-rain-1952-1447165,sitemap:lm-slug,2026-10-05T14:49:12+00:00
https://www.thedailystar.net/showbiz/movie-review/classic/the-tragedy-othello-the-moor-venice-1952-171895,sitemap:lm-slug,2026-10-05T14:49:12+00:00
https://www.thedailystar.net/showbiz/movie-review/classic/two-cents-worth-hope-1952-175462,sitemap:lm-slug,2026-10-05T14:49:12+00:00
https://www.thedailystar.net/slum-children-paid-homage-to-language-martyrs-12418,sitemap:lm-slug,2026-10-05T14:49:12+00:00
https://www.thedailystar.net/special-events/news/people-pay-tribute-language-martyrs-3253411,sitemap:lm-slug,2026-10-05T14:49:12+00:00
https://www.thedailystar.net/star-literature/news/remembering-the-bangla-language-movement-through-literature-3256626,sitemap:lm-slug,2026-10-05T14:49:12+00:00
https://www.thedailystar.net/star-literature/news/the-language-movement-did-not-reject-the-importance-dialects-syed-manzoorul-islam-3256631,sitemap:lm-slug,2026-10-05T14:49:12+00:00
https://www.thedailystar.net/star-multimedia/culture-multimedia/news/how-the-language-movement-unfolded-faridpur-3237441,sitemap:lm-slug,2026-10-05T14:49:12+00:00
https://www.thedailystar.net/star-multimedia/culture-multimedia/news/jhenidahs-part-the-language-movement-3239071,sitemap:lm-slug,2026-10-05T14:49:12+00:00
https://www.thedailystar.net/star-multimedia/culture-multimedia/news/language-movement-jashore-3238246,sitemap:lm-slug,2026-10-05T14:49:12+00:00
https://www.thedailystar.net/star-multimedia/news-multimedia/news/bangla-state-language-sylhet-raised-the-demand-first-3259691,sitemap:lm-slug,2026-10-05T14:49:12+00:00
https://www.thedailystar.net/star-multimedia/news-multimedia/news/bogura-dr-muhammad-shahidullah-language-movement-3242651,sitemap:lm-slug,2026-10-05T14:49:12+00:00
https://www.thedailystar.net/star-multimedia/news-multimedia/news/carmichael-college-the-gateway-rangpurs-language-movement-3259936,sitemap:lm-slug,2026-10-05T14:49:12+00:00
https://www.thedailystar.net/star-multimedia/news-multimedia/news/how-mymensingh-became-hub-language-movement-3258846,sitemap:lm-slug,2026-10-05T14:49:12+00:00
https://www.thedailystar.net/star-multimedia/news-multimedia/news/khulna-city-processions-the-language-movement-3258031,sitemap:lm-slug,2026-10-05T14:49:12+00:00
https://www.thedailystar.net/star-multimedia/news-multimedia/news/language-movement-rajshahi-context-and-history-3236386,sitemap:lm-slug,2026-10-05T14:49:12+00:00
https://www.thedailystar.net/star-multimedia/news-multimedia/news/nation-pays-homage-language-martyrs-2967316,sitemap:lm-slug,2026-10-05T14:49:12+00:00
https://www.thedailystar.net/star-multimedia/news-multimedia/news/pabnas-contribution-the-language-movement-3259731,sitemap:lm-slug,2026-10-05T14:49:12+00:00
https://www.thedailystar.net/star-multimedia/news-multimedia/news/pabnas-mother-language-movement-ranesh-maitras-words-2967131,sitemap:lm-slug,2026-10-05T14:49:12+00:00
https://www.thedailystar.net/star-multimedia/news-multimedia/news/procession-held-barishal-blood-stained-clothes-language-martyr-3251311,sitemap:lm-slug,2026-10-05T14:49:12+00:00
https://www.thedailystar.net/star-multimedia/news-multimedia/news/salams-blood-stained-shirt-fired-patuakhalis-language-movement-3245716,sitemap:lm-slug,2026-10-05T14:49:12+00:00
https://www.thedailystar.net/star-multimedia/news/president-pm-pay-homage-language-martyrs-shaheed-minar-4110886,sitemap:lm-slug,2026-10-05T14:49:12+00:00
https://www.thedailystar.net/star-people/february-21-3062,sitemap:lm-slug,2026-10-05T14:49:12+00:00
https://www.thedailystar.net/star-weekend/heritage/news/the-forgotten-museum-language-movement-1705684,sitemap:lm-slug,2026-10-05T14:49:12+00:00
https://www.thedailystar.net/star-weekend/history/news/central-shaheed-minar-1705651,sitemap:lm-slug,2026-10-05T14:49:12+00:00
https://www.thedailystar.net/star-youth/news/celebrating-the-spirit-eternal-ekushey-2048737,sitemap:lm-slug,2026-10-05T14:49:12+00:00
https://www.thedailystar.net/star-youth/news/ulab-celebrates-international-mother-language-day-virtually-maisha-islam-monamee-2051565,sitemap:lm-slug,2026-10-05T14:49:12+00:00
https://www.thedailystar.net/supplements/amar-ekushe-2023/news/bengali-vehicle-abstract-thought-3253301,sitemap:lm-slug,2026-10-05T14:49:12+00:00
https://www.thedailystar.net/supplements/amar-ekushe-2023/news/remembering-zahir-raihan-language-activist-and-trailblazer-3253316,sitemap:lm-slug,2026-10-05T14:49:12+00:00
https://www.thedailystar.net/supplements/amar-ekushe-2023/news/tale-bangla-college-pioneering-use-bengali-medium-higher-education-3253346,sitemap:lm-slug,2026-10-05T14:49:12+00:00
https://www.thedailystar.net/supplements/amar-ekushe-2023/news/the-missionaries-and-the-evolution-the-bengali-language-3253396,sitemap:lm-slug,2026-10-05T14:49:12+00:00
https://www.thedailystar.net/supplements/amar-ekushe-2023/news/unexplored-facet-the-language-movements-historiography-3253326,sitemap:lm-slug,2026-10-05T14:49:12+00:00
https://www.thedailystar.net/supplements/amar-ekushe-2024/news/dr-shahidullahs-thoughts-india-and-pakistans-language-problem-3549096,sitemap:lm-slug,2026-10-05T14:49:12+00:00
https://www.thedailystar.net/supplements/amar-ekushe-2024/news/through-the-lens-rafiqul-islam-3549041,sitemap:lm-slug,2026-10-05T14:49:12+00:00
https://www.thedailystar.net/supplements/amar-ekushe-2024/news/womens-embodied-voice-the-bengali-folk-archive-3549091,sitemap:lm-slug,2026-10-05T14:49:12+00:00
https://www.thedailystar.net/supplements/amar-ekushey-2016/editors-note-575224,sitemap:lm-slug,2026-10-05T14:49:12+00:00
https://www.thedailystar.net/supplements/amar-ekushey-2016/old-bangla-prose-575218,sitemap:lm-slug,2026-10-05T14:49:12+00:00
https://www.thedailystar.net/supplements/amar-ekushey-2016/one-step-forward-two-steps-back-575194,sitemap:lm-slug,2026-10-05T14:49:12+00:00
https://www.thedailystar.net/supplements/amar-ekushey-2016/satyajit-roys-memorable-speech-dhaka-575185,sitemap:lm-slug,2026-10-05T14:49:12+00:00
https://www.thedailystar.net/supplements/amar-ekushey-2016/teaching-my-child-her-mother-tongue-575209,sitemap:lm-slug,2026-10-05T14:49:12+00:00
https://www.thedailystar.net/supplements/amar-ekushey-2016/the-economics-learning-new-language-575188,sitemap:lm-slug,2026-10-05T14:49:12+00:00
https://www.thedailystar.net/supplements/amar-ekushey-2016/the-extinction-bangla-575215,sitemap:lm-slug,2026-10-05T14:49:12+00:00
https://www.thedailystar.net/supplements/amar-ekushey-2016/the-first-ever-bangla-grammar-and-dictionary-portuguese-priest-575206,sitemap:lm-slug,2026-10-05T14:49:12+00:00
https://www.thedailystar.net/supplements/amar-ekushey-2016/the-land-the-bangalis-575191,sitemap:lm-slug,2026-10-05T14:49:12+00:00
https://www.thedailystar.net/supplements/amar-ekushey-2018/amago-bhasha-1537534,sitemap:lm-slug,2026-10-05T14:49:12+00:00
https://www.thedailystar.net/supplements/amar-ekushey-2018/language-mine-and-ours-1537960,sitemap:lm-slug,2026-10-05T14:49:12+00:00
https://www.thedailystar.net/supplements/amar-ekushey-2018/learning-the-mother-tongue-1537549,sitemap:lm-slug,2026-10-05T14:49:12+00:00
https://www.thedailystar.net/supplements/amar-ekushey-2018/news/our-hearts-forever-1704739,sitemap:lm-slug,2026-10-05T14:49:12+00:00
https://www.thedailystar.net/supplements/amar-ekushey-2018/news/rare-pictures-the-language-movement-1704730,sitemap:lm-slug,2026-10-05T14:49:12+00:00
https://www.thedailystar.net/supplements/amar-ekushey-2018/quality-literary-works-often-go-unnoticed-1537513,sitemap:lm-slug,2026-10-05T14:49:12+00:00
https://www.thedailystar.net/supplements/amar-ekushey-2018/shahidullah-linguist-and-language-activist-1537948,sitemap:lm-slug,2026-10-05T14:49:12+00:00
https://www.thedailystar.net/supplements/amar-ekushey-2018/the-language-question-17th-century-bengal-1537528,sitemap:lm-slug,2026-10-05T14:49:12+00:00
https://www.thedailystar.net/supplements/amar-ekushey-2019/news/booklet-changed-the-course-history-1704736,sitemap:lm-slug,2026-10-05T14:49:12+00:00
https://www.thedailystar.net/supplements/amar-ekushey-2019/news/language-movement-the-news-1704727,sitemap:lm-slug,2026-10-05T14:49:12+00:00
https://www.thedailystar.net/supplements/amar-ekushey-2020/news/anwara-khatun-the-outspoken-voice-1871038,sitemap:lm-slug,2026-10-05T14:49:12+00:00
https://www.thedailystar.net/supplements/amar-ekushey-2020/news/halima-begum-the-frontline-1871053,sitemap:lm-slug,2026-10-05T14:49:12+00:00
https://www.thedailystar.net/supplements/amar-ekushey-2020/news/jobeda-khanam-chowdhury-rallying-the-women-the-north-east-1871047,sitemap:lm-slug,2026-10-05T14:49:12+00:00
https://www.thedailystar.net/supplements/amar-ekushey-2020/news/laila-nur-force-resilience-1871035,sitemap:lm-slug,2026-10-05T14:49:12+00:00
https://www.thedailystar.net/supplements/amar-ekushey-2020/news/protibha-mutsuddi-indomitable-spirit-1871056,sitemap:lm-slug,2026-10-05T14:49:12+00:00
https://www.thedailystar.net/supplements/amar-ekushey-2020/news/rowshon-ara-bachchu-the-grounds-salam-barkat-and-rafiq-1871041,sitemap:lm-slug,2026-10-05T14:49:12+00:00
https://www.thedailystar.net/supplements/amar-ekushey-2020/news/sofia-khan-resolute-her-fight-against-oppression-1871050,sitemap:lm-slug,2026-10-05T14:49:12+00:00
https://www.thedailystar.net/supplements/amar-ekushey-2020/news/the-women-1952-1871065,sitemap:lm-slug,2026-10-05T14:49:12+00:00
https://www.thedailystar.net/supplements/amar-ekushey-2020/news/the-women-who-broke-the-barricades-1871062,sitemap:lm-slug,2026-10-05T14:49:12+00:00
https://www.thedailystar.net/supplements/amar-ekushey-2025/news/language-land-labour-and-liberation-reclaiming-the-radical-roots-ekushey-3829651,sitemap:lm-slug,2026-10-05T14:49:12+00:00
https://www.thedailystar.net/supplements/amar-ekushey-2025/news/preserving-indigenous-languages-through-films-3829656,sitemap:lm-slug,2026-10-05T14:49:12+00:00
https://www.thedailystar.net/supplements/amar-ekushey-2025/news/the-art-identity-and-culture-behind-book-covers-3829661,sitemap:lm-slug,2026-10-05T14:49:12+00:00
https://www.thedailystar.net/supplements/amar-ekushey-2025/news/the-impact-the-language-movement-our-national-psyche-3829631,sitemap:lm-slug,2026-10-05T14:49:12+00:00
https://www.thedailystar.net/supplements/amor-ekushey-2015/remembering-our-language-martyrs-3343,sitemap:lm-slug,2026-10-05T14:49:12+00:00
https://www.thedailystar.net/supplements/how-february-21-became-ekushey-1364308,sitemap:lm-slug,2026-10-05T14:49:12+00:00
https://www.thedailystar.net/top-news/grateful-nation-paying-homage-language-martyrs-3084,sitemap:lm-slug,2026-10-05T14:49:12+00:00
https://www.thedailystar.net/tributes-to-language-heroes-12468,sitemap:lm-slug,2026-10-05T14:49:12+00:00
https://www.thedailystar.net/views/editorial/news/indomitable-ekushey-2966781,sitemap:lm-slug,2026-10-05T14:49:12+00:00
https://www.thedailystar.net/views/opinion/news/our-language-movement-moments-momentum-milieu-2966801,sitemap:lm-slug,2026-10-05T14:49:12+00:00
https://www.thedailystar.net/women-language-movement-heroes-of-nilphamari-65544,sitemap:lm-slug,2026-10-05T14:49:12+00:00
https://www.thedailystar.net/bangabandhu-march-7-speech-the-real-declaration-of-bangladesh-independence-2056401,push:sitemap-review,2026-10-06T10:54:43+00:00
https://www.thedailystar.net/the-songsmith-who-inspired-freedom-fighters-60424,push:sitemap-review,2026-10-06T10:54:43+00:00
https://www.thedailystar.net/freedom-61021,push:sitemap-review,2026-10-06T10:54:43+00:00
https://www.thedailystar.net/moment-of-surrender-64293,push:sitemap-review,2026-10-06T10:54:43+00:00
https://www.thedailystar.net/ekushey-february-64940,push:sitemap-review,2026-10-06T10:54:43+00:00
https://www.thedailystar.net/international-war-crimes-tribunal-a-performance-review-4679,push:sitemap-review,2026-10-06T10:54:43+00:00
https://www.thedailystar.net/freedom-never-came-for-him-5097,push:sitemap-review,2026-10-06T10:54:43+00:00
https://www.thedailystar.net/a-vote-for-war-crimes-trial-5664,push:sitemap-review,2026-10-06T10:54:43+00:00
https://www.thedailystar.net/the-freedom-fighter-7028,push:sitemap-review,2026-10-06T10:54:43+00:00
https://www.thedailystar.net/war-heroine-rahela-still-at-war-with-life-7914,push:sitemap-review,2026-10-06T10:54:43+00:00
https://www.thedailystar.net/ekushey-in-our-collective-soul-9364,push:sitemap-review,2026-10-06T10:54:43+00:00
https://www.thedailystar.net/shaheed-minar-9603,push:sitemap-review,2026-10-06T10:54:43+00:00
https://www.thedailystar.net/remembering-a-martyr-10046,push:sitemap-review,2026-10-06T10:54:43+00:00
https://www.thedailystar.net/a-fitting-tribute-to-the-martyrs-11896,push:sitemap-review,2026-10-06T10:54:43+00:00
https://www.thedailystar.net/spirit-of-ekushey-12250,push:sitemap-review,2026-10-06T10:54:43+00:00
https://www.thedailystar.net/the-song-that-epitomises-ekushey-12256,push:sitemap-review,2026-10-06T10:54:43+00:00
https://www.thedailystar.net/shaheed-dhirendranath-dutta-12254,push:sitemap-review,2026-10-06T10:54:43+00:00
https://www.thedailystar.net/the-first-ekushey-poem-12253,push:sitemap-review,2026-10-06T10:54:43+00:00
https://www.thedailystar.net/the-eternal-ekushey-12262,push:sitemap-review,2026-10-06T10:54:43+00:00
https://www.thedailystar.net/the-relevance-of-ekushey-12249,push:sitemap-review,2026-10-06T10:54:43+00:00
https://www.thedailystar.net/opinions-of-a-handful-of-martyrs-12264,push:sitemap-review,2026-10-06T10:54:43+00:00
https://www.thedailystar.net/ekushey-february-the-seed-of-bengali-nationhood-12959,push:sitemap-review,2026-10-06T10:54:43+00:00
https://www.thedailystar.net/tribute-to-a-lost-martyr-13123,push:sitemap-review,2026-10-06T10:54:43+00:00
https://www.thedailystar.net/tikka-khan-arrives-in-dhaka-14310,push:sitemap-review,2026-10-06T10:54:43+00:00
https://www.thedailystar.net/bhashani-calls-for-freedom-14728,push:sitemap-review,2026-10-06T10:54:43+00:00
https://www.thedailystar.net/uk-us-ignored-genocide-threat-14876,push:sitemap-review,2026-10-06T10:54:43+00:00
https://www.thedailystar.net/yahya-will-be-our-guest-14881,push:sitemap-review,2026-10-06T10:54:43+00:00
https://www.thedailystar.net/freedom-15085,push:sitemap-review,2026-10-06T10:54:43+00:00
https://www.thedailystar.net/yahya-arrives-in-dhaka-15634,push:sitemap-review,2026-10-06T10:54:43+00:00
https://www.thedailystar.net/mujib-yahya-meet-behind-closed-doors-15745,push:sitemap-review,2026-10-06T10:54:43+00:00
https://www.thedailystar.net/an-angry-yahya-16392,push:sitemap-review,2026-10-06T10:54:43+00:00
https://www.thedailystar.net/bhutto-flies-in-16549,push:sitemap-review,2026-10-06T10:54:43+00:00
https://www.thedailystar.net/mujib-cautions-bhutto-16682,push:sitemap-review,2026-10-06T10:54:43+00:00
https://www.thedailystar.net/bangabandhu-proposes-confederation-16996,push:sitemap-review,2026-10-06T10:54:43+00:00
https://www.thedailystar.net/pakistan-army-turns-killer-17127,push:sitemap-review,2026-10-06T10:54:43+00:00
https://www.thedailystar.net/a-nation-goes-to-war-for-freedom-17264,push:sitemap-review,2026-10-06T10:54:43+00:00
https://www.thedailystar.net/the-colours-and-conscience-of-independence-17371,push:sitemap-review,2026-10-06T10:54:43+00:00
https://www.thedailystar.net/victory-17194,push:sitemap-review,2026-10-06T10:54:43+00:00
https://www.thedailystar.net/he-saved-freedom-fighters-in-pabna-17599,push:sitemap-review,2026-10-06T10:54:43+00:00
https://www.thedailystar.net/why-this-surrender-17687,push:sitemap-review,2026-10-06T10:54:43+00:00
https://www.thedailystar.net/a-memorable-independence-day-18259,push:sitemap-review,2026-10-06T10:54:43+00:00
https://www.thedailystar.net/war-crimes-tribunals-aim-to-end-culture-of-impunity-18359,push:sitemap-review,2026-10-06T10:54:43+00:00
https://www.thedailystar.net/the-taste-of-freedom-18403,push:sitemap-review,2026-10-06T10:54:43+00:00
https://www.thedailystar.net/unilateral-declaration-of-independence-18848,push:sitemap-review,2026-10-06T10:54:43+00:00
https://www.thedailystar.net/zias-declaration-19001,push:sitemap-review,2026-10-06T10:54:43+00:00
https://www.thedailystar.net/mujib-bhutto-and-lost-times-19291,push:sitemap-review,2026-10-06T10:54:43+00:00
https://www.thedailystar.net/redefining-the-spirit-of-proclamation-of-independence-20291,push:sitemap-review,2026-10-06T10:54:43+00:00
https://www.thedailystar.net/restoring-tajuddin-in-history-22755,push:sitemap-review,2026-10-06T10:54:43+00:00
https://www.thedailystar.net/surrender-26606,push:sitemap-review,2026-10-06T10:54:43+00:00
https://www.thedailystar.net/six-points-and-a-long-ago-june-27334,push:sitemap-review,2026-10-06T10:54:43+00:00
https://www.thedailystar.net/doctor-martyred-for-his-faith-28131,push:sitemap-review,2026-10-06T10:54:43+00:00
https://www.thedailystar.net/the-two-economies-thesis-road-to-the-six-points-programme-29679,push:sitemap-review,2026-10-06T10:54:43+00:00
https://www.thedailystar.net/a-walk-through-a-killing-ground-34145,push:sitemap-review,2026-10-06T10:54:43+00:00
https://www.thedailystar.net/some-suggestions-on-ffs-criteria-38365,push:sitemap-review,2026-10-06T10:54:43+00:00
https://www.thedailystar.net/why-are-fake-ffs-still-in-job-38650,push:sitemap-review,2026-10-06T10:54:43+00:00
https://www.thedailystar.net/surviving-a-genocide-38931,push:sitemap-review,2026-10-06T10:54:43+00:00
https://www.thedailystar.net/weed-out-fake-ffs-cancel-their-certificates-40102,push:sitemap-review,2026-10-06T10:54:43+00:00
https://www.thedailystar.net/the-children-of-tajuddin-ahmad-40915,push:sitemap-review,2026-10-06T10:54:43+00:00
https://www.thedailystar.net/listing-of-freedom-fighters-42435,push:sitemap-review,2026-10-06T10:54:43+00:00
https://www.thedailystar.net/war-crimes-trial-and-transparency-of-justice-42574,push:sitemap-review,2026-10-06T10:54:43+00:00
https://www.thedailystar.net/back-trial-of-war-crimes-43640,push:sitemap-review,2026-10-06T10:54:43+00:00
https://www.thedailystar.net/is-presidential-clemency-possible-for-war-criminals-46622,push:sitemap-review,2026-10-06T10:54:43+00:00
https://www.thedailystar.net/death-of-war-crimes-mastermind-47652,push:sitemap-review,2026-10-06T10:54:43+00:00
https://www.thedailystar.net/war-heroines-still-not-recognised-47697,push:sitemap-review,2026-10-06T10:54:43+00:00
https://www.thedailystar.net/faking-freedom-fighter-identity-48285,push:sitemap-review,2026-10-06T10:54:43+00:00
https://www.thedailystar.net/the-inimitable-martyrdom-48740,push:sitemap-review,2026-10-06T10:54:43+00:00
https://www.thedailystar.net/strip-war-criminals-of-right-to-presidential-clemency-48970,push:sitemap-review,2026-10-06T10:54:43+00:00
https://www.thedailystar.net/propaganda-and-the-war-crimes-trial-49149,push:sitemap-review,2026-10-06T10:54:43+00:00
https://www.thedailystar.net/two-icons-of-independence-movement-49227,push:sitemap-review,2026-10-06T10:54:43+00:00
https://www.thedailystar.net/fake-war-heroes-must-face-justice-49507,push:sitemap-review,2026-10-06T10:54:43+00:00
https://www.thedailystar.net/propaganda-and-the-war-crimes-trial-published-on-november-7-2014-49509,push:sitemap-review,2026-10-06T10:54:43+00:00
https://www.thedailystar.net/chittagong-freedom-fighter-haris-54471,push:sitemap-review,2026-10-06T10:54:43+00:00
https://www.thedailystar.net/urban-guerrilla-asad-part-2-54452,push:sitemap-review,2026-10-06T10:54:43+00:00
https://www.thedailystar.net/the-curious-case-of-the-195-war-criminals-50939,push:sitemap-review,2026-10-06T10:54:43+00:00
https://www.thedailystar.net/bangabondhu-and-tajuddin-ahmed-50957,push:sitemap-review,2026-10-06T10:54:43+00:00
https://www.thedailystar.net/urban-guerrilla-asad-part-1-56698,push:sitemap-review,2026-10-06T10:54:43+00:00
https://www.thedailystar.net/remembering-the-martyr-51285,push:sitemap-review,2026-10-06T10:54:43+00:00
https://www.thedailystar.net/71-warship-reduced-to-heap-of-scrap-51656,push:sitemap-review,2026-10-06T10:54:43+00:00
https://www.thedailystar.net/guerrilla-fighter-shahzaman-part-1-54481,push:sitemap-review,2026-10-06T10:54:43+00:00
https://www.thedailystar.net/the-collaborator-51736,push:sitemap-review,2026-10-06T10:54:43+00:00
https://www.thedailystar.net/war-crimes-researcher-shahriar-part-3-54833,push:sitemap-review,2026-10-06T10:54:43+00:00
https://www.thedailystar.net/celebration-of-victory-51989,push:sitemap-review,2026-10-06T10:54:43+00:00
https://www.thedailystar.net/will-east-pakistan-break-away-51713,push:sitemap-review,2026-10-06T10:54:43+00:00
https://www.thedailystar.net/war-crimes-researcher-shahriar-part-2-54832,push:sitemap-review,2026-10-06T10:54:43+00:00
https://www.thedailystar.net/the-collaborator-52171,push:sitemap-review,2026-10-06T10:54:43+00:00
https://www.thedailystar.net/war-crimes-researcher-shahriar-part-1-55383,push:sitemap-review,2026-10-06T10:54:43+00:00
https://www.thedailystar.net/guerrilla-commander-bachchu-part-2-54483,push:sitemap-review,2026-10-06T10:54:43+00:00
https://www.thedailystar.net/71-warship-reduced-to-heap-of-scrap-nov-23-2014-52627,push:sitemap-review,2026-10-06T10:54:43+00:00
https://www.thedailystar.net/guerrilla-commander-bachchu-part-1-54609,push:sitemap-review,2026-10-06T10:54:43+00:00
https://www.thedailystar.net/sector-commander-shafiullah-part-3-55379,push:sitemap-review,2026-10-06T10:54:43+00:00
https://www.thedailystar.net/apathy-towards-a-freedom-fighters-memory-52927,push:sitemap-review,2026-10-06T10:54:43+00:00
https://www.thedailystar.net/sector-commander-shafiullah-part-2-54668,push:sitemap-review,2026-10-06T10:54:43+00:00
https://www.thedailystar.net/mass-grave-of-martyrs-in-grave-condition-52924,push:sitemap-review,2026-10-06T10:54:43+00:00
https://www.thedailystar.net/9-months-to-freedom-53028,push:sitemap-review,2026-10-06T10:54:43+00:00
https://www.thedailystar.net/songs-of-liberation-53036,push:sitemap-review,2026-10-06T10:54:43+00:00
https://www.thedailystar.net/saving-war-babies-53124,push:sitemap-review,2026-10-06T10:54:43+00:00
https://www.thedailystar.net/sector-commander-shafiullah-part-1-54667,push:sitemap-review,2026-10-06T10:54:43+00:00
https://www.thedailystar.net/east-pakistans-independence-pressed-as-price-of-peace-53355,push:sitemap-review,2026-10-06T10:54:43+00:00
https://www.thedailystar.net/west-pakistan-armys-surrender-at-chittagong-53377,push:sitemap-review,2026-10-06T10:54:43+00:00
https://www.thedailystar.net/gen-agha-mohammad-yahya-khan-3-53757,push:sitemap-review,2026-10-06T10:54:43+00:00
https://www.thedailystar.net/gen-agha-mohammad-yahya-khan-4-53756,push:sitemap-review,2026-10-06T10:54:43+00:00
https://www.thedailystar.net/za-bhutto-had-changed-35-pages-of-hamood-commission-report-53758,push:sitemap-review,2026-10-06T10:54:43+00:00
https://www.thedailystar.net/when-the-tiger-of-pakistan-was-humbled-by-surrender-53752,push:sitemap-review,2026-10-06T10:54:43+00:00
https://www.thedailystar.net/more-areas-to-celebrate-day-of-freedom-today-53921,push:sitemap-review,2026-10-06T10:54:43+00:00
https://www.thedailystar.net/celebration-of-victory-54463,push:sitemap-review,2026-10-06T10:54:43+00:00
https://www.thedailystar.net/patuakhali-pirojpur-ffs-hoist-flags-on-this-day-54051,push:sitemap-review,2026-10-06T10:54:43+00:00
https://www.thedailystar.net/will-east-pakistan-break-away-54454,push:sitemap-review,2026-10-06T10:54:43+00:00
https://www.thedailystar.net/editorial-pakistan-genocide-54142,push:sitemap-review,2026-10-06T10:54:43+00:00
https://www.thedailystar.net/pakistan-army-lay-waste-to-bengal-54147,push:sitemap-review,2026-10-06T10:54:43+00:00
https://www.thedailystar.net/pakistan-guilty-of-genocide-54148,push:sitemap-review,2026-10-06T10:54:43+00:00
https://www.thedailystar.net/guerrillas-rekindle-hopes-means-of-revolution-54150,push:sitemap-review,2026-10-06T10:54:43+00:00
https://www.thedailystar.net/editorial-genocide-54153,push:sitemap-review,2026-10-06T10:54:43+00:00
https://www.thedailystar.net/bengalis-reported-still-fighting-in-east-pakistan-54162,push:sitemap-review,2026-10-06T10:54:43+00:00
https://www.thedailystar.net/analysis-nixon-and-pakistan-an-unpopular-alliance-54177,push:sitemap-review,2026-10-06T10:54:43+00:00
https://www.thedailystar.net/bangladesh-refugees-return-from-india-54555,push:sitemap-review,2026-10-06T10:54:43+00:00
https://www.thedailystar.net/rare-footage-on-bangabandhu-by-abc-news-54605,push:sitemap-review,2026-10-06T10:54:43+00:00
https://www.thedailystar.net/bangladesh-refugees-airlifted-out-of-pakistan-54550,push:sitemap-review,2026-10-06T10:54:43+00:00
https://www.thedailystar.net/stop-genocide-a-film-by-zahir-raihan-54510,push:sitemap-review,2026-10-06T10:54:43+00:00
https://www.thedailystar.net/9-months-to-freedom-1975-by-indian-filmmaker-s-sukhdev-54487,push:sitemap-review,2026-10-06T10:54:43+00:00
https://www.thedailystar.net/yahya-khans-address-to-nation-on-fall-of-dhaka-54502,push:sitemap-review,2026-10-06T10:54:43+00:00
https://www.thedailystar.net/bangladesh-s-struggle-for-independence-1947-71-part-1-54533,push:sitemap-review,2026-10-06T10:54:43+00:00
https://www.thedailystar.net/bangabandhu-briefs-media-in-london-jan-8-1972-54466,push:sitemap-review,2026-10-06T10:54:43+00:00
https://www.thedailystar.net/bangladesh-s-struggle-for-independence-71-and-after-part-2-54535,push:sitemap-review,2026-10-06T10:54:43+00:00
https://www.thedailystar.net/civil-war-flares-in-east-pakistan-54363,push:sitemap-review,2026-10-06T10:54:43+00:00
https://www.thedailystar.net/civil-war-flares-in-east-pakistan-54367,push:sitemap-review,2026-10-06T10:54:43+00:00
https://www.thedailystar.net/east-pakistan-battles-erupt-54374,push:sitemap-review,2026-10-06T10:54:43+00:00
https://www.thedailystar.net/east-pakistan-governor-resigns-54375,push:sitemap-review,2026-10-06T10:54:43+00:00
https://www.thedailystar.net/east-pakistan-league-tied-to-massacre-54376,push:sitemap-review,2026-10-06T10:54:43+00:00
https://www.thedailystar.net/east-pakistan-rebels-battle-of-independence-54378,push:sitemap-review,2026-10-06T10:54:43+00:00
https://www.thedailystar.net/east-pakistan-sets-guerrilla-campaign-54381,push:sitemap-review,2026-10-06T10:54:43+00:00
https://www.thedailystar.net/editorial-east-pakistans-unheeded-agony-54382,push:sitemap-review,2026-10-06T10:54:43+00:00
https://www.thedailystar.net/east-pakistan-rebels-say-war-is-for-independence-54384,push:sitemap-review,2026-10-06T10:54:43+00:00
https://www.thedailystar.net/east-pakistan-rebels-told-to-go-underground-54385,push:sitemap-review,2026-10-06T10:54:43+00:00
https://www.thedailystar.net/east-pakistan-rebels-unafraid-of-being-caught-or-identified-54386,push:sitemap-review,2026-10-06T10:54:43+00:00
https://www.thedailystar.net/east-pakistan-regulars-told-to-report-to-units-54393,push:sitemap-review,2026-10-06T10:54:43+00:00
https://www.thedailystar.net/surrender-bid-thwarted-54424,push:sitemap-review,2026-10-06T10:54:43+00:00
https://www.thedailystar.net/heroic-jamalpur-ffs-hoist-flag-of-freedom-on-this-day-54537,push:sitemap-review,2026-10-06T10:54:43+00:00
https://www.thedailystar.net/day-to-remember-a-bir-shreshtha-54538,push:sitemap-review,2026-10-06T10:54:43+00:00
https://www.thedailystar.net/bangladesh-shows-war-crimes-trial-standards-54578,push:sitemap-review,2026-10-06T10:54:43+00:00
https://www.thedailystar.net/freedom-fighters-in-action-55376,push:sitemap-review,2026-10-06T10:54:43+00:00
https://www.thedailystar.net/several-more-areas-were-liberated-on-this-day-54978,push:sitemap-review,2026-10-06T10:54:43+00:00
https://www.thedailystar.net/utter-disrespect-to-two-martyrs-of-bogra-54980,push:sitemap-review,2026-10-06T10:54:43+00:00
https://www.thedailystar.net/in-videos-war-heroes-talk-to-the-daily-star-55313,push:sitemap-review,2026-10-06T10:54:43+00:00
https://www.thedailystar.net/east-pakistan-secedes-civil-war-breaks-out-55133,push:sitemap-review,2026-10-06T10:54:43+00:00
https://www.thedailystar.net/march-26-massacre-at-du-54593,push:sitemap-review,2026-10-06T10:54:43+00:00
https://www.thedailystar.net/bahola-people-recall-brutal-killing-of-32-by-pak-army-55189,push:sitemap-review,2026-10-06T10:54:43+00:00
https://www.thedailystar.net/where-grows-the-spirit-of-liberation-55180,push:sitemap-review,2026-10-06T10:54:43+00:00
https://www.thedailystar.net/the-sacrifice-of-intellectuals-55175,push:sitemap-review,2026-10-06T10:54:43+00:00
https://www.thedailystar.net/day-of-his-martyrdom-passes-off-silently-55396,push:sitemap-review,2026-10-06T10:54:43+00:00
https://www.thedailystar.net/more-areas-were-freed-on-this-day-55399,push:sitemap-review,2026-10-06T10:54:43+00:00
https://www.thedailystar.net/anisuzzamans-autobiography-kaal-nirobodhi-and-amar-ekattor-55386,push:sitemap-review,2026-10-06T10:54:43+00:00
https://www.thedailystar.net/most-freedom-fighters-left-unrecognised-55453,push:sitemap-review,2026-10-06T10:54:43+00:00
https://www.thedailystar.net/ginsberg-and-september-71-55325,push:sitemap-review,2026-10-06T10:54:43+00:00
https://www.thedailystar.net/the-cost-of-freedom-55326,push:sitemap-review,2026-10-06T10:54:43+00:00
https://www.thedailystar.net/our-victory-day-55534,push:sitemap-review,2026-10-06T10:54:43+00:00
https://www.thedailystar.net/saddest-part-of-1971s-surrender-ceremony-55541,push:sitemap-review,2026-10-06T10:54:43+00:00
https://www.thedailystar.net/mass-graves-about-to-be-obliterated-for-neglect-55549,push:sitemap-review,2026-10-06T10:54:43+00:00
https://www.thedailystar.net/ctg-neglects-mass-graves-of-martyrs-55609,push:sitemap-review,2026-10-06T10:54:43+00:00
https://www.thedailystar.net/genocide-they-wrote-55587,push:sitemap-review,2026-10-06T10:54:43+00:00
https://www.thedailystar.net/memories-of-martyred-azizul-preserved-finally-55627,push:sitemap-review,2026-10-06T10:54:43+00:00
https://www.thedailystar.net/pabna-was-freed-2-days-after-countrys-victory-55864,push:sitemap-review,2026-10-06T10:54:43+00:00
https://www.thedailystar.net/road-pillar-with-martyrs-name-disappears-nobody-concerned-55862,push:sitemap-review,2026-10-06T10:54:43+00:00
https://www.thedailystar.net/the-songs-of-freedom-55800,push:sitemap-review,2026-10-06T10:54:43+00:00
https://www.thedailystar.net/chimes-of-freedom-55810,push:sitemap-review,2026-10-06T10:54:43+00:00
https://www.thedailystar.net/road-to-freedom-55813,push:sitemap-review,2026-10-06T10:54:43+00:00
https://www.thedailystar.net/ff-kashem-fakir-now-fights-for-a-morsel-of-bread-56032,push:sitemap-review,2026-10-06T10:54:43+00:00
https://www.thedailystar.net/71-campaign-that-never-really-worked-56055,push:sitemap-review,2026-10-06T10:54:43+00:00
https://www.thedailystar.net/photograph-a-mother-and-her-children-at-west-bengal-refugee-camp-56146,push:sitemap-review,2026-10-06T10:54:43+00:00
https://www.thedailystar.net/freedom-in-the-air-56209,push:sitemap-review,2026-10-06T10:54:43+00:00
https://www.thedailystar.net/killing-grounds-left-uncared-for-dec-15-2014-56289,push:sitemap-review,2026-10-06T10:54:43+00:00
https://www.thedailystar.net/their-sacrifice-for-freedom-must-be-requited-56425,push:sitemap-review,2026-10-06T10:54:43+00:00
https://www.thedailystar.net/freedom-in-the-air-56494,push:sitemap-review,2026-10-06T10:54:43+00:00
https://www.thedailystar.net/urban-guerrilla-asad-part-1-54451,push:sitemap-review,2026-10-06T10:54:43+00:00
https://www.thedailystar.net/man-who-formed-own-force-to-stop-freedom-fighters-56852,push:sitemap-review,2026-10-06T10:54:43+00:00
https://www.thedailystar.net/freedom-in-the-air-57225,push:sitemap-review,2026-10-06T10:54:43+00:00
https://www.thedailystar.net/prof-abdur-razzaq-on-indias-partition-and-independence-57586,push:sitemap-review,2026-10-06T10:54:43+00:00
https://www.thedailystar.net/songs-of-freedom-57663,push:sitemap-review,2026-10-06T10:54:43+00:00
https://www.thedailystar.net/war-crimes-trial-57719,push:sitemap-review,2026-10-06T10:54:43+00:00
https://www.thedailystar.net/tajuddin-ahmed-capturing-moments-in-time-1883,push:sitemap-review,2026-10-06T10:54:43+00:00
https://www.thedailystar.net/anti-liberation-forces-in-war-against-state-2144,push:sitemap-review,2026-10-06T10:54:43+00:00
https://www.thedailystar.net/the-walk-of-victory-2219,push:sitemap-review,2026-10-06T10:54:43+00:00
https://www.thedailystar.net/freedom-on-air-2231,push:sitemap-review,2026-10-06T10:54:43+00:00
https://www.thedailystar.net/justice-triumphs-freedom-wins-2255,push:sitemap-review,2026-10-06T10:54:43+00:00
https://www.thedailystar.net/93-yr-old-freedom-fighter-struggles-for-existence-2300,push:sitemap-review,2026-10-06T10:54:43+00:00
https://www.thedailystar.net/rafiqul-alam-a-valiant-soldier-of-the-71-music-squad-2456,push:sitemap-review,2026-10-06T10:54:43+00:00
https://www.thedailystar.net/genocide-2580,push:sitemap-review,2026-10-06T10:54:43+00:00
https://www.thedailystar.net/war-crimes-kerry-history-2587,push:sitemap-review,2026-10-06T10:54:43+00:00
https://www.thedailystar.net/kishoreganj-people-tasted-freedom-a-day-after-victory-2660,push:sitemap-review,2026-10-06T10:54:43+00:00
https://www.thedailystar.net/the-essence-of-victory-2708,push:sitemap-review,2026-10-06T10:54:43+00:00
https://www.thedailystar.net/bangladesh-first-and-the-glory-of-war-of-independence-2734,push:sitemap-review,2026-10-06T10:54:43+00:00
https://www.thedailystar.net/the-jamaat-and-the-pakistan-army-2856,push:sitemap-review,2026-10-06T10:54:43+00:00
https://www.thedailystar.net/pabna-rajshahi-were-freed-two-days-after-final-victory-2952,push:sitemap-review,2026-10-06T10:54:43+00:00
https://www.thedailystar.net/remembering-victory-3102,push:sitemap-review,2026-10-06T10:54:43+00:00
https://www.thedailystar.net/pakistans-concern-over-war-crimes-trial-3264,push:sitemap-review,2026-10-06T10:54:43+00:00
https://www.thedailystar.net/victory-of-a-concept-called-bangladesh-3389,push:sitemap-review,2026-10-06T10:54:43+00:00
https://www.thedailystar.net/our-debt-to-the-muktis-3392,push:sitemap-review,2026-10-06T10:54:43+00:00
https://www.thedailystar.net/revisiting-71-thru-genocide-3972,push:sitemap-review,2026-10-06T10:54:43+00:00
https://www.thedailystar.net/star-multimedia/news/let-71-stand-above-everything-else-us-mahfuz-anam-4123621,push:sitemap-review,2026-10-06T10:54:43+00:00
https://www.thedailystar.net/opinion/views/news/how-east-pakistan-became-bangladesh-global-media-4136291,push:sitemap-review,2026-10-06T10:54:43+00:00
https://www.thedailystar.net/books-literature/news/bhasha-andoloner-itihash-bashir-al-helal-3830256,push:sitemap-review,2026-10-06T10:54:43+00:00
https://www.thedailystar.net/ds/wisdom/news/red-green-flag-and-comfort-forgetting-independence-4065226,push:sitemap-review,2026-10-06T10:54:43+00:00
https://www.thedailystar.net/star-multimedia/news-multimedia/news/massive-resistance-the-people-briefly-liberated-pabna-3260706,push:sitemap-review,2026-10-06T10:54:43+00:00
https://www.thedailystar.net/star-multimedia/news/how-the-1970-bhola-cyclone-changed-pakistans-history-3319716,push:sitemap-review,2026-10-06T10:54:43+00:00
https://www.thedailystar.net/opinion/views/news/peace-freedom-and-memorialisation-3475871,push:sitemap-review,2026-10-06T10:54:43+00:00
https://www.thedailystar.net/star-multimedia/news-multimedia/news/the-village-mass-graves-3495301,push:sitemap-review,2026-10-06T10:54:43+00:00
https://www.thedailystar.net/star-multimedia/news-multimedia/news/operation-nut-crack-liberated-eastern-region-including-sylhet-3497606,push:sitemap-review,2026-10-06T10:54:43+00:00
https://www.thedailystar.net/star-multimedia/news-multimedia/news/rajarbagh-police-lines-where-liberation-wars-first-armed-resistance-took-place-2990501,push:sitemap-review,2026-10-06T10:54:43+00:00
https://www.thedailystar.net/views/editorial/news/51-years-freedom-2990951,push:sitemap-review,2026-10-06T10:54:43+00:00
https://www.thedailystar.net/opinion/news/my-father-laid-down-his-life-our-freedom-i-couldnt-be-prouder-him-2067305,push:sitemap-review,2026-10-06T10:54:43+00:00
https://www.thedailystar.net/lifestyle/news/slogans-freedom-2072757,push:sitemap-review,2026-10-06T10:54:43+00:00
https://www.thedailystar.net/star-multimedia/news/state-fails-recognise-woman-who-sold-land-feed-freedom-fighters-2157851,push:sitemap-review,2026-10-06T10:54:43+00:00
https://www.thedailystar.net/star-multimedia/news-multimedia/news/freedom-fighters-reminisce-about-the-house-ijjat-ali-2167646,push:sitemap-review,2026-10-06T10:54:43+00:00
https://www.thedailystar.net/star-multimedia/news-multimedia/news/terosree-genocide-50-years-hope-state-recognition-continues-2910366,push:sitemap-review,2026-10-06T10:54:43+00:00
https://www.thedailystar.net/star-multimedia/news-multimedia/news/ahmed-alis-war-liberation-2913931,push:sitemap-review,2026-10-06T10:54:43+00:00
https://www.thedailystar.net/star-multimedia/news-multimedia/news/bir-shreshtha-captain-mohiuddin-jahangir-the-eyes-his-comrades-2917626,push:sitemap-review,2026-10-06T10:54:43+00:00
https://www.thedailystar.net/star-multimedia/news-multimedia/news/train-massacre-2918931,push:sitemap-review,2026-10-06T10:54:43+00:00
https://www.thedailystar.net/star-multimedia/news-multimedia/news/door-left-open-50-years-freedom-fighter-son-2919116,push:sitemap-review,2026-10-06T10:54:43+00:00
https://www.thedailystar.net/star-multimedia/news-multimedia/news/massacre-began-two-killings-2920471,push:sitemap-review,2026-10-06T10:54:43+00:00
https://www.thedailystar.net/lifestyle/news/shahid-sergeant-zahurul-haque-intimate-profile-1884949,push:sitemap-review,2026-10-06T10:54:43+00:00
https://www.thedailystar.net/lifestyle/news/quest-freedom-1980805,push:sitemap-review,2026-10-06T10:54:43+00:00
https://www.thedailystar.net/star-weekend/mailbox/news/role-mother-language-1705510,push:sitemap-review,2026-10-06T10:54:43+00:00
https://www.thedailystar.net/opinion/tribute/news/the-man-who-fearlessly-fought-freedom-1745398,push:sitemap-review,2026-10-06T10:54:43+00:00
https://www.thedailystar.net/opinion/shifting-images/news/passage-freedom-1841047,push:sitemap-review,2026-10-06T10:54:43+00:00
https://www.thedailystar.net/opinion/cross-talk/moving-martyrdom-trail-track-1355050,push:sitemap-review,2026-10-06T10:54:43+00:00
https://www.thedailystar.net/literature/news/our-muktijuddho-and-the-americans-1384561,push:sitemap-review,2026-10-06T10:54:43+00:00
https://www.thedailystar.net/star-weekend/remembrance/bangabandhu-and-the-birth-our-nation-1450024,push:sitemap-review,2026-10-06T10:54:43+00:00
https://www.thedailystar.net/op-ed/politics/how-bangabandhu-flew-london-199858,push:sitemap-review,2026-10-06T10:54:43+00:00
https://www.thedailystar.net/star-weekend/spotlight/the-taste-freedom-212554,push:sitemap-review,2026-10-06T10:54:43+00:00
https://www.thedailystar.net/op-ed/the-first-shahid-minar-575251,push:sitemap-review,2026-10-06T10:54:43+00:00
https://www.thedailystar.net/op-ed/politics/the-call-freedom-787186,push:sitemap-review,2026-10-06T10:54:43+00:00
https://www.thedailystar.net/op-ed/opinion-nizami-mojaheed-were-war-heroes-1229713,push:sitemap-review,2026-10-06T10:54:43+00:00
https://www.thedailystar.net/op-ed/recent-events-east-pakistan-71638,push:sitemap-review,2026-10-06T10:54:43+00:00
https://www.thedailystar.net/op-ed/politics/fear-and-freedom-71990,push:sitemap-review,2026-10-06T10:54:43+00:00
https://www.thedailystar.net/month-victory/watch-tale-the-tea-garden-workers-188602,push:sitemap-review,2026-10-06T10:54:43+00:00
https://www.thedailystar.net/backpage/news/yahya-suspends-national-assemblys-inaugural-session-2052657,push:sitemap-review,2026-10-06T10:54:43+00:00
https://www.thedailystar.net/backpage/news/bangabandhu-rejects-yahyas-roundtable-invitation-2053913,push:sitemap-review,2026-10-06T10:54:43+00:00
https://www.thedailystar.net/backpage/news/yahya-opts-tougher-line-2055685,push:sitemap-review,2026-10-06T10:54:43+00:00
https://www.thedailystar.net/frontpage/news/thus-spoke-mujib-2056057,push:sitemap-review,2026-10-06T10:54:43+00:00
https://www.thedailystar.net/frontpage/news/it-was-declaration-independence-2056549,push:sitemap-review,2026-10-06T10:54:43+00:00
https://www.thedailystar.net/backpage/news/tikka-khan-refused-oath-2056593,push:sitemap-review,2026-10-06T10:54:43+00:00
https://www.thedailystar.net/backpage/news/bhuttos-telegram-bangabandhu-2058465,push:sitemap-review,2026-10-06T10:54:43+00:00
https://www.thedailystar.net/backpage/news/will-bangabandhu-call-yahya-2059053,push:sitemap-review,2026-10-06T10:54:43+00:00
https://www.thedailystar.net/backpage/news/bhutto-cornered-2059589,push:sitemap-review,2026-10-06T10:54:43+00:00
https://www.thedailystar.net/backpage/news/president-yahya-arrives-2060569,push:sitemap-review,2026-10-06T10:54:43+00:00
https://www.thedailystar.net/backpage/news/bhutto-faces-mass-opposition-dhaka-2063997,push:sitemap-review,2026-10-06T10:54:43+00:00
https://www.thedailystar.net/backpage/news/march-7-speech-defends-universal-values-2065929,push:sitemap-review,2026-10-06T10:54:43+00:00
https://www.thedailystar.net/backpage/news/selective-genocide-continues-2067825,push:sitemap-review,2026-10-06T10:54:43+00:00
https://www.thedailystar.net/backpage/news/bangabandhu-taken-karachi-2068433,push:sitemap-review,2026-10-06T10:54:43+00:00
https://www.thedailystar.net/backpage/news/ussr-urges-yahya-stop-bloodshed-2070669,push:sitemap-review,2026-10-06T10:54:43+00:00
https://www.thedailystar.net/backpage/news/tajuddin-calls-indira-2071549,push:sitemap-review,2026-10-06T10:54:43+00:00
https://www.thedailystar.net/backpage/news/tikka-khan-sworn-governor-2074489,push:sitemap-review,2026-10-06T10:54:43+00:00
https://www.thedailystar.net/backpage/news/independence-proclaimed-2075085,push:sitemap-review,2026-10-06T10:54:43+00:00
https://www.thedailystar.net/backpage/news/tajuddin-seeks-arms-support-2075497,push:sitemap-review,2026-10-06T10:54:43+00:00
https://www.thedailystar.net/backpage/news/dont-squeeze-yahya-2084317,push:sitemap-review,2026-10-06T10:54:43+00:00
https://www.thedailystar.net/backpage/news/genocide-issue-will-be-referred-un-body-2087717,push:sitemap-review,2026-10-06T10:54:43+00:00
https://www.thedailystar.net/backpage/news/indira-writes-nixon-2093445,push:sitemap-review,2026-10-06T10:54:43+00:00
https://www.thedailystar.net/backpage/news/bangladesh-liberation-council-formed-2094629,push:sitemap-review,2026-10-06T10:54:43+00:00
https://www.thedailystar.net/backpage/news/indira-urges-sadat-persuade-yahya-2097053,push:sitemap-review,2026-10-06T10:54:43+00:00
https://www.thedailystar.net/backpage/news/the-indians-need-mass-famine-nixon-2098869,push:sitemap-review,2026-10-06T10:54:43+00:00
https://www.thedailystar.net/backpage/news/nixon-asks-india-pakistan-show-maximum-restraint-2100185,push:sitemap-review,2026-10-06T10:54:43+00:00
https://www.thedailystar.net/backpage/news/transcript-dhaka-massacre-2101285,push:sitemap-review,2026-10-06T10:54:43+00:00
https://www.thedailystar.net/backpage/news/no-room-compromise-pakistan-tajuddin-2103161,push:sitemap-review,2026-10-06T10:54:43+00:00
https://www.thedailystar.net/backpage/news/east-pakistan-will-eventually-become-independent-kissinger-2103789,push:sitemap-review,2026-10-06T10:54:43+00:00
https://www.thedailystar.net/backpage/news/conversation-yahya-khan-2105057,push:sitemap-review,2026-10-06T10:54:43+00:00
https://www.thedailystar.net/backpage/news/tikka-khan-offers-general-amnesty-2107989,push:sitemap-review,2026-10-06T10:54:43+00:00
https://www.thedailystar.net/backpage/news/bangladesh-issue-will-linger-indira-gandhi-2109261,push:sitemap-review,2026-10-06T10:54:43+00:00
https://www.thedailystar.net/backpage/news/our-victory-assured-tajuddin-2109741,push:sitemap-review,2026-10-06T10:54:43+00:00
https://www.thedailystar.net/backpage/news/yahya-delays-plan-power-transfer-2110397,push:sitemap-review,2026-10-06T10:54:43+00:00
https://www.thedailystar.net/backpage/news/indian-foreign-minister-meets-nixon-2111805,push:sitemap-review,2026-10-06T10:54:43+00:00
https://www.thedailystar.net/backpage/news/yahya-requests-nixon-persuade-india-2113125,push:sitemap-review,2026-10-06T10:54:43+00:00
https://www.thedailystar.net/backpage/news/senator-urges-nixon-halt-pakistani-ship-2115473,push:sitemap-review,2026-10-06T10:54:43+00:00
https://www.thedailystar.net/frontpage/news/defining-moment-our-freedom-1877380,push:sitemap-review,2026-10-06T10:54:43+00:00
https://www.thedailystar.net/frontpage/news/train-massacre-2011965,push:sitemap-review,2026-10-06T10:54:43+00:00
https://www.thedailystar.net/frontpage/news/anti-liberation-role-jamaat-torn-over-apology-question-1702417,push:sitemap-review,2026-10-06T10:54:43+00:00
https://www.thedailystar.net/backpage/news/march-7-speech-youths-have-so-much-learn-1712446,push:sitemap-review,2026-10-06T10:54:43+00:00
https://www.thedailystar.net/frontpage/news/bangabandhu-urges-people-carry-agitation-1714840,push:sitemap-review,2026-10-06T10:54:43+00:00
https://www.thedailystar.net/frontpage/news/yahya-town-1715410,push:sitemap-review,2026-10-06T10:54:43+00:00
https://www.thedailystar.net/frontpage/news/bangabandhu-holds-meeting-yahya-1717693,push:sitemap-review,2026-10-06T10:54:43+00:00
https://www.thedailystar.net/backpage/news/massacre-lost-pages-history-1720921,push:sitemap-review,2026-10-06T10:54:43+00:00
https://www.thedailystar.net/frontpage/news/mapping-genocide-khulna-1720933,push:sitemap-review,2026-10-06T10:54:43+00:00
https://www.thedailystar.net/backpage/news/pakistan-army-kills-many-rangpur-1722265,push:sitemap-review,2026-10-06T10:54:43+00:00
https://www.thedailystar.net/backpage/news/indira-vows-support-bangalees-1722679,push:sitemap-review,2026-10-06T10:54:43+00:00
https://www.thedailystar.net/frontpage/bangabandhu-command-1543540,push:sitemap-review,2026-10-06T10:54:43+00:00
https://www.thedailystar.net/frontpage/zia-makes-radio-announcement-independence-1554046,push:sitemap-review,2026-10-06T10:54:43+00:00
https://www.thedailystar.net/frontpage/news/the-taste-freedom-1664125,push:sitemap-review,2026-10-06T10:54:43+00:00
https://www.thedailystar.net/frontpage/news/victory-day-written-hand-driven-heart-1674328,push:sitemap-review,2026-10-06T10:54:43+00:00
https://www.thedailystar.net/backpage/welcome-the-genocide-museum-1380547,push:sitemap-review,2026-10-06T10:54:43+00:00
https://www.thedailystar.net/frontpage/independence-day-today-valour-and-bravery-1381492,push:sitemap-review,2026-10-06T10:54:43+00:00
https://www.thedailystar.net/backpage/march-25-intl-genocide-day-take-formal-steps-win-recognition-1496527,push:sitemap-review,2026-10-06T10:54:43+00:00
https://www.thedailystar.net/backpage/memories-massacre-1501819,push:sitemap-review,2026-10-06T10:54:43+00:00
https://www.thedailystar.net/backpage/war-criminal-leads-free-life-london-1511827,push:sitemap-review,2026-10-06T10:54:43+00:00
https://www.thedailystar.net/frontpage/30-lakh-martyrs-settled-history-211537,push:sitemap-review,2026-10-06T10:54:43+00:00
https://www.thedailystar.net/frontpage/his-peace-initiative-was-massacre-plot-1221946,push:sitemap-review,2026-10-06T10:54:43+00:00
https://www.thedailystar.net/backpage/freedom-fighter-living-handouts-1268005,push:sitemap-review,2026-10-06T10:54:43+00:00
https://www.thedailystar.net/backpage/his-fall-wrought-teen-freedom-fighters-blood-1280188,push:sitemap-review,2026-10-06T10:54:43+00:00
https://www.thedailystar.net/frontpage/palm-trees-and-11-war-heroes-1330051,push:sitemap-review,2026-10-06T10:54:43+00:00
https://www.thedailystar.net/frontpage/ocampo-stood-bangalees-71-1331158,push:sitemap-review,2026-10-06T10:54:43+00:00
https://www.thedailystar.net/backpage/the-road-freedom-77714,push:sitemap-review,2026-10-06T10:54:43+00:00
https://www.thedailystar.net/frontpage/news/mockery-martyrdom-80522,push:sitemap-review,2026-10-06T10:54:43+00:00
https://www.thedailystar.net/frontpage/news/sick-brain-behind-intellectuals-killing-176233,push:sitemap-review,2026-10-06T10:54:43+00:00
https://www.thedailystar.net/frontpage/news/genocide-they-wrote-180955,push:sitemap-review,2026-10-06T10:54:43+00:00
https://www.thedailystar.net/frontpage/news/genocide-coolly-planned-carried-out-181597,push:sitemap-review,2026-10-06T10:54:43+00:00
https://www.thedailystar.net/frontpage/news/genocide-plot-conceived-duck-shooting-trip-182089,push:sitemap-review,2026-10-06T10:54:43+00:00
https://www.thedailystar.net/frontpage/news/the-blueprint-massacre-183016,push:sitemap-review,2026-10-06T10:54:43+00:00
https://www.thedailystar.net/frontpage/news/right-thinking-pakistanis-acknowledge-71-brutalities-183598,push:sitemap-review,2026-10-06T10:54:43+00:00
https://www.thedailystar.net/frontpage/news/freedom-debt-being-repaid-188464,push:sitemap-review,2026-10-06T10:54:43+00:00
https://www.thedailystar.net/backpage/indian-war-veterans-relive-71-glory-days-189028,push:sitemap-review,2026-10-06T10:54:43+00:00
https://www.thedailystar.net/frontpage/the-black-night-still-haunts-the-nation-1199260,search:Operation Searchlight 25 March 1971 Dhaka,2026-10-06T10:54:43+00:00
https://www.thedailystar.net/news/simon-dring-recounts-operation-searchlight,search:Operation Searchlight 25 March 1971 Dhaka,2026-10-06T10:54:43+00:00
https://www.thedailystar.net/news/bangladesh/news/loved-ones-lost-demons-2989831,search:Jagannath Hall massacre 1971,2026-10-06T10:54:43+00:00
https://www.thedailystar.net/news/bangladesh/news/ramna-temple-massacre-dawn-shadowed-dark-forces-2989806,search:Jagannath Hall massacre 1971,2026-10-06T10:54:43+00:00
https://www.thedailystar.net/what-i-saw-and-heard-in-dhaka-17325,search:Jagannath Hall massacre 1971,2026-10-06T10:54:43+00:00
https://www.thedailystar.net/star-weekend/spotlight/campus-forever-linked-liberation-1551910,search:Dhaka University teachers killed March 1971,2026-10-06T10:54:43+00:00
https://www.thedailystar.net/views/opinion/news/march-25-glimpse-the-darkest-all-nights-2989816,search:Dhaka University teachers killed March 1971,2026-10-06T10:54:43+00:00
https://www.thedailystar.net/opinion/views/tribute/news/remembering-my-teacher-dr-jyotirmoy-guhathakurta-3279586,search:Dhaka University teachers killed March 1971,2026-10-06T10:54:43+00:00
https://www.thedailystar.net/backpage/the-night-horror-186064,search:Dhaka University teachers killed March 1971,2026-10-06T10:54:43+00:00
https://www.thedailystar.net/news-detail-131715,search:Rajarbagh police lines resistance 1971,2026-10-06T10:54:43+00:00
https://www.thedailystar.net/news/bangladesh/news/indomitable-march-the-gates-hell-cast-open-3574216,search:EPR Pilkhana 25 March 1971,2026-10-06T10:54:43+00:00
https://www.thedailystar.net/news-detail-179069,search:EPR Pilkhana 25 March 1971,2026-10-06T10:54:43+00:00
https://www.thedailystar.net/frontpage/lethal-last-bite-losers-1221952,search:Rayer Bazar killing field 1971,2026-10-06T10:54:43+00:00
https://www.thedailystar.net/news-detail-156134,search:Rayer Bazar killing field 1971,2026-10-06T10:54:43+00:00
https://www.thedailystar.net/country/mirpur-jalladkhana-memorial-photos-1329775,search:Mirpur killing field Jallad Khana 1971,2026-10-06T10:54:43+00:00
https://www.thedailystar.net/news/bangladesh/news/jalladkhana-killing-field-haunting-reminder-the-tragic-past-3285046,search:Mirpur killing field Jallad Khana 1971,2026-10-06T10:54:43+00:00
https://www.thedailystar.net/news-detail-14724,search:Mirpur killing field Jallad Khana 1971,2026-10-06T10:54:43+00:00
https://www.thedailystar.net/news/bangladesh/news/the-blood-river-3614036,search:Chuknagar massacre 1971,2026-10-06T10:54:43+00:00
https://www.thedailystar.net/news/bangladesh/news/chuknagar-forgotten-massacre-3899636,search:Chuknagar massacre 1971,2026-10-06T10:54:43+00:00
https://www.thedailystar.net/news/bangladesh/news/chuknagar-shocking-savagery-3324551,search:Chuknagar massacre 1971,2026-10-06T10:54:43+00:00
https://www.thedailystar.net/news/news/chuknagar-sea-blood-3027756,search:Chuknagar massacre 1971,2026-10-06T10:54:43+00:00
https://www.thedailystar.net/supplements/history-written-blood-187984,search:Chuknagar massacre 1971,2026-10-06T10:54:43+00:00
https://www.thedailystar.net/news-detail-164602,search:Jathibhanga massacre 1971,2026-10-06T10:54:43+00:00
https://www.thedailystar.net/news/thakurgaon-was-freed-on-this-day-in-71,search:Jathibhanga massacre 1971,2026-10-06T10:54:43+00:00
https://www.thedailystar.net/frontpage/news/cold-killing-design-1673488,search:Jathibhanga massacre 1971,2026-10-06T10:54:43+00:00
https://www.thedailystar.net/news-detail-261277,search:Jathibhanga massacre 1971,2026-10-06T10:54:43+00:00
https://www.thedailystar.net/news/bangladesh/crime-justice/news/shankhari-bazar-carnage-71-death-knocked-their-doors-sundown-3279761,search:Shankhari Bazar massacre 1971,2026-10-06T10:54:43+00:00
https://www.thedailystar.net/backpage/news/the-gates-hell-cast-open-2066281,search:Shankhari Bazar massacre 1971,2026-10-06T10:54:43+00:00
https://www.thedailystar.net/news/bangladesh/news/preserving-painful-past-3575846,search:Bhairab massacre 1971,2026-10-06T10:54:43+00:00
https://www.thedailystar.net/bangladesh/news/demra-massacre-pabna-victim-families-want-recognition-martyrs-2092901,search:village massacre 1971 Pakistani army killed villagers,2026-10-06T10:54:43+00:00
https://www.thedailystar.net/news/news/satiyachara-goran-massacre-never-be-forgotten-2997936,search:village massacre 1971 Pakistani army killed villagers,2026-10-06T10:54:43+00:00
https://www.thedailystar.net/top-news/village-widows-76303,search:village massacre 1971 Pakistani army killed villagers,2026-10-06T10:54:43+00:00
https://www.thedailystar.net/news-detail-233755,search:village massacre 1971 Pakistani army killed villagers,2026-10-06T10:54:43+00:00
https://www.thedailystar.net/news-detail-15470,search:Battle of Kamalpur 1971,2026-10-06T10:54:43+00:00
https://www.thedailystar.net/hero-of-jamalpur-war-also-had-son-fighting-57109,search:Battle of Kamalpur 1971,2026-10-06T10:54:43+00:00
https://www.thedailystar.net/news-detail-213581,search:Battle of Kamalpur 1971,2026-10-06T10:54:43+00:00
https://www.thedailystar.net/news/bangladesh/news/regional-resistance-pathaan-bahini-chandpur-3771691,search:Battle of Kamalpur 1971,2026-10-06T10:54:43+00:00
https://www.thedailystar.net/news/bangladesh/news/joint-command-formed-2234741,search:Battle of Kamalpur 1971,2026-10-06T10:54:43+00:00
https://www.thedailystar.net/long-read/news/the-archives-the-last-battlefield-2036585,search:Battle of Kamalpur 1971,2026-10-06T10:54:43+00:00
https://www.thedailystar.net/supplements/thank-you-being-our-friend-need-1505260,search:Battle of Garibpur 1971,2026-10-06T10:54:43+00:00
https://www.thedailystar.net/news/bangladesh/news/one-little-town-showed-how-fight-back-3281306,search:Battle of Hilli 1971,2026-10-06T10:54:43+00:00
https://www.thedailystar.net/news-detail-117921,search:Battle of Akhaura 1971,2026-10-06T10:54:43+00:00
https://www.thedailystar.net/city/news/half-century-shrapnel-her-skull-2085065,search:Battle of Akhaura 1971,2026-10-06T10:54:43+00:00
https://www.thedailystar.net/news/bangladesh/news/russia-vetoes-troop-pullback-proposal-2909746,search:Battle of Akhaura 1971,2026-10-06T10:54:43+00:00
https://www.thedailystar.net/news/bangladesh/news/mong-prue-sain-monarch-who-fought-freedom-4053936,search:Battle of Akhaura 1971,2026-10-06T10:54:43+00:00
https://www.thedailystar.net/opinion/news/remembering-dr-shamsuddin-man-immense-courage-2010885,search:Sylhet battle 1971 freedom fighters,2026-10-06T10:54:43+00:00
https://www.thedailystar.net/book-reviews/news/ds-books-publications-bangladesh-and-its-liberation-2012981,search:Sylhet battle 1971 freedom fighters,2026-10-06T10:54:43+00:00
https://www.thedailystar.net/news/bangladesh/news/indomitable-march-the-battle-kushtia-3577731,search:Kushtia battle April 1971,2026-10-06T10:54:43+00:00
https://www.thedailystar.net/weekend-read/news/kushtias-tale-unimaginable-brutality-3279941,search:Kushtia battle April 1971,2026-10-06T10:54:43+00:00
https://www.thedailystar.net/history-would-have-been-different-37186,search:Kalurghat radio 1971 declaration,2026-10-06T10:54:43+00:00
https://www.thedailystar.net/op-ed/let-me-tell-it-once-again-73963,search:Swadhin Bangla Betar Kendra 1971,2026-10-06T10:54:43+00:00
https://www.thedailystar.net/opinion/tribute/news/odyssey-self-determination-and-equality-1730440,search:Mujibnagar government oath 17 April 1971,2026-10-06T10:54:43+00:00
https://www.thedailystar.net/views/opinion/news/defining-moment-history-2910441,search:Instrument of Surrender 16 December 1971,2026-10-06T10:54:43+00:00
https://www.thedailystar.net/news-detail-117851,search:Niazi surrender Dhaka December 1971,2026-10-06T10:54:43+00:00
https://www.thedailystar.net/news-detail-29736,search:Niazi surrender Dhaka December 1971,2026-10-06T10:54:43+00:00
https://www.thedailystar.net/frontpage/news/sun-rose-ruins-187612,search:Niazi surrender Dhaka December 1971,2026-10-06T10:54:43+00:00
https://www.thedailystar.net/supplements/looking-back-the-mirror-188035,search:Niazi surrender Dhaka December 1971,2026-10-06T10:54:43+00:00
https://www.thedailystar.net/news/bangladesh/news/operation-jackpot-mission-rattled-pakistan-2908626,search:Operation Jackpot naval commandos 1971,2026-10-06T10:54:43+00:00
https://www.thedailystar.net/news-detail-166986,search:Operation Jackpot naval commandos 1971,2026-10-06T10:54:43+00:00
https://www.thedailystar.net/lifestyle/special-feature/call-war-how-the-crack-platoon-was-formed-1550497,search:Crack Platoon Dhaka guerrillas 1971,2026-10-06T10:54:43+00:00
https://www.thedailystar.net/weekend-read/news/the-vanguard-dhakas-independence-3425661,search:Crack Platoon Dhaka guerrillas 1971,2026-10-06T10:54:43+00:00
https://www.thedailystar.net/star-multimedia/news-multimedia/news/memory-the-resilience-crack-platoon-guerrillas-after-operation-hotel-intercontinental-2165946,search:Crack Platoon Dhaka guerrillas 1971,2026-10-06T10:54:43+00:00
https://www.thedailystar.net/news/bangladesh/news/half-century-gone-chasing-recognition-3150411,search:Crack Platoon Dhaka guerrillas 1971,2026-10-06T10:54:43+00:00
https://www.thedailystar.net/opinion/they-gave-their-today-our-tomorrow-1455394,search:Crack Platoon Dhaka guerrillas 1971,2026-10-06T10:54:43+00:00
https://www.thedailystar.net/opinion/news/destroyed-not-defeated-1952517,search:Crack Platoon Dhaka guerrillas 1971,2026-10-06T10:54:43+00:00
https://www.thedailystar.net/star-weekend/chronicles/brave-hearts-73724,search:Crack Platoon Dhaka guerrillas 1971,2026-10-06T10:54:43+00:00
https://www.thedailystar.net/news-detail-260692,search:Kaderia Bahini Tangail 1971,2026-10-06T10:54:43+00:00
https://www.thedailystar.net/country/news/tangail-tastes-freedom-day-1671859,search:Kaderia Bahini Tangail 1971,2026-10-06T10:54:43+00:00
https://www.thedailystar.net/country/news/tangail-was-liberated-day-71-185530,search:Kaderia Bahini Tangail 1971,2026-10-06T10:54:43+00:00
https://www.thedailystar.net/the-man-behind-the-nation-15867,search:Mujib Bahini 1971,2026-10-06T10:54:43+00:00
https://www.thedailystar.net/country/remembrance-shaheed-rumi-1201294,search:sector commander 1971 war memoir,2026-10-06T10:54:43+00:00
https://www.thedailystar.net/book-reviews/news/war-attrition-2062645,search:sector commander 1971 war memoir,2026-10-06T10:54:43+00:00
https://www.thedailystar.net/op-ed/enemy-morale-deteriorating-very-fast-73337,search:sector commander 1971 war memoir,2026-10-06T10:54:43+00:00
https://www.thedailystar.net/wide-angle/remembering-jake-205570,search:sector commander 1971 war memoir,2026-10-06T10:54:43+00:00
https://www.thedailystar.net/news/bangladesh/news/operation-kilo-flight-story-valour-2158326,search:Kilo Flight 1971 Bangladesh air force,2026-10-06T10:54:43+00:00
https://www.thedailystar.net/news-detail-227960,search:Kilo Flight 1971 Bangladesh air force,2026-10-06T10:54:43+00:00
https://www.thedailystar.net/city/news/ctg-killing-fields-sliding-oblivion-1199746,search:Chittagong 1971 liberation war,2026-10-06T10:54:43+00:00
https://www.thedailystar.net/news-detail-261482,search:Khulna 1971 liberation war,2026-10-06T10:54:43+00:00
https://www.thedailystar.net/bangladesh/news/victory-arrived-day-later-khulna-3198166,search:Khulna 1971 liberation war,2026-10-06T10:54:43+00:00
https://www.thedailystar.net/city/news/bearing-witness-atrocities-2075109,search:Khulna 1971 liberation war,2026-10-06T10:54:43+00:00
https://www.thedailystar.net/news/bangladesh/news/timeless-image-3577946,search:Mymensingh 1971 liberation war,2026-10-06T10:54:43+00:00
https://www.thedailystar.net/country/mymensingh-tasted-freedom-day-71-184843,search:Mymensingh 1971 liberation war,2026-10-06T10:54:43+00:00
https://www.thedailystar.net/news-detail-15468,search:Bogura 1971 liberation war,2026-10-06T10:54:43+00:00
https://www.thedailystar.net/news/bangladesh/news/baten-bahini-tangail-3769486,search:Bogura 1971 liberation war,2026-10-06T10:54:43+00:00
https://www.thedailystar.net/country/barisal-patuakhali-were-freed-day-71-183916,search:Barishal 1971 liberation war,2026-10-06T10:54:43+00:00
https://www.thedailystar.net/city/news/charbaria-massacre-never-be-forgotten-2088441,search:Barishal 1971 liberation war,2026-10-06T10:54:43+00:00
https://www.thedailystar.net/news/bangladesh/news/bangladesh-struggle-liberation-movement-2225201,search:Cumilla 1971 liberation war,2026-10-06T10:54:43+00:00
https://www.thedailystar.net/country/news/noakhali-sadar-begumganj-upazilas-killing-fields-mass-graves-71-lie-unprotected-2017937,search:Noakhali 1971 liberation war,2026-10-06T10:54:43+00:00
https://www.thedailystar.net/news-detail-260565,search:Noakhali 1971 liberation war,2026-10-06T10:54:43+00:00
https://www.thedailystar.net/news/1971-and-the-songs-we-sang,search:Noakhali 1971 liberation war,2026-10-06T10:54:43+00:00
https://www.thedailystar.net/news-detail-131899,search:Rangpur 1971 liberation war,2026-10-06T10:54:43+00:00
https://www.thedailystar.net/news/on-this-days-in-71-600-people-were-killed-at-nishbetganj,search:Rangpur 1971 liberation war,2026-10-06T10:54:43+00:00
https://www.thedailystar.net/news-detail-179759,search:Dinajpur 1971 liberation war,2026-10-06T10:54:43+00:00
https://www.thedailystar.net/news/no-memorial-monument-at-largest-massacre-ground-in-faridpur,search:Faridpur 1971 liberation war,2026-10-06T10:54:43+00:00
https://www.thedailystar.net/news/bangladesh/news/massacre-hariharpara-4051461,search:Narayanganj 1971 liberation war,2026-10-06T10:54:43+00:00
https://www.thedailystar.net/news/bangladesh/news/victory-day-today-the-day-nation-cried-tears-joy-3777471,search:Narayanganj 1971 liberation war,2026-10-06T10:54:43+00:00
https://www.thedailystar.net/opinion/tribute/the-legacy-rp-saha-1401583,search:Narayanganj 1971 liberation war,2026-10-06T10:54:43+00:00
https://www.thedailystar.net/news/bangladesh/news/regional-resistance-palashdanga-jubo-shibir-sirajganj-3775011,search:Sirajganj 1971 freedom fighters battle,2026-10-06T10:54:43+00:00
https://www.thedailystar.net/news-detail-118038,search:Sirajganj 1971 freedom fighters battle,2026-10-06T10:54:43+00:00
https://www.thedailystar.net/news/bangladesh/news/memorial-plaque-historical-jahajmara-battle-remains-sorry-state-2151446,search:Sirajganj 1971 freedom fighters battle,2026-10-06T10:54:43+00:00
https://www.thedailystar.net/country/news/tangail-freed-day-2009525,search:Tangail 1971 freedom fighters battle,2026-10-06T10:54:43+00:00
https://www.thedailystar.net/country/news/jamalpur-tangail-taste-freedom-today-1328383,search:Tangail 1971 freedom fighters battle,2026-10-06T10:54:43+00:00
https://www.thedailystar.net/news/bangladesh/news/guerrillas-blow-85-targets-chattogram-4055656,search:Chattogram Pahartali killing field 1971,2026-10-06T10:54:43+00:00
https://www.thedailystar.net/news-detail-42816,search:Chattogram Pahartali killing field 1971,2026-10-06T10:54:43+00:00
https://www.thedailystar.net/opinion/views/winkers-aweigh/news/mischievous-manipulation-established-historical-facts-4060076,search:Chattogram Pahartali killing field 1971,2026-10-06T10:54:43+00:00
https://www.thedailystar.net/news/bangladesh/news/gallamari-mass-grave-still-bearing-marks-butchery-3573701,search:Khulna Gallamari killing field 1971,2026-10-06T10:54:43+00:00
https://www.thedailystar.net/news/news/gallamari-mass-grave-forgotten-testament-atrocities-2999736,search:Khulna Gallamari killing field 1971,2026-10-06T10:54:43+00:00
https://www.thedailystar.net/news-detail-179760,search:Rajshahi University Zoha Hall 1971 torture,2026-10-06T10:54:43+00:00
https://www.thedailystar.net/the-ever-bleeding-campus-51571,search:Rajshahi University Zoha Hall 1971 torture,2026-10-06T10:54:43+00:00
https://www.thedailystar.net/frontpage/my-name-could-have-been-list-dead-1381123,search:Rajshahi University Zoha Hall 1971 torture,2026-10-06T10:54:43+00:00
https://www.thedailystar.net/supplements/tale-torture-rape-and-dehumanisation-188029,search:torture cell 1971 Pakistani army camp,2026-10-06T10:54:43+00:00
https://www.thedailystar.net/news/bangladesh/news/below-institute-lies-torture-cell-3259866,search:torture cell 1971 Pakistani army camp,2026-10-06T10:54:43+00:00
https://www.thedailystar.net/news/bangladesh/news/wapda-massacre-memories-still-haunt-survivors-53-years-later-3575011,search:torture cell 1971 Pakistani army camp,2026-10-06T10:54:43+00:00
https://www.thedailystar.net/news/neglect-obliterates-memory,search:torture cell 1971 Pakistani army camp,2026-10-06T10:54:43+00:00
https://www.thedailystar.net/detained-tortured-for-16-days-12744,search:torture cell 1971 Pakistani army camp,2026-10-06T10:54:43+00:00
https://www.thedailystar.net/backpage/irony-fate-176248,search:1971 war diary Dhaka,2026-10-06T10:54:43+00:00
https://www.thedailystar.net/in-focus/the-life-work-and-death-political-intellectual-1496767,search:Munier Chowdhury 1971,2026-10-06T10:54:43+00:00
https://www.thedailystar.net/news/shahidullah-kaiser-writing-behind-bars,search:Shahidullah Kaiser 1971,2026-10-06T10:54:43+00:00
https://www.thedailystar.net/star-weekend/mad-genius/shahidullah-kaiser-660601,search:Shahidullah Kaiser 1971,2026-10-06T10:54:43+00:00
https://www.thedailystar.net/arts-entertainment/daughters-quest-discover-her-father-1384840,search:Shahidullah Kaiser 1971,2026-10-06T10:54:43+00:00
https://www.thedailystar.net/star-weekend/mad-genius/zahir-raihan-188662,search:Zahir Raihan disappearance Mirpur,2026-10-06T10:54:43+00:00
https://www.thedailystar.net/news-detail-172137,search:Zahir Raihan disappearance Mirpur,2026-10-06T10:54:43+00:00
https://www.thedailystar.net/opinion/views/blowin-the-wind/news/martyrs-and-memory-3775456,search:Dr Fazle Rabbee 1971,2026-10-06T10:54:43+00:00
https://www.thedailystar.net/city/remembered-rarely-1504786,search:Dr Fazle Rabbee 1971,2026-10-06T10:54:43+00:00
https://www.thedailystar.net/my-right-to-justice-53557,search:Dr Alim Chowdhury martyred 1971,2026-10-06T10:54:43+00:00
https://www.thedailystar.net/opinion/news/how-long-will-the-uk-harbour-mass-murderer-1936069,search:Selina Parvin journalist 1971,2026-10-06T10:54:43+00:00
https://www.thedailystar.net/city/serajuddin-hossain-1327846,search:Serajuddin Hossain journalist 1971,2026-10-06T10:54:43+00:00
https://www.thedailystar.net/justice-is-it-only-to-close-wounds-or-more-55181,search:Serajuddin Hossain journalist 1971,2026-10-06T10:54:43+00:00
https://www.thedailystar.net/news-detail-29116,search:Govinda Chandra Dev 1971,2026-10-06T10:54:43+00:00
https://www.thedailystar.net/news-detail-44041,search:Govinda Chandra Dev 1971,2026-10-06T10:54:43+00:00
https://www.thedailystar.net/news-detail-195292,search:Govinda Chandra Dev 1971,2026-10-06T10:54:43+00:00
https://www.thedailystar.net/news/news/rifle-roti-aurat-dream-the-dawn-187012,search:Anwar Pasha Rashidul Hasan 1971,2026-10-06T10:54:43+00:00
https://www.thedailystar.net/news-detail-248530,search:Altaf Mahmud 1971,2026-10-06T10:54:43+00:00
https://www.thedailystar.net/star-weekend/mad-genius/altaf-mahmud-885202,search:Altaf Mahmud 1971,2026-10-06T10:54:43+00:00
https://www.thedailystar.net/news-detail-132408,search:Dhirendranath Datta 1971,2026-10-06T10:54:43+00:00
https://www.thedailystar.net/news-detail-127448,search:Dhirendranath Datta 1971,2026-10-06T10:54:43+00:00
https://www.thedailystar.net/op-ed/dhirendranath-dutta-73968,search:Dhirendranath Datta 1971,2026-10-06T10:54:43+00:00
https://www.thedailystar.net/news/dhirendranath-dutta-our-hero-our-seer,search:Dhirendranath Datta 1971,2026-10-06T10:54:43+00:00
https://www.thedailystar.net/opinion/views/news/philanthropic-visionary-and-secular-icon-3471766,search:Ranada Prasad Saha 1971,2026-10-06T10:54:43+00:00
https://www.thedailystar.net/news-detail-205005,search:Nutan Chandra Sinha 1971,2026-10-06T10:54:43+00:00
https://www.thedailystar.net/news-detail-228386,search:Shahid Saber 1971,2026-10-06T10:54:43+00:00
https://www.thedailystar.net/the-heroes-of-a-forgetful-nation-55177,search:Shahid Saber 1971,2026-10-06T10:54:43+00:00
https://www.thedailystar.net/supplements/intellectual-martyrs-day-2015/news/remembrance-shahid-ghyasuddin-ahmed-186670,search:Shahid Saber 1971,2026-10-06T10:54:43+00:00
https://www.thedailystar.net/a-heros-tale-32545,search:Bir Sreshtho Mostafa Kamal,2026-10-06T10:54:43+00:00
https://www.thedailystar.net/news-detail-248380,search:Bir Sreshtho Mostafa Kamal,2026-10-06T10:54:43+00:00
https://www.thedailystar.net/news-detail-173848,search:Bir Sreshtho Mostafa Kamal,2026-10-06T10:54:43+00:00
https://www.thedailystar.net/news/bangladesh/news/captain-jahangir-through-my-eyes-2917121,search:Bir Sreshtho Mohiuddin Jahangir,2026-10-06T10:54:43+00:00
https://www.thedailystar.net/news-detail-15348,search:Bir Sreshtho Munshi Abdur Rouf,2026-10-06T10:54:43+00:00
https://www.thedailystar.net/news/bangladesh/news/never-break-the-chain-command-2921236,search:Bir Sreshtho Nur Mohammad Sheikh,2026-10-06T10:54:43+00:00
https://www.thedailystar.net/opinion/tribute/her-spirit-resistance-will-live-1399498,search:Jahanara Imam Ekattorer Dingulee,2026-10-06T10:54:43+00:00
https://www.thedailystar.net/revisiting-the-revolution-1852,search:Jahanara Imam Ekattorer Dingulee,2026-10-06T10:54:43+00:00
https://www.thedailystar.net/literature/news/women-writing-the-war-1630129,search:Jahanara Imam Ekattorer Dingulee,2026-10-06T10:54:43+00:00
https://www.thedailystar.net/life-living/news/remembering-shaheed-rumi-3283741,search:Shafi Imam Rumi,2026-10-06T10:54:43+00:00
https://www.thedailystar.net/news-detail-243265,search:Tajuddin Ahmad 1971 Mujibnagar,2026-10-06T10:54:43+00:00
https://www.thedailystar.net/news/tajuddin-a-biopic-and-our-history,search:Tajuddin Ahmad 1971 Mujibnagar,2026-10-06T10:54:43+00:00
https://www.thedailystar.net/news-detail-70580,search:Mansur Ali Qamaruzzaman 1971,2026-10-06T10:54:43+00:00
https://www.thedailystar.net/op-ed/politics/o-general-my-general-1278466,search:General Osmani 1971,2026-10-06T10:54:43+00:00
https://www.thedailystar.net/remembering-our-hero-11040,search:General Osmani 1971,2026-10-06T10:54:43+00:00
https://www.thedailystar.net/the-world-of-m-a-g-osmany-39528,search:General Osmani 1971,2026-10-06T10:54:43+00:00
https://www.thedailystar.net/news-detail-52677,search:General Osmani 1971,2026-10-06T10:54:43+00:00
https://www.thedailystar.net/testimony-of-a-solider-49610,search:Khaled Mosharraf 1971,2026-10-06T10:54:43+00:00
https://www.thedailystar.net/backpage/news/zia-makes-radio-announcement-2067389,search:Ziaur Rahman 1971 Kalurghat,2026-10-06T10:54:43+00:00
https://www.thedailystar.net/news/bangladesh/news/we-almost-always-try-distort-history-kader-siddique-3777761,search:Kader Siddiqui 1971,2026-10-06T10:54:43+00:00
https://www.thedailystar.net/news/the-spirit-of-resistance,search:Captain Sitara Begum 1971,2026-10-06T10:54:43+00:00
https://www.thedailystar.net/opinion/tribute/news/fearless-woman-warrior-1668184,search:Taramon Bibi Bir Protik,2026-10-06T10:54:43+00:00
https://www.thedailystar.net/op-ed/the-girl-who-became-soldier-8071,search:Taramon Bibi Bir Protik,2026-10-06T10:54:43+00:00
https://www.thedailystar.net/news-detail-117625,search:Taramon Bibi Bir Protik,2026-10-06T10:54:43+00:00
https://www.thedailystar.net/opinion/tribute/lessons-consent-and-critique-ferdousi-priyabhashini-1548142,search:Ferdousi Priyabhashini 1971,2026-10-06T10:54:43+00:00
https://www.thedailystar.net/opinion/news/ferdousi-priyabhashini-artist-and-social-activist-2059953,search:Ferdousi Priyabhashini 1971,2026-10-06T10:54:43+00:00
https://www.thedailystar.net/literature/news/ferdousi-priyabhashini-lifelong-impression-eternal-struggle-1552465,search:Ferdousi Priyabhashini 1971,2026-10-06T10:54:43+00:00
https://www.thedailystar.net/city/news/women-freedom-fighters-stories-usually-forgotten-74935,search:women freedom fighters 1971,2026-10-06T10:54:43+00:00
https://www.thedailystar.net/country/valour-three-teenage-freedom-fighters-1553341,search:teenage freedom fighter 1971,2026-10-06T10:54:43+00:00
https://www.thedailystar.net/country/news/the-gallantry-teenage-warrior-2070153,search:teenage freedom fighter 1971,2026-10-06T10:54:43+00:00
https://www.thedailystar.net/news/bangladesh/news/dec-17-freedom-came-day-later-khulna-3778101,search:Major Jalil sector 9 1971,2026-10-06T10:54:43+00:00
https://www.thedailystar.net/news-detail-15472,search:Major Jalil sector 9 1971,2026-10-06T10:54:43+00:00
https://www.thedailystar.net/frontpage/news/pakistanis-tried-keep-foreign-journos-away-184396,search:Simon Dring 1971,2026-10-06T10:54:43+00:00
https://www.thedailystar.net/opinion/news/despite-threats-i-stayed-the-truth-what-happened-had-be-told-2066161,search:Simon Dring 1971,2026-10-06T10:54:43+00:00
https://www.thedailystar.net/book-reviews/news/the-view-the-west-2066473,search:Anthony Mascarenhas genocide 1971,2026-10-06T10:54:43+00:00
https://www.thedailystar.net/views/opinion/news/apology-long-overdue-2918496,search:Anthony Mascarenhas genocide 1971,2026-10-06T10:54:43+00:00
https://www.thedailystar.net/country/news/tribute-schanberg-who-first-broke-pak-atrocities-the-world-1251553,search:Sydney Schanberg 1971,2026-10-06T10:54:43+00:00
https://www.thedailystar.net/op-ed/remembering-sydney-schanberg-1260304,search:Sydney Schanberg 1971,2026-10-06T10:54:43+00:00
https://www.thedailystar.net/op-ed/politics/pakistan-divided-71448,search:Sydney Schanberg 1971,2026-10-06T10:54:43+00:00
https://www.thedailystar.net/news-detail-213788,search:Sydney Schanberg 1971,2026-10-06T10:54:43+00:00
https://www.thedailystar.net/news-detail-29342,search:Sydney Schanberg 1971,2026-10-06T10:54:43+00:00
https://www.thedailystar.net/star-weekend/heritage/the-telegrams-archer-kent-blood-73727,search:Archer Blood telegram 1971,2026-10-06T10:54:43+00:00
https://www.thedailystar.net/revisiting-archer-k-blood-20002,search:Archer Blood telegram 1971,2026-10-06T10:54:43+00:00
https://www.thedailystar.net/news-detail-242917,search:Archer Blood telegram 1971,2026-10-06T10:54:43+00:00
https://www.thedailystar.net/news-detail-104645,search:Edward Kennedy refugees 1971,2026-10-06T10:54:43+00:00
https://www.thedailystar.net/news-detail-109135,search:Edward Kennedy refugees 1971,2026-10-06T10:54:43+00:00
https://www.thedailystar.net/news-detail-52249,search:Edward Kennedy refugees 1971,2026-10-06T10:54:43+00:00
https://www.thedailystar.net/news-detail-104659,search:Edward Kennedy refugees 1971,2026-10-06T10:54:43+00:00
https://www.thedailystar.net/lifestyle/special-feature/the-everlasting-appeal-the-concert-bangladesh-1566688,search:Concert for Bangladesh George Harrison,2026-10-06T10:54:43+00:00
https://www.thedailystar.net/entertainment/music/news/revisiting-the-legacy-concert-bangladesh-2142126,search:Concert for Bangladesh George Harrison,2026-10-06T10:54:43+00:00
https://www.thedailystar.net/opinion/views/news/the-unsung-heroes-who-introduced-bangladesh-the-world-3382786,search:Concert for Bangladesh George Harrison,2026-10-06T10:54:43+00:00
https://www.thedailystar.net/arts-entertainment/george-harrison-we-are-grateful-1322890,search:Concert for Bangladesh George Harrison,2026-10-06T10:54:43+00:00
https://www.thedailystar.net/arts-entertainment/music/ravi-shankars-unending-bangladesh-connection-1292230,search:Ravi Shankar 1971 Bangladesh,2026-10-06T10:54:43+00:00
https://www.thedailystar.net/entertainment/news/concert-bangladesh-george-harrison-ravi-shankar-50-years-2142056,search:Allen Ginsberg Jessore Road 1971,2026-10-06T10:54:43+00:00
https://www.thedailystar.net/news-detail-145665,search:Allen Ginsberg Jessore Road 1971,2026-10-06T10:54:43+00:00
https://www.thedailystar.net/star-literature/news/war-and-peace-and-poetry-and-poets-3279906,search:Allen Ginsberg Jessore Road 1971,2026-10-06T10:54:43+00:00
https://www.thedailystar.net/news/foreign-friends-of-bangladesh,search:foreign friends of Bangladesh 1971,2026-10-06T10:54:43+00:00
https://www.thedailystar.net/news/pakistan-must-offer-unconditional-apology,search:foreign friends of Bangladesh 1971,2026-10-06T10:54:43+00:00
https://www.thedailystar.net/city/news/connetts-journey-friends-bangladesh-1707916,search:foreign friends of Bangladesh 1971,2026-10-06T10:54:43+00:00
https://www.thedailystar.net/opinion/geopolitical-insights/news/historical-parallels-bangladeshs-genocide-1971-gaza-3574986,search:1971 genocide Bangladesh recognition,2026-10-06T10:54:43+00:00
https://www.thedailystar.net/news-detail-179184,search:Pakistan apology 1971,2026-10-06T10:54:43+00:00
https://www.thedailystar.net/frontpage/news/improving-bangladesh-pakistan-ties-apology-must-heal-wounds-1935777,search:Pakistan apology 1971,2026-10-06T10:54:43+00:00
https://www.thedailystar.net/frontpage/shame-they-hid-28-years-186478,search:Hamoodur Rahman Commission 1971,2026-10-06T10:54:43+00:00
https://www.thedailystar.net/frontpage/pak-amnesia-intentional-1222999,search:Hamoodur Rahman Commission 1971,2026-10-06T10:54:43+00:00
https://www.thedailystar.net/frontpage/news/195-pak-soldiers-can-still-be-tried-187015,search:195 Pakistani war criminals,2026-10-06T10:54:43+00:00
https://www.thedailystar.net/news/us-fleet-in-bay-of-bengal-a-game-of-deception,search:USS Enterprise Bay of Bengal 1971,2026-10-06T10:54:43+00:00
https://www.thedailystar.net/news-detail-4889,search:USS Enterprise Bay of Bengal 1971,2026-10-06T10:54:43+00:00
https://www.thedailystar.net/frontpage/the-making-blockade-1328776,search:USS Enterprise Bay of Bengal 1971,2026-10-06T10:54:43+00:00
https://www.thedailystar.net/our-un-experience-41962,search:UN Security Council December 1971 Bangladesh,2026-10-06T10:54:43+00:00
https://www.thedailystar.net/frontpage/nixon-was-advised-recognise-bangladesh-1198774,search:UN Security Council December 1971 Bangladesh,2026-10-06T10:54:43+00:00
https://www.thedailystar.net/news-detail-261642,search:UN Security Council December 1971 Bangladesh,2026-10-06T10:54:43+00:00
https://www.thedailystar.net/news/bangladesh/news/indomitable-march-indira-pledges-support-bangladesh-3578396,search:Indira Gandhi 1971 Bangladesh,2026-10-06T10:54:43+00:00
https://www.thedailystar.net/news/bangladesh/news/india-recognises-bangladesh-2910421,search:Indira Gandhi 1971 Bangladesh,2026-10-06T10:54:43+00:00
https://www.thedailystar.net/news-detail-195773,search:Indira Gandhi 1971 Bangladesh,2026-10-06T10:54:43+00:00
https://www.thedailystar.net/backpage/war-babys-quest-know-motherland-1509868,search:war babies 1971,2026-10-06T10:54:43+00:00
https://www.thedailystar.net/backpage/memories-war-scar-175642,search:war babies 1971,2026-10-06T10:54:43+00:00
https://www.thedailystar.net/book-reviews/news/testimony-the-cruel-birth-bangladesh-2035281,search:declassified US documents 1971 Bangladesh,2026-10-06T10:54:43+00:00
https://www.thedailystar.net/news/bangladesh/news/revisiting-memories-struggle-and-sacrifice-3282476,search:Liberation War Museum 1971,2026-10-06T10:54:43+00:00
https://www.thedailystar.net/news-detail-228723,search:Rashid Talukder 1971 photographs,2026-10-06T10:54:43+00:00
https://www.thedailystar.net/my-dhaka/news/rise-nation-3605406,search:Rashid Talukder 1971 photographs,2026-10-06T10:54:43+00:00
https://www.thedailystar.net/arts-entertainment/bangladesh-brutal-birth-169861,search:Kishor Parekh 1971 photographs,2026-10-06T10:54:43+00:00
https://www.thedailystar.net/opinion/views/news/remembering-raghu-rai-and-the-light-he-left-behind-4162421,search:Raghu Rai 1971 refugees,2026-10-06T10:54:43+00:00
https://www.thedailystar.net/news/the-testimony-of-sixty,search:1971 oral history testimony,2026-10-06T10:54:43+00:00
https://www.thedailystar.net/daily-star-books/news/memoirs-our-unsung-heroes-3447291,search:1971 memoir book review,2026-10-06T10:54:43+00:00
https://www.thedailystar.net/opinion/views/the-third-view/news/the-war-we-need-know-so-much-more-about-3577021,search:liberation war history book review,2026-10-06T10:54:43+00:00
https://www.thedailystar.net/daily-star-books/news/the-records-resilience-3421876,search:liberation war history book review,2026-10-06T10:54:43+00:00
https://www.thedailystar.net/news-detail-247865,search:Pakistan army officer 1971 East Pakistan memoir,2026-10-06T10:54:43+00:00
https://www.thedailystar.net/news/bangladesh/news/indomitable-march-meeting-yahya-or-not-3564776,search:Pakistan army officer 1971 East Pakistan memoir,2026-10-06T10:54:43+00:00
https://www.thedailystar.net/shout/news/how-the-youth-gave-us-independence-2066321,search:West Pakistan dissent 1971,2026-10-06T10:54:43+00:00
https://www.thedailystar.net/literature/they-also-were-involved-1535878,search:Pakistani writers 1971 Bangladesh,2026-10-06T10:54:43+00:00
https://www.thedailystar.net/backpage/news/dangerous-dissent-2072709,search:Bengali diplomats defected 1971,2026-10-06T10:54:43+00:00
https://www.thedailystar.net/shout/news/the-history-shadhin-bangla-football-team-3283816,search:Swadhin Bangla football team 1971,2026-10-06T10:54:43+00:00
https://www.thedailystar.net/opinion/news/sports-and-the-struggle-identity-1950825,search:Swadhin Bangla football team 1971,2026-10-06T10:54:43+00:00
https://www.thedailystar.net/news/a-clarion-call,search:Hindu minorities 1971 persecution,2026-10-06T10:54:43+00:00
https://www.thedailystar.net/city/news/untold-tales-unsung-heroes-1674235,search:adivasi freedom fighters 1971,2026-10-06T10:54:43+00:00
https://www.thedailystar.net/news/bangladesh/news/remembering-crack-platoon-hero-2200311,search:Garo 1971 liberation war,2026-10-06T10:54:43+00:00
https://www.thedailystar.net/lifestyle/spotlight/news/walk-down-jessore-road-1720249,search:refugees Kolkata 1971,2026-10-06T10:54:43+00:00
https://www.thedailystar.net/news/bangladesh/news/images-carnage-hope-and-victory-2914216,search:refugees Kolkata 1971,2026-10-06T10:54:43+00:00
https://www.thedailystar.net/opinion/views/winkers-aweigh/news/jamaat-leaders-apology-and-the-bigger-question-3907961,search:Ghulam Azam 1971 role,2026-10-06T10:54:43+00:00
https://www.thedailystar.net/news-detail-9116,search:Jamaat 1971 role,2026-10-06T10:54:43+00:00
https://www.thedailystar.net/country/news/dozen-mass-graves-lalmonirhat-lie-neglected-2072301,search:mass graves 1971 preservation,2026-10-06T10:54:43+00:00
https://www.thedailystar.net/city/news/withstanding-the-test-time-2049005,search:remembering 1971 2009,2026-10-06T10:54:43+00:00
https://www.thedailystar.net/news-detail-25516,search:liberation war 2010 article,2026-10-06T10:54:43+00:00
https://www.thedailystar.net/news-detail-40021,search:Six Point movement 1966,2026-10-06T10:54:43+00:00
https://www.thedailystar.net/news-detail-237295,search:Six Point movement 1966,2026-10-06T10:54:43+00:00
https://www.thedailystar.net/news/bangladesh/news/chronicling-bangladeshs-birth-tumultuous-1960s-3575041,search:7 June 1966 Six Points,2026-10-06T10:54:43+00:00
https://www.thedailystar.net/news-detail-238011,search:Agartala Conspiracy Case,2026-10-06T10:54:43+00:00
https://www.thedailystar.net/news-detail-41580,search:Agartala Conspiracy Case,2026-10-06T10:54:43+00:00
https://www.thedailystar.net/news/bangladesh/news/how-our-red-and-green-came-be-3777466,search:Agartala Conspiracy Case,2026-10-06T10:54:43+00:00
https://www.thedailystar.net/news-detail-169644,search:Agartala Conspiracy Case,2026-10-06T10:54:43+00:00
https://www.thedailystar.net/sergeant-zahurul-haque-64870,search:Sergeant Zahurul Haque 1969,2026-10-06T10:54:43+00:00
https://www.thedailystar.net/lifestyle/accused-17-73091,search:Sergeant Zahurul Haque 1969,2026-10-06T10:54:43+00:00
https://www.thedailystar.net/lifestyle/special-feature/flags-through-the-ages-187219,search:Sergeant Zahurul Haque 1969,2026-10-06T10:54:43+00:00
https://www.thedailystar.net/news-detail-223317,search:Sergeant Zahurul Haque 1969,2026-10-06T10:54:43+00:00
https://www.thedailystar.net/news-detail-246576,search:Sergeant Zahurul Haque 1969,2026-10-06T10:54:43+00:00
https://www.thedailystar.net/news/bangladesh/special-read/news/shaheed-asad-the-spark-lit-fuse-1969-3523991,search:Asad 1969 mass uprising,2026-10-06T10:54:43+00:00
https://www.thedailystar.net/star-weekend/news/story-untold-1737682,search:Asad 1969 mass uprising,2026-10-06T10:54:43+00:00
https://www.thedailystar.net/opinion/interviews/news/mass-uprising-was-dress-rehearsal-our-brightest-achievements-2032693,search:1969 mass upsurge eleven point,2026-10-06T10:54:43+00:00
https://www.thedailystar.net/lifestyle/spotlight/news/the-agony-war-1837702,search:1970 election Awami League,2026-10-06T10:54:43+00:00
https://www.thedailystar.net/opinion/views/book-review/news/two-storms-and-nations-birth-3363411,search:1970 Bhola cyclone East Pakistan,2026-10-06T10:54:43+00:00
https://www.thedailystar.net/environment/climate-crisis/natural-disaster/news/november-12-bhola-cyclone-day-horror-3167201,search:1970 Bhola cyclone East Pakistan,2026-10-06T10:54:43+00:00
https://www.thedailystar.net/ayubs-diaries-43166,search:Ayub Khan East Pakistan disparity,2026-10-06T10:54:43+00:00
https://www.thedailystar.net/book-reviews/news/prelude-national-disintegration-2050893,search:Ayub Khan East Pakistan disparity,2026-10-06T10:54:43+00:00
https://www.thedailystar.net/news-detail-106083,search:1962 education movement East Pakistan,2026-10-06T10:54:43+00:00
https://www.thedailystar.net/news-detail-55573,search:1962 education movement East Pakistan,2026-10-06T10:54:43+00:00
https://www.thedailystar.net/news/bangladesh/news/inner-group-the-first-push-liberation-3574341,search:1962 education movement East Pakistan,2026-10-06T10:54:43+00:00
https://www.thedailystar.net/news/bangladesh/news/the-word-bangladesh-journey-literature-politics-3280571,search:1962 education movement East Pakistan,2026-10-06T10:54:43+00:00
https://www.thedailystar.net/our-first-eternal-flame-12248,search:1962 education movement East Pakistan,2026-10-06T10:54:43+00:00
https://www.thedailystar.net/news/bangladesh/news/the-seed-independence-3829676,search:Language Movement 1952 history,2026-10-06T10:54:43+00:00
https://www.thedailystar.net/news/bangladesh/news/the-first-shaheed-minar-3813186,search:Language Movement 1952 history,2026-10-06T10:54:43+00:00
https://www.thedailystar.net/city/news/the-unrecognisable-epicentre-ekushey-1870591,search:Salam Barkat Rafiq Jabbar,2026-10-06T10:54:43+00:00
https://www.thedailystar.net/news-detail-76812,search:Salam Barkat Rafiq Jabbar,2026-10-06T10:54:43+00:00
https://www.thedailystar.net/news-detail-23132,search:Shafiur Rahman language martyr,2026-10-06T10:54:43+00:00
https://www.thedailystar.net/news-detail-174831,search:Shafiur Rahman language martyr,2026-10-06T10:54:43+00:00
https://www.thedailystar.net/city/news/abul-barkat-memorial-museum-pride-and-inspiration-1871482,search:Abul Barkat language martyr,2026-10-06T10:54:43+00:00
https://www.thedailystar.net/star-weekend/heritage/monument-souls-574186,search:Abul Barkat language martyr,2026-10-06T10:54:43+00:00
https://www.thedailystar.net/news-detail-61695,search:Rafiquddin Ahmed language martyr,2026-10-06T10:54:43+00:00
https://www.thedailystar.net/news-detail-127064,search:Rafiquddin Ahmed language martyr,2026-10-06T10:54:43+00:00
https://www.thedailystar.net/jinnah-at-curzon-hall-10668,search:Jinnah 1948 Urdu Dhaka,2026-10-06T10:54:43+00:00
https://www.thedailystar.net/news/ekushey-a-turning-point-in-our-history,search:Jinnah 1948 Urdu Dhaka,2026-10-06T10:54:43+00:00
https://www.thedailystar.net/news/bangladesh/news/hundreds-women-march-barishal-3830321,search:Rashtrabhasha Sangram Parishad,2026-10-06T10:54:43+00:00
https://www.thedailystar.net/news/bangladesh/news/gone-are-the-days-thunder-2962351,search:Rashtrabhasha Sangram Parishad,2026-10-06T10:54:43+00:00
https://www.thedailystar.net/news/bangladesh/news/kushtia-erupts-protest-3818111,search:Tamaddun Majlish,2026-10-06T10:54:43+00:00
https://www.thedailystar.net/news/bangladesh/news/tumultuous-history-2955891,search:Gaziul Haque language movement,2026-10-06T10:54:43+00:00
https://www.thedailystar.net/news/bangladesh/news/the-first-shaheed-minar-2960406,search:Gaziul Haque language movement,2026-10-06T10:54:43+00:00
https://www.thedailystar.net/news-detail-174850,search:Bhasha Matin Abdul Matin,2026-10-06T10:54:43+00:00
https://www.thedailystar.net/news/bangladesh/news/amar-ekushey-pearu-sardar-and-dhakas-first-shaheed-minar-4110471,search:Bhasha Matin Abdul Matin,2026-10-06T10:54:43+00:00
https://www.thedailystar.net/news/bangladesh/news/feb-21-gets-its-first-poem-port-city-3828881,search:Language Movement Chattogram 1952,2026-10-06T10:54:43+00:00
https://www.thedailystar.net/news/bangladesh/news/language-debate-pak-era-went-beyond-religion-4108751,search:Language Movement Chattogram 1952,2026-10-06T10:54:43+00:00
https://www.thedailystar.net/news/bangladesh/news/sylhet-dailies-lead-call-bangla-3826981,search:Language Movement Sylhet 1952,2026-10-06T10:54:43+00:00
https://www.thedailystar.net/country/news/language-pioneers-museum-sylhets-cultural-wealth-173965,search:Language Movement Sylhet 1952,2026-10-06T10:54:43+00:00
https://www.thedailystar.net/news-detail-75281,search:Language Movement Sylhet 1952,2026-10-06T10:54:43+00:00
https://www.thedailystar.net/news/bangladesh/news/the-forgotten-heroes-3549851,search:first Shaheed Minar 1952,2026-10-06T10:54:43+00:00
https://www.thedailystar.net/news-detail-23133,search:Language Movement veterans,2026-10-06T10:54:43+00:00
https://www.thedailystar.net/city/news/somela-rahman-unsung-language-hero-2048429,search:Language Movement veterans,2026-10-06T10:54:43+00:00
https://www.thedailystar.net/backpage/news/21-forever-1705738,search:Amar Ekushey song history 1952,2026-10-06T10:54:43+00:00
https://www.thedailystar.net/news-detail-223193,search:11 March 1948 language strike,2026-10-06T10:54:43+00:00
https://www.thedailystar.net/news/bangladesh/news/10th-grader-takes-down-pakistan-flag-3828001,search:Language Movement district,2026-10-06T10:54:43+00:00
https://www.thedailystar.net/news/bangladesh/news/creative-resistance-kurigram-3824296,search:Language Movement district,2026-10-06T10:54:43+00:00
https://www.thedailystar.net/news-detail-174301,search:Language Movement district,2026-10-06T10:54:43+00:00
https://www.thedailystar.net/news-detail-124126,search:Independence Day special 2008,2026-10-06T10:54:43+00:00
https://www.thedailystar.net/news/bangladesh/news/amar-bhai-er-rokte-rangano-ekushey-february-4111821,push:sitemap-review,2026-10-06T10:54:43+00:00
https://www.thedailystar.net/news/bangladesh/news/indomitable-march-tikka-khans-oath-hiccup-3561611,push:sitemap-review,2026-10-06T10:54:43+00:00
https://www.thedailystar.net/news/bangladesh/news/indomitable-march-cold-welcome-yahya-3567066,push:sitemap-review,2026-10-06T10:54:43+00:00
https://www.thedailystar.net/news/bangladesh/news/indomitable-march-mujib-yahya-talk-continues-3568281,push:sitemap-review,2026-10-06T10:54:43+00:00
https://www.thedailystar.net/news/bangladesh/news/indomitable-march-bhutto-faces-mass-protest-dhaka-3571456,push:sitemap-review,2026-10-06T10:54:43+00:00
https://www.thedailystar.net/news/bangladesh/news/indomitable-march-the-tripartite-meeting-mujib-yahya-and-bhutto-3572241,push:sitemap-review,2026-10-06T10:54:43+00:00
https://www.thedailystar.net/news/bangladesh/news/recognise-pakistan-armys-brutality-genocide-3280456,push:sitemap-review,2026-10-06T10:54:43+00:00
https://www.thedailystar.net/news/bangladesh/diplomacy/news/genocide-day-has-intl-relevance-3280821,push:sitemap-review,2026-10-06T10:54:43+00:00
https://www.thedailystar.net/news/bangladesh/news/take-steps-get-intl-recognition-genocide-2990646,push:sitemap-review,2026-10-06T10:54:43+00:00
https://www.thedailystar.net/news/bangladesh/news/intl-recognition-genocide-must-2990746,push:sitemap-review,2026-10-06T10:54:43+00:00
https://www.thedailystar.net/bangladesh/news/yahya-banned-awami-league-2119433,push:sitemap-review,2026-10-06T10:54:43+00:00
https://www.thedailystar.net/news/bangladesh/news/arms-shipment-condoning-genocide-2127816,push:sitemap-review,2026-10-06T10:54:43+00:00
https://www.thedailystar.net/news/bangladesh/news/bangabandhu-will-be-put-trial-very-soon-yahya-2133466,push:sitemap-review,2026-10-06T10:54:43+00:00
https://www.thedailystar.net/news/bangladesh/news/yahya-trying-hide-his-shame-shehabuddin-2134146,push:sitemap-review,2026-10-06T10:54:43+00:00
https://www.thedailystar.net/news/bangladesh/news/un-send-team-east-pakistan-2141036,push:sitemap-review,2026-10-06T10:54:43+00:00
https://www.thedailystar.net/news/bangladesh/news/freedom-fighters-strength-growing-admits-yahya-2142521,push:sitemap-review,2026-10-06T10:54:43+00:00
https://www.thedailystar.net/news/bangladesh/news/indira-gandhi-writes-nixon-2146546,push:sitemap-review,2026-10-06T10:54:43+00:00
https://www.thedailystar.net/news/bangladesh/news/yahya-speaks-mediation-2147266,push:sitemap-review,2026-10-06T10:54:43+00:00
https://www.thedailystar.net/news/bangladesh/news/yahya-power-maniac-2151106,push:sitemap-review,2026-10-06T10:54:43+00:00
https://www.thedailystar.net/news/bangladesh/news/kennedy-terms-pakistani-drive-genocide-2153126,push:sitemap-review,2026-10-06T10:54:43+00:00
https://www.thedailystar.net/news/bangladesh/news/serious-insurgency-movement-east-pakistan-kissinger-2154706,push:sitemap-review,2026-10-06T10:54:43+00:00
https://www.thedailystar.net/news/bangladesh/news/yahya-discusses-trial-bangabandhu-2156466,push:sitemap-review,2026-10-06T10:54:43+00:00
https://www.thedailystar.net/news/bangladesh/news/indira-writes-chou-bangladesh-2159361,push:sitemap-review,2026-10-06T10:54:43+00:00
https://www.thedailystar.net/news/bangladesh/news/when-my-soldiers-kill-they-do-it-cleanly-yahya-2165591,push:sitemap-review,2026-10-06T10:54:43+00:00
https://www.thedailystar.net/news/bangladesh/news/bangladeshs-reply-yahya-2167931,push:sitemap-review,2026-10-06T10:54:43+00:00
https://www.thedailystar.net/news/bangladesh/news/yahya-accepts-us-proposal-mutual-withdrawal-2195611,push:sitemap-review,2026-10-06T10:54:43+00:00
https://www.thedailystar.net/news/bangladesh/news/yahya-call-assembly-session-dec-27-2196261,push:sitemap-review,2026-10-06T10:54:43+00:00
https://www.thedailystar.net/news/bangladesh/news/yahya-podgorny-meeting-iran-2199181,push:sitemap-review,2026-10-06T10:54:43+00:00
https://www.thedailystar.net/news/bangladesh/news/indira-rules-out-talks-yahya-2201651,push:sitemap-review,2026-10-06T10:54:43+00:00
https://www.thedailystar.net/news/bangladesh/news/indira-mission-the-west-2204071,push:sitemap-review,2026-10-06T10:54:43+00:00
https://www.thedailystar.net/news/bangladesh/news/indira-bars-provocation-2205706,push:sitemap-review,2026-10-06T10:54:43+00:00
https://www.thedailystar.net/news/bangladesh/news/i-am-sitting-the-top-volcano-indira-2210146,push:sitemap-review,2026-10-06T10:54:43+00:00
https://www.thedailystar.net/news/bangladesh/news/war-imminent-yahya-2211031,push:sitemap-review,2026-10-06T10:54:43+00:00
https://www.thedailystar.net/news/bangladesh/news/indira-nixon-confer-2221611,push:sitemap-review,2026-10-06T10:54:43+00:00
https://www.thedailystar.net/news/bangladesh/news/east-bengal-cant-remain-united-pakistan-indira-2224406,push:sitemap-review,2026-10-06T10:54:43+00:00
https://www.thedailystar.net/news/bangladesh/news/indira-rules-out-tashkent-type-talks-2227831,push:sitemap-review,2026-10-06T10:54:43+00:00
https://www.thedailystar.net/news/bangladesh/news/bangladesh-issue-may-be-solved-month-or-two-indira-2230836,push:sitemap-review,2026-10-06T10:54:43+00:00
https://www.thedailystar.net/news/bangladesh/news/indira-rejects-thants-proposal-2232621,push:sitemap-review,2026-10-06T10:54:43+00:00
https://www.thedailystar.net/news/bangladesh/news/yahya-offers-friendship-2233471,push:sitemap-review,2026-10-06T10:54:43+00:00
https://www.thedailystar.net/news/bangladesh/news/yahya-declined-discuss-mujib-2234076,push:sitemap-review,2026-10-06T10:54:43+00:00
https://www.thedailystar.net/news/bangladesh/news/point-no-return-yahya-2902221,push:sitemap-review,2026-10-06T10:54:43+00:00
https://www.thedailystar.net/news/bangladesh/news/i-would-the-indians-be-embarrassed-nixon-2903011,push:sitemap-review,2026-10-06T10:54:43+00:00
https://www.thedailystar.net/news/bangladesh/news/no-justice-expected-security-council-indira-2904336,push:sitemap-review,2026-10-06T10:54:43+00:00
https://www.thedailystar.net/news/bangladesh/news/indira-wants-pak-troop-withdrawn-bangladesh-2905961,push:sitemap-review,2026-10-06T10:54:43+00:00
https://www.thedailystar.net/entertainment/news/portraying-genocide-across-64-districts-2907181,push:sitemap-review,2026-10-06T10:54:43+00:00
https://www.thedailystar.net/news/bangladesh/news/pressure-india-wont-work-indira-2907841,push:sitemap-review,2026-10-06T10:54:43+00:00
https://www.thedailystar.net/news/bangladesh/news/today-the-war-bangladesh-has-become-war-india-indira-2908451,push:sitemap-review,2026-10-06T10:54:43+00:00
https://www.thedailystar.net/news/bangladesh/news/my-aim-make-pakistan-armed-forces-surrender-lt-gen-aurora-2909081,push:sitemap-review,2026-10-06T10:54:43+00:00
https://www.thedailystar.net/news/bangladesh/news/bhutto-walks-out-tears-2917766,push:sitemap-review,2026-10-06T10:54:43+00:00
https://www.thedailystar.net/city/news/ekushey-forever-breaking-the-barrier-language-1871449,push:sitemap-review,2026-10-06T10:54:43+00:00
https://www.thedailystar.net/city/news/govt-must-work-official-un-recognition-genocide-1838293,push:sitemap-review,2026-10-06T10:54:43+00:00
https://www.thedailystar.net/city/news/gen-jacobs-wit-made-pak-army-surrender-210016,push:sitemap-review,2026-10-06T10:54:43+00:00
https://www.thedailystar.net/city/news/prof-zohas-sacrifice-accelerated-1969-mass-upsurge-574585,push:sitemap-review,2026-10-06T10:54:43+00:00
https://www.thedailystar.net/country/news/war-heroine-biva-struggles-survival-challenged-son-1326790,push:sitemap-review,2026-10-06T10:54:43+00:00
https://www.thedailystar.net/country/news/people-pabna-remember-1971s-first-resistance-fight-78555,push:sitemap-review,2026-10-06T10:54:43+00:00
https://www.thedailystar.net/city/news/find-out-all-war-heroines-184066,push:sitemap-review,2026-10-06T10:54:43+00:00
https://www.thedailystar.net/news/ekushey-had-to-happen,push:sitemap-review,2026-10-06T10:54:43+00:00
https://www.thedailystar.net/news/ekushey-a-tale-of-the-soul,push:sitemap-review,2026-10-06T10:54:43+00:00
https://www.thedailystar.net/news/yahya-flies-into-bangalee-militancy,push:sitemap-review,2026-10-06T10:54:43+00:00
https://www.thedailystar.net/news/march-1971-march-2013,push:sitemap-review,2026-10-06T10:54:43+00:00
https://www.thedailystar.net/news/six-points-and-june-7-1966,push:sitemap-review,2026-10-06T10:54:43+00:00
https://www.thedailystar.net/news/when-bhutto-forgot-his-people,push:sitemap-review,2026-10-06T10:54:43+00:00
https://www.thedailystar.net/news/the-agonies-of-war-heroines,push:sitemap-review,2026-10-06T10:54:43+00:00
https://www.thedailystar.net/news/he-rallied-for-mujib-against-yahya,push:sitemap-review,2026-10-06T10:54:43+00:00
https://www.thedailystar.net/news/those-bengalis-in-west-pakistan,push:sitemap-review,2026-10-06T10:54:43+00:00
https://www.thedailystar.net/news/nixon-branded-envoy-to-india-as-a-traitor,push:sitemap-review,2026-10-06T10:54:43+00:00
https://www.thedailystar.net/news/phulbari-tasted-freedom-on-this-day-in-1971,push:sitemap-review,2026-10-06T10:54:43+00:00
https://www.thedailystar.net/news/bochaganj-jhenidah-were-freed-on-this-day-in-1971,push:sitemap-review,2026-10-06T10:54:43+00:00
https://www.thedailystar.net/news/patuakhali-was-freed-on-this-day-in-1971,push:sitemap-review,2026-10-06T10:54:43+00:00
https://www.thedailystar.net/news/chapainawabganj-was-freed-on-this-day-in-1971,push:sitemap-review,2026-10-06T10:54:43+00:00
https://www.thedailystar.net/news/war-heroine-momtaj-suffers-from-neglect,push:sitemap-review,2026-10-06T10:54:43+00:00
https://www.thedailystar.net/news/bangladesh/news/morar-bhita-massacre-site-still-frozen-fear-4135086,push:sitemap-review,2026-10-06T10:54:43+00:00
https://www.thedailystar.net/news/bangladesh/news/the-second-shaheed-minar-3814716,push:sitemap-review,2026-10-06T10:54:43+00:00
https://www.thedailystar.net/news/bangladesh/news/freedom-fighter-sakhina-now-battling-old-age-and-illness-3858051,push:sitemap-review,2026-10-06T10:54:43+00:00
https://www.thedailystar.net/news/bangladesh/transport/news/barla-massacre-memory-still-painful-yet-be-recognised-3858166,push:sitemap-review,2026-10-06T10:54:43+00:00
https://www.thedailystar.net/news/bangladesh/news/martyr-without-country-3875351,push:sitemap-review,2026-10-06T10:54:43+00:00
https://www.thedailystar.net/news/bangladesh/news/who-freedom-fighter-3911231,push:sitemap-review,2026-10-06T10:54:43+00:00
https://www.thedailystar.net/news/bangladesh/news/freedom-fighters-definition-confusion-debate-over-ordinance-3911121,push:sitemap-review,2026-10-06T10:54:43+00:00
https://www.thedailystar.net/news/bangladesh/news/aburkhil-sanctuary-freedom-fighters-4047676,push:sitemap-review,2026-10-06T10:54:43+00:00
https://www.thedailystar.net/news/bangladesh/news/basu-bahini-fierce-guerrilla-force-haor-4049281,push:sitemap-review,2026-10-06T10:54:43+00:00
https://www.thedailystar.net/news/bangladesh/news/how-music-galvanised-the-struggle-freedom-3286391,push:sitemap-review,2026-10-06T10:54:43+00:00
https://www.thedailystar.net/news/bangladesh/news/mass-grave-7-martyrs-lies-neglected-3409671,push:sitemap-review,2026-10-06T10:54:43+00:00
https://www.thedailystar.net/news/bangladesh/news/photo-martyr-2961231,push:sitemap-review,2026-10-06T10:54:43+00:00
https://www.thedailystar.net/news/bangladesh/news/remembering-teroshree-massacre-2987121,push:sitemap-review,2026-10-06T10:54:43+00:00
https://www.thedailystar.net/news/news/when-bullets-couldnt-pierce-bravery-no-recognition-yet-martyrs-survivors-pabnas-dab-bagan-fight-3009436,push:sitemap-review,2026-10-06T10:54:43+00:00
https://www.thedailystar.net/news/news/hadol-massacre-pabna-lost-pages-history-3029116,push:sitemap-review,2026-10-06T10:54:43+00:00
https://www.thedailystar.net/city/news/the-guerrillas-destiny-2054701,push:sitemap-review,2026-10-06T10:54:43+00:00
https://www.thedailystar.net/country/news/sahebpara-mass-grave-epitome-communal-harmony-2057469,push:sitemap-review,2026-10-06T10:54:43+00:00
https://www.thedailystar.net/country/news/forgotten-graveyard-unforgettable-war-heroes-2059073,push:sitemap-review,2026-10-06T10:54:43+00:00
https://www.thedailystar.net/country/news/freedom-fighter-toils-away-without-recognition-2064593,push:sitemap-review,2026-10-06T10:54:43+00:00
https://www.thedailystar.net/country/news/freedom-fighter-fights-recognition-survival-2075653,push:sitemap-review,2026-10-06T10:54:43+00:00
https://www.thedailystar.net/country/news/demra-massacre-how-far-the-state-recognition-the-martyrs-2093449,push:sitemap-review,2026-10-06T10:54:43+00:00
https://www.thedailystar.net/news/bangladesh/news/pakistan-preparing-long-guerrilla-war-2139366,push:sitemap-review,2026-10-06T10:54:43+00:00
https://www.thedailystar.net/news/bangladesh/news/recalling-the-mothers-housewives-who-stood-freedom-fighters-2164931,push:sitemap-review,2026-10-06T10:54:43+00:00
https://www.thedailystar.net/news/bangladesh/news/recognition-ever-elusive-martyred-harijans-2235771,push:sitemap-review,2026-10-06T10:54:43+00:00
https://www.thedailystar.net/news/bangladesh/news/the-man-who-smuggled-freedom-fighters-2911561,push:sitemap-review,2026-10-06T10:54:43+00:00
https://www.thedailystar.net/city/news/historic-march-7-one-speech-thousands-voices-1877872,push:sitemap-review,2026-10-06T10:54:43+00:00
https://www.thedailystar.net/city/news/recognise-them-freedom-fighters-1965977,push:sitemap-review,2026-10-06T10:54:43+00:00
https://www.thedailystar.net/country/news/martyrs-who-still-remain-unrecognised-2012185,push:sitemap-review,2026-10-06T10:54:43+00:00
https://www.thedailystar.net/city/news/what-does-liberation-mean-bangladeshis-2018833,push:sitemap-review,2026-10-06T10:54:43+00:00
https://www.thedailystar.net/world/news/bits-history-march-26-1720873,push:sitemap-review,2026-10-06T10:54:43+00:00
https://www.thedailystar.net/country/news/septuagenarian-freedom-fighters-different-fight-1731721,push:sitemap-review,2026-10-06T10:54:43+00:00
https://www.thedailystar.net/country/news/mass-grave-250-ffs-lies-utter-neglect-1840390,push:sitemap-review,2026-10-06T10:54:43+00:00
https://www.thedailystar.net/city/news/the-guerrilla-garo-hills-1840987,push:sitemap-review,2026-10-06T10:54:43+00:00
https://www.thedailystar.net/city/too-little-done-freedom-fighter-1514746,push:sitemap-review,2026-10-06T10:54:43+00:00
https://www.thedailystar.net/world/news/bits-history-december-14-1673740,push:sitemap-review,2026-10-06T10:54:43+00:00
https://www.thedailystar.net/world/news/bits-history-december-15-1674346,push:sitemap-review,2026-10-06T10:54:43+00:00
https://www.thedailystar.net/world/news/bits-history-december-16-1674769,push:sitemap-review,2026-10-06T10:54:43+00:00
https://www.thedailystar.net/arts-entertainment/memories-their-martyred-father-1380382,push:sitemap-review,2026-10-06T10:54:43+00:00
https://www.thedailystar.net/country/mother-waits-martyred-sons-recognition-1380583,push:sitemap-review,2026-10-06T10:54:43+00:00
https://www.thedailystar.net/city/babla-bon-mass-grave-slips-oblivion-1381513,push:sitemap-review,2026-10-06T10:54:43+00:00
https://www.thedailystar.net/country/killing-grounds-mass-graves-grabbed-1381756,push:sitemap-review,2026-10-06T10:54:43+00:00
https://www.thedailystar.net/country/tale-unsung-war-heroes-1382386,push:sitemap-review,2026-10-06T10:54:43+00:00
https://www.thedailystar.net/country/martyrs-graves-verge-disappearance-1508221,push:sitemap-review,2026-10-06T10:54:43+00:00
https://www.thedailystar.net/arts-entertainment/interview/stories-independence-1330507,push:sitemap-review,2026-10-06T10:54:43+00:00
https://www.thedailystar.net/city/news/save-historic-barisal-killing-field-143869,push:sitemap-review,2026-10-06T10:54:43+00:00
https://www.thedailystar.net/news/the-guerrilla-speaks,push:sitemap-review,2026-10-06T10:54:43+00:00
https://www.thedailystar.net/news/bangalee-nationalism-and-liberation-struggle-in-world-history,push:sitemap-review,2026-10-06T10:54:43+00:00
https://www.thedailystar.net/news/ghosts-of-a-terrible-massacre,push:sitemap-review,2026-10-06T10:54:43+00:00
https://www.thedailystar.net/news/our-four-brave-martyrs,push:sitemap-review,2026-10-06T10:54:43+00:00
https://www.thedailystar.net/culture/news/farooki-calls-rethink-pro-liberation-vs-anti-liberation-narrative-4088001,push:sitemap-review,2026-10-06T10:54:43+00:00
https://www.thedailystar.net/opinion/views/news/1969-2024-echoes-resistance-through-the-ages-3803291,push:sitemap-review,2026-10-06T10:54:43+00:00
https://www.thedailystar.net/opinion/views/news/the-significance-march-7-3841106,push:sitemap-review,2026-10-06T10:54:43+00:00
https://www.thedailystar.net/opinion/views/winkers-aweigh/news/political-expediency-and-the-narratives-our-liberation-3864886,push:sitemap-review,2026-10-06T10:54:43+00:00
https://www.thedailystar.net/life-living/news/synonyms-bravery-martyrs-who-became-symbols-3955871,push:sitemap-review,2026-10-06T10:54:43+00:00
https://www.thedailystar.net/opinion/views/news/unfinished-story-our-liberation-4058471,push:sitemap-review,2026-10-06T10:54:43+00:00
https://www.thedailystar.net/opinion/views/news/preserving-8-theatre-road-our-liberation-wars-nerve-centre-4059401,push:sitemap-review,2026-10-06T10:54:43+00:00
https://www.thedailystar.net/opinion/editorial/news/lets-transform-our-victory-progress-4059406,push:sitemap-review,2026-10-06T10:54:43+00:00
https://www.thedailystar.net/my-dhaka/news/remembering-shaheed-shafi-imam-rumi-memories-brother-3516696,push:sitemap-review,2026-10-06T10:54:43+00:00
https://www.thedailystar.net/opinion/views/news/bangabandhus-march-7-speech-linguistic-marvel-3560596,push:sitemap-review,2026-10-06T10:54:43+00:00
https://www.thedailystar.net/star-literature/news/byting-wisely-the-varying-narratives-nationalism-and-independence-3575526,push:sitemap-review,2026-10-06T10:54:43+00:00
https://www.thedailystar.net/opinion/views/news/victory-and-vandalism-why-do-we-never-learn-3670761,push:sitemap-review,2026-10-06T10:54:43+00:00
https://www.thedailystar.net/opinion/views/news/the-cadences-peoples-victory-3670866,push:sitemap-review,2026-10-06T10:54:43+00:00
https://www.thedailystar.net/opinion/views/news/we-must-not-allow-sacrifices-the-martyrs-go-vain-3695391,push:sitemap-review,2026-10-06T10:54:43+00:00
https://www.thedailystar.net/star-literature/news/shadhin-3700616,push:sitemap-review,2026-10-06T10:54:43+00:00
https://www.thedailystar.net/books-literature/news/intellectual-debt-worth-remembering-3757846,push:sitemap-review,2026-10-06T10:54:43+00:00
https://www.thedailystar.net/opinion/views/news/december-16-proudly-celebrated-not-seriously-studied-3776951,push:sitemap-review,2026-10-06T10:54:43+00:00
https://www.thedailystar.net/opinion/views/news/bond-developed-over-our-love-independence-3244151,push:sitemap-review,2026-10-06T10:54:43+00:00
https://www.thedailystar.net/weekend-read/news/the-manifesto-independence-3262526,push:sitemap-review,2026-10-06T10:54:43+00:00
https://www.thedailystar.net/daily-star-books/news/refugees-tale-calcutta-3278596,push:sitemap-review,2026-10-06T10:54:43+00:00
https://www.thedailystar.net/weekend-read/news/haunting-memories-jinjira-massacre-3291731,push:sitemap-review,2026-10-06T10:54:43+00:00
https://www.thedailystar.net/daily-star-books/news/when-the-message-bangladeshs-liberation-travelled-two-wheels-3323246,push:sitemap-review,2026-10-06T10:54:43+00:00
https://www.thedailystar.net/opinion/news/december-16-who-will-be-the-next-niazi-3507211,push:sitemap-review,2026-10-06T10:54:43+00:00
https://www.thedailystar.net/views/opinion/news/intellectual-instinct-revolutionary-choice-2930901,push:sitemap-review,2026-10-06T10:54:43+00:00
https://www.thedailystar.net/views/opinion/news/mass-uprising-day-dhaka-1969-2945741,push:sitemap-review,2026-10-06T10:54:43+00:00
https://www.thedailystar.net/views/editorial/news/war-heroine-cant-beg-survival-2948011,push:sitemap-review,2026-10-06T10:54:43+00:00
https://www.thedailystar.net/opinion/blowin-the-wind/news/historic-march-7-setting-nation-the-march-2977166,push:sitemap-review,2026-10-06T10:54:43+00:00
https://www.thedailystar.net/life-living/fashion-beauty/news/colours-independence-2987281,push:sitemap-review,2026-10-06T10:54:43+00:00
https://www.thedailystar.net/supplements/celebrating-51-years-independence/news/editors-note-2990426,push:sitemap-review,2026-10-06T10:54:43+00:00
https://www.thedailystar.net/supplements/celebrating-51-years-independence/news/remembering-shaheed-lt-col-syed-abdul-hai-2990441,push:sitemap-review,2026-10-06T10:54:43+00:00
https://www.thedailystar.net/daily-star-books/news/intellectual-biography-sheikh-mujibur-rahman-3042981,push:sitemap-review,2026-10-06T10:54:43+00:00
https://www.thedailystar.net/daily-star-books/news/academics-discuss-afsan-chowdhurys-narider-ekattor-3150136,push:sitemap-review,2026-10-06T10:54:43+00:00
https://www.thedailystar.net/opinion/editorial/news/give-guerrilla-hafiz-his-due-recognition-3151346,push:sitemap-review,2026-10-06T10:54:43+00:00
https://www.thedailystar.net/opinion/views/news/little-known-initiative-help-the-war-babies-3197011,push:sitemap-review,2026-10-06T10:54:43+00:00
https://www.thedailystar.net/opinion/news/the-biggest-way-show-respect-the-martyrs-know-their-history-well-2030677,push:sitemap-review,2026-10-06T10:54:43+00:00
https://www.thedailystar.net/shout/fable-factory/news/what-liberation-means-me-2046493,push:sitemap-review,2026-10-06T10:54:43+00:00
https://www.thedailystar.net/opinion/news/agartala-case-provided-spark-our-dream-independence-2048817,push:sitemap-review,2026-10-06T10:54:43+00:00
https://www.thedailystar.net/opinion/news/the-native-refugees-2050689,push:sitemap-review,2026-10-06T10:54:43+00:00
https://www.thedailystar.net/lifestyle/cover-story/news/celebrating-50-years-independence-2065181,push:sitemap-review,2026-10-06T10:54:43+00:00
https://www.thedailystar.net/shout/news/the-eve-independence-2066413,push:sitemap-review,2026-10-06T10:54:43+00:00
https://www.thedailystar.net/editorial/news/50-years-bangladeshs-independence-2066937,push:sitemap-review,2026-10-06T10:54:43+00:00
https://www.thedailystar.net/lifestyle/news/slogans-freedom-the-daily-star-celebrates-50-years-independence-2067193,push:sitemap-review,2026-10-06T10:54:43+00:00
https://www.thedailystar.net/opinion/news/what-liberation-means-millennials-me-2067297,push:sitemap-review,2026-10-06T10:54:43+00:00
https://www.thedailystar.net/lifestyle/news/slogans-freedom-the-daily-star-celebrates-50-years-independence-2068305,push:sitemap-review,2026-10-06T10:54:43+00:00
https://www.thedailystar.net/opinion/news/did-our-independence-decolonise-our-consciousness-2071021,push:sitemap-review,2026-10-06T10:54:43+00:00
https://www.thedailystar.net/culture/art-design/painting-illustration/news/recognise-artists-who-campaigned-independence-2173811,push:sitemap-review,2026-10-06T10:54:43+00:00
https://www.thedailystar.net/views/opinion/news/bijoyphool-symbol-our-struggle-and-victory-2906791,push:sitemap-review,2026-10-06T10:54:43+00:00
https://www.thedailystar.net/shout/news/walk-victory-2917621,push:sitemap-review,2026-10-06T10:54:43+00:00
https://www.thedailystar.net/daily-star-books/news/untold-stories-war-heroines-revisiting-rizia-rahmans-rokter-okshor-2920326,push:sitemap-review,2026-10-06T10:54:43+00:00
https://www.thedailystar.net/supplements/news/beyond-liberation-1851841,push:sitemap-review,2026-10-06T10:54:43+00:00
https://www.thedailystar.net/opinion/straight-line/news/bangabandhus-galvanising-speech-march-7-1877350,push:sitemap-review,2026-10-06T10:54:43+00:00
https://www.thedailystar.net/supplements/news/bangabandhus-march-7-press-statement-1877401,push:sitemap-review,2026-10-06T10:54:43+00:00
https://www.thedailystar.net/supplements/news/how-the-us-saw-march-7-speech-1877434,push:sitemap-review,2026-10-06T10:54:43+00:00
https://www.thedailystar.net/supplements/news/bangabandhus-vision-independence-1886149,push:sitemap-review,2026-10-06T10:54:43+00:00
https://www.thedailystar.net/book-reviews/news/intellectual-his-finest-1919893,push:sitemap-review,2026-10-06T10:54:43+00:00
https://www.thedailystar.net/opinion/news/abu-osman-chowdhury-unsung-hero-the-war-liberation-1970297,push:sitemap-review,2026-10-06T10:54:43+00:00
https://www.thedailystar.net/lifestyle/news/shahzaman-mozumder-bir-protik-the-king-dhaka-no-more-2004693,push:sitemap-review,2026-10-06T10:54:43+00:00
https://www.thedailystar.net/opinion/news/kazi-salauddin-warrior-and-martyr-2008137,push:sitemap-review,2026-10-06T10:54:43+00:00
https://www.thedailystar.net/literature/news/victory-i-have-seen-1715653,push:sitemap-review,2026-10-06T10:54:43+00:00
https://www.thedailystar.net/literature/news/independence-how-word-became-ours-1719163,push:sitemap-review,2026-10-06T10:54:43+00:00
https://www.thedailystar.net/star-weekend/mailbox/news/remembering-march-26-1721590,push:sitemap-review,2026-10-06T10:54:43+00:00
https://www.thedailystar.net/star-weekend/news/workers-role-the-1969-gherao-movement-1737676,push:sitemap-review,2026-10-06T10:54:43+00:00
https://www.thedailystar.net/lifestyle/cover-story/news/witness-victory-1837705,push:sitemap-review,2026-10-06T10:54:43+00:00
https://www.thedailystar.net/editorial/news/have-we-fulfilled-the-dreams-our-martyrs-1841032,push:sitemap-review,2026-10-06T10:54:43+00:00
https://www.thedailystar.net/opinion/news/how-could-we-forget-our-women-martyrs-1841143,push:sitemap-review,2026-10-06T10:54:43+00:00
https://www.thedailystar.net/lifestyle/perspective/ode-loss-and-victory-1549999,push:sitemap-review,2026-10-06T10:54:43+00:00
https://www.thedailystar.net/star-weekend/travelogue/ambling-through-the-city-victory-1551919,push:sitemap-review,2026-10-06T10:54:43+00:00
https://www.thedailystar.net/editorial/observing-47-years-independence-1553293,push:sitemap-review,2026-10-06T10:54:43+00:00
https://www.thedailystar.net/lifestyle/news-flash/celebrating-independence-1556569,push:sitemap-review,2026-10-06T10:54:43+00:00
https://www.thedailystar.net/supplements/declaration-independence-1599409,push:sitemap-review,2026-10-06T10:54:43+00:00
https://www.thedailystar.net/lifestyle/perspective/news/witness-victory-1671775,push:sitemap-review,2026-10-06T10:54:43+00:00
https://www.thedailystar.net/editorial/news/recognise-the-families-the-martyrs-1673698,push:sitemap-review,2026-10-06T10:54:43+00:00
https://www.thedailystar.net/literature/news/ekattorer-chithi-1673725,push:sitemap-review,2026-10-06T10:54:43+00:00
https://www.thedailystar.net/opinion/news/have-we-been-faithful-the-martyrs-1674142,push:sitemap-review,2026-10-06T10:54:43+00:00
https://www.thedailystar.net/opinion/politics/news/bangladesh-47th-anniversary-victory-1674151,push:sitemap-review,2026-10-06T10:54:43+00:00
https://www.thedailystar.net/editorial/news/make-victory-meaningful-1674169,push:sitemap-review,2026-10-06T10:54:43+00:00
https://www.thedailystar.net/opinion/news/our-constitution-and-the-goals-independence-1674445,push:sitemap-review,2026-10-06T10:54:43+00:00
https://www.thedailystar.net/opinion/politics/news/our-constitution-and-the-goals-independence-1675189,push:sitemap-review,2026-10-06T10:54:43+00:00
https://www.thedailystar.net/lifestyle/news-flash/news/war-heroines-dolonchapa-1677781,push:sitemap-review,2026-10-06T10:54:43+00:00
https://www.thedailystar.net/literature/news/courageous-martyr-1341364,push:sitemap-review,2026-10-06T10:54:43+00:00
https://www.thedailystar.net/op-ed/yahya-does-not-believe-pakistan-can-be-held-together-force-1374367,push:sitemap-review,2026-10-06T10:54:43+00:00
https://www.thedailystar.net/op-ed/politics/yahya-and-mujib-have-already-agreed-the-broad-outlines-solution-1374835,push:sitemap-review,2026-10-06T10:54:43+00:00
https://www.thedailystar.net/star-weekend/animal-wellfare/new-victory-the-horizon-1377076,push:sitemap-review,2026-10-06T10:54:43+00:00
https://www.thedailystar.net/lifestyle/special-feature/independence-liberation-1378843,push:sitemap-review,2026-10-06T10:54:43+00:00
https://www.thedailystar.net/editorial/46-years-our-independence-1381267,push:sitemap-review,2026-10-06T10:54:43+00:00
https://www.thedailystar.net/law-our-rights/towards-independence-1382536,push:sitemap-review,2026-10-06T10:54:43+00:00
https://www.thedailystar.net/opinion/researchmesearch/independence-tokenism-1398913,push:sitemap-review,2026-10-06T10:54:43+00:00
https://www.thedailystar.net/lifestyle/eating-out/sector-7-1441564,push:sitemap-review,2026-10-06T10:54:43+00:00
https://www.thedailystar.net/book-reviews/the-war-heroines-i-will-speak-1469722,push:sitemap-review,2026-10-06T10:54:43+00:00
https://www.thedailystar.net/star-weekend/the-shadow-violence/born-refugee-1474945,push:sitemap-review,2026-10-06T10:54:43+00:00
https://www.thedailystar.net/editorial/utter-disrespect-our-martyrs-1504066,push:sitemap-review,2026-10-06T10:54:43+00:00
https://www.thedailystar.net/op-ed/who-was-liar-yahya-or-bhutto-200383,push:sitemap-review,2026-10-06T10:54:43+00:00
https://www.thedailystar.net/star-weekend/mad-genius/general-muahammad-ataul-gani-osmani-789235,push:sitemap-review,2026-10-06T10:54:43+00:00
https://www.thedailystar.net/op-ed/politics/confusing-war-liberation-1204732,push:sitemap-review,2026-10-06T10:54:43+00:00
https://www.thedailystar.net/op-ed/politics/my-friend-shaheed-sheikh-kamal-1269712,push:sitemap-review,2026-10-06T10:54:43+00:00
https://www.thedailystar.net/book-reviews/tribute-indira-gandhi-1284430,push:sitemap-review,2026-10-06T10:54:43+00:00
https://www.thedailystar.net/op-ed/consolidate-the-gains-liberation-1330411,push:sitemap-review,2026-10-06T10:54:43+00:00
https://www.thedailystar.net/op-ed/the-joy-victory-and-many-defeats-1330426,push:sitemap-review,2026-10-06T10:54:43+00:00
https://www.thedailystar.net/star-weekend/cover-story/songs-victory-1330780,push:sitemap-review,2026-10-06T10:54:43+00:00
https://www.thedailystar.net/lifestyle/special-feature/moment-surrender-2128,push:sitemap-review,2026-10-06T10:54:43+00:00
https://www.thedailystar.net/op-ed/politics/march-7-eye-witness-account-70430,push:sitemap-review,2026-10-06T10:54:43+00:00
https://www.thedailystar.net/shout/single-review/amrai-anbo-bijoy-the-war-begins-70727,push:sitemap-review,2026-10-06T10:54:43+00:00
https://www.thedailystar.net/op-ed/politics/victory-mother-victory-71326,push:sitemap-review,2026-10-06T10:54:43+00:00
https://www.thedailystar.net/op-ed/politics/searchlight-spotlight-73159,push:sitemap-review,2026-10-06T10:54:43+00:00
https://www.thedailystar.net/op-ed/politics/the-independence-movement-bangladesh-73172,push:sitemap-review,2026-10-06T10:54:43+00:00
https://www.thedailystar.net/star-weekend/cover-story/the-meaning-independence-73694,push:sitemap-review,2026-10-06T10:54:43+00:00
https://www.thedailystar.net/op-ed/how-many-more-mass-graves-need-be-unearthed-81697,push:sitemap-review,2026-10-06T10:54:43+00:00
https://www.thedailystar.net/lifestyle/event/liberation-the-spirit-96946,push:sitemap-review,2026-10-06T10:54:43+00:00
https://www.thedailystar.net/book-reviews/ekattorer-ekattor-nari-124588,push:sitemap-review,2026-10-06T10:54:43+00:00
https://www.thedailystar.net/op-ed/politics/bangabandhu-the-statesman-hero-and-the-martyr-127045,push:sitemap-review,2026-10-06T10:54:43+00:00
https://www.thedailystar.net/lifestyle/colours-victory-187213,push:sitemap-review,2026-10-06T10:54:43+00:00
https://www.thedailystar.net/editorial/the-true-taste-victory-187645,push:sitemap-review,2026-10-06T10:54:43+00:00
https://www.thedailystar.net/op-ed/between-liberation-and-freedom-reflections-the-constituent-assembly-debate-187660,push:sitemap-review,2026-10-06T10:54:43+00:00
https://www.thedailystar.net/supplements/indira-gandhi-mujib-must-be-freed-187990,push:sitemap-review,2026-10-06T10:54:43+00:00
https://www.thedailystar.net/supplements/remembering-shaheed-captain-aftab-qader-bir-uttam-188017,push:sitemap-review,2026-10-06T10:54:43+00:00
https://www.thedailystar.net/supplements/victory-the-diplomatic-front-188023,push:sitemap-review,2026-10-06T10:54:43+00:00
https://www.thedailystar.net/star-weekend/victory-the-streets-188680,push:sitemap-review,2026-10-06T10:54:43+00:00
https://www.thedailystar.net/supplements/victory-day-special-2017/1971-and-after-participant-observers-frayed-recollections,push:sitemap-review,2026-10-06T10:54:43+00:00
https://www.thedailystar.net/footages-1971-liberation-war/killing-grounds/most-mass-graves-still-unmarked-3-southern-districts,push:sitemap-review,2026-10-06T10:54:43+00:00
https://www.thedailystar.net/supplements/independence-day-special-2015/submariners-heroism-and-the-first-military-response-france,push:sitemap-review,2026-10-06T10:54:43+00:00
https://www.thedailystar.net/supplements/independence-day-special-2015/when-the-war-was-over-our-struggle-ended-the-struggle-the,push:sitemap-review,2026-10-06T10:54:43+00:00
https://www.thedailystar.net/supplements/independence-day-special-2015/there-should-not-be-any-doubt-about-the-trial-process,push:sitemap-review,2026-10-06T10:54:43+00:00
https://www.thedailystar.net/supplements/independence-day-special-2015/genocide-very-often-response-extreme-political-threat,push:sitemap-review,2026-10-06T10:54:43+00:00
https://www.thedailystar.net/news/judicial-notice-shahbaghh-movement-and-criticism-freshness-and-positivity-for-international-crimes-tribunal,push:sitemap-review,2026-10-06T10:54:43+00:00
https://www.thedailystar.net/news/bangladesh-1971-a-forgotten-genocide,push:sitemap-review,2026-10-06T10:54:43+00:00
https://www.thedailystar.net/news/prosecuting-1971-rapes-and-other-sexual-violence-crimes,push:sitemap-review,2026-10-06T10:54:43+00:00
https://www.thedailystar.net/news/make-country-razakar-free,push:sitemap-review,2026-10-06T10:54:43+00:00
https://www.thedailystar.net/news/depicting-the-spirit-of-women-during-liberation-war,push:sitemap-review,2026-10-06T10:54:43+00:00
https://www.thedailystar.net/news/ignoring-genocide,push:sitemap-review,2026-10-06T10:54:43+00:00
https://www.thedailystar.net/news/understanding-genocide,push:sitemap-review,2026-10-06T10:54:43+00:00
https://www.thedailystar.net/news/mass-killing-rape-can-be-termed-genocide,push:sitemap-review,2026-10-06T10:54:43+00:00
https://www.thedailystar.net/news/abdul-jabbar-inspiring-the-nation-in-71-through-songs,push:sitemap-review,2026-10-06T10:54:43+00:00
https://www.thedailystar.net/news/1971-expectations-yet-to-be-fulfilled,push:sitemap-review,2026-10-06T10:54:43+00:00
https://www.thedailystar.net/news/1971-legacy-revisited,push:sitemap-review,2026-10-06T10:54:43+00:00
https://www.thedailystar.net/news/bangladesh-joining-the-global-initiatives-to-address-genocide,push:sitemap-review,2026-10-06T10:54:43+00:00
https://www.thedailystar.net/news/liberation-war,push:sitemap-review,2026-10-06T10:54:43+00:00
https://www.thedailystar.net/news/genocide-what-does-it-really-mean,push:sitemap-review,2026-10-06T10:54:43+00:00
https://www.thedailystar.net/news/a-marked-man-in-1971-2,push:sitemap-review,2026-10-06T10:54:43+00:00
https://www.thedailystar.net/news/countrywide-genocide-on,push:sitemap-review,2026-10-06T10:54:43+00:00
https://www.thedailystar.net/news/not-enough-works-on-psychological-conflict-during-liberation-war-ataur-rahman,push:sitemap-review,2026-10-06T10:54:43+00:00
https://www.thedailystar.net/news/pak-army-razakars-killed-600-on-this-day-in-lalmonirhat,push:sitemap-review,2026-10-06T10:54:43+00:00
https://www.thedailystar.net/news/finish-war-crimes-trial-soon,push:sitemap-review,2026-10-06T10:54:43+00:00
https://www.thedailystar.net/news/war-crimes-trial-a-big-challenge,push:sitemap-review,2026-10-06T10:54:43+00:00
https://www.thedailystar.net/news/bringing-back-71,push:sitemap-review,2026-10-06T10:54:43+00:00
https://www.thedailystar.net/news/the-mujibnagar-ethos,push:sitemap-review,2026-10-06T10:54:43+00:00
https://www.thedailystar.net/news/once-valiant-ff-now-hounded-by-razakars,push:sitemap-review,2026-10-06T10:54:43+00:00
https://www.thedailystar.net/news/woes-of-a-non-bengali-freedom-fighter,push:sitemap-review,2026-10-06T10:54:43+00:00
https://www.thedailystar.net/news/shun-war-criminals,push:sitemap-review,2026-10-06T10:54:43+00:00
https://www.thedailystar.net/news/oblivious-chapter-of-the-liberation-war,push:sitemap-review,2026-10-06T10:54:43+00:00
https://www.thedailystar.net/news/war-crimes-trial-progress-report,push:sitemap-review,2026-10-06T10:54:43+00:00
https://www.thedailystar.net/news/it-was-one-of-top-five-genocide,push:sitemap-review,2026-10-06T10:54:43+00:00
https://www.thedailystar.net/news/war-crimes-trial-we-should-be-united-behind-it,push:sitemap-review,2026-10-06T10:54:43+00:00
https://www.thedailystar.net/news/war-crimes-trial-progress-report-2,push:sitemap-review,2026-10-06T10:54:43+00:00
https://www.thedailystar.net/news/tajuddin-ahmed-our-lost-leader,push:sitemap-review,2026-10-06T10:54:43+00:00
https://www.thedailystar.net/news/war-crimes-trial-we-should-be-united-behind-it-2,push:sitemap-review,2026-10-06T10:54:43+00:00
https://www.thedailystar.net/news/its-true-71,push:sitemap-review,2026-10-06T10:54:43+00:00
https://www.thedailystar.net/news/tribute-to-a-liberation-war-hero,push:sitemap-review,2026-10-06T10:54:43+00:00
https://www.thedailystar.net/news/a-safe-haven-for-war-criminals,push:sitemap-review,2026-10-06T10:54:43+00:00
https://www.thedailystar.net/news/pakistan-and-our-buzurg-war-criminal,push:sitemap-review,2026-10-06T10:54:43+00:00
https://www.thedailystar.net/news/1971-ideals-must-be-defended,push:sitemap-review,2026-10-06T10:54:43+00:00
https://www.thedailystar.net/news/bringing-forth-unsung-tales-of-birangonas,push:sitemap-review,2026-10-06T10:54:43+00:00
https://www.thedailystar.net/news/rein-in-pro-war-criminal-hooligans,push:sitemap-review,2026-10-06T10:54:43+00:00
https://www.thedailystar.net/news/why-is-bnp-so-ambivalent-about-the-war-crimes-trial,push:sitemap-review,2026-10-06T10:54:43+00:00
https://www.thedailystar.net/news/war-crimes-trial-and-failure-of-our-politics,push:sitemap-review,2026-10-06T10:54:43+00:00
https://www.thedailystar.net/news/indira-counted-on-his-advice-in-71,push:sitemap-review,2026-10-06T10:54:43+00:00
https://www.thedailystar.net/news/legitimate-demands-for-war-crimes-trials-do-not-justify-turning-a-blind-eye-on-standards,push:sitemap-review,2026-10-06T10:54:43+00:00
https://www.thedailystar.net/news/war-crimes-1971-memories-and-justice,push:sitemap-review,2026-10-06T10:54:43+00:00
https://www.thedailystar.net/news/nixon-kissinger-and-bangladesh-genocide,push:sitemap-review,2026-10-06T10:54:43+00:00
https://www.thedailystar.net/news/it-can-be-classed-as-war-crimes,push:sitemap-review,2026-10-06T10:54:43+00:00
https://www.thedailystar.net/news/pabna-killings-in-71-by-naxals-not-pak-army,push:sitemap-review,2026-10-06T10:54:43+00:00
https://www.thedailystar.net/news/liberation-war-from-the-heart-of-our-mothers,push:sitemap-review,2026-10-06T10:54:43+00:00
https://www.thedailystar.net/news/panchagarh-freed-this-day-in-71,push:sitemap-review,2026-10-06T10:54:43+00:00
https://www.thedailystar.net/news/bogra-manikganj-were-freed-on-this-day-in-71,push:sitemap-review,2026-10-06T10:54:43+00:00
https://www.thedailystar.net/news/the-commitment-of-the-martyred-intellectuals,push:sitemap-review,2026-10-06T10:54:43+00:00
https://www.thedailystar.net/news/a-tribute-to-our-martyred-intellectuals,push:sitemap-review,2026-10-06T10:54:43+00:00
https://www.thedailystar.net/news/prof-moazzem-hossain-sacrifices-of-a-martyred-freedom-fighter,push:sitemap-review,2026-10-06T10:54:43+00:00
https://www.thedailystar.net/news/ravished-women-of-1971-for-whom-the-bell-tolls,push:sitemap-review,2026-10-06T10:54:43+00:00
https://www.thedailystar.net/news/two-tales-of-victory-day,push:sitemap-review,2026-10-06T10:54:43+00:00
https://www.thedailystar.net/news/genocide-2,push:sitemap-review,2026-10-06T10:54:43+00:00
https://www.thedailystar.net/news/the-spirit-of-the-liberation-war-will-burn-bright-mahmuder-rahman-benu,push:sitemap-review,2026-10-06T10:54:43+00:00
https://www.thedailystar.net/news/42-years-of-independence-reflections-of-a-freedom-fighter,push:sitemap-review,2026-10-06T10:54:43+00:00
https://www.thedailystar.net/news/genocide-3,push:sitemap-review,2026-10-06T10:54:43+00:00
https://www.thedailystar.net/news/blood-of-41-freedom-fighters-covered-the-grassy-plain-of-jhenidah-village,push:sitemap-review,2026-10-06T10:54:43+00:00
https://www.thedailystar.net/news/61-embraced-martyrdom-in-madaripur-during-liberation-war,push:sitemap-review,2026-10-06T10:54:43+00:00
https://www.thedailystar.net/news/kissinger-secretly-offered-help-to-china-against-soviets,push:sitemap-review,2026-10-06T10:54:43+00:00
https://www.thedailystar.net/news/pabna-remembers-police-heroes-of-liberation-war,push:sitemap-review,2026-10-06T10:54:43+00:00
https://www.thedailystar.net/news/many-aspects-of-71-tragedy-still-haunts-conscience-of-pakistanis,push:sitemap-review,2026-10-06T10:54:43+00:00
https://www.thedailystar.net/entertainment/music/news/the-anthem-defiance-how-amar-bhaiyer-rokte-rangano-came-be-3829346,snowball:relevant,2026-10-06T10:54:43+00:00
https://www.thedailystar.net/book-reviews/news/the-books-went-war-2089157,snowball:relevant,2026-10-06T10:54:43+00:00
https://www.thedailystar.net/opinion/views/news/would-i-be-the-kind-person-forget-history-3857446,snowball:relevant,2026-10-06T10:54:43+00:00
https://www.thedailystar.net/book-reviews/professor-nurul-islams-odyssey-1578118,snowball:relevant,2026-10-06T10:54:43+00:00
https://www.thedailystar.net/opinion/views/news/bangladesh-pakistan-relations-reassessing-past-reimagining-future-3969346,snowball:relevant,2026-10-06T10:54:43+00:00
https://www.thedailystar.net/wide-angle/memory-and-justice-3100,snowball:relevant,2026-10-06T10:54:43+00:00
https://www.thedailystar.net/opinion/views/news/war-i-never-saw-inherited-4059391,snowball:relevant,2026-10-06T10:54:43+00:00
https://www.thedailystar.net/opinion/views/blowin-the-wind/news/bangladeshs-journey-beyond-cold-war-realpolitik-3495701,snowball:relevant,2026-10-06T10:54:43+00:00
https://www.thedailystar.net/opinion/views/blowin-the-wind/news/the-shadow-lines-bangladeshs-birth-3574676,snowball:relevant,2026-10-06T10:54:43+00:00
https://www.thedailystar.net/opinion/views/news/stories-we-tell-ourselves-3280446,snowball:relevant,2026-10-06T10:54:43+00:00
https://www.thedailystar.net/news/bangladesh/news/joy-bangla-the-making-peoples-slogan-3575016,snowball:relevant,2026-10-06T10:54:43+00:00
https://www.thedailystar.net/frontpage/news/incidents-71-cannot-be-forgotten-forgiven-2005397,snowball:relevant,2026-10-06T10:54:43+00:00
https://www.thedailystar.net/shift/steeped-history-1573654,snowball:relevant,2026-10-06T10:54:43+00:00
https://www.thedailystar.net/opinion/editorial/news/let-day-remind-us-our-ambitions-3197601,snowball:relevant,2026-10-06T10:54:43+00:00
https://www.thedailystar.net/editorial/news/the-power-the-mother-tongue-1870765,snowball:relevant,2026-10-06T10:54:43+00:00
https://www.thedailystar.net/opinion/views/the-third-view/news/the-speech-emboldened-us-all-4122381,snowball:relevant,2026-10-06T10:54:43+00:00
https://www.thedailystar.net/news/7-march-1971bangabandhus-finest-hour,push:sitemap-review,2026-10-06T10:54:43+00:00
https://www.thedailystar.net/news/this-day-in-history-30,push:sitemap-review,2026-10-06T10:54:43+00:00
https://www.thedailystar.net/news/backpage/tribute-ekattorer-janani-1628776,push:sitemap-review,2026-10-06T10:54:43+00:00
https://www.thedailystar.net/news/this-day-in-history,push:sitemap-review,2026-10-06T10:54:43+00:00
https://www.thedailystar.net/supplements/50-years-our-constitution-original-ideals-vs-reality/news/bangladesh-began-badly-remembering-the-roots-the-impasse-3160271,push:sitemap-review,2026-10-06T10:54:43+00:00
https://www.thedailystar.net/supplements/celebrating-50-years-bangladesh/news/bangladesh-50-some-reflections-2066649,push:sitemap-review,2026-10-06T10:54:43+00:00
https://www.thedailystar.net/supplements/celebrating-50-years-bangladesh/news/the-journey-50-looking-back-looking-ahead-2067117,push:sitemap-review,2026-10-06T10:54:43+00:00
https://www.thedailystar.net/supplements/bangabandhus-birth-centenary-special/news/letter-manik-miah-1881841,push:sitemap-review,2026-10-06T10:54:43+00:00
https://www.thedailystar.net/supplements/bangabandhus-birth-centenary-special/news/dedicate-the-cause-the-nation-1881847,push:sitemap-review,2026-10-06T10:54:43+00:00
https://www.thedailystar.net/supplements/independence-day-special-2015/the-gaza-little-object-bangladesh-the-united-nations-1971,push:sitemap-review,2026-10-06T10:54:43+00:00
https://www.thedailystar.net/news/a-marked-man-in-1971,push:sitemap-review,2026-10-06T10:54:43+00:00
https://www.thedailystar.net/news/remembering-1971,push:sitemap-review,2026-10-06T10:54:43+00:00
https://www.thedailystar.net/news/honouring-foreign-friends-of-1971,push:sitemap-review,2026-10-06T10:54:43+00:00
https://www.thedailystar.net/news/diplomats-should-learn-from-1971,push:sitemap-review,2026-10-06T10:54:43+00:00
https://www.thedailystar.net/news/memories-of-december-1971,push:sitemap-review,2026-10-06T10:54:43+00:00
https://www.thedailystar.net/news/celebrations-of-triumph-1971,push:sitemap-review,2026-10-06T10:54:43+00:00
https://www.thedailystar.net/news/back-to-1971,push:sitemap-review,2026-10-06T10:54:43+00:00
https://www.thedailystar.net/opinion/views/the-third-view/news/birth-centenary-tajuddin-ahmad-unsung-leader-our-liberation-war,push:sitemap-review,2026-10-06T10:54:43+00:00
https://www.thedailystar.net/op-ed/politics/bangabandhu-told-journalists-the-record-7th-march-speech-would-be-equivalent,push:sitemap-review,2026-10-06T10:54:43+00:00
https://www.thedailystar.net/news/defend-spirit-of-liberation-war,push:sitemap-review,2026-10-06T10:54:43+00:00
https://www.thedailystar.net/news/victory-through-my-lens,push:sitemap-review,2026-10-06T10:54:43+00:00
https://www.thedailystar.net/news/cultural-activist-recalls-the-liberation-war,push:sitemap-review,2026-10-06T10:54:43+00:00
https://www.thedailystar.net/news/politicians-lost-the-spirit-of-liberation-war,push:sitemap-review,2026-10-06T10:54:43+00:00
https://www.thedailystar.net/news/liberation-war-through-images,push:sitemap-review,2026-10-06T10:54:43+00:00
https://www.thedailystar.net/news-detail-66822,search:December 1971 Dhaka air raid memories,2026-10-06T12:43:40+00:00
https://www.thedailystar.net/news-detail-15613,search:March 1971 non-cooperation movement,2026-10-06T12:43:40+00:00
https://www.thedailystar.net/supplements/news/bangabandhus-finest-hour-1877398,search:7 March 1971 Racecourse speech memories,2026-10-06T12:43:40+00:00
https://www.thedailystar.net/star-weekend/history/the-man-who-raised-the-flag-first-188632,search:2 March 1971 flag hoisting Dhaka University,2026-10-06T12:43:40+00:00
https://www.thedailystar.net/the-flag-unfurled-14204,search:2 March 1971 flag hoisting Dhaka University,2026-10-06T12:43:40+00:00
https://www.thedailystar.net/law-our-rights/the-emergence-bangladesh-1378975,search:26 March 1971 declaration of independence,2026-10-06T12:43:40+00:00
https://www.thedailystar.net/news-detail-104230,search:1971 refugee camps India,2026-10-06T12:43:40+00:00
https://www.thedailystar.net/news-detail-260236,search:Odderland Bir Protik,2026-10-06T12:43:40+00:00
https://www.thedailystar.net/frontpage/friend-need-1199776,search:Odderland Bir Protik,2026-10-06T12:43:40+00:00
https://www.thedailystar.net/news-detail-19641,search:Nixon Kissinger tilt 1971 Bangladesh,2026-10-06T12:43:40+00:00
https://www.thedailystar.net/honouring-the-legend-33607,search:liberation war feature 2012,2026-10-06T12:43:40+00:00
https://www.thedailystar.net/what-weve-lost-2203,search:Star Weekend Magazine 1971,2026-10-06T12:43:40+00:00
https://www.thedailystar.net/news-detail-117868,search:Star Insight 1971,2026-10-06T12:43:40+00:00
https://www.thedailystar.net/news-detail-262088,search:Mianwali jail Bangabandhu 1971,2026-10-06T12:43:40+00:00
https://www.thedailystar.net/wide-angle/historys-golden-chapter-99550,search:Mianwali jail Bangabandhu 1971,2026-10-06T12:43:40+00:00
https://www.thedailystar.net/news/bangladesh/news/dusty-memoirs-history-2964751,search:Language Movement 1952 memoir,2026-10-06T12:43:40+00:00
https://www.thedailystar.net/city/news/the-spirit-carries-1871476,search:language martyrs 1952 family,2026-10-06T12:43:40+00:00
https://www.thedailystar.net/news/bangladesh/news/honourable-retreat-2954586,search:Ekushey 1952 Dhaka Medical College hostel,2026-10-06T12:43:40+00:00
https://www.thedailystar.net/news-detail-127369,search:Amtala 21 February 1952 meeting,2026-10-06T12:43:40+00:00
https://www.thedailystar.net/frontpage/bangla-women-also-forefront-1537777,search:Amtala 21 February 1952 meeting,2026-10-06T12:43:40+00:00
https://www.thedailystar.net/news/bangladesh/news/spontaneous-movement-2953131,search:Amtala 21 February 1952 meeting,2026-10-06T12:43:40+00:00
https://www.thedailystar.net/star-weekend/heritage/historic-dialogue-modhu-da-1199029,search:Amtala 21 February 1952 meeting,2026-10-06T12:43:40+00:00
https://www.thedailystar.net/news/bangladesh/news/sainiks-role-2963761,search:Bhasha Sainik,2026-10-06T12:43:40+00:00
https://www.thedailystar.net/news-detail-265308,search:1966 Six Points Lahore,2026-10-06T12:43:40+00:00
https://www.thedailystar.net/country/1970-elections-march-7-1484383,search:Awami League 1970 election campaign,2026-10-06T12:43:40+00:00
https://www.thedailystar.net/frontpage/living-proof-pak-armys-atrocities-182659,search:Pakistani army 1971 atrocities eyewitness,2026-10-06T12:43:40+00:00
https://www.thedailystar.net/news/the-battle-for-bangladesh,search:1971 war India December 3,2026-10-06T12:43:40+00:00
https://www.thedailystar.net/news-detail-218594,search:1971 war India December 3,2026-10-06T12:43:40+00:00
https://www.thedailystar.net/news/bangladesh/news/indomitable-march-bangabandhu-flown-karachi-3577181,author:shamsuddoza-sajen,2026-10-06T12:43:40+00:00
https://www.thedailystar.net/news/bangladesh/news/indomitable-march-pak-atrocity-continues-3576516,author:shamsuddoza-sajen,2026-10-06T12:43:40+00:00
https://www.thedailystar.net/news/bangladesh/news/indomitable-march-archer-k-bloods-situation-report-3575671,author:shamsuddoza-sajen,2026-10-06T12:43:40+00:00
https://www.thedailystar.net/news/bangladesh/news/indomitable-march-final-meeting-3573531,author:shamsuddoza-sajen,2026-10-06T12:43:40+00:00
https://www.thedailystar.net/news/bangladesh/news/indomitable-march-let-us-hope-best-and-remain-prepared-worst-3572806,author:shamsuddoza-sajen,2026-10-06T12:43:40+00:00
https://www.thedailystar.net/news/bangladesh/news/indomitable-march-yahya-blames-bangalees-3570726,author:shamsuddoza-sajen,2026-10-06T12:43:40+00:00
https://www.thedailystar.net/news/bangladesh/news/indomitable-march-firing-joydevpur-3569901,author:shamsuddoza-sajen,2026-10-06T12:43:40+00:00
https://www.thedailystar.net/news/bangladesh/news/indomitable-march-the-military-solution-inked-3569046,author:shamsuddoza-sajen,2026-10-06T12:43:40+00:00
https://www.thedailystar.net/news/bangladesh/news/indomitable-march-bangabandhu-calls-yahya-3567546,author:shamsuddoza-sajen,2026-10-06T12:43:40+00:00
https://www.thedailystar.net/news/bangladesh/news/indomitable-march-bhuttos-formula-transfer-power-3566191,author:shamsuddoza-sajen,2026-10-06T12:43:40+00:00
https://www.thedailystar.net/news/bangladesh/news/indomitable-march-growing-support-mujibs-demands-both-wings-3565456,author:shamsuddoza-sajen,2026-10-06T12:43:40+00:00
https://www.thedailystar.net/news/bangladesh/news/indomitable-march-bhuttos-urgent-appeal-mujib-3563856,author:shamsuddoza-sajen,2026-10-06T12:43:40+00:00
https://www.thedailystar.net/news/bangladesh/news/indomitable-march-mujib-appeals-prevent-genocide-3563036,author:shamsuddoza-sajen,2026-10-06T12:43:40+00:00
https://www.thedailystar.net/news/bangladesh/news/indomitable-march-thus-spoke-mujib-3560701,author:shamsuddoza-sajen,2026-10-06T12:43:40+00:00
https://www.thedailystar.net/news/bangladesh/news/indomitable-march-yahya-blames-mujib-3559871,author:shamsuddoza-sajen,2026-10-06T12:43:40+00:00
https://www.thedailystar.net/news/bangladesh/indomitable-march-mujib-foresaw-the-end-pakistan-3558941,author:shamsuddoza-sajen,2026-10-06T12:43:40+00:00
https://www.thedailystar.net/news/bangladesh/news/indomitable-march-awami-league-takes-de-facto-control-3558206,author:shamsuddoza-sajen,2026-10-06T12:43:40+00:00
https://www.thedailystar.net/news/bangladesh/news/indomitable-march-withdraw-forces-transfer-power-3557411,author:shamsuddoza-sajen,2026-10-06T12:43:40+00:00
https://www.thedailystar.net/views/opinion/news/the-testimony-manik-mia-3036366,author:shamsuddoza-sajen,2026-10-06T12:43:40+00:00
https://www.thedailystar.net/news/bangladesh/news/bangladesh-wins-freedom-2918491,author:shamsuddoza-sajen,2026-10-06T12:43:40+00:00
https://www.thedailystar.net/news/bangladesh/news/malik-cabinet-resigns-en-masse-2916836,author:shamsuddoza-sajen,2026-10-06T12:43:40+00:00
https://www.thedailystar.net/news/bangladesh/news/third-soviet-veto-bars-truce-plan-2916016,author:shamsuddoza-sajen,2026-10-06T12:43:40+00:00
https://www.thedailystar.net/news/bangladesh/news/india-russia-discuss-bangladesh-war-2915166,author:shamsuddoza-sajen,2026-10-06T12:43:40+00:00
https://www.thedailystar.net/news/bangladesh/news/pakistan-general-sends-sos-un-2914571,author:shamsuddoza-sajen,2026-10-06T12:43:40+00:00
https://www.thedailystar.net/news/bangladesh/news/mitro-bahini-closing-dhaka-2914011,author:shamsuddoza-sajen,2026-10-06T12:43:40+00:00
https://www.thedailystar.net/news/bangladesh/news/pakistan-accepts-truce-call-un-2913121,author:shamsuddoza-sajen,2026-10-06T12:43:40+00:00
https://www.thedailystar.net/news/bangladesh/news/india-derides-un-proposal-ceasefire-2912216,author:shamsuddoza-sajen,2026-10-06T12:43:40+00:00
https://www.thedailystar.net/news/bangladesh/news/general-assembly-holds-emergency-debate-2911241,author:shamsuddoza-sajen,2026-10-06T12:43:40+00:00
https://www.thedailystar.net/news/bangladesh/news/bangladesh-will-stand-india-qamaruzzaman-2905156,author:shamsuddoza-sajen,2026-10-06T12:43:40+00:00
https://www.thedailystar.net/news/bangladesh/news/usa-uk-call-restraint-2901306,author:shamsuddoza-sajen,2026-10-06T12:43:40+00:00
https://www.thedailystar.net/news/bangladesh/news/national-emergency-declared-pakistan-2900421,author:shamsuddoza-sajen,2026-10-06T12:43:40+00:00
https://www.thedailystar.net/news/bangladesh/news/kissingers-plan-isolating-india-2235501,author:shamsuddoza-sajen,2026-10-06T12:43:40+00:00
https://www.thedailystar.net/news/bangladesh/news/bangladesh-govt-criticises-proposal-political-settlement-2231766,author:shamsuddoza-sajen,2026-10-06T12:43:40+00:00
https://www.thedailystar.net/news/bangladesh/news/pakistani-foreign-secy-calls-kissinger-2230076,author:shamsuddoza-sajen,2026-10-06T12:43:40+00:00
https://www.thedailystar.net/news/bangladesh/news/indira-asks-cabinet-give-world-last-chance-2229116,author:shamsuddoza-sajen,2026-10-06T12:43:40+00:00
https://www.thedailystar.net/news/bangladesh/news/pakistan-china-meeting-un-2228421,author:shamsuddoza-sajen,2026-10-06T12:43:40+00:00
https://www.thedailystar.net/news/bangladesh/news/bangladesh-govt-will-take-back-all-refugees-2226996,author:shamsuddoza-sajen,2026-10-06T12:43:40+00:00
https://www.thedailystar.net/news/bangladesh/news/un-mission-may-withdraw-2226051,author:shamsuddoza-sajen,2026-10-06T12:43:40+00:00
https://www.thedailystar.net/news/bangladesh/news/us-will-cancel-licences-ship-arms-pakistan-2223756,author:shamsuddoza-sajen,2026-10-06T12:43:40+00:00
https://www.thedailystar.net/news/bangladesh/news/china-pledges-aid-pakistan-2223126,author:shamsuddoza-sajen,2026-10-06T12:43:40+00:00
https://www.thedailystar.net/news/bangladesh/news/350-scholars-ask-ban-pakistan-aid-2222386,author:shamsuddoza-sajen,2026-10-06T12:43:40+00:00
https://www.thedailystar.net/news/bangladesh/news/sit-pak-high-commission-2220791,author:shamsuddoza-sajen,2026-10-06T12:43:40+00:00
https://www.thedailystar.net/news/bangladesh/news/yahya-agreed-pullback-military-unilaterally-2211646,author:shamsuddoza-sajen,2026-10-06T12:43:40+00:00
https://www.thedailystar.net/news/bangladesh/news/yahyas-election-drama-2209441,author:shamsuddoza-sajen,2026-10-06T12:43:40+00:00
https://www.thedailystar.net/news/bangladesh/news/us-military-supplies-pakistan-2208851,author:shamsuddoza-sajen,2026-10-06T12:43:40+00:00
https://www.thedailystar.net/news/bangladesh/news/urgent-un-intervention-needed-2208101,author:shamsuddoza-sajen,2026-10-06T12:43:40+00:00
https://www.thedailystar.net/news/bangladesh/news/nazrul-seeks-chinas-support-2207141,author:shamsuddoza-sajen,2026-10-06T12:43:40+00:00
https://www.thedailystar.net/news/bangladesh/news/tajuddin-hopeful-chinese-support-2206376,author:shamsuddoza-sajen,2026-10-06T12:43:40+00:00
https://www.thedailystar.net/news/bangladesh/news/india-pakistan-trade-blame-2204951,author:shamsuddoza-sajen,2026-10-06T12:43:40+00:00
https://www.thedailystar.net/news/bangladesh/news/yahya-urges-thant-visit-india-pakistan-2203451,author:shamsuddoza-sajen,2026-10-06T12:43:40+00:00
https://www.thedailystar.net/news/bangladesh/news/tito-calls-political-solution-bangladesh-problem-2202366,author:shamsuddoza-sajen,2026-10-06T12:43:40+00:00
https://www.thedailystar.net/news/bangladesh/news/clemency-bangabandhu-if-people-want-ityahya-2200921,author:shamsuddoza-sajen,2026-10-06T12:43:40+00:00
https://www.thedailystar.net/news/bangladesh/news/effective-guerilla-force-2200116,author:shamsuddoza-sajen,2026-10-06T12:43:40+00:00
https://www.thedailystar.net/news/bangladesh/news/bangladesh-requests-india-recognition-2198666,author:shamsuddoza-sajen,2026-10-06T12:43:40+00:00
https://www.thedailystar.net/news/bangladesh/news/senate-body-votes-ban-all-aid-pakistan-2197871,author:shamsuddoza-sajen,2026-10-06T12:43:40+00:00
https://www.thedailystar.net/news/bangladesh/news/monem-khan-shot-dead-2196931,author:shamsuddoza-sajen,2026-10-06T12:43:40+00:00
https://www.thedailystar.net/news/bangladesh/news/popes-appeal-bangladesh-refugees-2194681,author:shamsuddoza-sajen,2026-10-06T12:43:40+00:00
https://www.thedailystar.net/news/bangladesh/news/nothing-short-complete-independence-nazrul-islam-2193901,author:shamsuddoza-sajen,2026-10-06T12:43:40+00:00
https://www.thedailystar.net/news/bangladesh/news/new-us-aid-pakistan-2193261,author:shamsuddoza-sajen,2026-10-06T12:43:40+00:00
https://www.thedailystar.net/news/bangladesh/news/death-and-suffering-megaton-scale-2192531,author:shamsuddoza-sajen,2026-10-06T12:43:40+00:00
https://www.thedailystar.net/news/bangladesh/news/freedom-first-tajuddin-2191621,author:shamsuddoza-sajen,2026-10-06T12:43:40+00:00
https://www.thedailystar.net/news/bangladesh/news/halt-us-aid-pakistan-2190776,author:shamsuddoza-sajen,2026-10-06T12:43:40+00:00
https://www.thedailystar.net/news/bangladesh/news/russia-against-escalation-bangladesh-situation-2190086,author:shamsuddoza-sajen,2026-10-06T12:43:40+00:00
https://www.thedailystar.net/news/bangladesh/news/election-schedule-declared-2189341,author:shamsuddoza-sajen,2026-10-06T12:43:40+00:00
https://www.thedailystar.net/news/bangladesh/news/bangladesh-cabinet-discusses-indo-soviet-talk-2188696,author:shamsuddoza-sajen,2026-10-06T12:43:40+00:00
https://www.thedailystar.net/news/bangladesh/news/podgorny-equitable-solution-bangladesh-issue-2187981,author:shamsuddoza-sajen,2026-10-06T12:43:40+00:00
https://www.thedailystar.net/news/bangladesh/news/non-aligned-plea-world-action-bangladesh-2187096,author:shamsuddoza-sajen,2026-10-06T12:43:40+00:00
https://www.thedailystar.net/news/bangladesh/news/russia-india-call-urgent-political-solution-2186246,author:shamsuddoza-sajen,2026-10-06T12:43:40+00:00
https://www.thedailystar.net/news/bangladesh/news/kosygin-calls-political-settlement-2185481,author:shamsuddoza-sajen,2026-10-06T12:43:40+00:00
https://www.thedailystar.net/news/bangladesh/news/india-calls-political-settlement-2184886,author:shamsuddoza-sajen,2026-10-06T12:43:40+00:00
https://www.thedailystar.net/news/bangladesh/news/pak-move-bar-bangladesh-un-2184216,author:shamsuddoza-sajen,2026-10-06T12:43:40+00:00
https://www.thedailystar.net/news/bangladesh/news/we-have-truth-and-justice-our-side-osmany-2182821,author:shamsuddoza-sajen,2026-10-06T12:43:40+00:00
https://www.thedailystar.net/news/bangladesh/news/pakstani-soldiers-continue-kill-loot-burn-2181991,author:shamsuddoza-sajen,2026-10-06T12:43:40+00:00
https://www.thedailystar.net/news/bangladesh/news/it-conflict-between-two-states-2181136,author:shamsuddoza-sajen,2026-10-06T12:43:40+00:00
https://www.thedailystar.net/news/bangladesh/news/bangladeshs-un-delegation-announced-2180351,author:shamsuddoza-sajen,2026-10-06T12:43:40+00:00
https://www.thedailystar.net/news/bangladesh/news/nations-urged-recognise-bangladesh-2179631,author:shamsuddoza-sajen,2026-10-06T12:43:40+00:00
https://www.thedailystar.net/news/bangladesh/news/thant-political-solution-2178931,author:shamsuddoza-sajen,2026-10-06T12:43:40+00:00
https://www.thedailystar.net/news/bangladesh/news/world-meet-bangladesh-opens-2178371,author:shamsuddoza-sajen,2026-10-06T12:43:40+00:00
https://www.thedailystar.net/news/bangladesh/news/no-request-made-israeli-arms-2177716,author:shamsuddoza-sajen,2026-10-06T12:43:40+00:00
https://www.thedailystar.net/news/bangladesh/news/pakistan-army-using-fao-boats-repression-2176926,author:shamsuddoza-sajen,2026-10-06T12:43:40+00:00
https://www.thedailystar.net/news/bangladesh/news/podgorny-calls-speediest-political-settlement-2175321,author:shamsuddoza-sajen,2026-10-06T12:43:40+00:00
https://www.thedailystar.net/news/bangladesh/news/khurram-panni-defects-bangladesh-2174511,author:shamsuddoza-sajen,2026-10-06T12:43:40+00:00
https://www.thedailystar.net/news/bangladesh/news/shah-persia-may-mediate-2173891,author:shamsuddoza-sajen,2026-10-06T12:43:40+00:00
https://www.thedailystar.net/news/bangladesh/news/only-self-rule-will-satisfy-bangladesh-galbraith-2173111,author:shamsuddoza-sajen,2026-10-06T12:43:40+00:00
https://www.thedailystar.net/news/bangladesh/news/bangladesh-send-team-un-2172581,author:shamsuddoza-sajen,2026-10-06T12:43:40+00:00
https://www.thedailystar.net/news/bangladesh/news/bangladesh-liberation-front-formed-2171906,author:shamsuddoza-sajen,2026-10-06T12:43:40+00:00
https://www.thedailystar.net/news/bangladesh/news/free-bangladesh-join-commonwealth-2171021,author:shamsuddoza-sajen,2026-10-06T12:43:40+00:00
https://www.thedailystar.net/news/bangladesh/news/bangladesh-wants-join-un-session-2170111,author:shamsuddoza-sajen,2026-10-06T12:43:40+00:00
https://www.thedailystar.net/news/bangladesh/news/yahyas-amnesty-trap-2169376,author:shamsuddoza-sajen,2026-10-06T12:43:40+00:00
https://www.thedailystar.net/news/bangladesh/news/tajuddin-urges-states-recognise-2168641,author:shamsuddoza-sajen,2026-10-06T12:43:40+00:00
https://www.thedailystar.net/news/bangladesh/news/nazruls-family-refuses-pension-pakistan-2167241,author:shamsuddoza-sajen,2026-10-06T12:43:40+00:00
https://www.thedailystar.net/news/bangladesh/news/pakistan-asks-diplomats-surrender-passports-2166461,author:shamsuddoza-sajen,2026-10-06T12:43:40+00:00
https://www.thedailystar.net/news/bangladesh/news/famine-inevitable-2164766,author:shamsuddoza-sajen,2026-10-06T12:43:40+00:00
https://www.thedailystar.net/news/bangladesh/news/bangladesh-mission-opened-new-delhi-2164146,author:shamsuddoza-sajen,2026-10-06T12:43:40+00:00
https://www.thedailystar.net/news/bangladesh/news/we-have-make-it-ourselves-says-tajuddin-2163306,author:shamsuddoza-sajen,2026-10-06T12:43:40+00:00
https://www.thedailystar.net/news/bangladesh/news/bangladesh-mission-london-2162531,author:shamsuddoza-sajen,2026-10-06T12:43:40+00:00
https://www.thedailystar.net/news/bangladesh/news/bangladesh-mission-london-2161911,author:shamsuddoza-sajen,2026-10-06T12:43:40+00:00
https://www.thedailystar.net/news/bangladesh/news/kennedy-calls-stopping-us-aid-pakistan-2161066,author:shamsuddoza-sajen,2026-10-06T12:43:40+00:00
https://www.thedailystar.net/news/bangladesh/news/bangladesh-allowance-rebel-poet-nazrul-2160161,author:shamsuddoza-sajen,2026-10-06T12:43:40+00:00
https://www.thedailystar.net/news/bangladesh/news/new-recognition-bid-bangladesh-govt-2158366,author:shamsuddoza-sajen,2026-10-06T12:43:40+00:00
https://www.thedailystar.net/news/bangladesh/news/reluctant-candidates-dhaka-2157626,author:shamsuddoza-sajen,2026-10-06T12:43:40+00:00
https://www.thedailystar.net/news/bangladesh/news/al-legislators-disqualified-2155751,author:shamsuddoza-sajen,2026-10-06T12:43:40+00:00
https://www.thedailystar.net/news/bangladesh/news/kosygin-warns-yahya-2153881,author:shamsuddoza-sajen,2026-10-06T12:43:40+00:00
https://www.thedailystar.net/news/bangladesh/news/naval-operation-shook-pakistan-2152366,author:shamsuddoza-sajen,2026-10-06T12:43:40+00:00
https://www.thedailystar.net/news/bangladesh/news/nixon-warns-yahya-famine-2151791,author:shamsuddoza-sajen,2026-10-06T12:43:40+00:00
https://www.thedailystar.net/news/bangladesh/news/the-fate-sheikh-mujib-2150526,author:shamsuddoza-sajen,2026-10-06T12:43:40+00:00
https://www.thedailystar.net/news/bangladesh/news/indira-calls-upon-nations-save-bangabandhu-2149546,author:shamsuddoza-sajen,2026-10-06T12:43:40+00:00
https://www.thedailystar.net/news/bangladesh/news/thant-sounds-warning-about-bangabandhu-trial-2148791,author:shamsuddoza-sajen,2026-10-06T12:43:40+00:00
https://www.thedailystar.net/news/bangladesh/news/indo-soviet-treaty-signed-2148041,author:shamsuddoza-sajen,2026-10-06T12:43:40+00:00
https://www.thedailystar.net/news/bangladesh/news/500-indian-mps-urge-thant-save-bangabandhus-life-2145791,author:shamsuddoza-sajen,2026-10-06T12:43:40+00:00
https://www.thedailystar.net/news/bangladesh/news/pakistan-govt-accuses-al-massacre-2145031,author:shamsuddoza-sajen,2026-10-06T12:43:40+00:00
https://www.thedailystar.net/news/bangladesh/news/bangalee-diplomats-us-opt-bangladesh-2144186,author:shamsuddoza-sajen,2026-10-06T12:43:40+00:00
https://www.thedailystar.net/news/bangladesh/news/bangladesh-warns-against-deployment-un-observers-2143346,author:shamsuddoza-sajen,2026-10-06T12:43:40+00:00
https://www.thedailystar.net/news/bangladesh/news/concert-bangladesh-2141706,author:shamsuddoza-sajen,2026-10-06T12:43:40+00:00
https://www.thedailystar.net/news/bangladesh/news/india-rejects-proposal-posting-observers-2140296,author:shamsuddoza-sajen,2026-10-06T12:43:40+00:00
https://www.thedailystar.net/news/bangladesh/news/yahya-will-commit-suicide-nixon-2138511,author:shamsuddoza-sajen,2026-10-06T12:43:40+00:00
https://www.thedailystar.net/news/bangladesh/news/u-thant-concerned-over-bangladesh-situation-2137701,author:shamsuddoza-sajen,2026-10-06T12:43:40+00:00
https://www.thedailystar.net/news/bangladesh/news/dhaka-residents-asked-evacuate-2136941,author:shamsuddoza-sajen,2026-10-06T12:43:40+00:00
https://www.thedailystar.net/news/bangladesh/news/massive-offensive-against-pak-army-2136246,author:shamsuddoza-sajen,2026-10-06T12:43:40+00:00
https://www.thedailystar.net/news/bangladesh/news/osmani-says-20000-pakistani-troops-killed-2135631,author:shamsuddoza-sajen,2026-10-06T12:43:40+00:00
https://www.thedailystar.net/news/bangladesh/news/mission-staff-reaffirm-loyalty-bangladesh-2132516,author:shamsuddoza-sajen,2026-10-06T12:43:40+00:00
https://www.thedailystar.net/news/bangladesh/news/bangladeshs-cautious-reaction-nixons-china-visit-2131891,author:shamsuddoza-sajen,2026-10-06T12:43:40+00:00
https://www.thedailystar.net/news/bangladesh/news/country-the-grip-fear-2131186,author:shamsuddoza-sajen,2026-10-06T12:43:40+00:00
https://www.thedailystar.net/news/bangladesh/news/military-victory-the-only-solution-tajuddin-2130271,author:shamsuddoza-sajen,2026-10-06T12:43:40+00:00
https://www.thedailystar.net/news/bangladesh/news/the-new-york-times-condemns-arms-supply-2129411,author:shamsuddoza-sajen,2026-10-06T12:43:40+00:00
https://www.thedailystar.net/news/bangladesh/news/it-was-the-morning-after-nuclear-attack-2128596,author:shamsuddoza-sajen,2026-10-06T12:43:40+00:00
https://www.thedailystar.net/news/bangladesh/news/sector-commanders-conference-begins-2126901,author:shamsuddoza-sajen,2026-10-06T12:43:40+00:00
https://www.thedailystar.net/news/bangladesh/news/world-bank-report-disclosed-2126126,author:shamsuddoza-sajen,2026-10-06T12:43:40+00:00
https://www.thedailystar.net/news/bangladesh/news/kissingers-pakistan-visit-2125461,author:shamsuddoza-sajen,2026-10-06T12:43:40+00:00
https://www.thedailystar.net/news/bangladesh/news/pakistani-propaganda-usa-2124981,author:shamsuddoza-sajen,2026-10-06T12:43:40+00:00
https://www.thedailystar.net/news/bangladesh/news/one-evacuee-every-second-2124266,author:shamsuddoza-sajen,2026-10-06T12:43:40+00:00
https://www.thedailystar.net/news/bangladesh/news/dhakas-power-system-crippled-2123486,author:shamsuddoza-sajen,2026-10-06T12:43:40+00:00
https://www.thedailystar.net/news/bangladesh/news/freedom-fighters-will-lead-our-future-army-kamaruzzaman-2122291,author:shamsuddoza-sajen,2026-10-06T12:43:40+00:00
https://www.thedailystar.net/news/bangladesh/news/yahyas-plan-cruel-joke-muzaffar-2121756,author:shamsuddoza-sajen,2026-10-06T12:43:40+00:00
https://www.thedailystar.net/bangladesh/news/monsoon-takes-toll-bangladeshi-refugees-2120817,author:shamsuddoza-sajen,2026-10-06T12:43:40+00:00
https://www.thedailystar.net/bangladesh/news/bangladeshis-will-not-accept-hoax-bhashani-2120085,author:shamsuddoza-sajen,2026-10-06T12:43:40+00:00
https://www.thedailystar.net/backpage/news/terrible-blood-bath-2118789,author:shamsuddoza-sajen,2026-10-06T12:43:40+00:00
https://www.thedailystar.net/backpage/news/austerity-budget-set-pakistan-2118165,author:shamsuddoza-sajen,2026-10-06T12:43:40+00:00
https://www.thedailystar.net/backpage/news/11-nations-decline-aid-pakistan-2117645,author:shamsuddoza-sajen,2026-10-06T12:43:40+00:00
https://www.thedailystar.net/backpage/news/bangladesh-govt-tells-nixon-not-contribute-genocide-2116809,author:shamsuddoza-sajen,2026-10-06T12:43:40+00:00
https://www.thedailystar.net/backpage/news/abetting-repression-2116213,author:shamsuddoza-sajen,2026-10-06T12:43:40+00:00
https://www.thedailystar.net/backpage/news/decision-aid-postponed-2114841,author:shamsuddoza-sajen,2026-10-06T12:43:40+00:00
https://www.thedailystar.net/backpage/news/sovereign-bangla-only-political-solution-2113657,author:shamsuddoza-sajen,2026-10-06T12:43:40+00:00
https://www.thedailystar.net/backpage/news/indira-gandhi-determined-send-refugees-back-2112493,author:shamsuddoza-sajen,2026-10-06T12:43:40+00:00
https://www.thedailystar.net/backpage/news/indian-mps-want-military-action-2111113,author:shamsuddoza-sajen,2026-10-06T12:43:40+00:00
https://www.thedailystar.net/backpage/news/spike-guerilla-attacks-2108733,author:shamsuddoza-sajen,2026-10-06T12:43:40+00:00
https://www.thedailystar.net/backpage/news/operation-hotel-intercontinental-2107337,author:shamsuddoza-sajen,2026-10-06T12:43:40+00:00
https://www.thedailystar.net/backpage/news/uk-refuses-aid-pakistan-2106797,author:shamsuddoza-sajen,2026-10-06T12:43:40+00:00
https://www.thedailystar.net/backpage/news/2-largest-currency-denominations-withdrawn-2106257,author:shamsuddoza-sajen,2026-10-06T12:43:40+00:00
https://www.thedailystar.net/backpage/news/pakistan-dead-syed-nazrul-2105605,author:shamsuddoza-sajen,2026-10-06T12:43:40+00:00
https://www.thedailystar.net/backpage/news/effort-form-new-party-2104621,author:shamsuddoza-sajen,2026-10-06T12:43:40+00:00
https://www.thedailystar.net/backpage/news/bangladesh-delegation-addresses-indian-parliament-2102501,author:shamsuddoza-sajen,2026-10-06T12:43:40+00:00
https://www.thedailystar.net/backpage/news/bhashani-rules-out-any-political-settlement-2101901,author:shamsuddoza-sajen,2026-10-06T12:43:40+00:00
https://www.thedailystar.net/backpage/news/battle-bhomra-2100781,author:shamsuddoza-sajen,2026-10-06T12:43:40+00:00
https://www.thedailystar.net/backpage/news/bangladesh-legislators-plead-recognition-2099481,author:shamsuddoza-sajen,2026-10-06T12:43:40+00:00
https://www.thedailystar.net/backpage/news/meghalaya-border-shelled-2098349,author:shamsuddoza-sajen,2026-10-06T12:43:40+00:00
https://www.thedailystar.net/backpage/news/yahyas-appeal-us-support-2097637,author:shamsuddoza-sajen,2026-10-06T12:43:40+00:00
https://www.thedailystar.net/backpage/news/bangalees-are-true-muslims-2096621,author:shamsuddoza-sajen,2026-10-06T12:43:40+00:00
https://www.thedailystar.net/backpage/news/yahya-invites-refugees-return-home-2096041,author:shamsuddoza-sajen,2026-10-06T12:43:40+00:00
https://www.thedailystar.net/backpage/news/our-struggle-not-opposed-islam-2095305,author:shamsuddoza-sajen,2026-10-06T12:43:40+00:00
https://www.thedailystar.net/backpage/news/pakistan-seeks-un-aid-2094077,author:shamsuddoza-sajen,2026-10-06T12:43:40+00:00
https://www.thedailystar.net/backpage/news/us-asked-not-give-aid-pakistan-2092137,author:shamsuddoza-sajen,2026-10-06T12:43:40+00:00
https://www.thedailystar.net/backpage/news/weekly-jai-bangla-launched-2091645,author:shamsuddoza-sajen,2026-10-06T12:43:40+00:00
https://www.thedailystar.net/backpage/news/nazrul-pledges-socialism-2091125,author:shamsuddoza-sajen,2026-10-06T12:43:40+00:00
https://www.thedailystar.net/backpage/news/pakistans-sinking-economy-2090573,author:shamsuddoza-sajen,2026-10-06T12:43:40+00:00
https://www.thedailystar.net/backpage/news/witness-the-killing-italian-priest-2090065,author:shamsuddoza-sajen,2026-10-06T12:43:40+00:00
https://www.thedailystar.net/backpage/news/us-senate-unit-asks-pakistan-arms-cutoff-2089029,author:shamsuddoza-sajen,2026-10-06T12:43:40+00:00
https://www.thedailystar.net/backpage/news/war-india-possible-says-pakistani-general-2088345,author:shamsuddoza-sajen,2026-10-06T12:43:40+00:00
https://www.thedailystar.net/backpage/news/pakistan-denies-refugee-exodus-2087265,author:shamsuddoza-sajen,2026-10-06T12:43:40+00:00
https://www.thedailystar.net/backpage/news/unprecedented-move-british-mpssh-mps-2086669,author:shamsuddoza-sajen,2026-10-06T12:43:40+00:00
https://www.thedailystar.net/backpage/news/bangladesh-risk-famine-2086021,author:shamsuddoza-sajen,2026-10-06T12:43:40+00:00
https://www.thedailystar.net/backpage/news/heavier-inflow-refugees-feared-2085453,author:shamsuddoza-sajen,2026-10-06T12:43:40+00:00
https://www.thedailystar.net/backpage/news/tajuddins-plea-arms-aid-2085053,author:shamsuddoza-sajen,2026-10-06T12:43:40+00:00
https://www.thedailystar.net/backpage/news/another-bangalee-diplomat-defects-2083829,author:shamsuddoza-sajen,2026-10-06T12:43:40+00:00
https://www.thedailystar.net/backpage/news/bhashanis-telegram-world-leaders-2083181,author:shamsuddoza-sajen,2026-10-06T12:43:40+00:00
https://www.thedailystar.net/backpage/news/us-urges-restraint-wake-indo-pak-confrontation-2082741,author:shamsuddoza-sajen,2026-10-06T12:43:40+00:00
https://www.thedailystar.net/backpage/news/india-requests-un-assistance-refugees-2081533,author:shamsuddoza-sajen,2026-10-06T12:43:40+00:00
https://www.thedailystar.net/backpage/news/fleeing-the-thousands-2080933,author:shamsuddoza-sajen,2026-10-06T12:43:40+00:00
https://www.thedailystar.net/backpage/news/bhashani-writes-mao-2080305,author:shamsuddoza-sajen,2026-10-06T12:43:40+00:00
https://www.thedailystar.net/backpage/news/bangladesh-cabinet-discusses-war-strategy-2079817,author:shamsuddoza-sajen,2026-10-06T12:43:40+00:00
https://www.thedailystar.net/backpage/news/bangalees-claim-calcutta-consulate-2079225,author:shamsuddoza-sajen,2026-10-06T12:43:40+00:00
https://www.thedailystar.net/backpage/news/bullets-or-bread-2078193,author:shamsuddoza-sajen,2026-10-06T12:43:40+00:00
https://www.thedailystar.net/backpage/news/bangladesh-cabinet-approves-7-point-plan-2077337,author:shamsuddoza-sajen,2026-10-06T12:43:40+00:00
https://www.thedailystar.net/backpage/news/war-cabinet-formed-2076721,author:shamsuddoza-sajen,2026-10-06T12:43:40+00:00
https://www.thedailystar.net/backpage/news/china-backs-pakistan-and-warns-india-2076133,author:shamsuddoza-sajen,2026-10-06T12:43:40+00:00
https://www.thedailystar.net/backpage/news/pakistan-accuses-india-un-2073877,author:shamsuddoza-sajen,2026-10-06T12:43:40+00:00
https://www.thedailystar.net/backpage/news/us-asks-peaceful-accommodation-2073393,author:shamsuddoza-sajen,2026-10-06T12:43:40+00:00
https://www.thedailystar.net/backpage/news/chuadanga-declared-provisional-capital-2072129,author:shamsuddoza-sajen,2026-10-06T12:43:40+00:00
https://www.thedailystar.net/backpage/news/the-smell-death-still-everywhere-2071145,author:shamsuddoza-sajen,2026-10-06T12:43:40+00:00
https://www.thedailystar.net/backpage/news/un-chief-refuses-relief-request-2069857,author:shamsuddoza-sajen,2026-10-06T12:43:40+00:00
https://www.thedailystar.net/backpage/news/kushtia-reclaimed-2069213,author:shamsuddoza-sajen,2026-10-06T12:43:40+00:00
https://www.thedailystar.net/backpage/news/the-telephone-call-never-came-2065693,author:shamsuddoza-sajen,2026-10-06T12:43:40+00:00
https://www.thedailystar.net/backpage/news/lets-hope-the-best-and-prepare-the-worst-2065125,author:shamsuddoza-sajen,2026-10-06T12:43:40+00:00
https://www.thedailystar.net/backpage/news/the-trio-meets-2064581,author:shamsuddoza-sajen,2026-10-06T12:43:40+00:00
https://www.thedailystar.net/backpage/news/bangabandhu-sees-progress-dhaka-talks-2063561,author:shamsuddoza-sajen,2026-10-06T12:43:40+00:00
https://www.thedailystar.net/backpage/news/dhaka-talks-crucial-stage-2063121,author:shamsuddoza-sajen,2026-10-06T12:43:40+00:00
https://www.thedailystar.net/backpage/news/fateful-talks-2061749,author:shamsuddoza-sajen,2026-10-06T12:43:40+00:00
https://www.thedailystar.net/backpage/news/bhutto-suggests-power-share-2060097,author:shamsuddoza-sajen,2026-10-06T12:43:40+00:00
https://www.thedailystar.net/backpage/news/bangabandhus-appeal-u-thant-2057937,author:shamsuddoza-sajen,2026-10-06T12:43:40+00:00
https://www.thedailystar.net/backpage/news/end-foretold-2055333,author:shamsuddoza-sajen,2026-10-06T12:43:40+00:00
https://www.thedailystar.net/backpage/news/can-pakistan-be-saved-2054469,author:shamsuddoza-sajen,2026-10-06T12:43:40+00:00
https://www.thedailystar.net/backpage/news/bangladesh-flag-hoisted-dhaka-university-2053285,author:shamsuddoza-sajen,2026-10-06T12:43:40+00:00
https://www.thedailystar.net/news/bangladesh/news/indigenous-hero-who-turned-tide-bhurungamaris-liberation-4060071,author:ahmad-istiak,2026-10-06T12:43:40+00:00
https://www.thedailystar.net/news/bangladesh/news/untold-story-only-indigenous-woman-awarded-bir-protik-title-4060021,author:ahmad-istiak,2026-10-06T12:43:40+00:00
https://www.thedailystar.net/news/bangladesh/news/martyred-hafizur-finally-recognised-after-52-years-3448596,author:ahmad-istiak,2026-10-06T12:43:40+00:00
https://www.thedailystar.net/star-weekend/spotlight/contentious-history-1504975,author:md-shahnawaz-khan-chandan,2026-10-06T12:43:40+00:00
https://www.thedailystar.net/star-weekend/spotlight/tortured-killed-and-abandoned-88846,author:md-shahnawaz-khan-chandan,2026-10-06T12:43:40+00:00
https://www.thedailystar.net/news/bangladesh/news/victory-day-today-nation-born-out-blood-and-grit-4059441,author:mohiuddin-alamgir,2026-10-06T12:43:40+00:00
https://www.thedailystar.net/news/bangladesh/news/victory-day-today-freedom-dawns-3197226,author:mohiuddin-alamgir,2026-10-06T12:43:40+00:00
https://www.thedailystar.net/news/bangladesh/news/mission-the-speech-2977051,author:mohiuddin-alamgir,2026-10-06T12:43:40+00:00
https://www.thedailystar.net/frontpage/blueprint-genocide-1553011,author:mofidul-hoque,2026-10-06T12:43:40+00:00
https://www.thedailystar.net/news/bangladesh/news/50-years-victory-mind-fearless-head-held-high-2918796,author:wasim-bin-habib,2026-10-06T12:43:40+00:00
