url,node_id,label,content_type,reason,unsure_note
https://www.thedailystar.net/slow-reads/focus/news/the-forgotten-luminary-bangladeshs-liberation-war-3945801,3945801,Core,essay,Tajuddin Ahmad's leadership of the Mujibnagar government and the 1971 war effort,
https://www.thedailystar.net/slow-reads/focus/news/battle-ground-baliadanga-milestone-our-liberation-war-2205411,2205411,Core,memoir,"First-hand account of the Battle of Baliadanga (Sector 8), 20 Sept 1971",
https://www.thedailystar.net/slow-reads/focus/news/women-photographers-the-bangladesh-liberation-war-3197181,3197181,Core,feature,"Women photographers who documented the 1971 war, refugees and freedom fighters",
https://www.thedailystar.net/slow-reads/focus/news/man-hard-find-3945766,3945766,Core,feature,Profile of Tajuddin Ahmad centred on his role as wartime Prime Minister in 1971,
https://www.thedailystar.net/slow-reads/focus/news/genesis-genocide-report-4134546,4134546,Core,feature,"Simon Dring's reporting of Operation Searchlight and the Dhaka genocide, March 1971",
https://www.thedailystar.net/slow-reads/focus/news/silencing-the-subaltern-voice-3574441,3574441,Core,essay,Historiography of the 1971 war and the erased role of subaltern participants,
https://www.thedailystar.net/slow-reads/focus/news/operation-jackpot-how-bangladeshs-naval-commandos-struck-pakistans-lifeline-1971-4252981,4252981,Core,feature,Operation Jackpot: Bengali naval commandos' 1971 attacks on Chattogram port,
https://www.thedailystar.net/slow-reads/focus/news/memories-indigo-rebellion-and-the-question-national-identity-4178196,4178196,Irrelevant,essay,Memory of the Indigo Rebellion; the Liberation War appears only as a point of comparison,
https://www.thedailystar.net/slow-reads/focus/news/maj-gen-ishfakul-majid-soldier-gentleman-2210766,2210766,Borderline,feature,Biography of Maj Gen Ishfakul Majid; final section covers his March 1971 pledge to Bangabandhu and wartime arrest,
https://www.thedailystar.net/slow-reads/focus/news/british-witness-bangladesh-genocide-val-hardings-1971-story-4047561,4047561,Core,feature,British nurse Val Harding's work in 1971 refugee camps and witness to genocide,
https://www.thedailystar.net/slow-reads/focus/news/wartime-treatment-the-heroes-who-saved-lives-silently-3777526,3777526,Core,feature,Doctors who secretly treated freedom fighters during the 1971 war,
https://www.thedailystar.net/slow-reads/focus/news/the-proclamation-gave-bangladesh-its-statehood-4148281,4148281,Core,feature,Proclamation of Independence (10 April 1971) and the Mujibnagar government,
https://www.thedailystar.net/slow-reads/focus/news/the-untold-story-behind-1971s-two-most-haunting-photographs-4056081,4056081,Core,feature,Story behind Naib Uddin Ahmed's 1971 photographs of a birangona,
https://www.thedailystar.net/slow-reads/focus/news/why-does-tagore-still-trouble-bangladeshs-idea-us-4290436,4290436,Irrelevant,essay,Tagore and Bangladeshi cultural identity; 1971 mentioned only in passing (anthem in March 1971),
https://www.thedailystar.net/slow-reads/focus/news/how-music-carried-bangladeshs-struggle-the-world-4059121,4059121,Core,feature,"Cultural solidarity for Bangladesh's 1971 struggle: concerts, poetry, music",
https://www.thedailystar.net/slow-reads/focus/news/the-art-lover-who-stole-the-love-letter-bangladeshs-freedom-4059101,4059101,Core,feature,Mario Roymans stole Vermeer's The Love Letter in 1971 to raise funds for Bangladeshi refugees,
https://www.thedailystar.net/slow-reads/news/lal-salam-the-making-bangladeshs-leftist-politics-3970861,3970861,Irrelevant,review,History of Bangladesh's left; 1971 is one milestone among many (passing),
https://www.thedailystar.net/slow-reads/focus/news/bangladesh-and-1971-3558381,3558381,Core,essay,"Literary and cultural memory of 1971: songs, letters, memoirs of the Liberation War",
https://www.thedailystar.net/slow-reads/focus/news/ethical-encounters-look-women-war-and-cinema-bangladesh-3150546,3150546,Core,review,"Book on women, war and Muktijuddho cinema (e.g. Zahir Raihan's Stop Genocide)",
https://www.thedailystar.net/slow-reads/focus/news/untold-stories-1971-through-private-letters-4266326,4266326,Core,feature,Private letters of 1971 as a record of the Liberation War and refugee flight,
https://www.thedailystar.net/slow-reads/focus/news/it-was-the-morning-after-nuclear-attack-2142386,2142386,Core,feature,"World Bank economist's June 1971 field report on devastation in Jessore, Khulna, Kushtia",
https://www.thedailystar.net/slow-reads/focus/news/the-pain-water-4026791,4026791,Borderline,essay,Rivers and Ghatak's Titash; a substantial section on 1971 as a riverine war and on refugees,
https://www.thedailystar.net/slow-reads/focus/news/dhirendranath-dutta-portrait-patriot-2224291,2224291,Borderline,feature,"Dhirendranath Dutta: Language Movement pioneer, arrested and killed by the Pakistan army in 1971",
https://www.thedailystar.net/slow-reads/focus/news/genocide-1505440,1505440,Core,feature,Reprint of Anthony Mascarenhas's 1971 Sunday Times exposé 'Genocide',
https://www.thedailystar.net/slow-reads/focus/news/the-day-we-made-tryst-destiny-2972141,2972141,Borderline,essay,Ekushey and the Language Movement as the road to 1971,
https://www.thedailystar.net/slow-reads/focus/news/marc-ribouds-bangladesh-1971-mourning-and-morning-3156566,3156566,Core,interview,Marc Riboud's photographs of the 1971 war and refugee camps,
https://www.thedailystar.net/slow-reads/focus/news/gender-and-genocide-bangladesh-3772441,3772441,Core,essay,"Gender, sexual violence and national memory of the 1971 genocide",
https://www.thedailystar.net/slow-reads/focus/news/unsung-hero-tajuddin-ahmad-and-the-bangladesh-revolution-3945786,3945786,Core,essay,Tajuddin Ahmad and the 1971 Bangladesh revolution,
https://www.thedailystar.net/slow-reads/focus/news/blind-spots-and-biases-bangladesh-studies-1754635,1754635,Irrelevant,essay,State of Bangladesh Studies as a field; 1971 mentioned only in passing,
https://www.thedailystar.net/slow-reads/focus/news/echoes-anne-frank-swatis-war-diary-4135246,4135246,Core,feature,"Schoolgirl Swati Chowdhury's diary of Operation Searchlight, March 1971",
https://www.thedailystar.net/slow-reads/focus/news/snippets-our-history-heritage-3269836,3269836,Irrelevant,essay,Heritage personalities of Dhaka; 25 March 1971 at Jagannath College is one paragraph (passing),
https://www.thedailystar.net/slow-reads/focus/news/how-does-pakistan-write-1971-4130621,4130621,Core,essay,How Pakistani literature and memory represent 1971 and Operation Searchlight,
https://www.thedailystar.net/slow-reads/focus/news/maleka-khan-guardian-memory-4157096,4157096,Core,feature,Maleka Khan's 1971 Mukti Bahini camp and her advocacy for birangonas,
https://www.thedailystar.net/slow-reads/focus/news/the-enduring-legacy-the-2nd-bangladesh-liberation-war-course-4241891,4241891,Core,memoir,"Officer cadets of the 2nd Bangladesh Liberation War Course, 1971",
https://www.thedailystar.net/slow-reads/focus/news/the-forgotten-history-football-bangladesh-4214576,4214576,Borderline,feature,History of football in Bangladesh; includes the Shadhin Bangla Football Dal of 1971,
https://www.thedailystar.net/slow-reads/focus/news/kamruddin-ahmad-visionary-political-thinker-we-must-remember-3825991,3825991,Borderline,feature,Biography of Kamruddin Ahmad; covers his 1971 arrest and son's joining the guerrillas,
https://www.thedailystar.net/slow-reads/focus/news/witnessing-nation-the-making-journalists-journey-mujibnagar-4153696,4153696,Core,feature,"Journalist's eyewitness account of the Mujibnagar oath-taking, 17 April 1971",
https://www.thedailystar.net/slow-reads/focus/news/bangladesh-speaks-the-world-4153116,4153116,Core,feature,Text of Tajuddin Ahmad's 1971 address to the world press at Mujibnagar,
https://www.thedailystar.net/slow-reads/focus/news/the-night-unspeakable-horror-survivors-account-3462816,3462816,Borderline,memoir,Survivor's account of the 1975 Jail Killing of the four 1971 wartime leaders,
https://www.thedailystar.net/slow-reads/focus/news/football-freedom-colonial-bengal-bangladesh-4225591,4225591,Borderline,essay,Football and nationalism in Bengal; section on the Liberation War sports committee and Shadhin Bangla team,
https://www.thedailystar.net/slow-reads/unheard-voices/news/sea-widows-when-fishermen-never-return-the-sea-4182211,4182211,Irrelevant,feature,Fishermen's widows in Bhola; 'Mujibnagar' is only a place name,
https://www.thedailystar.net/slow-reads/focus/news/those-who-attempted-assassinate-jinnah-and-called-him-kafir-e-azam-4102861,4102861,Irrelevant,essay,Opposition to Jinnah before 1947; Razakar term mentioned in passing,
https://www.thedailystar.net/slow-reads/focus/news/mufazzal-haider-chaudhury-and-the-idea-bangladesh-4232936,4232936,Core,memoir,"Son's memoir of martyred intellectual Mufazzal Haider Chaudhury, killed by Al-Badr in Dec 1971",
https://www.thedailystar.net/slow-reads/focus/news/the-crime-being-bengali-the-untold-story-bengali-internment-pakistan-3944131,3944131,Core,feature,Internment of Bengalis in Pakistan as a direct consequence of the 1971 war (1971-73),
https://www.thedailystar.net/slow-reads/focus/news/deshpriya-jatindra-mohan-nellie-sengupta-2036981,2036981,Irrelevant,feature,Indian independence-era nationalists in Chittagong; not about 1971,
https://www.thedailystar.net/slow-reads/focus/news/the-australian-doctor-who-witnessed-what-bangladesh-wanted-forget-4118701,4118701,Core,feature,Australian doctor Geoffrey Davis's work with birangonas and war-rape survivors after 1971,
https://www.thedailystar.net/slow-reads/focus/news/nazrul-the-eternal-rebel-warrior-100-years-later-3034741,3034741,Irrelevant,essay,Nazrul's poetry; 1971 mentioned once,
https://www.thedailystar.net/slow-reads/focus/news/birangona-women-bangladesh-3857816,3857816,Core,feature,Testimonies of birangona women of 1971,
https://www.thedailystar.net/slow-reads/wisdom/news/why-there-so-much-anxiety-about-womens-bodies-4263151,4263151,Irrelevant,essay,Contemporary anxieties about women's bodies; 1971 one illustrative paragraph,
https://www.thedailystar.net/slow-reads/slow-reads-special/news/echoes-exile-remembering-1971-confronting-the-rohingya-crisis-3857851,3857851,Core,essay,"Women refugees of 1971 and their memories, linked to the Rohingya crisis",
https://www.thedailystar.net/slow-reads/focus/news/beyond-the-loom-how-jamdani-preserves-the-values-peace-4184441,4184441,Irrelevant,feature,Jamdani weaving heritage; no 1971 content,
https://www.thedailystar.net/slow-reads/focus/news/football-and-nationalisms-bengal-1609426,1609426,Irrelevant,essay,Football and colonial-era nationalisms; no 1971 content,
https://www.thedailystar.net/slow-reads/focus/news/the-alchemy-sweet-making-bengal-4168781,4168781,Irrelevant,feature,Sweet-making in Bengal; no 1971 content,
https://www.thedailystar.net/slow-reads/unheard-voices/news/subaltern-aspirations-early-modern-bengal-3884076,3884076,Irrelevant,essay,Early modern Bengali literature; no 1971 content,
https://www.thedailystar.net/slow-reads/focus/news/muktadhara-how-tagore-exposed-the-tyranny-nationalism-3892571,3892571,Irrelevant,essay,Tagore's Muktadhara; no 1971 content,
https://www.thedailystar.net/slow-reads/big-picture/news/the-history-behind-bangladeshs-bhasanchar-project-4239511,4239511,Irrelevant,analysis,Bhasanchar and Rohingya relocation; 1971 mentioned in passing,
https://www.thedailystar.net/slow-reads/big-picture/news/beyond-kaanta-taar-rethinking-life-the-bangladesh-india-border-4182226,4182226,Irrelevant,interview,India-Bangladesh borderlands; 1971 one of several historical moments (passing),
https://www.thedailystar.net/slow-reads/geopolitical-insights/news/new-political-voice-emerging-the-rohingya-diaspora-why-it-matters-4248391,4248391,Irrelevant,analysis,Rohingya diaspora politics; no 1971 content,
https://www.thedailystar.net/slow-reads/focus/news/calcuttas-muslims-after-partition-2961151,2961151,Irrelevant,essay,Calcutta's Muslims after 1947 Partition; not about 1971,
https://www.thedailystar.net/slow-reads/focus/news/remembering-tajuddin-bhai-3945836,3945836,Core,memoir,Kamal Hossain's memoir of Tajuddin Ahmad's leadership in the run-up to and during 1971,
https://www.thedailystar.net/slow-reads/focus/news/1971-and-the-case-secularism-bangladesh-and-india-3117261,3117261,Core,essay,Origins of secularism in the 1971 war and Tajuddin's wartime messages,
https://www.thedailystar.net/slow-reads/focus/news/the-bhola-cyclone-and-the-making-bangladesh-4031136,4031136,Core,analysis,"Bhola cyclone, the 1970 election and the road to the 1971 war",
https://www.thedailystar.net/slow-reads/focus/news/sheikh-mujibs-killing-what-the-newspapers-told-and-what-they-omitted-4248181,4248181,Borderline,analysis,Press coverage of Bangabandhu's 1975 assassination (Bangabandhu's later years),
https://www.thedailystar.net/slow-reads/focus/news/the-incorrigible-zulfikar-ali-bhutto-2127616,2127616,Borderline,review,Bhutto biography; covers his role in the 1971 crisis among other periods,1971 is one part of a whole-life biography
https://www.thedailystar.net/slow-reads/big-picture/news/bangladesh-world-impossible-choices-4184201,4184201,Irrelevant,analysis,Contemporary geopolitics; no 1971 content,
https://www.thedailystar.net/slow-reads/big-picture/news/bangladesh-still-trapped-cycle-injustice-4185316,4185316,Irrelevant,analysis,Post-2024 injustice; Liberation War murals mentioned in passing,
https://www.thedailystar.net/slow-reads/geopolitical-insights/news/anti-west-network-emerging-how-should-bangladesh-respond-4259526,4259526,Irrelevant,analysis,Anti-West alliances; no 1971 content,
https://www.thedailystar.net/slow-reads/geopolitical-insights/news/the-making-indias-bengali-muslim-problem-4193191,4193191,Irrelevant,interview,India's Bengali Muslim politics; 1971 raised briefly in a few answers,
https://www.thedailystar.net/slow-reads/geopolitical-insights/news/us-global-dominance-and-the-donroe-doctrine-the-making-4085796,4085796,Irrelevant,analysis,US petrodollar dominance; 1971 refers to Nixon ending the gold standard,
https://www.thedailystar.net/slow-reads/geopolitical-insights/news/bangladesh-between-india-and-china-the-dilemma-defence-diversification-4272751,4272751,Irrelevant,analysis,Defence diversification; no 1971 content,
https://www.thedailystar.net/slow-reads/focus/news/historic-six-point-movement-the-photographs-they-suppressed-4192071,4192071,Core,feature,Suppressed photographs of the 1966 Six-Point Movement (run-up to 1971),
https://www.thedailystar.net/slow-reads/big-picture/news/bangladesh-prepared-the-next-food-shock-4289461,4289461,Irrelevant,analysis,Food security; no 1971 content,
https://www.thedailystar.net/slow-reads/focus/news/remembering-munier-bhai-4042036,4042036,Borderline,memoir,Memoir of martyred intellectual Munier Chowdhury; text centres on his life and the Language Movement,Subject was killed in 1971 but the piece dwells on his earlier life
https://www.thedailystar.net/slow-reads/big-picture/news/how-pakistan-saw-1971-inside-the-hamoodur-rehman-commission-report-4137001,4137001,Core,analysis,Pakistan's Hamoodur Rehman Commission report on the 1971 war,
https://www.thedailystar.net/slow-reads/slow-reads-special/news/how-did-pahela-baishakh-become-public-celebration-3866386,3866386,Irrelevant,feature,Origins of Pahela Baishakh celebrations; 1971 passing,
https://www.thedailystar.net/slow-reads/focus/news/amanul-huq-the-romantic-documentarian-4078731,4078731,Borderline,feature,"Photographer Amanul Huq, whose work spans 1952 to the Liberation War",
https://www.thedailystar.net/slow-reads/slow-reads-classics/news/bangabandhu-and-the-world-4131081,4131081,Borderline,essay,"Bangabandhu's foreign policy before and after 1971, incl. US diplomacy during the crisis",
https://www.thedailystar.net/slow-reads/focus/news/jasim-uddins-1971-3507586,3507586,Core,essay,Poet Jasim Uddin's poems of 1971,
https://www.thedailystar.net/slow-reads/focus/news/once-again-the-debate-over-bengali-nationalism-4139921,4139921,Borderline,essay,Debate over Bengali nationalism and the emergence of Bangladesh in 1971,
https://www.thedailystar.net/slow-reads/focus/news/raghu-rai-the-man-behind-the-lens-1720066,1720066,Core,interview,Raghu Rai on photographing the 1971 Liberation War and refugees,
https://www.thedailystar.net/in-focus/the-war-not-over-yet-1380949,1380949,Core,feature,Women in the 1971 Liberation War and the birangonas,
https://www.thedailystar.net/in-focus/muktijuddho-polyphony-the-ocean-1206313,1206313,Core,essay,Naeem Mohaiemen on the historiography of Muktijuddho and the 'denial' law,
https://www.thedailystar.net/views/in-focus/news/revisiting-the-inheritances-bangladesh-liberation-war-2982286,2982286,Core,essay,Literature and testimony of the 1971 Liberation War,
https://www.thedailystar.net/in-focus/news/remembering-the-battle-bhomra-2110329,2110329,Core,memoir,"First-hand account of the Battle of Bhomra, 1971",
https://www.thedailystar.net/slow-reads/focus/news/how-ekushey-was-commemorated-during-the-pakistan-period-3549101,3549101,Borderline,feature,How Ekushey (Language Movement) was commemorated in the Pakistan period,
https://www.thedailystar.net/slow-reads/focus/news/tajuddin-was-objective-fact-based-quite-unlike-many-other-awami-league-leaders-muyeedul-hasan-3945811,3945811,Core,interview,Muyeedul Hasan on Tajuddin Ahmad and the 1971 wartime government,
https://www.thedailystar.net/slow-reads/focus/news/maulana-bhashani-and-the-transition-secular-politics-east-bengal-1995445,1995445,Irrelevant,essay,Bhashani and 1947-57 politics; 1971 mentioned once,
https://www.thedailystar.net/slow-reads/geopolitical-insights/news/bangladesh-first-rethinking-the-relationship-india-4248456,4248456,Irrelevant,analysis,Present-day Bangladesh-India relations; no 1971 content,
https://www.thedailystar.net/slow-reads/big-picture/news/bangladeshs-education-crisis-the-future-has-already-begun-4272101,4272101,Irrelevant,analysis,Education crisis; no 1971 content,
https://www.thedailystar.net/slow-reads/big-picture/news/what-bangladesh-must-learn-about-political-transitions-4104566,4104566,Irrelevant,analysis,Political transitions after the Arab Spring; no 1971 content,
https://www.thedailystar.net/slow-reads/focus/news/gandhis-search-harmony-noakhali-3997161,3997161,Irrelevant,essay,Gandhi in Noakhali (1946); not about 1971,
https://www.thedailystar.net/slow-reads/focus/news/gandhis-sojourn-noakhali-3133786,3133786,Irrelevant,essay,Gandhi in Noakhali (1946); not about 1971,
https://www.thedailystar.net/slow-reads/focus/news/1971-2024-rabindranath-tagore-and-martyred-intellectuals-day-3775526,3775526,Core,memoir,Son of a martyred intellectual on the December 1971 killings,
https://www.thedailystar.net/slow-reads/focus/news/instructions-genocide-3197291,3197291,Core,feature,Recorded Pakistan Army wireless instructions during Operation Searchlight,
https://www.thedailystar.net/slow-reads/focus/news/eid-1971-forgotten-chapter-the-liberation-war-1828372,1828372,Core,feature,Eid during the 1971 war,
https://www.thedailystar.net/slow-reads/focus/news/i-regret-pakistan-has-still-not-formally-apologised-2918031,2918031,Core,interview,"Ayesha Jalal on 1971, the birth of Bangladesh and Pakistan's failure to apologise",
https://www.thedailystar.net/views/in-focus/news/bangladesh-liberation-war-memories-untold-story-2950696,2950696,Core,memoir,"SDPO of Jhenaidah's account of the first days of resistance, March 1971",
https://www.thedailystar.net/slow-reads/focus/news/the-journey-liberation-war-fifteen-year-old-boy-1506442,1506442,Core,memoir,"A 15-year-old's journey to join the Liberation War, June 1971",
https://www.thedailystar.net/in-focus/news/history-and-the-birangona-2114681,2114681,Core,essay,Nayanika Mookherjee on the history and memory of the birangona,
https://www.thedailystar.net/slow-reads/big-picture/news/the-staircase-between-our-mothers-and-care-4290491,4290491,Irrelevant,essay,Elder care; no 1971 content,
https://www.thedailystar.net/slow-reads/unheard-voices/news/pets-companions-kin-rethinking-the-human-animal-relationships-4290431,4290431,Irrelevant,essay,Human-animal relationships; no 1971 content,
https://www.thedailystar.net/slow-reads/wisdom/news/between-bangladesh-and-australia-learning-the-rules-freedom-4290416,4290416,Irrelevant,essay,Migration and sexual offences in Australia; no 1971 content,
https://www.thedailystar.net/slow-reads/focus/news/can-bangladesh-make-better-use-its-zakat-money-4289466,4289466,Irrelevant,analysis,Zakat reform; no 1971 content,
https://www.thedailystar.net/slow-reads/slow-reads-special/life-bangladesh,https://www.thedailystar.net/slow-reads/slow-reads-special/life-bangladesh,Irrelevant,not an article,"Landing page for a Tajuddin Ahmad series (79 words), not an article",
https://www.thedailystar.net/slow-reads/focus/news/three-revolutions-reshaped-the-world-4287996,4287996,Irrelevant,essay,World revolutions; no 1971 content,
https://www.thedailystar.net/slow-reads/focus/news/paradise-lost-and-found-rediscovering-early-modern-bengal-4287191,4287191,Irrelevant,essay,Early modern Bengal; no 1971 content,
https://www.thedailystar.net/slow-reads/focus/news/unbound-mother-the-making-and-remaking-kaali-bengal-4286146,4286146,Irrelevant,essay,Kali worship in Bengal; no 1971 content,
https://www.thedailystar.net/slow-reads/big-picture/news/more-power-better-power-rethinking-bangladeshs-energy-future-4288836,4288836,Irrelevant,analysis,Energy policy; no 1971 content,
https://www.thedailystar.net/slow-reads/big-picture/news/growing-out-ldc-status-bangladeshs-real-negotiation-cop31-4287261,4287261,Irrelevant,analysis,LDC graduation and COP31; no 1971 content,
https://www.thedailystar.net/slow-reads/big-picture/news/what-holding-back-solar-bangladeshs-garment-industry-4285301,4285301,Irrelevant,analysis,Solar power in garment industry; no 1971 content,
https://www.thedailystar.net/slow-reads/wisdom/news/when-loyalty-decides-what-counts-facts-welcome-the-age-epistemic-fragmentation-4288846,4288846,Irrelevant,essay,Epistemic fragmentation; no 1971 content,
https://www.thedailystar.net/slow-reads/wisdom/news/revisiting-the-origins-sufism-competing-narratives-authenticity-and-borrowing-4288316,4288316,Irrelevant,essay,Origins of Sufism; no 1971 content,
https://www.thedailystar.net/slow-reads/wisdom/news/beyond-equivalence-translation-and-the-politics-being-understood-4286116,4286116,Irrelevant,essay,Translation and language rights; no 1971 content,
https://www.thedailystar.net/slow-reads/wisdom/news/between-ghumparani-masi-pisi-and-baby-shark-why-bengali-lullabies-still-matter-the-age-screens-4286101,4286101,Irrelevant,essay,Bengali lullabies; Language Movement mentioned once,
https://www.thedailystar.net/slow-reads/unheard-voices/news/between-gabura-and-india-work-loss-and-unequal-choices-4288831,4288831,Irrelevant,feature,Migration from Gabura to India; no 1971 content,
https://www.thedailystar.net/slow-reads/unheard-voices/news/fewer-fish-higher-costs-the-struggle-bangladeshs-hilsa-fishermen-4288821,4288821,Irrelevant,feature,Hilsa fishermen; no 1971 content,
https://www.thedailystar.net/slow-reads/unheard-voices/news/duli-baaji-whose-gaze-shapes-indigenous-representation-4282916,4282916,Irrelevant,essay,Indigenous representation in film; no 1971 content,
https://www.thedailystar.net/slow-reads/unheard-voices/news/the-everyday-resistance-rohingya-women-the-world-rarely-sees-4282891,4282891,Irrelevant,feature,Rohingya women in refugee camps; not about 1971,
https://www.thedailystar.net/slow-reads/unheard-voices/news/the-banyan-tree-became-restaurant-birds-4280996,4280996,Irrelevant,feature,Birds and a banyan tree; no 1971 content,
https://www.thedailystar.net/slow-reads/unheard-voices/news/what-did-we-ask-about-mariam-while-she-was-still-alive-4279931,4279931,Irrelevant,essay,A recent personal controversy; no 1971 content,
https://www.thedailystar.net/slow-reads/geopolitical-insights/news/can-bangladesh-capitalise-the-bay-bengals-strategic-rise-4289506,4289506,Irrelevant,other,Not about 1971 (topic: Can Bangladesh capitalise on the Bay of Bengal’s strategic rise?),
https://www.thedailystar.net/slow-reads/geopolitical-insights/news/who-pays-israels-nuclear-dominance-4289486,4289486,Irrelevant,other,Not about 1971 (topic: Who pays for Israel’s nuclear dominance?),
https://www.thedailystar.net/slow-reads/geopolitical-insights/news/how-much-higher-can-oil-prices-go-4288071,4288071,Irrelevant,other,Not about 1971 (topic: How much higher can oil prices go?),
https://www.thedailystar.net/slow-reads/geopolitical-insights/news/what-kind-world-order-emerging-4287371,4287371,Irrelevant,other,Not about 1971 (topic: What kind of world order is emerging?),
https://www.thedailystar.net/slow-reads/slow-reads-classics/prelude-order-genocide-4554,4554,Core,feature,Rehman Sobhan's June 1971 Guardian article on the Yahya-Mujib talks before the crackdown,
https://www.thedailystar.net/slow-reads/focus/news/the-untold-history-why-khaleda-zia-entered-politics-4069371,4069371,Irrelevant,memoir,Khaleda Zia's entry into politics (1980s); 1971 slogans quoted in passing,
https://www.thedailystar.net/slow-reads/focus/news/do-great-leaders-make-history-or-does-history-make-them-4285626,4285626,Irrelevant,other,"Not about 1971 (topic: Do great leaders make history, or does history make them?)",
https://www.thedailystar.net/slow-reads/focus/news/poison-and-cremation-forensic-history-colonial-bengal-4229146,4229146,Irrelevant,other,Not about 1971 (topic: Poison and cremation: A forensic history of colonial Bengal),
https://www.thedailystar.net/slow-reads/focus/news/partition-bor-porong-and-the-chakmas-unfinished-struggle-belonging-4283541,4283541,Irrelevant,essay,Chakmas and the 1947 Partition; not about 1971,
https://www.thedailystar.net/slow-reads/focus/news/the-young-radicals-who-challenged-19th-century-bengal-4281051,4281051,Irrelevant,other,Not about 1971 (topic: The young radicals who challenged 19th-century Bengal),
https://www.thedailystar.net/slow-reads/focus/news/more-men-are-cooking-patriarchy-leaving-the-kitchen-4279871,4279871,Irrelevant,other,Not about 1971 (topic: More men are cooking. But is patriarchy leaving the kitchen?),
https://www.thedailystar.net/slow-reads/focus/news/everyday-secularism-and-the-bangladesh-we-rarely-talk-about-4279266,4279266,Irrelevant,other,Not about 1971 (topic: Everyday secularism and the Bangladesh we rarely talk about),
https://www.thedailystar.net/slow-reads/focus/news/reading-sarat-chandra-150-empathy-4278026,4278026,Irrelevant,other,"Not about 1971 (topic: Reading Sarat Chandra at 150, with empathy)",
https://www.thedailystar.net/slow-reads/focus/news/who-really-owned-britains-royal-jewels-4276491,4276491,Irrelevant,other,Not about 1971 (topic: Who really owned Britain’s royal jewels?),
https://www.thedailystar.net/slow-reads/focus/news/the-25000-year-history-betel-nut-chewing-4275011,4275011,Irrelevant,other,"Not about 1971 (topic: The 25,000-year history of betel nut chewing)",
https://www.thedailystar.net/slow-reads/focus/news/the-world-map-we-know-distorted-why-does-it-matter-4272821,4272821,Irrelevant,other,Not about 1971 (topic: The world map we know is distorted. Why does it matter?),
https://www.thedailystar.net/slow-reads/focus/news/bengal-and-the-coming-islam-story-soil-and-spirit-4271786,4271786,Irrelevant,other,Not about 1971 (topic: Bengal and the coming of Islam: A story of soil and spirit),
https://www.thedailystar.net/slow-reads/focus/news/xuanzangs-travels-bengal-and-beyond-the-man-the-pilgrim-and-the-monkey-king-4269876,4269876,Irrelevant,other,"Not about 1971 (topic: Xuanzang’s travels to Bengal and beyond : The man, the pilgrim and the Monkey King)",
https://www.thedailystar.net/slow-reads/focus/news/professor-anisur-rahman-the-economist-who-put-people-the-centre-4268831,4268831,Irrelevant,memoir,Profile of economist Anisur Rahman; his 1971 role is one sentence (passing),
https://www.thedailystar.net/slow-reads/focus/news/apo-433-dhakas-forgotten-post-office-world-war-ii-4268211,4268211,Irrelevant,other,Not about 1971 (topic: APO 433: Dhaka’s forgotten post office of World War II),
https://www.thedailystar.net/slow-reads/focus/news/dadabhai-naoroji-the-man-who-exposed-the-economics-british-colonialism-4267121,4267121,Irrelevant,other,Not about 1971 (topic: Dadabhai Naoroji: The man who exposed the economics of British colonialism),
https://www.thedailystar.net/slow-reads/focus/news/the-extraordinary-journey-atish-dipankar-srigyan-4265421,4265421,Irrelevant,other,Not about 1971 (topic: The extraordinary journey of Atish Dipankar Srigyan),
https://www.thedailystar.net/slow-reads/focus/news/forgotten-story-jeanette-van-tassel-the-american-woman-who-flew-over-dhaka-1892-4264941,4264941,Irrelevant,other,"Not about 1971 (topic: Forgotten story of Jeanette Van Tassel, the American woman who flew over Dhaka in 1892)",
https://www.thedailystar.net/slow-reads/focus/news/personal-essay-4264336,4264336,Irrelevant,essay,Indian family memoir of Partition; 1971 mentioned in passing,
https://www.thedailystar.net/slow-reads/focus/news/global-quest-search-nation-4263316,4263316,Irrelevant,other,Not about 1971 (topic: A global quest in search of a nation),
https://www.thedailystar.net/slow-reads/focus/news/chand-bibi-and-the-forgotten-history-muslim-womens-political-resistance-4262671,4262671,Irrelevant,other,Not about 1971 (topic: Chand Bibi and the forgotten history of Muslim women’s political resistance),
https://www.thedailystar.net/slow-reads/focus/news/womens-voices-nazruls-dhumketu-4260391,4260391,Irrelevant,other,Not about 1971 (topic: Women’s voices in Nazrul’s Dhumketu),
https://www.thedailystar.net/slow-reads/focus/news/how-milad-un-nabi-shaped-muslim-cultural-life-colonial-bengal-4256731,4256731,Irrelevant,other,Not about 1971 (topic: How Milad-un-Nabi shaped Muslim cultural life in colonial Bengal),
https://www.thedailystar.net/slow-reads/focus/news/what-rashomon-teaches-us-about-truth-and-human-behaviour-4256966,4256966,Irrelevant,other,Not about 1971 (topic: What Rashomon teaches us about truth and human behaviour),
https://www.thedailystar.net/slow-reads/focus/news/why-chittagong-never-became-maritime-city-4254986,4254986,Irrelevant,other,Not about 1971 (topic: Why Chittagong never became a maritime city),
https://www.thedailystar.net/slow-reads/focus/news/the-many-worlds-ghulam-murshid-4254706,4254706,Irrelevant,other,Not about 1971 (topic: The many worlds of Ghulam Murshid),
https://www.thedailystar.net/slow-reads/focus/news/the-yellow-butterfly-how-sheba-shaped-my-world-growing-4250136,4250136,Irrelevant,other,Not about 1971 (topic: The Yellow Butterfly: How Sheba shaped my world growing up),
https://www.thedailystar.net/slow-reads/focus/news/what-bangladeshs-historic-test-victory-australia-means-bangladeshi-australians-4249871,4249871,Irrelevant,essay,Cricket and Bangladeshi-Australians; 1971 passing,
https://www.thedailystar.net/slow-reads/focus/news/remembering-sumit-sarkar-historian-who-questioned-orthodoxy-4249161,4249161,Irrelevant,other,"Not about 1971 (topic: Remembering Sumit Sarkar, a historian who questioned orthodoxy)",
https://www.thedailystar.net/slow-reads/focus/news/the-unfinished-histories-partition-4248366,4248366,Irrelevant,review,Partition historiography (1947); not about 1971,
https://www.thedailystar.net/slow-reads/focus/news/britain-didnt-conquer-india-56137,56137,Irrelevant,other,Not about 1971 (topic: ‘Britain didn't conquer India’),
https://www.thedailystar.net/slow-reads/focus/news/the-bureaucrats-and-intellectuals-who-shaped-the-mughal-empire-4247326,4247326,Irrelevant,other,Not about 1971 (topic: The bureaucrats and intellectuals who shaped the Mughal Empire),
https://www.thedailystar.net/slow-reads/focus/news/feel-bengali-think-beyond-bengal-dipankar-gupta-conversation-4244591,4244591,Irrelevant,other,"Not about 1971 (topic: To feel Bengali, to think beyond Bengal: Dipankar Gupta in conversation)",
https://www.thedailystar.net/slow-reads/focus/news/the-enduring-allure-vintage-photographs-4244006,4244006,Irrelevant,other,Not about 1971 (topic: The enduring allure of vintage photographs),
https://www.thedailystar.net/slow-reads/focus/news/beyond-kings-and-dynasties-rethinking-medieval-indian-history-4241551,4241551,Irrelevant,other,Not about 1971 (topic: Beyond kings and dynasties: Rethinking medieval Indian history),
https://www.thedailystar.net/slow-reads/focus/news/what-17th-century-merchants-autobiography-reveals-about-mughal-governance-4240086,4240086,Irrelevant,other,Not about 1971 (topic: What a 17th-century merchant's autobiography reveals about Mughal governance),
https://www.thedailystar.net/slow-reads/focus/news/the-blind-spots-bangladesh-studies-4238491,4238491,Irrelevant,interview,Bangladesh studies and borderlands; 1971 passing,
https://www.thedailystar.net/slow-reads/focus/news/rediscovering-santal-history-through-scandinavian-archives-4236426,4236426,Irrelevant,other,Not about 1971 (topic: Rediscovering Santal history through Scandinavian archives),
https://www.thedailystar.net/slow-reads/focus/news/asma-abbasi-the-essence-orange-4235656,4235656,Irrelevant,other,Not about 1971 (topic: Asma Abbasi: The essence of orange),
https://www.thedailystar.net/slow-reads/focus/news/tigers-and-the-empire-history-hunting-power-and-resistance-4234796,4234796,Irrelevant,other,"Not about 1971 (topic: Tigers and the empire: A history of hunting, power and resistance)",
https://www.thedailystar.net/slow-reads/focus/news/life-so-full-remembering-ahmed-sofa-4234011,4234011,Irrelevant,other,Not about 1971 (topic: A life so full: Remembering Ahmed Sofa),
https://www.thedailystar.net/slow-reads/focus/news/bengals-forgotten-slave-trade-portuguese-arakanese-and-dutch-trafficking-networks-4233136,4233136,Irrelevant,other,"Not about 1971 (topic: Bengal's forgotten slave trade: Portuguese, Arakanese and Dutch trafficking networks)",
https://www.thedailystar.net/slow-reads/focus/news/the-tagore-paradox-why-critique-strengthens-his-legacy-4231196,4231196,Irrelevant,other,Not about 1971 (topic: The Tagore paradox: Why critique strengthens his legacy),
https://www.thedailystar.net/slow-reads/focus/news/what-sufism-can-teach-us-about-the-modern-world-4230841,4230841,Irrelevant,other,Not about 1971 (topic: What Sufism can teach us about the modern world),
https://www.thedailystar.net/slow-reads/focus/news/thinking-partha-chatterjee-4230026,4230026,Irrelevant,other,Not about 1971 (topic: Thinking with Partha Chatterjee),
https://www.thedailystar.net/slow-reads/focus/news/the-journey-qawwali-across-south-asia-music-mysticism-and-cultural-exchange-4229991,4229991,Irrelevant,other,"Not about 1971 (topic: The journey of Qawwali across South Asia: Music, mysticism, and cultural exchange)",
https://www.thedailystar.net/slow-reads/focus/news/why-secularism-losing-ground-south-asia-4229206,4229206,Irrelevant,other,Not about 1971 (topic: Why secularism is losing ground in South Asia),
https://www.thedailystar.net/slow-reads/focus/news/modern-islam-has-always-been-secular-entity-4227616,4227616,Irrelevant,interview,Pakistan as a political idea; one question on 1971,
https://www.thedailystar.net/slow-reads/focus/news/how-the-banned-film-satluj-reopened-the-darkest-wound-punjabs-history-4227396,4227396,Irrelevant,other,Not about 1971 (topic: How the banned film Satluj reopened the darkest wound in Punjab's history),
https://www.thedailystar.net/slow-reads/focus/news/what-the-2026-world-cup-reveals-about-racism-football-4227341,4227341,Irrelevant,other,Not about 1971 (topic: What the 2026 World Cup reveals about racism in football),
https://www.thedailystar.net/slow-reads/focus/news/how-kolkata-shops-preserve-the-memories-east-bengal-4226836,4226836,Irrelevant,feature,Kolkata shops named after East Bengal places (Partition memory); 1971 passing,
https://www.thedailystar.net/slow-reads/focus/news/how-roman-jakobson-changed-modern-thought-4226726,4226726,Irrelevant,other,Not about 1971 (topic: How Roman Jakobson changed modern thought),
https://www.thedailystar.net/slow-reads/focus/news/the-forgotten-south-asian-soldiers-the-first-world-war-4225471,4225471,Irrelevant,feature,South Asian soldiers of WWI; 1971 passing,
https://www.thedailystar.net/slow-reads/focus/news/how-dhaka-lost-its-green-and-water-revisiting-the-first-master-plan-the-city-4224741,4224741,Irrelevant,analysis,Dhaka's master plan; 1971 passing,
https://www.thedailystar.net/slow-reads/focus/news/bengals-forgotten-connections-nazi-germany-4223776,4223776,Irrelevant,other,Not about 1971 (topic: Bengal’s forgotten connections with Nazi Germany),
https://www.thedailystar.net/slow-reads/focus/news/muzharul-islam-and-his-spaces-belonging-4223211,4223211,Irrelevant,other,Not about 1971 (topic: Muzharul Islam and his spaces of belonging),
https://www.thedailystar.net/slow-reads/focus/news/the-rise-decline-and-revival-buddhism-bengal-4221981,4221981,Irrelevant,other,"Not about 1971 (topic: The rise, decline and revival of Buddhism in Bengal)",
https://www.thedailystar.net/slow-reads/focus/news/two-visions-sulh-i-kul-akbar-and-dara-shukoh-4219931,4219931,Irrelevant,other,Not about 1971 (topic: Two visions of Sulh-i Kul: Akbar and Dara Shukoh),
https://www.thedailystar.net/slow-reads/focus/news/pachapdi-gazi-the-jim-corbett-bengal-and-the-truth-about-sundarbans-man-eaters-4219231,4219231,Irrelevant,other,"Not about 1971 (topic: Pachapdi Gazi, the 'Jim Corbett of Bengal', and the truth about Sundarbans 'man-eaters')",
https://www.thedailystar.net/slow-reads/focus/news/how-mohammedan-sporting-club-shaped-muslim-identity-colonial-bengal-4218301,4218301,Irrelevant,other,Not about 1971 (topic: How Mohammedan Sporting Club shaped Muslim identity in colonial Bengal),
https://www.thedailystar.net/slow-reads/focus/news/the-untold-history-the-rivers-connect-bangladesh-and-asia-4196581,4196581,Irrelevant,other,Not about 1971 (topic: The untold history of the rivers that connect Bangladesh and Asia),
https://www.thedailystar.net/slow-reads/focus/news/new-history-battala-books-4216566,4216566,Irrelevant,other,Not about 1971 (topic: A new history of Battala books),
https://www.thedailystar.net/slow-reads/focus/news/how-old-bengali-advertisements-sold-the-dream-fair-skin-4209536,4209536,Irrelevant,other,Not about 1971 (topic: How old Bengali advertisements sold the dream of fair skin),
https://www.thedailystar.net/slow-reads/focus/news/bengal-mysore-and-the-making-american-independence-4213606,4213606,Irrelevant,other,"Not about 1971 (topic: Bengal, Mysore, and the making of American independence)",
https://www.thedailystar.net/slow-reads/focus/news/the-many-gifts-mustafa-monwar-4213376,4213376,Irrelevant,other,Not about 1971 (topic: The many gifts of Mustafa Monwar),
https://www.thedailystar.net/slow-reads/focus/news/consoled-the-brahmaputra-reflections-the-holey-artisan-attack-1427329,1427329,Irrelevant,memoir,Holey Artisan attack (2016); 1971 mentioned once,
https://www.thedailystar.net/slow-reads/focus/news/beyond-the-myths-aurangzeb-munis-d-faruquis-fresh-perspective-4212326,4212326,Irrelevant,other,Not about 1971 (topic: Beyond the myths of Aurangzeb: Munis D. Faruqui's fresh perspective),
https://www.thedailystar.net/slow-reads/focus/news/why-left-footers-messi-are-so-valuable-football-4212111,4212111,Irrelevant,other,Not about 1971 (topic: Why left-footers like Messi are so valuable in football),
https://www.thedailystar.net/slow-reads/focus/news/the-lost-khoda-art-santals-tattoos-identity-and-the-legacy-the-santal-hul-4211381,4211381,Irrelevant,other,"Not about 1971 (topic: The lost Khoda art of Santals: Tattoos, identity and the legacy of the Santal Hul)",
https://www.thedailystar.net/slow-reads/focus/news/yes-non-anglo-french-power-plays-the-run-plassey-4210821,4210821,Irrelevant,other,Not about 1971 (topic: Yes? Non? Anglo-French power plays in the run-up to Plassey),
https://www.thedailystar.net/slow-reads/focus/news/bonolata-sen-remains-after-film-hollows-you-out-4210261,4210261,Irrelevant,other,Not about 1971 (topic: Bonolata Sen remains after a film hollows you out),
https://www.thedailystar.net/slow-reads/focus/news/ferdausi-rahman-the-making-music-legend-4210246,4210246,Irrelevant,other,Not about 1971 (topic: Ferdausi Rahman: The making of a music legend),
https://www.thedailystar.net/slow-reads/focus/news/disappearing-middle-class-and-the-decline-dhakas-club-culture-4208291,4208291,Irrelevant,other,Not about 1971 (topic: Disappearing middle class and the decline of Dhaka's club culture),
https://www.thedailystar.net/slow-reads/focus/news/reading-bengal-beyond-religious-boundaries-4205971,4205971,Irrelevant,other,Not about 1971 (topic: Reading Bengal beyond religious boundaries),
https://www.thedailystar.net/slow-reads/focus/news/graphic-modernity-bengali-artists-and-the-politics-book-design-4204521,4204521,Irrelevant,other,Not about 1971 (topic: Graphic modernity: Bengali artists and the politics of book design),
https://www.thedailystar.net/slow-reads/focus/news/echoes-karbala-personal-journey-through-muharram-old-dhaka-4204051,4204051,Irrelevant,other,Not about 1971 (topic: Echoes of Karbala: A personal journey through Muharram in Old Dhaka),
https://www.thedailystar.net/slow-reads/focus/news/how-the-mughal-legacy-continues-shape-south-asia-4199491,4199491,Irrelevant,other,Not about 1971 (topic: How the Mughal legacy continues to shape South Asia),
https://www.thedailystar.net/slow-reads/focus/news/the-lost-world-dhakas-courtesans-and-baijis-4199276,4199276,Irrelevant,other,Not about 1971 (topic: The lost world of Dhaka's courtesans and baijis),
https://www.thedailystar.net/slow-reads/focus/news/ghosts-gods-and-swadeshi-pride-4198481,4198481,Irrelevant,other,"Not about 1971 (topic: Ghosts, gods, and swadeshi pride)",
https://www.thedailystar.net/slow-reads/focus/news/love-faith-and-family-inside-world-cup-players-tattoos-4196281,4196281,Irrelevant,other,"Not about 1971 (topic: Love, faith and family: Inside World Cup players’ tattoos)",
https://www.thedailystar.net/slow-reads/focus/news/can-migration-help-win-world-cup-4196251,4196251,Irrelevant,other,Not about 1971 (topic: Can migration help win a World Cup?),
https://www.thedailystar.net/slow-reads/focus/news/crime-history-bengal-when-rivers-became-haven-dacoits-4194291,4194291,Irrelevant,other,Not about 1971 (topic: A crime history of Bengal: When rivers became a haven for dacoits),
https://www.thedailystar.net/slow-reads/focus/news/mohajir-manuscripts-field-notes-dhaka-aliya-madrasa-4193241,4193241,Irrelevant,other,Not about 1971 (topic: Mohajir manuscripts: Field notes from Dhaka Aliya Madrasa),
https://www.thedailystar.net/slow-reads/focus/news/what-has-changed-the-usa-94-world-cup-almost-everything-4192846,4192846,Irrelevant,other,Not about 1971 (topic: What has changed since the USA ’94 World Cup? Almost everything),
https://www.thedailystar.net/slow-reads/focus/news/the-tofail-bhai-i-knew-4191851,4191851,Irrelevant,other,Not about 1971 (topic: The Tofail Bhai I knew),
https://www.thedailystar.net/slow-reads/focus/news/mustafa-zaman-abbasi-the-man-who-heard-music-the-wind-4190731,4190731,Irrelevant,other,Not about 1971 (topic: Mustafa Zaman Abbasi: The man who heard music in the wind),
https://www.thedailystar.net/slow-reads/focus/news/kam-saaduddin-architect-and-activist-anti-imperialist-sociology-and-social-movements-bangladesh-4189861,4189861,Borderline,feature,Profile of sociologist K.A.M. Saaduddin; covers his 1971 arrest and listing for execution by Farman Ali,
https://www.thedailystar.net/slow-reads/focus/news/abdul-quadir-and-the-lost-art-editing-4188161,4188161,Irrelevant,other,Not about 1971 (topic: Abdul Quadir and the lost art of editing),
https://www.thedailystar.net/slow-reads/focus/news/rakhal-das-banerji-the-bengali-explorer-who-changed-history-4185291,4185291,Irrelevant,other,Not about 1971 (topic: Rakhal Das Banerji: The Bengali explorer who changed history),
https://www.thedailystar.net/slow-reads/focus/news/why-roid-stays-you-long-after-the-film-ends-4187941,4187941,Irrelevant,other,Not about 1971 (topic: Why Roid stays with you long after the film ends),
https://www.thedailystar.net/slow-reads/focus/news/how-earthquakes-disease-and-war-shaped-bengals-slave-trade-4187656,4187656,Irrelevant,other,"Not about 1971 (topic: How earthquakes, disease and war shaped Bengal’s slave trade)",
https://www.thedailystar.net/slow-reads/focus/news/the-first-reports-political-assassination-revisiting-newspaper-coverage-zias-killing-4187281,4187281,Irrelevant,analysis,Press coverage of Ziaur Rahman's assassination (1981); not about 1971,
https://www.thedailystar.net/slow-reads/focus/news/why-zia-still-matters-todays-bangladesh-4187236,4187236,Irrelevant,essay,Ziaur Rahman's legacy as president; 1971 mentioned in passing,
https://www.thedailystar.net/slow-reads/focus/news/more-saree-the-living-legacy-tangail-4187076,4187076,Irrelevant,other,Not about 1971 (topic: More than a saree: The living legacy of Tangail),
https://www.thedailystar.net/slow-reads/focus/news/tagores-balaka-and-the-decolonial-poetics-becoming-4184271,4184271,Irrelevant,other,Not about 1971 (topic: Tagore’s “Balaka” and the decolonial poetics of becoming),
https://www.thedailystar.net/slow-reads/focus/news/kolkatas-eid-my-eid-4186296,4186296,Irrelevant,other,"Not about 1971 (topic: Kolkata's Eid, my Eid)",
https://www.thedailystar.net/slow-reads/focus/news/the-quiet-lessons-shital-pati-4183636,4183636,Irrelevant,other,Not about 1971 (topic: The quiet lessons of Shital Pati),
https://www.thedailystar.net/slow-reads/focus/news/mercy-love-and-pluralism-sufi-vision-islam-4185201,4185201,Irrelevant,other,"Not about 1971 (topic: Mercy, love, and pluralism: A sufi vision of Islam)",
https://www.thedailystar.net/slow-reads/focus/news/hair-oil-bumblebees-and-the-lost-world-bengali-advertising-art-4183671,4183671,Irrelevant,other,"Not about 1971 (topic: Hair oil, bumblebees, and the lost world of Bengali advertising art)",
https://www.thedailystar.net/slow-reads/focus/news/the-tale-some-rare-portraits-nazruls-final-days-4184891,4184891,Irrelevant,other,Not about 1971 (topic: The tale of some rare portraits from Nazrul’s final days),
https://www.thedailystar.net/slow-reads/focus/news/tuning-the-melody-baul-songs-peace-education-4183611,4183611,Irrelevant,other,Not about 1971 (topic: Tuning the melody of Baul songs into peace education),
https://www.thedailystar.net/slow-reads/focus/news/shreemati-rassundari-and-the-making-the-first-autobiography-bengali-woman-4184191,4184191,Irrelevant,other,Not about 1971 (topic: Shreemati Rassundari and the making of the first autobiography by a Bengali woman),
https://www.thedailystar.net/slow-reads/focus/news/nabayug-nazruls-radical-pen-and-fazlul-huqs-leadership-4183596,4183596,Irrelevant,other,Not about 1971 (topic: Nabayug: Nazrul’s radical pen and Fazlul Huq’s leadership),
https://www.thedailystar.net/slow-reads/focus/news/east-bengals-victory-and-the-memory-lost-homes-4183231,4183231,Irrelevant,essay,East Bengal FC fandom rooted in 1947 and 1971 displacement; mostly about Partition refugees in Kolkata,
https://www.thedailystar.net/slow-reads/focus/news/reading-nazrul-age-inequality-4183071,4183071,Irrelevant,other,Not about 1971 (topic: Reading Nazrul in an age of inequality),
https://www.thedailystar.net/slow-reads/focus/news/tagores-dan-pratidan-and-the-colonial-remaking-bengals-moral-world-4180061,4180061,Irrelevant,other,Not about 1971 (topic: Tagore’s Dan Pratidan and the colonial remaking of Bengal’s moral world),
https://www.thedailystar.net/slow-reads/focus/news/the-forgotten-art-bengali-advertising-4177626,4177626,Irrelevant,other,Not about 1971 (topic: The forgotten art of Bengali advertising),
https://www.thedailystar.net/slow-reads/focus/news/re-reading-nizamuddin-auliya-history-and-memory-4173191,4173191,Irrelevant,other,Not about 1971 (topic: Re-reading Nizamuddin Auliya in history and memory),
https://www.thedailystar.net/slow-reads/focus/news/remembering-mrinal-sen-through-rain-memory-and-cinema-4175701,4175701,Irrelevant,other,"Not about 1971 (topic: Remembering Mrinal Sen: Through rain, memory, and cinema)",
https://www.thedailystar.net/slow-reads/focus/news/rethinking-the-origins-bongabdo-through-bengals-ecological-civilisation-4174901,4174901,Irrelevant,other,Not about 1971 (topic: Rethinking the origins of Bongabdo through Bengal’s ecological civilisation),
https://www.thedailystar.net/slow-reads/focus/news/the-forgotten-front-rumour-resistance-and-the-uprising-1857-eastern-bengal-4172656,4172656,Irrelevant,other,"Not about 1971 (topic: The forgotten front: Rumour, resistance, and the uprising of 1857 in Eastern Bengal)",
https://www.thedailystar.net/slow-reads/focus/news/the-burma-we-imagined-bengali-literature-4171496,4171496,Irrelevant,other,Not about 1971 (topic: The Burma we imagined in Bengali literature),
https://www.thedailystar.net/slow-reads/focus/news/the-dhaka-masterpiece-paintings-1285165,1285165,Irrelevant,other,Not about 1971 (topic: The Dhaka Masterpiece Paintings),
https://www.thedailystar.net/slow-reads/focus/news/nehrus-mians-and-the-lost-tradition-hindu-muslim-political-coexistence-4169866,4169866,Irrelevant,other,"Not about 1971 (topic: Nehrus, Mians, and the lost tradition of Hindu-Muslim political coexistence)",
https://www.thedailystar.net/slow-reads/focus/news/tagores-radical-vision-rural-bengal-4169836,4169836,Irrelevant,other,Not about 1971 (topic: Tagore’s radical vision for rural Bengal),
https://www.thedailystar.net/slow-reads/focus/news/the-rabindranath-we-have-not-yet-claimed-4169706,4169706,Irrelevant,other,Not about 1971 (topic: The Rabindranath we have not yet claimed),
https://www.thedailystar.net/slow-reads/focus/news/the-making-pritilata-waddedar-4167526,4167526,Irrelevant,other,Not about 1971 (topic: The making of Pritilata Waddedar),
https://www.thedailystar.net/slow-reads/focus/news/raghu-rai-when-life-performs-the-camera-4166771,4166771,Irrelevant,feature,Raghu Rai's whole career; his 1971 work mentioned only briefly,
https://www.thedailystar.net/slow-reads/focus/news/revisiting-satyajit-ray-the-age-noise-4165796,4165796,Irrelevant,other,Not about 1971 (topic: Revisiting Satyajit Ray in the age of noise),
https://www.thedailystar.net/slow-reads/focus/news/satyajit-ray-the-man-who-found-the-universe-dewdrop-4165771,4165771,Irrelevant,other,Not about 1971 (topic: Satyajit Ray: The man who found the universe in a dewdrop),
https://www.thedailystar.net/slow-reads/focus/news/satyajit-rays-tagore-films-3960661,3960661,Irrelevant,other,Not about 1971 (topic: Satyajit Ray’s ‘Tagore’ Films),
https://www.thedailystar.net/slow-reads/focus/news/glimpse-the-formative-years-fazlul-huq-4163086,4163086,Irrelevant,other,Not about 1971 (topic: A glimpse into the formative years of Fazlul Huq),
https://www.thedailystar.net/slow-reads/focus/news/the-making-democratic-bengal-fazlul-huqs-kpp-and-1937-election-4162046,4162046,Irrelevant,other,Not about 1971 (topic: The making of democratic Bengal: Fazlul Huq’s KPP and 1937 election),
https://www.thedailystar.net/slow-reads/focus/news/fazlul-huq-and-the-dream-new-bengal-united-india-4161726,4161726,Irrelevant,other,Not about 1971 (topic: Fazlul Huq and the dream of a new Bengal in a United India),
https://www.thedailystar.net/slow-reads/focus/news/new-reading-fakhruddin-mubarak-shah-and-sonargaons-independence-4161671,4161671,Irrelevant,other,Not about 1971 (topic: A new reading of Fakhruddin Mubarak Shah and Sonargaon’s independence),
https://www.thedailystar.net/slow-reads/focus/news/khulna-144-city-fading-glory-and-enduring-grace-4160301,4160301,Irrelevant,feature,Khulna city history; 1971 occupation mentioned briefly,
https://www.thedailystar.net/slow-reads/focus/news/the-untold-history-horses-south-asia-4160276,4160276,Irrelevant,other,Not about 1971 (topic: The untold history of horses in South Asia),
https://www.thedailystar.net/slow-reads/focus/news/hurt-sentiments-and-majoritarian-politics-south-asias-crisis-secularism-4156231,4156231,Irrelevant,interview,Secularism and hurt sentiment in South Asia; one question touches on 1971,
https://www.thedailystar.net/slow-reads/focus/news/the-delta-paradox-prosperity-and-plunder-late-medieval-bengal-4155641,4155641,Irrelevant,other,Not about 1971 (topic: The Delta paradox: Prosperity and plunder in late medieval Bengal),
https://www.thedailystar.net/slow-reads/focus/news/zobaida-khatun-chowdhury-life-carved-courage-4154851,4154851,Borderline,feature,"Life of Zobaida Khatun Chowdhury, from the Language Movement to her support of the 1971 resistance",
https://www.thedailystar.net/slow-reads/focus/news/rose-garden-history-passion-and-pride-1856287,1856287,Irrelevant,other,Not about 1971 (topic: Rose Garden: A history of passion and pride),
https://www.thedailystar.net/slow-reads/focus/news/adaitwa-mallabarman-author-the-soil-1345198,1345198,Irrelevant,other,Not about 1971 (topic: Adaitwa Mallabarman - An author of the soil),
https://www.thedailystar.net/slow-reads/focus/news/the-nakshi-kantha-tradition-and-transformation-4150271,4150271,Irrelevant,other,Not about 1971 (topic: The Nakshi Kantha: Tradition and transformation),
https://www.thedailystar.net/slow-reads/slow-reads-special/news/the-painted-cosmology-tikoil-village-4149176,4149176,Irrelevant,other,Not about 1971 (topic: The painted cosmology of Tikoil village),
https://www.thedailystar.net/slow-reads/focus/news/how-the-british-shaped-the-way-we-dress-today-4147161,4147161,Irrelevant,other,Not about 1971 (topic: How the British shaped the way we dress today),
https://www.thedailystar.net/slow-reads/focus/news/annapurna-devi-and-the-gendered-silences-classical-music-4144231,4144231,Irrelevant,other,Not about 1971 (topic: Annapurna Devi and the gendered silences of classical music),
https://www.thedailystar.net/slow-reads/focus/news/islamisation-bengal-has-no-parallel-south-asia-4144576,4144576,Irrelevant,other,Not about 1971 (topic: 'Islamisation in Bengal has no parallel in South Asia'),
https://www.thedailystar.net/slow-reads/focus/news/kedarnath-majumdar-the-forgotten-historian-bengal-4144046,4144046,Irrelevant,other,Not about 1971 (topic: Kedarnath Majumdar: The forgotten historian of Bengal),
https://www.thedailystar.net/slow-reads/focus/news/does-south-asia-need-secularism-4138766,4138766,Irrelevant,other,Not about 1971 (topic: Does South Asia need secularism?),
https://www.thedailystar.net/slow-reads/focus/news/did-jinnah-lose-faith-the-two-nation-theory-after-1947-4136041,4136041,Irrelevant,other,Not about 1971 (topic: Did Jinnah lose faith in the Two-Nation Theory after 1947?),
https://www.thedailystar.net/slow-reads/focus/news/highgate-remembering-karl-marx-4131941,4131941,Irrelevant,other,"Not about 1971 (topic: At Highgate, remembering Karl Marx)",
https://www.thedailystar.net/slow-reads/focus/news/celebrating-eid-thousand-years-history-three-embraces-4131931,4131931,Irrelevant,other,Not about 1971 (topic: Celebrating Eid: Thousand years of history in three embraces),
https://www.thedailystar.net/slow-reads/focus/news/historical-glimpses-eid-processions-dhaka-4131826,4131826,Irrelevant,other,Not about 1971 (topic: Historical glimpses of Eid processions in Dhaka),
https://www.thedailystar.net/slow-reads/focus/news/the-biryani-excavation-4131891,4131891,Irrelevant,other,Not about 1971 (topic: The Biryani excavation),
https://www.thedailystar.net/slow-reads/focus/news/leela-nag-lone-tigress-who-waged-war-against-the-status-quo-4125396,4125396,Irrelevant,other,Not about 1971 (topic: Leela Nag: A lone tigress who waged war against the status quo),
https://www.thedailystar.net/slow-reads/focus/news/barisal-beyond-and-the-making-bengali-literary-modernity-4118316,4118316,Irrelevant,other,"Not about 1971 (topic: Barisal, beyond, and the making of Bengali literary modernity)",
https://www.thedailystar.net/slow-reads/focus/news/why-there-so-little-discussion-books-4117186,4117186,Irrelevant,other,Not about 1971 (topic: Why is there so little discussion on books?),
https://www.thedailystar.net/slow-reads/news/the-great-age-chittagong-and-our-failure-understand-it-4112376,4112376,Irrelevant,other,Not about 1971 (topic: The great age of Chittagong and our failure to understand it),
https://www.thedailystar.net/slow-reads/focus/news/jinnah-vs-fazlul-huq-the-forgotten-debate-over-pakistan-4106956,4106956,Irrelevant,other,Not about 1971 (topic: Jinnah vs Fazlul Huq: The forgotten debate over Pakistan),
https://www.thedailystar.net/slow-reads/focus/news/building-nation-print-paper-textbooks-and-publishing-east-pakistan-4102416,4102416,Irrelevant,other,"Not about 1971 (topic: Building a nation in print: Paper, textbooks, and publishing in East Pakistan)",
https://www.thedailystar.net/slow-reads/focus/news/madani-vs-maududi-the-forgotten-muslim-debate-over-pakistan-4101171,4101171,Irrelevant,other,Not about 1971 (topic: Madani vs Maududi: The forgotten Muslim debate over Pakistan),
https://www.thedailystar.net/slow-reads/focus/news/jinnah-vs-maududi-the-forgotten-muslim-debate-over-pakistan-4098801,4098801,Irrelevant,other,Not about 1971 (topic: Jinnah vs Maududi: The forgotten Muslim debate over Pakistan),
https://www.thedailystar.net/slow-reads/focus/news/jinnah-vs-madani-the-forgotten-muslim-debate-over-pakistan-4095831,4095831,Irrelevant,other,Not about 1971 (topic: Jinnah vs Madani: The forgotten Muslim debate over Pakistan),
https://www.thedailystar.net/slow-reads/focus/news/vandalism-and-the-death-civilisation-4093321,4093321,Irrelevant,other,Not about 1971 (topic: Vandalism and the death of civilisation),
https://www.thedailystar.net/slow-reads/focus/news/khow-suey-dish-born-migration-and-adaptation-4092496,4092496,Irrelevant,other,Not about 1971 (topic: Khow Suey – a dish born from migration and adaptation),
https://www.thedailystar.net/slow-reads/focus/news/chittagong-centred-and-de-centred-forgotten-history-4090266,4090266,Irrelevant,other,Not about 1971 (topic: Chittagong centred and de-centred: A forgotten history),
https://www.thedailystar.net/slow-reads/focus/news/the-assam-bengal-line-system-mobility-land-and-belonging-4085766,4085766,Irrelevant,other,"Not about 1971 (topic: Before the Assam-Bengal line system: Mobility, land, and belonging)",
https://www.thedailystar.net/slow-reads/focus/news/journey-the-roof-the-world-bangladeshis-tibet-travelogue-4084201,4084201,Irrelevant,other,Not about 1971 (topic: Journey to the roof of the world: A Bangladeshi's Tibet travelogue),
https://www.thedailystar.net/slow-reads/focus/news/remembering-jayasree-kabir-the-actress-who-chose-absence-4084846,4084846,Irrelevant,other,Not about 1971 (topic: Remembering Jayasree Kabir: The actress who chose absence),
https://www.thedailystar.net/slow-reads/focus/news/muslim-sahitya-samaj-centenary-4084151,4084151,Irrelevant,other,Not about 1971 (topic: Muslim Sahitya Samaj Centenary),
https://www.thedailystar.net/slow-reads/focus/news/the-selfie-age-daddys-self-portraits-4077491,4077491,Irrelevant,other,Not about 1971 (topic: Before the selfie age: Daddy’s self-portraits),
https://www.thedailystar.net/slow-reads/focus/news/city-called-elias-4073291,4073291,Irrelevant,other,Not about 1971 (topic: In a city called Elias),
https://www.thedailystar.net/slow-reads/slow-reads-special/news/the-making-folk-poet-jasimuddin-4072881,4072881,Irrelevant,other,Not about 1971 (topic: The making of folk poet Jasimuddin),
https://www.thedailystar.net/slow-reads/focus/news/rokeyas-writing-i-see-universal-truth-4070781,4070781,Irrelevant,other,"Not about 1971 (topic: “In Rokeya’s writing, I see a universal truth”)",
https://www.thedailystar.net/slow-reads/focus/news/zainul-abedin-naib-uddin-and-the-making-classic-4068536,4068536,Irrelevant,other,"Not about 1971 (topic: Zainul Abedin, Naib Uddin, and the making of a classic)",
https://www.thedailystar.net/slow-reads/focus/news/journey-through-bangladeshs-islamic-inscriptions-4068116,4068116,Irrelevant,other,Not about 1971 (topic: A journey through Bangladesh’s Islamic inscriptions),
https://www.thedailystar.net/slow-reads/focus/news/why-rokeyas-two-hour-workday-utopia-remains-urgently-relevant-4067851,4067851,Irrelevant,other,Not about 1971 (topic: Why Rokeya’s two-hour workday utopia remains urgently relevant),
https://www.thedailystar.net/slow-reads/focus/news/nurjahan-begum-life-womens-voices-4066001,4066001,Irrelevant,other,Not about 1971 (topic: Nurjahan Begum: A life for women’s voices),
https://www.thedailystar.net/slow-reads/focus/news/kazi-fazlur-rahman-civil-servant-and-intellectual-giant-4059081,4059081,Irrelevant,other,"Not about 1971 (topic: Kazi Fazlur Rahman, a civil servant and an intellectual giant)",
https://www.thedailystar.net/slow-reads/focus/news/chittagong-chittagong-early-history-4058696,4058696,Irrelevant,other,"Not about 1971 (topic: Chittagong, before Chittagong: An early history)",
https://www.thedailystar.net/slow-reads/focus/news/what-begum-rokeya-knew-about-changing-bengali-muslims-within-4053071,4053071,Irrelevant,other,Not about 1971 (topic: What Begum Rokeya knew about changing Bengali Muslims from within),
https://www.thedailystar.net/slow-reads/focus/news/early-north-bengal-re-creation-and-lone-journey-4046511,4046511,Irrelevant,other,Not about 1971 (topic: Early North Bengal: A (re-)creation and a lone journey),
https://www.thedailystar.net/slow-reads/focus/news/struggle-noazesh-ahmed-and-his-first-masterpiece-4042401,4042401,Irrelevant,other,Not about 1971 (topic: ‘Struggle’: Noazesh Ahmed and his first masterpiece),
https://www.thedailystar.net/slow-reads/focus/news/photographing-muslim-women-how-sufia-kamal-broke-the-camera-taboo-4039436,4039436,Irrelevant,other,Not about 1971 (topic: Photographing Muslim women: How Sufia Kamal broke the camera taboo),
https://www.thedailystar.net/slow-reads/focus/news/dhakas-forgotten-wwii-story-what-soldiers-feared-more-japanese-bullets-4037811,4037811,Irrelevant,other,Not about 1971 (topic: Dhaka’s forgotten WWII story: What soldiers feared more than Japanese bullets),
https://www.thedailystar.net/slow-reads/focus/news/bhashani-and-the-gayebi-janazah-1968-photographic-history-4036841,4036841,Borderline,feature,Bhashani's 1968 gayebi janazah and the first martyrs of the 1969 uprising (run-up),
https://www.thedailystar.net/slow-reads/focus/news/two-forgotten-kingdoms-bengal-4036491,4036491,Irrelevant,other,Not about 1971 (topic: Two forgotten kingdoms of Bengal),
https://www.thedailystar.net/slow-reads/focus/news/let-democracy-be-free-the-image-shook-dictator-4030791,4030791,Irrelevant,other,Not about 1971 (topic: ‘Let democracy be free’: The image that shook a dictator),
https://www.thedailystar.net/slow-reads/focus/news/song-the-soul-4031406,4031406,Irrelevant,other,Not about 1971 (topic: A song for the soul),
https://www.thedailystar.net/slow-reads/focus/news/reading-power-how-everyday-texts-shaped-life-under-the-british-empire-4021191,4021191,Irrelevant,other,Not about 1971 (topic: Reading power: How everyday texts shaped life under the British Empire),
https://www.thedailystar.net/slow-reads/focus/news/why-was-sher-e-bangla-so-popular-4020301,4020301,Irrelevant,other,Not about 1971 (topic: Why was Sher-e-Bangla so popular?),
https://www.thedailystar.net/slow-reads/slow-reads-special/news/the-dawn-islamic-songs-bengal-4019801,4019801,Irrelevant,other,Not about 1971 (topic: The dawn of Islamic songs in Bengal),
https://www.thedailystar.net/slow-reads/focus/news/my-discovery-sher-e-bangla-4018746,4018746,Irrelevant,other,Not about 1971 (topic: My discovery of Sher-e-Bangla),
https://www.thedailystar.net/slow-reads/focus/news/sher-e-bangla-and-his-political-rivals-4018756,4018756,Irrelevant,other,Not about 1971 (topic: Sher-e-Bangla and his political rivals),
https://www.thedailystar.net/slow-reads/focus/news/the-thrills-rakib-hasan-4017046,4017046,Irrelevant,other,Not about 1971 (topic: The thrills of Rakib Hasan),
https://www.thedailystar.net/slow-reads/focus/news/how-bengal-discovered-japan-150-year-chronicle-4014171,4014171,Irrelevant,other,Not about 1971 (topic: How Bengal discovered Japan: A 150-year chronicle),
https://www.thedailystar.net/slow-reads/focus/news/abul-hashims-bangalistaan-4009351,4009351,Irrelevant,other,Not about 1971 (topic: Abul Hashim’s Bangalistaan),
https://www.thedailystar.net/slow-reads/focus/news/baba-allauddin-khan-and-the-making-musical-lineage-4004166,4004166,Irrelevant,other,Not about 1971 (topic: Baba Allauddin Khan and the making of a musical lineage),
https://www.thedailystar.net/slow-reads/focus/news/the-lost-history-pilkhanas-elephant-depot-4002811,4002811,Irrelevant,other,Not about 1971 (topic: The lost history of Pilkhana’s elephant depot),
https://www.thedailystar.net/slow-reads/focus/news/dhakas-forgotten-wwii-story-spielbergs-father-and-the-bridge-busters-3998446,3998446,Irrelevant,other,Not about 1971 (topic: Dhaka’s Forgotten WWII Story: Spielberg’s Father and the Bridge Busters),
https://www.thedailystar.net/slow-reads/focus/news/sandwips-forgotten-wars-3991291,3991291,Irrelevant,other,Not about 1971 (topic: Sandwip’s forgotten wars),
https://www.thedailystar.net/slow-reads/focus/news/why-the-1962-education-movement-must-not-be-forgotten-382747,382747,Irrelevant,other,Not about 1971 (topic: Why the 1962 education movement must not be forgotten),
https://www.thedailystar.net/slow-reads/focus/news/thus-spoke-suhrawardy-3980861,3980861,Irrelevant,other,Not about 1971 (topic: Thus spoke Suhrawardy),
https://www.thedailystar.net/slow-reads/focus/news/suhrawardy-statesman-democracy-3980836,3980836,Irrelevant,other,Not about 1971 (topic: Suhrawardy: A statesman of democracy),
https://www.thedailystar.net/slow-reads/focus/news/faultlines-freedom-the-complex-ties-jinnah-suhrawardy-and-gandhi-3980831,3980831,Irrelevant,other,"Not about 1971 (topic: Faultlines of freedom: The complex ties of Jinnah, Suhrawardy and Gandhi)",
https://www.thedailystar.net/slow-reads/focus/news/the-secret-deal-carved-the-middle-east-3976911,3976911,Irrelevant,other,Not about 1971 (topic: The Secret Deal that Carved Up the Middle East),
https://www.thedailystar.net/slow-reads/focus/news/forbidden-nazrul-3975526,3975526,Irrelevant,other,Not about 1971 (topic: Forbidden Nazrul),
https://www.thedailystar.net/slow-reads/focus/news/christian-conversion-and-the-politics-faith-colonial-bengal-3965451,3965451,Irrelevant,other,Not about 1971 (topic: Christian conversion and the politics of faith in colonial Bengal),
https://www.thedailystar.net/slow-reads/focus/news/robust-democratic-environment-remains-fictitious-configuration-our-noisy-imagination-3955516,3955516,Irrelevant,other,Not about 1971 (topic: “Robust democratic environment remains a fictitious configuration of our noisy imagination”),
https://www.thedailystar.net/slow-reads/focus/news/sandwip-and-the-collapse-portuguese-ambition-3949436,3949436,Irrelevant,other,Not about 1971 (topic: Sandwip and the collapse of Portuguese ambition),
https://www.thedailystar.net/slow-reads/focus/news/muzharul-islam-and-chetana-movement-3939011,3939011,Irrelevant,other,Not about 1971 (topic: Muzharul Islam and Chetana Movement),
https://www.thedailystar.net/slow-reads/focus/news/the-maverick-pundit-3928766,3928766,Irrelevant,other,Not about 1971 (topic: The Maverick Pundit),
https://www.thedailystar.net/slow-reads/focus/news/why-sandwip-missing-the-bay-bengals-history-3917926,3917926,Irrelevant,other,Not about 1971 (topic: Why is Sandwip missing from the Bay of Bengal’s history?),
https://www.thedailystar.net/slow-reads/focus/news/bengals-ties-the-straits-world-3897836,3897836,Irrelevant,other,Not about 1971 (topic: Bengal’s Ties to the Straits World),
https://www.thedailystar.net/slow-reads/focus/news/raja-pratapaditya-charitra-and-the-birth-bengali-history-writing-3881671,3881671,Irrelevant,other,Not about 1971 (topic: Raja Pratapaditya Charitra and the Birth of Bengali History Writing),
https://www.thedailystar.net/slow-reads/focus/news/the-untold-story-franklin-book-dhaka-the-shadow-the-cold-war-3876186,3876186,Irrelevant,other,Not about 1971 (topic: The untold story of Franklin Book Dhaka: In the shadow of the cold war),
https://www.thedailystar.net/slow-reads/focus/news/jamdani-the-battleground-3870796,3870796,Irrelevant,other,Not about 1971 (topic: Jamdani as the battleground),
https://www.thedailystar.net/slow-reads/focus/news/the-legacy-thomas-bata-bengal-3868136,3868136,Irrelevant,other,Not about 1971 (topic: The Legacy of Thomas Bata in Bengal),
https://www.thedailystar.net/slow-reads/focus/news/the-many-bengals-samatata-bangalah-subah-i-bangalah-3865071,3865071,Irrelevant,other,"Not about 1971 (topic: The many Bengals: Samatata, Bangalah, Subah-i-Bangalah)",
https://www.thedailystar.net/slow-reads/focus/news/reclaiming-panthokunjo-spectral-wastelands-3838156,3838156,Irrelevant,other,Not about 1971 (topic: Reclaiming Panthokunjo from spectral wastelands),
https://www.thedailystar.net/slow-reads/focus/news/tamam-na-sud-3832896,3832896,Irrelevant,other,Not about 1971 (topic: Tamam Na Sud),
https://www.thedailystar.net/slow-reads/focus/news/the-forgotten-revolutionary-3820311,3820311,Irrelevant,other,Not about 1971 (topic: The Forgotten Revolutionary),
https://www.thedailystar.net/slow-reads/focus/news/visionary-who-elevated-dhaka-university-global-renown-3814721,3814721,Irrelevant,other,Not about 1971 (topic: A visionary who elevated Dhaka University to global renown),
https://www.thedailystar.net/slow-reads/focus/news/h-h-risley-and-bengal-1873-1911-3809271,3809271,Irrelevant,other,"Not about 1971 (topic: H. H. Risley and Bengal, 1873-1911)",
https://www.thedailystar.net/slow-reads/focus/news/sacrificed-development-3803526,3803526,Irrelevant,other,Not about 1971 (topic: Sacrificed for Development),
https://www.thedailystar.net/slow-reads/focus/news/the-tale-ramna-racecourse-3792791,3792791,Irrelevant,other,Not about 1971 (topic: The Tale of Ramna Racecourse),
https://www.thedailystar.net/slow-reads/focus/news/growth-national-consciousness-3782476,3782476,Irrelevant,essay,Ancient and medieval roots of Bengali identity; Bangladesh's emergence only a frame,
https://www.thedailystar.net/slow-reads/focus/news/the-journey-british-bengali-women-higher-education-3755266,3755266,Irrelevant,other,Not about 1971 (topic: The Journey of British-Bengali Women in Higher Education),
https://www.thedailystar.net/slow-reads/focus/news/remembering-legacy-opposition-vision-independence-3754591,3754591,Irrelevant,other,"Not about 1971 (topic: Remembering a legacy of opposition, a vision of independence)",
https://www.thedailystar.net/slow-reads/focus/news/the-last-romantic-3749721,3749721,Irrelevant,other,Not about 1971 (topic: The Last Romantic),
https://www.thedailystar.net/slow-reads/focus/news/sultanate-mughal-the-architectural-legacy-bengal-3738301,3738301,Irrelevant,other,Not about 1971 (topic: From Sultanate to Mughal: The Architectural Legacy of Bengal),
https://www.thedailystar.net/slow-reads/focus/news/sir-syed-ahmad-khan-and-the-muslim-renaissance-south-asia-3732326,3732326,Irrelevant,other,Not about 1971 (topic: Sir Syed Ahmad Khan and the Muslim Renaissance in South Asia),
https://www.thedailystar.net/slow-reads/focus/news/controversy-classic-lal-shalu-after-75-years-3726976,3726976,Irrelevant,other,Not about 1971 (topic: From Controversy to Classic: Lal Shalu After 75 Years),
https://www.thedailystar.net/slow-reads/focus/news/abul-hashim-and-revisiting-the-united-bengal-plan-1946-47-3722406,3722406,Irrelevant,other,Not about 1971 (topic: Abul Hashim and Revisiting the United Bengal Plan (1946-47)),
https://www.thedailystar.net/slow-reads/focus/news/abdullah-the-novel-pioneered-new-era-bengali-literature-3704136,3704136,Irrelevant,other,Not about 1971 (topic: Abdullah: The novel that pioneered a new era in Bengali literature),
https://www.thedailystar.net/slow-reads/focus/news/the-bengali-mahanayika-mahanayak-3692266,3692266,Irrelevant,other,Not about 1971 (topic: The Bengali Mahanayika & Mahanayak),
https://www.thedailystar.net/slow-reads/focus/news/shamsur-rahman-and-muslim-bengali-childhood-modernity-city-and-soliloquy-3680786,3680786,Irrelevant,other,"Not about 1971 (topic: Shamsur Rahman and Muslim Bengali childhood - modernity, city, and soliloquy)",
https://www.thedailystar.net/slow-reads/focus/news/forgotten-chapter-the-intellectual-movement-bengali-muslims-3664336,3664336,Irrelevant,other,Not about 1971 (topic: A forgotten chapter in the intellectual movement of Bengali Muslims),
https://www.thedailystar.net/slow-reads/focus/news/iconic-history-bengal-3657886,3657886,Irrelevant,other,Not about 1971 (topic: An Iconic History of Bengal),
https://www.thedailystar.net/slow-reads/focus/news/cartographic-imagination-and-colonial-landscape-paintings-and-around-bengal-3651521,3651521,Irrelevant,other,Not about 1971 (topic: Cartographic imagination and colonial landscape paintings in and around Bengal),
https://www.thedailystar.net/slow-reads/focus/news/rammohun-roys-grammars-bangla-3640131,3640131,Irrelevant,other,Not about 1971 (topic: Rammohun Roy’s Grammar(s) of Bangla),
https://www.thedailystar.net/slow-reads/focus/news/who-are-bengalis-3625386,3625386,Irrelevant,other,Not about 1971 (topic: Who are Bengalis?),
https://www.thedailystar.net/slow-reads/focus/news/symbolic-and-imaginary-nazrul-islam-3619726,3619726,Irrelevant,other,Not about 1971 (topic: Symbolic and Imaginary in Nazrul Islam),
https://www.thedailystar.net/slow-reads/focus/news/steam-power-and-scientific-knowledge-early-british-bengal-3614111,3614111,Irrelevant,other,Not about 1971 (topic: Steam Power and Scientific Knowledge in Early British Bengal),
https://www.thedailystar.net/slow-reads/focus/news/thus-spoke-sher-e-bangla-3597861,3597861,Irrelevant,other,Not about 1971 (topic: Thus Spoke Sher-e-Bangla),
https://www.thedailystar.net/slow-reads/focus/news/the-baropakhya-christians-forgotten-incidence-peasant-repression-colonial-bengal-3592516,3592516,Irrelevant,other,Not about 1971 (topic: The Baropakhya Christians: A forgotten incidence of peasant repression in colonial Bengal),
https://www.thedailystar.net/slow-reads/focus/news/the-enduring-impact-abul-mansur-ahmads-journalism-3569186,3569186,Irrelevant,other,Not about 1971 (topic: The enduring impact of Abul Mansur Ahmad’s journalism),
https://www.thedailystar.net/slow-reads/slow-reads-special/news/the-name-lalon-3564061,3564061,Irrelevant,other,Not about 1971 (topic: In the name of Lalon),
https://www.thedailystar.net/slow-reads/focus/news/vangiya-sahitya-parishat-the-first-bengal-academy-literature-3541816,3541816,Irrelevant,other,"Not about 1971 (topic: Vangiya Sahitya Parishat, the first Bengal Academy of Literature)",
https://www.thedailystar.net/slow-reads/focus/news/call-bengali-language-outreach-3536506,3536506,Irrelevant,other,Not about 1971 (topic: A Call for Bengali Language Outreach),
https://www.thedailystar.net/slow-reads/focus/news/politics-and-archaeology-ayodhya-3530941,3530941,Irrelevant,other,Not about 1971 (topic: Politics and Archaeology of Ayodhya),
https://www.thedailystar.net/slow-reads/focus/news/global-south-and-global-north-3525101,3525101,Irrelevant,other,Not about 1971 (topic: Global South and global North),
https://www.thedailystar.net/slow-reads/focus/news/pramila-tradition-characterized-3519551,3519551,Irrelevant,other,Not about 1971 (topic: Pramila: A Tradition Characterized),
https://www.thedailystar.net/slow-reads/focus/news/and-beyond-nusrat-fateh-ali-khan-3513861,3513861,Irrelevant,other,Not about 1971 (topic: With and beyond Nusrat Fateh Ali Khan),
https://www.thedailystar.net/slow-reads/focus/news/climate-change-and-unplanned-development-are-creating-new-set-damaging-risks-3502466,3502466,Irrelevant,other,Not about 1971 (topic: Climate change and unplanned development are creating a new set of damaging risks),
https://www.thedailystar.net/slow-reads/focus/news/unusual-pundit-170th-birth-anniversary-haraprasad-shastri-3485376,3485376,Irrelevant,other,Not about 1971 (topic: An Unusual Pundit: 170th Birth Anniversary of Haraprasad Shastri),
https://www.thedailystar.net/slow-reads/focus/news/how-did-the-us-and-bangladesh-come-be-the-same-negotiating-table-climate-change-3479821,3479821,Irrelevant,other,Not about 1971 (topic: How did the U.S. and Bangladesh come to be at the same negotiating table on climate change?),
https://www.thedailystar.net/slow-reads/focus/news/the-mountains-and-hills-south-asias-languages-and-dialects-3474936,3474936,Irrelevant,other,Not about 1971 (topic: The mountains and hills of South Asia’s languages and dialects),
https://www.thedailystar.net/slow-reads/focus/news/bengals-fishermen-through-war-famine-and-partition-3468381,3468381,Irrelevant,other,"Not about 1971 (topic: Bengal’s Fishermen: Through War, Famine and Partition)",
https://www.thedailystar.net/slow-reads/focus/news/understanding-the-maverick-politician-ak-fazlul-huq-3456781,3456781,Irrelevant,other,"Not about 1971 (topic: Understanding the maverick politician, AK Fazlul Huq)",
https://www.thedailystar.net/slow-reads/focus/news/re-discovering-the-goddess-medieval-bengali-poetry-3450531,3450531,Irrelevant,other,Not about 1971 (topic: Re-discovering the goddess in medieval Bengali poetry),
https://www.thedailystar.net/slow-reads/focus/news/dutch-perspectives-early-modern-bengal-3444701,3444701,Irrelevant,other,Not about 1971 (topic: Dutch perspectives on early-modern Bengal),
https://www.thedailystar.net/slow-reads/focus/news/the-weeping-king-how-hindustani-music-flourished-colonial-bengal-3438441,3438441,Irrelevant,other,Not about 1971 (topic: The Weeping King: How Hindustani Music flourished in colonial Bengal),
https://www.thedailystar.net/slow-reads/focus/news/tea-tokens-forgotten-chapter-the-history-tea-plantations-3432341,3432341,Irrelevant,other,Not about 1971 (topic: Tea-Tokens: A forgotten chapter in the history of tea plantations),
https://www.thedailystar.net/slow-reads/focus/news/the-political-origin-hunger-bangladesh-3427311,3427311,Irrelevant,other,Not about 1971 (topic: The political origin of hunger in Bangladesh),
https://www.thedailystar.net/slow-reads/focus/news/souls-through-the-eyes-its-founder-sazed-ul-alam-3421516,3421516,Irrelevant,other,"Not about 1971 (topic: SOULS: Through the eyes of its founder, Sazed Ul Alam)",
https://www.thedailystar.net/slow-reads/focus/news/syed-mujtaba-ali-between-bengal-and-afghanistan-3415916,3415916,Irrelevant,other,Not about 1971 (topic: Syed Mujtaba Ali between Bengal and Afghanistan),
https://www.thedailystar.net/slow-reads/focus/news/reflecting-amar-dekha-rajnitir-ponchash-bochor-3410681,3410681,Irrelevant,other,Not about 1971 (topic: Reflecting on ‘Amar Dekha Rajnitir Ponchash Bochor’),
https://www.thedailystar.net/slow-reads/focus/news/the-portrayal-and-relevance-women-kazi-nazrul-islams-novels-3404861,3404861,Irrelevant,other,Not about 1971 (topic: The portrayal and relevance of women in Kazi Nazrul Islam’s novels),
https://www.thedailystar.net/slow-reads/focus/news/the-many-meanings-partition-1947-and-beyond-3399201,3399201,Irrelevant,other,Not about 1971 (topic: The many meanings of Partition 1947 and beyond),
https://www.thedailystar.net/slow-reads/focus/news/my-heart-doesnt-desire-speak-about-sultan-3393716,3393716,Irrelevant,other,Not about 1971 (topic: My heart doesn’t desire to speak about Sultan),
https://www.thedailystar.net/slow-reads/focus/news/the-ever-falling-darkness-history-3388351,3388351,Irrelevant,other,Not about 1971 (topic: “The Ever-Falling Darkness of History”),
https://www.thedailystar.net/slow-reads/focus/news/i-remember-syed-waliullah-my-papa-3382506,3382506,Irrelevant,other,"Not about 1971 (topic: As I Remember Syed Waliullah, My Papa)",
https://www.thedailystar.net/slow-reads/focus/news/be-more-attentive-the-workings-nature-around-us-and-through-us-3376951,3376951,Irrelevant,other,Not about 1971 (topic: 'Be more attentive to the workings of nature around us and through us'),
https://www.thedailystar.net/slow-reads/focus/news/laughter-and-thrills-history-circus-east-bengal-3370856,3370856,Irrelevant,other,Not about 1971 (topic: Laughter and Thrills: A History of Circus in East Bengal),
https://www.thedailystar.net/slow-reads/focus/news/bagh-bidhoba-3365181,3365181,Irrelevant,other,Not about 1971 (topic: Bagh Bidhoba),
https://www.thedailystar.net/slow-reads/focus/news/the-battle-plassey-tale-triumph-and-betrayal-3355781,3355781,Irrelevant,other,Not about 1971 (topic: The Battle of Plassey: A tale of triumph and betrayal),
https://www.thedailystar.net/slow-reads/focus/news/lest-we-forget-the-pioneering-educationists-east-bengal-3343871,3343871,Irrelevant,other,Not about 1971 (topic: Lest we forget: The pioneering educationists from East Bengal),
https://www.thedailystar.net/slow-reads/focus/news/churchill-and-india-manipulation-or-betrayal-3338961,3338961,Irrelevant,other,Not about 1971 (topic: Churchill and India Manipulation or Betrayal?),
https://www.thedailystar.net/slow-reads/focus/news/1857-the-uprising-delhi-and-its-brutal-suppression-3331991,3331991,Irrelevant,other,Not about 1971 (topic: 1857: The uprising in Delhi and its brutal suppression),
https://www.thedailystar.net/slow-reads/focus/news/guha-was-much-intellectual-and-thinker-he-was-historian-3326111,3326111,Irrelevant,other,Not about 1971 (topic: 'Guha was as much an intellectual and thinker as he was a historian'),
https://www.thedailystar.net/slow-reads/focus/news/only-connect-the-radical-empathy-mrinal-sen-3320276,3320276,Irrelevant,other,Not about 1971 (topic: Only connect: The radical empathy of Mrinal Sen),
https://www.thedailystar.net/slow-reads/focus/news/the-partition-india-3287556,3287556,Irrelevant,other,Not about 1971 (topic: The Partition of India),
https://www.thedailystar.net/slow-reads/focus/news/bangladesh-needs-put-forward-the-transit-exchange-rivers-formula-the-framework-indo-bangladesh-3264146,3264146,Irrelevant,other,Not about 1971 (topic: “Bangladesh needs to put forward the ‘transit in exchange for rivers’ formula as the framework for Indo-Bangladesh negotiations”),
https://www.thedailystar.net/slow-reads/focus/news/language-controversies-19th-century-bengal-3258266,3258266,Irrelevant,other,Not about 1971 (topic: Language Controversies in 19th Century Bengal),
https://www.thedailystar.net/slow-reads/focus/news/the-battle-over-punthi-sahityas-legacy-abdul-karims-perspective-3253371,3253371,Irrelevant,other,Not about 1971 (topic: The Battle over Punthi Sahitya’s Legacy: Abdul Karim’s Perspective),
https://www.thedailystar.net/slow-reads/focus/news/rethinking-the-linear-genealogy-bangla-3246216,3246216,Irrelevant,other,Not about 1971 (topic: Rethinking the linear genealogy of Bangla),
https://www.thedailystar.net/slow-reads/focus/news/revitalizing-delhis-school-system-triumphant-journey-3240056,3240056,Irrelevant,other,Not about 1971 (topic: Revitalizing Delhi’s school system: A triumphant journey),
https://www.thedailystar.net/slow-reads/focus/news/munshi-meherullah-jessore-and-religious-identity-19th-century-bengal-3233951,3233951,Irrelevant,other,Not about 1971 (topic: Munshi Meherullah of Jessore and religious identity in 19th century Bengal),
https://www.thedailystar.net/slow-reads/focus/news/insights-indias-nurse-migration-lessons-bangladesh-3222221,3222221,Irrelevant,other,Not about 1971 (topic: Insights from India’s Nurse Migration: Lessons for Bangladesh),
https://www.thedailystar.net/slow-reads/focus/news/misreading-climate-change-bangladesh-3215971,3215971,Irrelevant,other,Not about 1971 (topic: Misreading Climate Change in Bangladesh),
https://www.thedailystar.net/slow-reads/focus/news/roquiah-sakhawat-hossein-and-kazi-nazrul-islam-3193961,3193961,Irrelevant,other,Not about 1971 (topic: Roquiah Sakhawat Hossein and Kazi Nazrul Islam),
https://www.thedailystar.net/slow-reads/focus/news/chronicling-the-other-bengal-3181356,3181356,Irrelevant,other,Not about 1971 (topic: Chronicling the other Bengal),
https://www.thedailystar.net/slow-reads/focus/news/buddhist-theatre-south-asia-and-beyond-3168606,3168606,Irrelevant,other,Not about 1971 (topic: Buddhist theatre in South Asia and beyond),
https://www.thedailystar.net/slow-reads/focus/news/love-me-do-sixty-years-ago-the-beatles-began-play-3144636,3144636,Irrelevant,other,"Not about 1971 (topic: Love Me Do: Sixty years ago, the Beatles began to play)",
https://www.thedailystar.net/slow-reads/focus/news/student-politics-private-universities-be-or-not-be-3128041,3128041,Irrelevant,other,Not about 1971 (topic: Student politics in private universities: To be or not to be …),
https://www.thedailystar.net/slow-reads/focus/news/the-glorious-history-goalanda-3122711,3122711,Irrelevant,other,Not about 1971 (topic: The glorious history of Goalanda),
https://www.thedailystar.net/slow-reads/focus/news/bulbuli-nazruls-music-future-listeners-3105621,3105621,Irrelevant,other,Not about 1971 (topic: ‘Bulbuli’: Nazrul’s music for future listeners?),
https://www.thedailystar.net/slow-reads/focus/news/chakma-resistance-british-rule-3090111,3090111,Irrelevant,other,Not about 1971 (topic: Chakma resistance to British rule),
https://www.thedailystar.net/slow-reads/focus/news/memories-my-father-3084451,3084451,Irrelevant,other,Not about 1971 (topic: Memories of my father),
https://www.thedailystar.net/slow-reads/focus/news/memory-my-teacher-3084456,3084456,Irrelevant,other,Not about 1971 (topic: In memory of my teacher),
https://www.thedailystar.net/slow-reads/focus/news/dr-muhammad-shahidullah-tribute-3072711,3072711,Irrelevant,other,Not about 1971 (topic: Dr Muhammad Shahidullah: A tribute),
https://www.thedailystar.net/slow-reads/focus/news/university-dhaka-the-trillion-dollar-opportunity-cost-3062901,3062901,Irrelevant,other,Not about 1971 (topic: University of Dhaka: The Trillion Dollar Opportunity Cost),
https://www.thedailystar.net/slow-reads/focus/news/plassey-myths-and-reality-3057051,3057051,Irrelevant,other,Not about 1971 (topic: Plassey: Myths and reality),
https://www.thedailystar.net/slow-reads/focus/news/novices-sadhusongo-3051411,3051411,Irrelevant,other,Not about 1971 (topic: A novice’s sadhusongo),
https://www.thedailystar.net/slow-reads/focus/news/the-making-theatre-there-are-no-secrets-3045691,3045691,Irrelevant,other,Not about 1971 (topic: The Making of Theatre: There are no secrets),
https://www.thedailystar.net/slow-reads/focus/news/mughal-painting-its-sequel-3040251,3040251,Irrelevant,other,Not about 1971 (topic: Mughal painting in its sequel),
https://www.thedailystar.net/views/in-focus/news/remembering-rammohun-roy-3029506,3029506,Irrelevant,other,Not about 1971 (topic: Remembering Rammohun Roy),
https://www.thedailystar.net/slow-reads/focus/news/raja-rammohun-roy-autobiographical-sketch-3028591,3028591,Irrelevant,other,Not about 1971 (topic: Raja Rammohun Roy: An Autobiographical Sketch),
https://www.thedailystar.net/slow-reads/focus/news/floral-economy-bengal-3024246,3024246,Irrelevant,other,Not about 1971 (topic: Floral economy of Bengal),
https://www.thedailystar.net/slow-reads/focus/news/tagores-idea-nationalism-3019536,3019536,Irrelevant,other,Not about 1971 (topic: Tagore’s idea of nationalism),
https://www.thedailystar.net/slow-reads/news/search-the-shakespearean-semiotics-bangladesh-3011721,3011721,Irrelevant,other,Not about 1971 (topic: A search for the Shakespearean semiotics in Bangladesh),
https://www.thedailystar.net/slow-reads/focus/news/bishop-heber-dhaka1824-3002196,3002196,Irrelevant,other,"Not about 1971 (topic: Bishop Heber in Dhaka,1824)",
https://www.thedailystar.net/slow-reads/focus/news/muzaffar-ahmads-unexpected-turn-life-2997421,2997421,Irrelevant,other,Not about 1971 (topic: Muzaffar Ahmad’s Unexpected Turn in Life),
https://www.thedailystar.net/slow-reads/focus/news/only-bangla-will-be-our-state-language-2966726,2966726,Borderline,essay,1947 essay on Bangla as state language (Language Movement document),
https://www.thedailystar.net/slow-reads/focus/news/state-language-and-east-pakistans-language-issue-2966736,2966736,Borderline,essay,1947-48 essay on East Pakistan's state language issue (Language Movement document),
https://www.thedailystar.net/slow-reads/focus/news/revisiting-the-bengal-famine-1943-2940611,2940611,Irrelevant,other,Not about 1971 (topic: Revisiting the Bengal Famine of 1943),
https://www.thedailystar.net/slow-reads/focus/news/folk-songs-east-bengal-2930886,2930886,Irrelevant,other,Not about 1971 (topic: Folk songs of East Bengal),
https://www.thedailystar.net/slow-reads/focus/news/bonbibi-mother-the-eighteen-tides-2921221,2921221,Irrelevant,other,Not about 1971 (topic: Bonbibi: Mother of the eighteen tides),
https://www.thedailystar.net/slow-reads/focus/news/the-christmas-the-kolis-took-cricket-2910376,2910376,Irrelevant,other,Not about 1971 (topic: The Christmas the Kolis took to cricket),
https://www.thedailystar.net/slow-reads/focus/news/our-foremost-peasant-leader-and-revolutionary-2231736,2231736,Irrelevant,other,Not about 1971 (topic: Our foremost peasant leader and revolutionary),
https://www.thedailystar.net/slow-reads/focus/news/hatiya-fishermen-working-oman-2229966,2229966,Irrelevant,other,Not about 1971 (topic: Hatiya fishermen working in Oman),
https://www.thedailystar.net/slow-reads/focus/news/fazlul-huq-and-the-bangalee-muslim-question-2206211,2206211,Irrelevant,other,Not about 1971 (topic: Fazlul Huq and the Bangalee Muslim question),
https://www.thedailystar.net/slow-reads/news/sm-sultan-early-portrait-2195261,2195261,Irrelevant,other,Not about 1971 (topic: SM Sultan: An early portrait),
https://www.thedailystar.net/slow-reads/focus/news/syud-hossain-and-his-times-2189931,2189931,Irrelevant,other,Not about 1971 (topic: Syud Hossain and his times),
https://www.thedailystar.net/views/in-focus/news/legacy-the-kumar-bhawal-2184656,2184656,Irrelevant,other,Not about 1971 (topic: Legacy of the Kumar of Bhawal),
https://www.thedailystar.net/views/in-focus/news/dispute-settlement-mechanism-under-the-unclos-1982-2169151,2169151,Irrelevant,other,Not about 1971 (topic: Dispute settlement mechanism under the UNCLOS 1982),
https://www.thedailystar.net/slow-reads/focus/news/early-barristers-east-bengal-2163931,2163931,Irrelevant,other,Not about 1971 (topic: Early Barristers from East Bengal),
https://www.thedailystar.net/slow-reads/focus/news/memories-lives-villages-under-water-2147836,2147836,Irrelevant,other,Not about 1971 (topic: Memories of lives from villages under water),
https://www.thedailystar.net/slow-reads/focus/news/the-dhaka-muslin-industry-2136751,2136751,Irrelevant,other,Not about 1971 (topic: The Dhaka Muslin Industry),
https://www.thedailystar.net/slow-reads/focus/news/the-china-wave-literature-2133321,2133321,Irrelevant,other,Not about 1971 (topic: The China wave in literature),
https://www.thedailystar.net/slow-reads/focus/news/habshi-rule-bengal-1487-94-2123496,2123496,Irrelevant,other,Not about 1971 (topic: Habshi rule in Bengal (1487-94)),
https://www.thedailystar.net/slow-reads/focus/news/photographer-named-fritz-kapp-2106281,2106281,Irrelevant,other,Not about 1971 (topic: A photographer named Fritz Kapp),
https://www.thedailystar.net/in-focus/news/the-current-status-jerusalem-2093617,2093617,Irrelevant,other,Not about 1971 (topic: The current status of Jerusalem),
https://www.thedailystar.net/slow-reads/focus/news/ray-and-his-political-films-2091009,2091009,Irrelevant,other,Not about 1971 (topic: Ray and His Political Films),
https://www.thedailystar.net/slow-reads/focus/news/the-early-history-press-freedom-bengal-2087157,2087157,Irrelevant,other,Not about 1971 (topic: The early history of press freedom in Bengal),
https://www.thedailystar.net/slow-reads/focus/news/the-end-empire-the-meanings-jallianwala-bagh-2076173,2076173,Irrelevant,other,Not about 1971 (topic: The End of Empire: The meanings of Jallianwala Bagh),
https://www.thedailystar.net/slow-reads/focus/news/the-birth-bangladesh-and-nationality-question-south-asia-2064513,2064513,Core,essay,How the 1971 liberation struggle reshaped the nationality question in South Asia,
https://www.thedailystar.net/in-focus/news/when-gandhis-salt-march-rattled-british-colonial-rule-2060665,2060665,Irrelevant,other,Not about 1971 (topic: When Gandhi's Salt March Rattled British Colonial Rule),
https://www.thedailystar.net/in-focus/news/louis-kahns-capital-complexity-2052793,2052793,Irrelevant,other,Not about 1971 (topic: Louis Kahn's Capital Complexity),
https://www.thedailystar.net/slow-reads/focus/news/kahns-journey-the-national-assembly-building-2052797,2052797,Irrelevant,other,Not about 1971 (topic: Kahn's Journey to the National Assembly Building),
https://www.thedailystar.net/slow-reads/focus/news/bengali-types-and-their-founders-2048797,2048797,Irrelevant,other,Not about 1971 (topic: BENGALI TYPES AND THEIR FOUNDERS),
https://www.thedailystar.net/slow-reads/focus/news/old-bangla-prose-2048293,2048293,Irrelevant,other,Not about 1971 (topic: Old Bangla prose),
https://www.thedailystar.net/slow-reads/focus/news/chobi-mela-0-redefining-photo-festivals-the-post-covid-era-2045109,2045109,Irrelevant,other,Not about 1971 (topic: Chobi Mela (0): Redefining photo festivals for the post-COVID era),
https://www.thedailystar.net/in-focus/news/myanmar-coup-how-the-military-has-held-power-60-years-2040805,2040805,Irrelevant,other,Not about 1971 (topic: Myanmar coup: How the military has held onto power for 60 years),
https://www.thedailystar.net/slow-reads/focus/news/whats-so-special-about-bengal-2029389,2029389,Irrelevant,other,Not about 1971 (topic: What's so special about Bengal?),
https://www.thedailystar.net/slow-reads/focus/news/history-the-greek-community-dhaka-2025501,2025501,Irrelevant,other,Not about 1971 (topic: History of the Greek community in Dhaka),
https://www.thedailystar.net/slow-reads/focus/news/the-sundarban-plan-2021789,2021789,Irrelevant,other,Not about 1971 (topic: The Sundarban Plan),
https://www.thedailystar.net/slow-reads/focus/news/the-enduring-enigma-columbo-sahib-2018125,2018125,Irrelevant,other,Not about 1971 (topic: The Enduring Enigma of Columbo Sahib!),
https://www.thedailystar.net/ds/slow-reads-special/news/bangladeshi-diaspora-britain-forgotten-front-1971-4059086,4059086,Core,feature,Britain's Bengali diaspora campaign for Bangladesh in 1971,
https://www.thedailystar.net/ds/slow-reads-special/news/life-lit-courage-4057396,4057396,Core,feature,"Freedom fighter Abul Hashem Mia, killed by a Razakar sniper on 7 Dec 1971",
https://www.thedailystar.net/ds/slow-reads-special/news/what-we-owe-martyred-intellectuals-4057471,4057471,Core,editorial,Mahfuz Anam on the 1971 killing of intellectuals,
https://www.thedailystar.net/ds/slow-reads-special/news/why-martyred-intellectuals-list-still-incomplete-4057506,4057506,Core,feature,Why the list of intellectuals martyred in 1971 is still incomplete,
https://www.thedailystar.net/ds/slow-reads-special/news/peoples-war-worlds-reckoning-4058996,4058996,Core,editorial,Introduction to a Victory Day package on 1971 in global history,
https://www.thedailystar.net/slow-reads/focus/news/armenian-heritage-bangladesh-1768102,1768102,Irrelevant,other,Armenian heritage in Dhaka; no 1971 content,
https://www.thedailystar.net/slow-reads/focus/news/banglay-bidroho-rare-collection-liberation-war-paintings-4141771,4141771,Core,feature,Banglay Bidroho: prints made in March 1971 for the liberation struggle,
https://www.thedailystar.net/slow-reads/focus/news/the-black-flag-rajshahi-and-the-officer-who-chose-conscience-4135981,4135981,Core,feature,"Mamun Mahmood, police officer who raised the black flag and was taken by the army, March 1971",
https://www.thedailystar.net/slow-reads/focus/news/the-naval-hero-who-envisioned-nation-4135206,4135206,Core,feature,"Lt Cdr Moazzem Hossain, killed on the night of Operation Searchlight",
https://www.thedailystar.net/slow-reads/focus/news/my-mothers-letter-during-the-liberation-war-4129891,4129891,Core,memoir,Sultana Kamal's family letter and joining the Mukti Bahini in 1971,
https://www.thedailystar.net/slow-reads/focus/news/capturing-the-language-movement-rafiquls-rare-archive-4112011,4112011,Borderline,feature,Rafiqul Islam's photographs of the 1952 Language Movement,
https://www.thedailystar.net/slow-reads/focus/news/ekushey-the-mirror-azad-4111286,4111286,Borderline,analysis,How the newspaper Azad covered the 1952 Language Movement,
https://www.thedailystar.net/slow-reads/focus/news/amar-ekushey-bangla-became-demand-4108021,4108021,Borderline,interview,Principal Abul Kashem and the origins of the Language Movement,
https://www.thedailystar.net/slow-reads/focus/news/between-memory-and-truth-mark-tully-and-the-bangladesh-he-witnessed-4096631,4096631,Borderline,feature,"Mark Tully's memories of Bangladesh, including what he witnessed in 1971",
https://www.thedailystar.net/slow-reads/focus/news/raihan-ghatak-tarkovsky-we-shall-search-we-shall-find-4096101,4096101,Borderline,essay,Zahir Raihan's Stop Genocide (1971) set alongside Ghatak and Tarkovsky,
https://www.thedailystar.net/slow-reads/focus/news/ila-mitra-symbol-indomitable-courage-4073866,4073866,Irrelevant,memoir,Ila Mitra and the Nachole uprising (1950); 1971 passing,
https://www.thedailystar.net/slow-reads/focus/news/anti-liberation-war-forces-have-taken-advantage-the-failure-democracy-4065701,4065701,Borderline,interview,Rehman Sobhan on the unfulfilled ideals of 1971 and today's politics,
https://www.thedailystar.net/slow-reads/focus/news/american-doctors-who-exposed-the-nixon-kissinger-lies-4059096,4059096,Core,feature,American doctors at Dhaka's Cholera Lab who exposed the 1971 genocide against Nixon-Kissinger policy,
https://www.thedailystar.net/slow-reads/focus/news/living-time-fear-the-rise-digital-inquisition-bangladesh-4050471,4050471,Irrelevant,other,Digital intolerance today; no 1971 content,
https://www.thedailystar.net/slow-reads/focus/news/my-experience-editor-bangla-magazine-4045101,4045101,Irrelevant,memoir,Editing the magazine Edesh-Ekal; 1971 passing,
https://www.thedailystar.net/slow-reads/focus/news/why-should-i-leave-the-partition-the-cinema-ritwik-ghatak-4026416,4026416,Irrelevant,essay,Partition (1947) in Ritwik Ghatak's films,
https://www.thedailystar.net/slow-reads/focus/news/the-last-republican-4026026,4026026,Core,essay,Tajuddin Ahmad's statecraft as wartime PM and the republic he helped found,
https://www.thedailystar.net/slow-reads/focus/news/meghnad-saha-the-dhaka-born-scientist-who-dreamed-technological-future-4003161,4003161,Irrelevant,feature,"Physicist Meghnad Saha; Partition refugees, not 1971",
https://www.thedailystar.net/slow-reads/focus/news/why-zahir-raihan-matters-more-ever-after-the-august-uprising-3986446,3986446,Borderline,essay,"Zahir Raihan's cultural resistance, incl. his 1971 films Stop Genocide and A State Is Born",
https://www.thedailystar.net/slow-reads/focus/news/badruddin-umar-tribute-genuine-scholar-and-committed-activist-3984386,3984386,Irrelevant,feature,Tribute to historian Badruddin Umar; 1971 passing,
https://www.thedailystar.net/slow-reads/focus/news/remembering-badruddin-umar-inspiring-scholar-3982836,3982836,Irrelevant,feature,Tribute to historian Badruddin Umar; 1971 passing,
https://www.thedailystar.net/slow-reads/focus/news/badruddin-umar-tribute-3980586,3980586,Irrelevant,feature,Tribute to historian Badruddin Umar; 1971 passing,
https://www.thedailystar.net/slow-reads/focus/news/we-must-not-lose-focus-real-political-barriers-3980181,3980181,Irrelevant,interview,Badruddin Umar on the 2024 uprising; 1971 passing,
https://www.thedailystar.net/slow-reads/focus/news/bridging-the-partition-through-education-3964991,3964991,Irrelevant,essay,Partition and education; 1971 passing,
https://www.thedailystar.net/slow-reads/focus/news/sound-the-july-uprising-3954856,3954856,Irrelevant,essay,Music of the July 2024 uprising; 1971 passing,
https://www.thedailystar.net/slow-reads/focus/news/atypical-leader-3945751,3945751,Core,essay,"Tajuddin Ahmad as an atypical leader, incl. his 1971 wartime role",
https://www.thedailystar.net/slow-reads/focus/news/the-trial-the-jail-killing-case-should-be-reopened-3945756,3945756,Core,interview,"Sharmin Ahmad on her father Tajuddin, the family's 1971 flight and 8 Theatre Road",
https://www.thedailystar.net/slow-reads/focus/news/tajuddin-ahmad-seems-greek-tragic-hero-who-had-all-the-great-qualities-destiny-was-against-him-3945761,3945761,Core,interview,Tanvir Mokammel on Tajuddin Ahmad's leadership of the 1971 war,
https://www.thedailystar.net/slow-reads/focus/news/our-moral-inheritance-tajuddin-ahmads-call-national-conscience-3945771,3945771,Borderline,essay,Tajuddin Ahmad's moral legacy for Bangladesh today,
https://www.thedailystar.net/slow-reads/focus/news/reading-his-diaries-and-understanding-the-man-3945776,3945776,Borderline,review,Tajuddin Ahmad's 1947-52 diaries (Language Movement era),
https://www.thedailystar.net/slow-reads/focus/news/our-finest-representative-liberal-politics-3945816,3945816,Core,essay,Tajuddin Ahmad's liberal politics and the principles of the 1971 wartime government,
https://www.thedailystar.net/slow-reads/focus/news/tajuddins-place-history-should-be-seen-terms-his-wartime-leadership-3945551,3945551,Core,interview,Mohiuddin Ahmad on Tajuddin Ahmad's wartime leadership,
https://www.thedailystar.net/slow-reads/focus/news/the-path-dawn-3945556,3945556,Core,memoir,Zohra Tajuddin's memoir of 25 March 1971 and the following months,
https://www.thedailystar.net/slow-reads/focus/news/tajuddins-unfinished-revolution-3945566,3945566,Core,essay,Tajuddin Ahmad and the tensions of the 1971 wartime leadership,
https://www.thedailystar.net/slow-reads/focus/news/self-and-society-tajuddins-formative-years-3945571,3945571,Borderline,feature,Tajuddin Ahmad's formative years before 1971,
https://www.thedailystar.net/slow-reads/focus/news/tajuddin-ahmad-man-who-shaped-history-3945746,3945746,Core,essay,Mofidul Hoque on Tajuddin Ahmad and the 1947-71 struggle,Weighs his early diaries heavily; 1971 is the culmination
https://www.thedailystar.net/slow-reads/focus/news/writing-the-padma-3909011,3909011,Irrelevant,essay,Writing a book on the Padma; 1971 flight is an opening anecdote,
https://www.thedailystar.net/slow-reads/focus/news/art-and-decolonisation-zainul-abedin-3903446,3903446,Irrelevant,essay,Zainul Abedin and decolonisation; 1971 passing,
https://www.thedailystar.net/slow-reads/focus/news/search-premodern-bengals-literary-treasures-3886926,3886926,Irrelevant,feature,Obituary of scholar Tony K Stewart; 1971 passing,
https://www.thedailystar.net/slow-reads/focus/news/huge-gulf-separates-mujib-bhutto-3857841,3857841,Core,feature,British High Commission despatch of 18 March 1971 on the Mujib-Bhutto gulf,
https://www.thedailystar.net/slow-reads/focus/news/how-bangladesh-gained-global-legitimacy-3856236,3856236,Core,analysis,How Western states came to recognise Bangladesh after 1971,
https://www.thedailystar.net/slow-reads/focus/news/anisur-rahman-farewell-fellow-traveler-3843641,3843641,Borderline,memoir,Rehman Sobhan's farewell to Anisur Rahman; covers their 1969-71 political engagement,
https://www.thedailystar.net/slow-reads/focus/news/bangla-language-and-literature-after-47-3829641,3829641,Irrelevant,essay,Bangla literature after 1947; Language Movement in passing,
https://www.thedailystar.net/slow-reads/focus/news/untold-history-bengali-migrants-malaya-and-singapore-3798056,3798056,Irrelevant,other,Bengali migrants in Malaya; no 1971 content,
https://www.thedailystar.net/slow-reads/focus/news/intellectuals-bangladesh-and-after-1971-3777186,3777186,Core,essay,Intellectuals of Bangladesh in and after 1971,
https://www.thedailystar.net/slow-reads/focus/news/shilalipi-legend-carved-stone-3775521,3775521,Core,review,Film Shilalipi on martyred journalist Selina Parveen (killed 1971),
https://www.thedailystar.net/slow-reads/focus/news/dreaming-about-ladyland-3767781,3767781,Irrelevant,essay,Begum Rokeya's feminist utopia; 1971 passing,
https://www.thedailystar.net/slow-reads/focus/news/blood-the-barred-walls-the-1975-jail-killing-revisited-3743131,3743131,Borderline,analysis,The 1975 jail killing of the four 1971 wartime leaders,
https://www.thedailystar.net/slow-reads/focus/news/reform-must-come-the-people-3715741,3715741,Irrelevant,interview,Farhad Mazhar on the 2024 uprising; 1971 passing,
https://www.thedailystar.net/slow-reads/focus/news/the-luckless-president-american-icon-3709716,3709716,Irrelevant,other,Jimmy Carter; no 1971 content,
https://www.thedailystar.net/slow-reads/focus/news/reading-akhteruzzaman-elias-after-uprising-3697891,3697891,Irrelevant,essay,Akhteruzzaman Elias after the 2024 uprising; 1971 passing,
https://www.thedailystar.net/slow-reads/focus/news/nayakraj-razzak-new-man-the-1960s-3686616,3686616,Irrelevant,feature,Actor Razzak in the 1960s; 1971 passing,
https://www.thedailystar.net/slow-reads/focus/news/utpal-dutt-and-postcolonial-political-theatre-3675066,3675066,Irrelevant,essay,Utpal Dutt's theatre; no 1971 content,
https://www.thedailystar.net/slow-reads/focus/news/concert-bangladesh-3672136,3672136,Core,feature,The 1971 Concert for Bangladesh,
https://www.thedailystar.net/slow-reads/focus/news/australian-involvement-the-bangladesh-liberation-war-3663391,3663391,Core,essay,Australian citizens' aid during the 1971 refugee crisis,
https://www.thedailystar.net/slow-reads/focus/news/the-santal-hul-arrows-against-muskets-3646106,3646106,Irrelevant,essay,Santal Hul (1855); no 1971 content,
https://www.thedailystar.net/slow-reads/focus/news/bengali-and-non-bengali-riots-karnaphuli-paper-mills-3631121,3631121,Irrelevant,essay,1954 Karnaphuli Paper Mills riots; not 1971,
https://www.thedailystar.net/slow-reads/focus/news/rabindranath-tagore-and-the-creation-national-identity-3608701,3608701,Irrelevant,essay,Tagore and national identity; 1971 passing,
https://www.thedailystar.net/slow-reads/focus/news/life-dedicated-cultural-activism-3604576,3604576,Irrelevant,feature,Singer Kalim Sharafi; 1971 passing,
https://www.thedailystar.net/slow-reads/focus/news/the-courageous-journey-three-sisters-3495476,3495476,Core,feature,"Three sisters who trained as women freedom fighters at Gobra camp, 1971",
https://www.thedailystar.net/slow-reads/focus/news/souls-50-the-many-incarnations-band-3359481,3359481,Irrelevant,feature,The band Souls at 50; 1971 passing,
https://www.thedailystar.net/slow-reads/focus/news/why-sampadak-parishad-opposes-the-digital-security-act-3313726,3313726,Irrelevant,analysis,Editors' critique of the Digital Security Act; 1971 only in a legal clause,
https://www.thedailystar.net/slow-reads/focus/news/the-struggle-justice-and-dignity-3308251,3308251,Irrelevant,feature,History of the labour movement; 1971 passing,
https://www.thedailystar.net/slow-reads/focus/news/honouring-andre-malrauxs-legacy-3293296,3293296,Core,feature,André Malraux's 1971 campaign for Bangladesh and his 1973 visit,
https://www.thedailystar.net/slow-reads/focus/news/the-liberation-war-museum-narrating-collective-trauma-3281601,3281601,Core,essay,How the Liberation War Museum narrates 1971 trauma,
https://www.thedailystar.net/slow-reads/focus/news/writing-the-good-fight-women-war-and-jahanara-imams-ekattorer-dinguli-3275561,3275561,Core,essay,Jahanara Imam's 1971 diary Ekattorer Dinguli,
https://www.thedailystar.net/slow-reads/focus/news/kabar-70-3252606,3252606,Borderline,essay,Munier Chowdhury's prison play Kabar (Language Movement),
https://www.thedailystar.net/slow-reads/focus/news/alamgir-kabir-the-conscience-whipper-3227996,3227996,Irrelevant,essay,Film critic Alamgir Kabir; 1971 passing,
https://www.thedailystar.net/slow-reads/focus/news/doing-journalism-and-telling-the-truth-zahur-hossain-chowdhurys-ways-3210526,3210526,Irrelevant,feature,Editor Zahur Hossain Chowdhury; 1971 passing,
https://www.thedailystar.net/slow-reads/focus/news/home-and-displacement-3205346,3205346,Irrelevant,essay,Home and displacement in general; no 1971 focus,
https://www.thedailystar.net/slow-reads/focus/news/guarding-the-silences-3199446,3199446,Core,essay,How Pakistan selectively remembers 1971,
https://www.thedailystar.net/slow-reads/focus/news/after-the-storm-3187796,3187796,Core,feature,"Bhola cyclone, Yahya Khan and the road to 1971 (book excerpt)",
https://www.thedailystar.net/slow-reads/focus/news/dhaka-and-after-partition-3185521,3185521,Irrelevant,essay,Dhaka and the 1947 Partition,
https://www.thedailystar.net/slow-reads/focus/news/probashi-histories-the-bangladesh-diaspora-3174751,3174751,Irrelevant,essay,Bangladeshi diaspora history; 1971 passing,
https://www.thedailystar.net/slow-reads/focus/news/syed-waliullah-paris-3162491,3162491,Irrelevant,memoir,Syed Waliullah in Paris; 1971 passing,
https://www.thedailystar.net/slow-reads/focus/news/50-years-bangladeshi-advertising-3111276,3111276,Irrelevant,feature,History of Bangladeshi advertising; 1971 passing,
https://www.thedailystar.net/slow-reads/focus/news/death-and-displacement-syed-waliullahs-partition-stories-3100071,3100071,Irrelevant,essay,Partition in Syed Waliullah's stories,
https://www.thedailystar.net/slow-reads/focus/news/partition-1947-partition-or-unity-bengal-1947-3095176,3095176,Irrelevant,essay,Bengal in 1947,
https://www.thedailystar.net/slow-reads/focus/news/the-forgotten-mutiny-indias-independence-3078386,3078386,Irrelevant,feature,1946 naval mutiny,
https://www.thedailystar.net/slow-reads/focus/news/administrative-civil-service-bangladesh-its-legacy-and-role-3006701,3006701,Irrelevant,essay,Civil service legacy; 1971 passing,
https://www.thedailystar.net/views/in-focus/news/america-grassroots-activism-and-the-creation-bangladesh-2992001,2992001,Core,essay,American grassroots activism for Bangladesh in 1971,
https://www.thedailystar.net/slow-reads/focus/news/sorry-what-2986911,2986911,Core,essay,Pakistan's contested memory of 1971 and the question of apology,
https://www.thedailystar.net/slow-reads/focus/news/guerrilla-operations-2977046,2977046,Core,interview,AK Khandker on guerrilla operations in 1971,
https://www.thedailystar.net/slow-reads/focus/news/most-the-commentators-are-unaware-the-importance-the-events-between-1948-and-1952-2966776,2966776,Borderline,interview,"Badruddin Umar on the Language Movement, 1948-52",
https://www.thedailystar.net/slow-reads/focus/news/anti-colonial-movements-passive-revolution-abdur-razzaqs-insights-1947-2966951,2966951,Irrelevant,essay,Abdur Razzaq on 1947; no 1971 focus,
https://www.thedailystar.net/slow-reads/focus/news/the-origin-the-language-movement-2955811,2955811,Borderline,interview,Origin of the Language Movement (Tamaddun Majlish),
https://www.thedailystar.net/views/in-focus/news/global-sixties-bangladesh-praetorian-guards-and-subaltern-resistance-2945626,2945626,Borderline,essay,1960s student movements and the Six Points (run-up),
https://www.thedailystar.net/views/in-focus/news/the-indefatigable-public-intellectual-and-political-mobiliser-2926256,2926256,Irrelevant,feature,Profile of Badruddin Umar; 1971 passing,
https://www.thedailystar.net/slow-reads/focus/news/the-country-my-father-wanted-2916781,2916781,Core,memoir,Son of martyred intellectual Mufazzal Haider Chaudhury on the 1971 killings,
https://www.thedailystar.net/slow-reads/focus/news/the-great-powers-wash-their-hands-2915911,2915911,Core,essay,V.G. Kiernan's 1971 critique of the great powers' inaction on East Bengal,
https://www.thedailystar.net/slow-reads/focus/news/mary-frances-dunham-memoriam-2905086,2905086,Borderline,feature,"Mary Frances Dunham, incl. her 1971 letter to Mrs Nixon",
https://www.thedailystar.net/slow-reads/focus/news/bangabandhu-and-his-unrealised-dreams-2179521,2179521,Borderline,essay,Bangabandhu's post-war dreams and 1975 assassination (later years),
https://www.thedailystar.net/views/in-focus/news/bangladeshs-foreign-policy-compulsions-constraints-and-choices-2158201,2158201,Irrelevant,analysis,Bangladesh foreign policy today; 1971 passing,
https://www.thedailystar.net/slow-reads/focus/news/two-women-one-family-and-divided-nations-2152926,2152926,Borderline,memoir,"Two women of the Guhathakurta family, from Partition to 1971",
https://www.thedailystar.net/slow-reads/focus/news/unparalleled-veteran-the-world-publishing-2119325,2119325,Irrelevant,feature,Publisher Mohiuddin Ahmed; 1971 passing,
https://www.thedailystar.net/in-focus/news/how-the-mukti-bahini-was-trained-2097481,2097481,Core,analysis,How the Indian Army trained the Mukti Bahini in 1971,
https://www.thedailystar.net/in-focus/news/the-myth-martial-race-seared-schoolboys-memory-2079653,2079653,Borderline,memoir,"Schoolboy's memory of Yahya Khan and Pakistan's 'martial race' myth, 1968-69",
https://www.thedailystar.net/slow-reads/focus/news/bengali-muslims-and-their-identity-fusion-confusion-2072357,2072357,Irrelevant,essay,Bengali Muslim identity; 1971 passing,
https://www.thedailystar.net/in-focus/news/the-historian-and-the-riflemen-2068577,2068577,Core,feature,EPR riflemen guarding Yahya's residence on 25 March 1971,
https://www.thedailystar.net/slow-reads/focus/news/the-1971-war-caste-citizenship-and-war-memorial-tharparkar-2067765,2067765,Borderline,essay,A 1971 war memorial in Tharparkar (Pakistan's western front),"About the western front of the 1971 India-Pakistan war, not Bangladesh itself"
https://www.thedailystar.net/slow-reads/focus/news/bhashanis-support-non-cooperation-movement-2057441,2057441,Core,feature,Bhashani's 9 March 1971 speech backing non-cooperation,
https://www.thedailystar.net/in-focus/news/50-years-later-the-fight-goes-2056797,2056797,Core,feature,Three women freedom fighters awarded Bir Protik,
https://www.thedailystar.net/in-focus/news/the-angry-young-world-2033213,2033213,Borderline,essay,Dhaka University student activism in the 1960s (run-up to 1971),
https://www.thedailystar.net/in-focus/news/the-president-the-poor-people-2014417,2014417,Irrelevant,feature,Fazle Hasan Abed; 1971 passing,
https://www.thedailystar.net/in-focus/news/the-brave-doctor-shaheed-dr-azharul-haque-2010921,2010921,Core,memoir,"Dr Azharul Haque, killed in Nov 1971 for treating Mukti Bahini",
