author_slug,page,url,link_text
shamsuddoza-sajen,0,https://www.thedailystar.net/star-multimedia/news/preparations-send-10000-workers-malaysia-no-cost-who-can-apply-4291846,"Preparations to send 10,000 workers to Malaysia at no cost: Who can apply?"
shamsuddoza-sajen,0,https://www.thedailystar.net/star-multimedia/news/pakistans-weapons-us-intelligence-support-saudi-arabias-plan-against-houthis-4291841,"Pakistan’s weapons, US intelligence support: Saudi Arabia’s plan against Houthis"
shamsuddoza-sajen,0,https://www.thedailystar.net/star-multimedia/news/writing-feet-dukhu-mia-builds-school-after-failing-find-job-4291836,Writing with feet: Dukhu Mia builds a school after failing to find a job
shamsuddoza-sajen,0,https://www.thedailystar.net/slow-reads/big-picture/news/how-reality-controlled-the-age-digital-disinformation-4024976,How reality is controlled in the age of digital disinformation
shamsuddoza-sajen,0,https://www.thedailystar.net/slow-reads/big-picture/news/the-fourth-estate-will-not-survive-unless-defended-4024981,‘The Fourth Estate will not survive unless defended’
shamsuddoza-sajen,0,https://www.thedailystar.net/slow-reads/focus/news/reading-power-how-everyday-texts-shaped-life-under-the-british-empire-4021191,Reading power: How everyday texts shaped life under the British Empire
shamsuddoza-sajen,0,https://www.thedailystar.net/opinion/views/news/whom-will-awami-league-supporters-vote-4010821,Opinion / Whom will the Awami League supporters vote for?
shamsuddoza-sajen,0,https://www.thedailystar.net/news/bangladesh/obituary/news/voice-resistance-progressive-thought-falls-silent-3980591,"A voice of resistance, progressive thought falls silent"
shamsuddoza-sajen,0,https://www.thedailystar.net/slow-reads/focus/news/we-must-not-lose-focus-real-political-barriers-3980181,Badruddin Umar speaks / 'We must not lose focus from real political barriers'
shamsuddoza-sajen,0,https://www.thedailystar.net/news/bangladesh/news/august-5-2024-day-people-triumphed-3955561,"The 36th day of July / August 5, 2024: The day the people triumphed"
shamsuddoza-sajen,0,https://www.thedailystar.net/july-rocked-bangladesh/news/august-4-2024-deadliest-day-uprising-3954831,"The July that rocked Bangladesh / August 4, 2024: The deadliest day of the uprising"
shamsuddoza-sajen,0,https://www.thedailystar.net/july-rocked-bangladesh/news/august-03-2024-nation-united-under-one-demand-3953981,"August 03, 2024: A nation united under one demand"
shamsuddoza-sajen,0,https://www.thedailystar.net/news/bangladesh/news/august-2-2024-nationwide-clashes-violence-returns-3953406,"August 2, 2024: Nationwide clashes as violence returns"
shamsuddoza-sajen,0,https://www.thedailystar.net/news/bangladesh/news/august-1-2024-jamaat-banned-protests-surge-death-toll-mounts-3952826,"August 1, 2024: Jamaat banned, protests surge, death toll mounts"
shamsuddoza-sajen,0,https://www.thedailystar.net/july-rocked-bangladesh/news/july-31-2024-crackdown-march-justice-3951871,"July 31, 2024: Crackdown on march for justice"
shamsuddoza-sajen,0,https://www.thedailystar.net/july-rocked-bangladesh/news/july-30-2024-red-wave-defiance-3950946,"July 30, 2024: The red wave of defiance"
shamsuddoza-sajen,0,https://www.thedailystar.net/july-rocked-bangladesh/news/july-29-2024-protesters-return-undeterred-3950176,"July 29, 2024: Protesters return, undeterred"
shamsuddoza-sajen,0,https://www.thedailystar.net/news/bangladesh/news/july-28-2024-crackdown-worsens-thousands-accused-3949296,"July 28, 2024: Crackdown worsens, thousands accused"
shamsuddoza-sajen,0,https://www.thedailystar.net/july-rocked-bangladesh/news/july-27-2024-mass-arrests-and-block-raids-fuel-fear-3948541,"July 27, 2024: Mass arrests and block raids fuel fear"
shamsuddoza-sajen,0,https://www.thedailystar.net/july-rocked-bangladesh/news/july-26-2024-crackdown-deepens-grief-grows-3947851,"July 26, 2024: Crackdown deepens, grief grows"
shamsuddoza-sajen,0,https://www.thedailystar.net/july-rocked-bangladesh/news/july-25-2024-nation-grief-and-defiance-3947416,"July 25, 2024: A nation in grief and defiance"
shamsuddoza-sajen,0,https://www.thedailystar.net/july-rocked-bangladesh/news/july-24-2024-tense-calm-fresh-arrests-lingering-grief-3946456,"July 24, 2024: Tense calm, fresh arrests, lingering grief"
shamsuddoza-sajen,0,https://www.thedailystar.net/july-rocked-bangladesh/news/july-23-2024-mass-arrests-and-crackdown-continue-3945611,"July 23, 2024: Mass arrests and crackdown continue"
shamsuddoza-sajen,0,https://www.thedailystar.net/news/bangladesh/news/july-22-2024-curfewed-calm-burning-rage-3944876,"July 22, 2024: Curfewed Calm, Burning Rage"
shamsuddoza-sajen,0,https://www.thedailystar.net/july-rocked-bangladesh/news/july-21-2024-2nd-day-curfew-clashes-continue-3944156,"July 21, 2024: 2nd day of curfew, clashes continue"
shamsuddoza-sajen,0,https://www.thedailystar.net/july-rocked-bangladesh/news/july-20-2024-curfew-begins-amid-rising-death-toll-3943421,"July 20, 2024: Curfew begins amid rising death toll"
shamsuddoza-sajen,0,https://www.thedailystar.net/july-rocked-bangladesh/news/july-19-2024-country-descends-deeper-crisis-3942691,"July 19, 2024: Country descends into deeper crisis"
shamsuddoza-sajen,0,https://www.thedailystar.net/july-rocked-bangladesh/news/july-18-2024-deadliest-day-yet-quota-protests-3942211,"July 18, 2024: Deadliest day yet in quota protests"
shamsuddoza-sajen,0,https://www.thedailystar.net/july-rocked-bangladesh/news/july-17-2024-grief-turns-defiance-3941416,"July 17, 2024: Grief turns into defiance"
shamsuddoza-sajen,0,https://www.thedailystar.net/news/bangladesh/news/july-16-2024-nationwide-mayhem-leaves-6-dead-3940681,"July 16, 2024: Nationwide mayhem leaves 6 dead"
shamsuddoza-sajen,0,https://www.thedailystar.net/news/bangladesh/news/july-15-2024-chhatra-league-attacks-quota-protesters-3939786,"July 15, 2024: Chhatra League attacks quota protesters"
shamsuddoza-sajen,1,https://www.thedailystar.net/news/bangladesh/news/july-14-2024-pms-remark-ignites-protests-3938926,"July 14, 2024: PM’s remark ignites protests"
shamsuddoza-sajen,1,https://www.thedailystar.net/news/bangladesh/news/july-13-2024-protesters-announce-march-towards-bangabhaban-3938171,"July 13, 2024: Protesters announce march towards Bangabhaban"
shamsuddoza-sajen,1,https://www.thedailystar.net/news/bangladesh/news/july-12-2024-no-holiday-resistance-3937461,"July 12, 2024: No holiday from resistance"
shamsuddoza-sajen,1,https://www.thedailystar.net/news/bangladesh/news/july-11-2024-blockade-turns-confrontational-3936896,"July 11, 2024: Blockade turns confrontational"
shamsuddoza-sajen,1,https://www.thedailystar.net/news/bangladesh/news/july-10-2024-protesters-refuse-back-down-3936076,"July 10, 2024: Protesters refuse to back down"
shamsuddoza-sajen,1,https://www.thedailystar.net/news/bangladesh/news/july-9-2024-pause-storm-3935266,"July 9, 2024: A pause before the storm"
shamsuddoza-sajen,1,https://www.thedailystar.net/news/bangladesh/news/july-8-2024-blockade-intensifies-students-form-committee-3934321,"July 8, 2024: Blockade intensifies as students form committee"
shamsuddoza-sajen,1,https://www.thedailystar.net/news/bangladesh/news/july-6-2024-bangla-blockade-announced-3933251,"July 6, 2024: 'Bangla Blockade' announced"
shamsuddoza-sajen,1,https://www.thedailystar.net/news/bangladesh/news/july-5-2024-nationwide-protests-persist-despite-holiday-3932441,"July 5, 2024: Nationwide protests persist despite holiday"
shamsuddoza-sajen,1,https://www.thedailystar.net/news/bangladesh/news/july-4-2024-protesters-call-nationwide-strike-3931941,"July 4, 2024: Protesters call for nationwide strike"
shamsuddoza-sajen,1,https://www.thedailystar.net/news/bangladesh/news/july-3-2024-anti-quota-protests-spill-beyond-campuses-3931266,"July 3, 2024: Anti-quota protests spill beyond campuses"
shamsuddoza-sajen,1,https://www.thedailystar.net/news/bangladesh/news/july-2-2024-protesters-brave-rain-warning-3930211,"July 2, 2024: Protesters brave rain, warning"
shamsuddoza-sajen,1,https://www.thedailystar.net/news/bangladesh/news/july-rocked-bangladesh-july-1-2024-3929581,"The July that rocked Bangladesh: July 1, 2024"
shamsuddoza-sajen,1,https://www.thedailystar.net/slow-reads/focus/news/reform-must-come-the-people-3715741,“Reform must come from the people”
shamsuddoza-sajen,1,https://www.thedailystar.net/news/bangladesh/news/indomitable-march-indira-pledges-support-bangladesh-3578396,Indomitable March: Indira pledges support for Bangladesh
shamsuddoza-sajen,1,https://www.thedailystar.net/news/bangladesh/news/indomitable-march-the-battle-kushtia-3577731,Indomitable March: The battle of Kushtia
shamsuddoza-sajen,1,https://www.thedailystar.net/news/bangladesh/news/indomitable-march-bangabandhu-flown-karachi-3577181,Indomitable March: Bangabandhu flown to Karachi
shamsuddoza-sajen,1,https://www.thedailystar.net/news/bangladesh/news/indomitable-march-pak-atrocity-continues-3576516,Indomitable March: Pak atrocity continues
shamsuddoza-sajen,1,https://www.thedailystar.net/news/bangladesh/news/indomitable-march-archer-k-bloods-situation-report-3575671,Indomitable March: Archer K blood’s situation report
shamsuddoza-sajen,1,https://www.thedailystar.net/news/bangladesh/news/indomitable-march-the-gates-hell-cast-open-3574216,Indomitable March: The gates of hell cast open
shamsuddoza-sajen,2,https://www.thedailystar.net/news/bangladesh/news/indomitable-march-final-meeting-3573531,Indomitable March: Final meeting
shamsuddoza-sajen,2,https://www.thedailystar.net/news/bangladesh/news/indomitable-march-let-us-hope-best-and-remain-prepared-worst-3572806,Indomitable March: ‘Let us hope for best and remain prepared for worst’
shamsuddoza-sajen,2,https://www.thedailystar.net/news/bangladesh/news/indomitable-march-the-tripartite-meeting-mujib-yahya-and-bhutto-3572241,"Indomitable March: The tripartite meeting: Mujib, Yahya, and Bhutto"
shamsuddoza-sajen,2,https://www.thedailystar.net/news/bangladesh/news/indomitable-march-bhutto-faces-mass-protest-dhaka-3571456,Indomitable March: Bhutto faces mass protest in Dhaka
shamsuddoza-sajen,2,https://www.thedailystar.net/news/bangladesh/news/indomitable-march-yahya-blames-bangalees-3570726,Indomitable March: Yahya blames Bangalees
shamsuddoza-sajen,2,https://www.thedailystar.net/news/bangladesh/news/indomitable-march-firing-joydevpur-3569901,Indomitable March: Firing at Joydevpur
shamsuddoza-sajen,2,https://www.thedailystar.net/news/bangladesh/news/indomitable-march-the-military-solution-inked-3569046,Indomitable March: ‘The military solution’ inked
shamsuddoza-sajen,2,https://www.thedailystar.net/news/bangladesh/news/indomitable-march-mujib-yahya-talk-continues-3568281,Indomitable March: Mujib-Yahya talk continues
shamsuddoza-sajen,2,https://www.thedailystar.net/news/bangladesh/news/indomitable-march-bangabandhu-calls-yahya-3567546,Indomitable March: Bangabandhu calls on Yahya
shamsuddoza-sajen,2,https://www.thedailystar.net/news/bangladesh/news/indomitable-march-cold-welcome-yahya-3567066,Indomitable March: A cold welcome to Yahya
shamsuddoza-sajen,2,https://www.thedailystar.net/news/bangladesh/news/indomitable-march-bhuttos-formula-transfer-power-3566191,Indomitable March: Bhutto’s formula for transfer of power
shamsuddoza-sajen,2,https://www.thedailystar.net/news/bangladesh/news/indomitable-march-growing-support-mujibs-demands-both-wings-3565456,Indomitable March: Growing support for Mujib’s demands from both wings
shamsuddoza-sajen,2,https://www.thedailystar.net/news/bangladesh/news/indomitable-march-meeting-yahya-or-not-3564776,Indomitable March: Meeting Yahya or not?
shamsuddoza-sajen,2,https://www.thedailystar.net/news/bangladesh/news/indomitable-march-bhuttos-urgent-appeal-mujib-3563856,Indomitable March: Bhutto’s urgent appeal to Mujib
shamsuddoza-sajen,2,https://www.thedailystar.net/news/bangladesh/news/indomitable-march-mujib-appeals-prevent-genocide-3563036,Indomitable March: Mujib appeals to prevent genocide
shamsuddoza-sajen,2,https://www.thedailystar.net/news/bangladesh/news/indomitable-march-tikka-khans-oath-hiccup-3561611,Indomitable March: Tikka Khan’s oath hiccup
shamsuddoza-sajen,2,https://www.thedailystar.net/news/bangladesh/news/indomitable-march-thus-spoke-mujib-3560701,Indomitable March: Thus spoke Mujib
shamsuddoza-sajen,2,https://www.thedailystar.net/news/bangladesh/news/indomitable-march-yahya-blames-mujib-3559871,Indomitable March: Yahya blames Mujib
shamsuddoza-sajen,2,https://www.thedailystar.net/news/bangladesh/indomitable-march-mujib-foresaw-the-end-pakistan-3558941,Indomitable March: Mujib foresaw the end of Pakistan
shamsuddoza-sajen,2,https://www.thedailystar.net/news/bangladesh/news/indomitable-march-awami-league-takes-de-facto-control-3558206,Indomitable March: Awami League takes de facto control
shamsuddoza-sajen,3,https://www.thedailystar.net/news/bangladesh/news/indomitable-march-withdraw-forces-transfer-power-3557411,"Indomitable March: Withdraw forces, transfer power"
shamsuddoza-sajen,3,https://www.thedailystar.net/opinion/geopolitical-insights/news/the-future-india-maldives-relations-3525421,The future of India-Maldives relations
shamsuddoza-sajen,3,https://www.thedailystar.net/slow-reads/focus/news/climate-change-and-unplanned-development-are-creating-new-set-damaging-risks-3502466,Climate change and unplanned development are creating a new set of damaging risks
shamsuddoza-sajen,3,https://www.thedailystar.net/opinion/geopolitical-insights/news/how-will-the-pannun-murder-plot-affect-india-us-relations-3485741,How will the Pannun 'murder plot' affect India-US relations?
shamsuddoza-sajen,3,https://www.thedailystar.net/opinion/views/news/the-mp-craze-3477076,The MP craze
shamsuddoza-sajen,3,https://www.thedailystar.net/opinion/geopolitical-insights/news/decoding-india-us-disagreements-over-bangladeshs-election-3468831,Decoding India-US disagreements over Bangladesh's election
shamsuddoza-sajen,3,https://www.thedailystar.net/opinion/views/news/the-model-the-2024-national-election-3464481,Is this the model for the 2024 national election?
shamsuddoza-sajen,3,https://www.thedailystar.net/opinion/geopolitical-insights/news/whats-wrong-the-us-response-the-gaza-crisis-3451486,What's wrong with the US response to the Gaza crisis
shamsuddoza-sajen,3,https://www.thedailystar.net/opinion/views/news/bangladesh-elections-and-china-india-rivalry-3445366,Bangladesh elections and China-India rivalry
shamsuddoza-sajen,3,https://www.thedailystar.net/opinion/views/news/who-will-be-responsible-if-khaleda-zias-health-takes-fatal-turn-3440656,Who will be responsible if Khaleda Zia’s health takes a fatal turn?
shamsuddoza-sajen,3,https://www.thedailystar.net/slow-reads/focus/news/the-struggle-justice-and-dignity-3308251,The Struggle for Justice and Dignity
shamsuddoza-sajen,3,https://www.thedailystar.net/opinion/views/news/vilification-well-known-scholar-threat-us-all-3301851,Vilification of a well-known scholar is a threat to us all
shamsuddoza-sajen,3,https://www.thedailystar.net/opinion/views/news/the-genocide-march-25-metaphor-3279591,The genocide of March 25 as a metaphor
shamsuddoza-sajen,3,https://www.thedailystar.net/daily-star-books/news/reading-form-resistance-some-anecdotes-the-1971-war-3278586,Reading as a form of resistance: Some anecdotes from the 1971 war
shamsuddoza-sajen,3,https://www.thedailystar.net/opinion/views/news/rakhine-boiling-again-will-we-look-away-3153781,Rakhine is boiling again. Will we look away?
shamsuddoza-sajen,3,https://www.thedailystar.net/opinion/views/news/can-we-reimagine-rivers-it-too-late-3127476,Can we reimagine rivers before it is too late?
shamsuddoza-sajen,3,https://www.thedailystar.net/opinion/views/news/when-the-state-defeats-its-people-3118441,When the state defeats its people
shamsuddoza-sajen,3,https://www.thedailystar.net/opinion/views/news/pm-hasinas-india-visit-2022-will-india-ever-reciprocate-our-favour-3113481,PM Hasina’s India visit 2022: Will India ever reciprocate our favour?
shamsuddoza-sajen,3,https://www.thedailystar.net/daily-star-books/news/what-impact-did-the-partition-have-dhakas-book-trade-3103716,What impact did the Partition have on Dhaka's book trade?
shamsuddoza-sajen,3,https://www.thedailystar.net/daily-star-books/news/how-partition-impacted-the-dhaka-book-trade-3098506,How Partition impacted the Dhaka book trade
shamsuddoza-sajen,4,https://www.thedailystar.net/views/opinion/news/the-testimony-manik-mia-3036366,The testimony of Manik Mia
shamsuddoza-sajen,4,https://www.thedailystar.net/views/opinion/news/tea-workers-suffering-not-just-labour-issue-3027391,Tea workers’ suffering is not just a labour issue
shamsuddoza-sajen,4,https://www.thedailystar.net/views/opinion/news/long-delays-defeat-the-purpose-justice-3004431,‘Long delays defeat the purpose of justice’
shamsuddoza-sajen,4,https://www.thedailystar.net/slow-reads/slow-reads-special/news/praise-mymensinghs-bangla-folk-ballads-3004791,In praise of Mymensingh’s Bangla folk ballads
shamsuddoza-sajen,4,https://www.thedailystar.net/daily-star-books/news/carole-angier-writing-the-biography-wg-sebald-2999956,Carole Angier on writing the biography of WG Sebald
shamsuddoza-sajen,4,https://www.thedailystar.net/slow-reads/focus/news/most-the-commentators-are-unaware-the-importance-the-events-between-1948-and-1952-2966776,“Most of the commentators are unaware of the importance of the events between 1948 and 1952.”
shamsuddoza-sajen,4,https://www.thedailystar.net/news/bangladesh/news/bangladesh-wins-freedom-2918491,Bangladesh wins freedom
shamsuddoza-sajen,4,https://www.thedailystar.net/news/bangladesh/news/bhutto-walks-out-tears-2917766,Bhutto walks out in tears
shamsuddoza-sajen,4,https://www.thedailystar.net/news/bangladesh/news/malik-cabinet-resigns-en-masse-2916836,Malik cabinet resigns en masse
shamsuddoza-sajen,4,https://www.thedailystar.net/news/bangladesh/news/third-soviet-veto-bars-truce-plan-2916016,Third Soviet veto bars truce plan
shamsuddoza-sajen,4,https://www.thedailystar.net/news/bangladesh/news/india-russia-discuss-bangladesh-war-2915166,"India, Russia discuss Bangladesh war"
shamsuddoza-sajen,4,https://www.thedailystar.net/news/bangladesh/news/pakistan-general-sends-sos-un-2914571,Pakistan general sends SOS to UN
shamsuddoza-sajen,4,https://www.thedailystar.net/news/bangladesh/news/mitro-bahini-closing-dhaka-2914011,Mitro Bahini closing in on Dhaka
shamsuddoza-sajen,4,https://www.thedailystar.net/news/bangladesh/news/pakistan-accepts-truce-call-un-2913121,Pakistan accepts truce call of UN
shamsuddoza-sajen,4,https://www.thedailystar.net/news/bangladesh/news/india-derides-un-proposal-ceasefire-2912216,India derides UN proposal  for ceasefire
shamsuddoza-sajen,4,https://www.thedailystar.net/news/bangladesh/news/general-assembly-holds-emergency-debate-2911241,General Assembly holds  emergency debate
shamsuddoza-sajen,4,https://www.thedailystar.net/news/bangladesh/news/india-recognises-bangladesh-2910421,India recognises Bangladesh
shamsuddoza-sajen,4,https://www.thedailystar.net/news/bangladesh/news/russia-vetoes-troop-pullback-proposal-2909746,Russia vetoes troop-pullback proposal
shamsuddoza-sajen,4,https://www.thedailystar.net/news/bangladesh/news/my-aim-make-pakistan-armed-forces-surrender-lt-gen-aurora-2909081,My aim is to make Pakistan armed forces surrender: Lt Gen Aurora
shamsuddoza-sajen,4,https://www.thedailystar.net/news/bangladesh/news/today-the-war-bangladesh-has-become-war-india-indira-2908451,Today the war in Bangladesh has become a war on India: Indira
shamsuddoza-sajen,5,https://www.thedailystar.net/news/bangladesh/news/pressure-india-wont-work-indira-2907841,Pressure on India won’t work: Indira
shamsuddoza-sajen,5,https://www.thedailystar.net/news/bangladesh/news/road-freedom-day-bangladesh-liberation-war-history-2906801,Road to Freedom: This Day in Bangladesh Liberation War History
shamsuddoza-sajen,5,https://www.thedailystar.net/news/bangladesh/news/indira-wants-pak-troop-withdrawn-bangladesh-2905961,Indira wants Pak troop withdrawn from Bangladesh
shamsuddoza-sajen,5,https://www.thedailystar.net/news/bangladesh/news/bangladesh-will-stand-india-qamaruzzaman-2905156,Bangladesh will stand by India: Qamaruzzaman
shamsuddoza-sajen,5,https://www.thedailystar.net/news/bangladesh/news/no-justice-expected-security-council-indira-2904336,No justice expected from Security Council: Indira
shamsuddoza-sajen,5,https://www.thedailystar.net/news/bangladesh/news/i-would-the-indians-be-embarrassed-nixon-2903011,I would like the Indians to be embarrassed: Nixon
shamsuddoza-sajen,5,https://www.thedailystar.net/news/bangladesh/news/point-no-return-yahya-2902221,Point of no return: Yahya
shamsuddoza-sajen,5,https://www.thedailystar.net/news/bangladesh/news/usa-uk-call-restraint-2901306,"USA, UK call for restraint"
shamsuddoza-sajen,5,https://www.thedailystar.net/news/bangladesh/news/national-emergency-declared-pakistan-2900421,National emergency declared in Pakistan
shamsuddoza-sajen,5,https://www.thedailystar.net/news/bangladesh/news/kissingers-plan-isolating-india-2235501,Kissinger’s plan for isolating India
shamsuddoza-sajen,5,https://www.thedailystar.net/news/bangladesh/news/joint-command-formed-2234741,Joint command formed
shamsuddoza-sajen,5,https://www.thedailystar.net/news/bangladesh/news/yahya-declined-discuss-mujib-2234076,Yahya declined to discuss with Mujib
shamsuddoza-sajen,5,https://www.thedailystar.net/news/bangladesh/news/yahya-offers-friendship-2233471,Yahya offers friendship
shamsuddoza-sajen,5,https://www.thedailystar.net/news/bangladesh/news/indira-rejects-thants-proposal-2232621,Indira rejects Thant’s proposal
shamsuddoza-sajen,5,https://www.thedailystar.net/news/bangladesh/news/bangladesh-govt-criticises-proposal-political-settlement-2231766,Bangladesh govt criticises proposal of political settlement
shamsuddoza-sajen,5,https://www.thedailystar.net/news/bangladesh/news/bangladesh-issue-may-be-solved-month-or-two-indira-2230836,Bangladesh issue may be solved in a month or two: Indira
shamsuddoza-sajen,5,https://www.thedailystar.net/news/bangladesh/news/pakistani-foreign-secy-calls-kissinger-2230076,Pakistani foreign secy calls on Kissinger
shamsuddoza-sajen,5,https://www.thedailystar.net/news/bangladesh/news/indira-asks-cabinet-give-world-last-chance-2229116,Indira asks cabinet to give world last chance
shamsuddoza-sajen,5,https://www.thedailystar.net/news/bangladesh/news/pakistan-china-meeting-un-2228421,Pakistan-China meeting at UN
shamsuddoza-sajen,5,https://www.thedailystar.net/news/bangladesh/news/indira-rules-out-tashkent-type-talks-2227831,Indira rules out Tashkent-type talks
shamsuddoza-sajen,6,https://www.thedailystar.net/news/bangladesh/news/bangladesh-govt-will-take-back-all-refugees-2226996,Bangladesh govt will take  back all refugees
shamsuddoza-sajen,6,https://www.thedailystar.net/news/bangladesh/news/un-mission-may-withdraw-2226051,UN Mission may withdraw
shamsuddoza-sajen,6,https://www.thedailystar.net/news/bangladesh/news/bangladesh-struggle-liberation-movement-2225201,‘Bangladesh struggle a liberation movement’
shamsuddoza-sajen,6,https://www.thedailystar.net/news/bangladesh/news/east-bengal-cant-remain-united-pakistan-indira-2224406,East Bengal can’t remain united with Pakistan: Indira
shamsuddoza-sajen,6,https://www.thedailystar.net/news/bangladesh/news/us-will-cancel-licences-ship-arms-pakistan-2223756,US will cancel licences to ship arms to Pakistan
shamsuddoza-sajen,6,https://www.thedailystar.net/news/bangladesh/news/china-pledges-aid-pakistan-2223126,China pledges aid to Pakistan
shamsuddoza-sajen,6,https://www.thedailystar.net/news/bangladesh/news/350-scholars-ask-ban-pakistan-aid-2222386,350 scholars ask for ban on Pakistan aid
shamsuddoza-sajen,6,https://www.thedailystar.net/news/bangladesh/news/indira-nixon-confer-2221611,"Indira, Nixon confer"
shamsuddoza-sajen,6,https://www.thedailystar.net/news/bangladesh/news/sit-pak-high-commission-2220791,Sit-in before Pak High Commission
shamsuddoza-sajen,6,https://www.thedailystar.net/news/bangladesh/news/yahya-agreed-pullback-military-unilaterally-2211646,Yahya agreed to pullback military unilaterally
shamsuddoza-sajen,6,https://www.thedailystar.net/news/bangladesh/news/war-imminent-yahya-2211031,War imminent: Yahya
shamsuddoza-sajen,6,https://www.thedailystar.net/news/bangladesh/news/i-am-sitting-the-top-volcano-indira-2210146,“I am sitting on the top of a volcano”: Indira
shamsuddoza-sajen,6,https://www.thedailystar.net/news/bangladesh/news/yahyas-election-drama-2209441,Yahya’s election drama
shamsuddoza-sajen,6,https://www.thedailystar.net/news/bangladesh/news/us-military-supplies-pakistan-2208851,US military supplies to Pakistan
shamsuddoza-sajen,6,https://www.thedailystar.net/news/bangladesh/news/urgent-un-intervention-needed-2208101,‘Urgent UN intervention needed’
shamsuddoza-sajen,6,https://www.thedailystar.net/news/bangladesh/news/nazrul-seeks-chinas-support-2207141,Nazrul seeks China’s support
shamsuddoza-sajen,6,https://www.thedailystar.net/news/bangladesh/news/tajuddin-hopeful-chinese-support-2206376,Tajuddin hopeful of  Chinese support
shamsuddoza-sajen,6,https://www.thedailystar.net/slow-reads/focus/news/fazlul-huq-and-the-bangalee-muslim-question-2206211,Fazlul Huq and the Bangalee Muslim question
shamsuddoza-sajen,6,https://www.thedailystar.net/news/bangladesh/news/indira-bars-provocation-2205706,Indira bars provocation
shamsuddoza-sajen,6,https://www.thedailystar.net/news/bangladesh/news/india-pakistan-trade-blame-2204951,"India, Pakistan trade blame"
shamsuddoza-sajen,7,https://www.thedailystar.net/news/bangladesh/news/indira-mission-the-west-2204071,Indira on mission in the West
shamsuddoza-sajen,7,https://www.thedailystar.net/news/bangladesh/news/yahya-urges-thant-visit-india-pakistan-2203451,"Yahya urges Thant to visit India, Pakistan"
shamsuddoza-sajen,7,https://www.thedailystar.net/news/bangladesh/news/tito-calls-political-solution-bangladesh-problem-2202366,Tito calls for political solution to Bangladesh problem
shamsuddoza-sajen,7,https://www.thedailystar.net/news/bangladesh/news/indira-rules-out-talks-yahya-2201651,Indira rules out talks with Yahya
shamsuddoza-sajen,7,https://www.thedailystar.net/news/bangladesh/news/clemency-bangabandhu-if-people-want-ityahya-2200921,Clemency for Bangabandhu if people want it:Yahya
shamsuddoza-sajen,7,https://www.thedailystar.net/news/bangladesh/news/effective-guerilla-force-2200116,‘An effective guerilla force’
shamsuddoza-sajen,7,https://www.thedailystar.net/news/bangladesh/news/yahya-podgorny-meeting-iran-2199181,Yahya-Podgorny meeting in Iran
shamsuddoza-sajen,7,https://www.thedailystar.net/news/bangladesh/news/bangladesh-requests-india-recognition-2198666,Bangladesh requests India  for recognition
shamsuddoza-sajen,7,https://www.thedailystar.net/news/bangladesh/news/senate-body-votes-ban-all-aid-pakistan-2197871,Senate body votes for ban on  all aid to Pakistan
shamsuddoza-sajen,7,https://www.thedailystar.net/news/bangladesh/news/monem-khan-shot-dead-2196931,Monem Khan shot dead
shamsuddoza-sajen,7,https://www.thedailystar.net/news/bangladesh/news/yahya-call-assembly-session-dec-27-2196261,Yahya to call assembly session on Dec 27
shamsuddoza-sajen,7,https://www.thedailystar.net/news/bangladesh/news/yahya-accepts-us-proposal-mutual-withdrawal-2195611,Yahya accepts US proposal for mutual withdrawal
shamsuddoza-sajen,7,https://www.thedailystar.net/news/bangladesh/news/popes-appeal-bangladesh-refugees-2194681,Pope’s appeal for Bangladesh refugees
shamsuddoza-sajen,7,https://www.thedailystar.net/news/bangladesh/news/nothing-short-complete-independence-nazrul-islam-2193901,Nothing short of complete independence: Nazrul Islam
shamsuddoza-sajen,7,https://www.thedailystar.net/news/bangladesh/news/new-us-aid-pakistan-2193261,New US aid for Pakistan
shamsuddoza-sajen,7,https://www.thedailystar.net/news/bangladesh/news/death-and-suffering-megaton-scale-2192531,‘Death and suffering  on a megaton scale’
shamsuddoza-sajen,7,https://www.thedailystar.net/news/bangladesh/news/freedom-first-tajuddin-2191621,Freedom first: Tajuddin
shamsuddoza-sajen,7,https://www.thedailystar.net/news/bangladesh/news/halt-us-aid-pakistan-2190776,‘Halt US aid to Pakistan’
shamsuddoza-sajen,7,https://www.thedailystar.net/news/bangladesh/news/russia-against-escalation-bangladesh-situation-2190086,Russia against escalation of Bangladesh situation
shamsuddoza-sajen,7,https://www.thedailystar.net/news/bangladesh/news/election-schedule-declared-2189341,Election schedule declared
shamsuddoza-sajen,8,https://www.thedailystar.net/news/bangladesh/news/bangladesh-cabinet-discusses-indo-soviet-talk-2188696,Bangladesh cabinet discusses Indo-Soviet talk
shamsuddoza-sajen,8,https://www.thedailystar.net/news/bangladesh/news/podgorny-equitable-solution-bangladesh-issue-2187981,Podgorny for equitable solution of Bangladesh issue
shamsuddoza-sajen,8,https://www.thedailystar.net/news/bangladesh/news/non-aligned-plea-world-action-bangladesh-2187096,Non-aligned plea for world action on Bangladesh
shamsuddoza-sajen,8,https://www.thedailystar.net/news/bangladesh/news/russia-india-call-urgent-political-solution-2186246,"Russia, India call for urgent political solution"
shamsuddoza-sajen,8,https://www.thedailystar.net/news/bangladesh/news/kosygin-calls-political-settlement-2185481,Kosygin calls for political settlement
shamsuddoza-sajen,8,https://www.thedailystar.net/news/bangladesh/news/india-calls-political-settlement-2184886,India calls for political settlement
shamsuddoza-sajen,8,https://www.thedailystar.net/news/bangladesh/news/pak-move-bar-bangladesh-un-2184216,Pak move to bar Bangladesh in UN
shamsuddoza-sajen,8,https://www.thedailystar.net/news/bangladesh/news/mukti-bahini-expanded-2183406,Mukti Bahini expanded
shamsuddoza-sajen,8,https://www.thedailystar.net/news/bangladesh/news/we-have-truth-and-justice-our-side-osmany-2182821,We have truth and justice on our side: Osmany
shamsuddoza-sajen,8,https://www.thedailystar.net/news/bangladesh/news/pakstani-soldiers-continue-kill-loot-burn-2181991,"Pakstani soldiers continue to kill, loot, burn"
shamsuddoza-sajen,8,https://www.thedailystar.net/news/bangladesh/news/it-conflict-between-two-states-2181136,‘It is a conflict between two states’
shamsuddoza-sajen,8,https://www.thedailystar.net/news/bangladesh/news/bangladeshs-un-delegation-announced-2180351,Bangladesh’s UN  delegation announced
shamsuddoza-sajen,8,https://www.thedailystar.net/news/bangladesh/news/nations-urged-recognise-bangladesh-2179631,Nations urged to recognise Bangladesh
shamsuddoza-sajen,8,https://www.thedailystar.net/news/bangladesh/news/thant-political-solution-2178931,Thant for political solution
shamsuddoza-sajen,8,https://www.thedailystar.net/news/bangladesh/news/world-meet-bangladesh-opens-2178371,World meet on Bangladesh opens
shamsuddoza-sajen,8,https://www.thedailystar.net/news/bangladesh/news/no-request-made-israeli-arms-2177716,No request made for Israeli arms
shamsuddoza-sajen,8,https://www.thedailystar.net/news/bangladesh/news/pakistan-army-using-fao-boats-repression-2176926,Pakistan army using FAO boats for repression
shamsuddoza-sajen,8,https://www.thedailystar.net/news/bangladesh/news/malraux-wants-join-bangladesh-liberation-war-2176021,Malraux wants to join Bangladesh Liberation War
shamsuddoza-sajen,8,https://www.thedailystar.net/news/bangladesh/news/podgorny-calls-speediest-political-settlement-2175321,Podgorny calls for ‘speediest political settlement’
shamsuddoza-sajen,8,https://www.thedailystar.net/news/bangladesh/news/khurram-panni-defects-bangladesh-2174511,Khurram Panni defects to Bangladesh
shamsuddoza-sajen,9,https://www.thedailystar.net/news/bangladesh/news/shah-persia-may-mediate-2173891,Shah of Persia may mediate
shamsuddoza-sajen,9,https://www.thedailystar.net/news/bangladesh/news/only-self-rule-will-satisfy-bangladesh-galbraith-2173111,Only self-rule will satisfy Bangladesh: Galbraith
shamsuddoza-sajen,9,https://www.thedailystar.net/news/bangladesh/news/bangladesh-send-team-un-2172581,Bangladesh to send team to UN
shamsuddoza-sajen,9,https://www.thedailystar.net/news/bangladesh/news/bangladesh-liberation-front-formed-2171906,Bangladesh Liberation Front formed
shamsuddoza-sajen,9,https://www.thedailystar.net/news/bangladesh/news/free-bangladesh-join-commonwealth-2171021,Free Bangladesh to join Commonwealth
shamsuddoza-sajen,9,https://www.thedailystar.net/news/bangladesh/news/bangladesh-wants-join-un-session-2170111,Bangladesh wants to join UN session
shamsuddoza-sajen,9,https://www.thedailystar.net/news/bangladesh/news/yahyas-amnesty-trap-2169376,Yahya’s ‘amnesty’ trap
shamsuddoza-sajen,9,https://www.thedailystar.net/news/bangladesh/news/tajuddin-urges-states-recognise-2168641,Tajuddin urges states to recognise
shamsuddoza-sajen,9,https://www.thedailystar.net/news/bangladesh/news/bangladeshs-reply-yahya-2167931,Bangladesh’s reply to Yahya
shamsuddoza-sajen,9,https://www.thedailystar.net/news/bangladesh/news/nazruls-family-refuses-pension-pakistan-2167241,Nazrul’s family refuses pension from Pakistan
shamsuddoza-sajen,9,https://www.thedailystar.net/news/bangladesh/news/pakistan-asks-diplomats-surrender-passports-2166461,Pakistan asks diplomats to surrender passports
shamsuddoza-sajen,9,https://www.thedailystar.net/news/bangladesh/news/when-my-soldiers-kill-they-do-it-cleanly-yahya-2165591,"When my soldiers kill, they do it cleanly: Yahya"
shamsuddoza-sajen,9,https://www.thedailystar.net/news/bangladesh/news/famine-inevitable-2164766,‘Famine inevitable’
shamsuddoza-sajen,9,https://www.thedailystar.net/news/bangladesh/news/bangladesh-mission-opened-new-delhi-2164146,Bangladesh mission opened in New Delhi
shamsuddoza-sajen,9,https://www.thedailystar.net/news/bangladesh/news/we-have-make-it-ourselves-says-tajuddin-2163306,"We have to make it ourselves, says Tajuddin"
shamsuddoza-sajen,9,https://www.thedailystar.net/news/bangladesh/news/bangladesh-mission-london-2162531,‘A dangerous and volatile situation’
shamsuddoza-sajen,9,https://www.thedailystar.net/news/bangladesh/news/bangladesh-mission-london-2161911,Bangladesh mission at London
shamsuddoza-sajen,9,https://www.thedailystar.net/news/bangladesh/news/kennedy-calls-stopping-us-aid-pakistan-2161066,Kennedy calls for stopping US aid to Pakistan
shamsuddoza-sajen,9,https://www.thedailystar.net/news/bangladesh/news/bangladesh-allowance-rebel-poet-nazrul-2160161,Bangladesh allowance for Rebel Poet Nazrul
shamsuddoza-sajen,9,https://www.thedailystar.net/news/bangladesh/news/indira-writes-chou-bangladesh-2159361,Indira writes to Chou on Bangladesh
shamsuddoza-sajen,10,https://www.thedailystar.net/news/bangladesh/news/new-recognition-bid-bangladesh-govt-2158366,New recognition bid by Bangladesh govt
shamsuddoza-sajen,10,https://www.thedailystar.net/news/bangladesh/news/reluctant-candidates-dhaka-2157626,Reluctant candidates in Dhaka
shamsuddoza-sajen,10,https://www.thedailystar.net/news/bangladesh/news/yahya-discusses-trial-bangabandhu-2156466,Yahya discusses trial of Bangabandhu
shamsuddoza-sajen,10,https://www.thedailystar.net/news/bangladesh/news/al-legislators-disqualified-2155751,AL legislators disqualified
shamsuddoza-sajen,10,https://www.thedailystar.net/news/bangladesh/news/serious-insurgency-movement-east-pakistan-kissinger-2154706,Serious ‘insurgency movement’ in East Pakistan: Kissinger
shamsuddoza-sajen,10,https://www.thedailystar.net/news/bangladesh/news/kosygin-warns-yahya-2153881,Kosygin warns Yahya
shamsuddoza-sajen,10,https://www.thedailystar.net/news/bangladesh/news/kennedy-terms-pakistani-drive-genocide-2153126,Kennedy terms Pakistani drive genocide
shamsuddoza-sajen,10,https://www.thedailystar.net/news/bangladesh/news/naval-operation-shook-pakistan-2152366,Naval operation that shook Pakistan
shamsuddoza-sajen,10,https://www.thedailystar.net/news/bangladesh/news/nixon-warns-yahya-famine-2151791,Nixon warns Yahya of famine
shamsuddoza-sajen,10,https://www.thedailystar.net/news/bangladesh/news/yahya-power-maniac-2151106,‘Yahya a power maniac’
shamsuddoza-sajen,10,https://www.thedailystar.net/news/bangladesh/news/the-fate-sheikh-mujib-2150526,‘The fate of Sheikh Mujib’
shamsuddoza-sajen,10,https://www.thedailystar.net/news/bangladesh/news/indira-calls-upon-nations-save-bangabandhu-2149546,Indira calls upon nations to save Bangabandhu
shamsuddoza-sajen,10,https://www.thedailystar.net/news/bangladesh/news/thant-sounds-warning-about-bangabandhu-trial-2148791,Thant sounds warning about Bangabandhu trial
shamsuddoza-sajen,10,https://www.thedailystar.net/news/bangladesh/news/indo-soviet-treaty-signed-2148041,Indo-Soviet treaty signed
shamsuddoza-sajen,10,https://www.thedailystar.net/news/bangladesh/news/yahya-speaks-mediation-2147266,Yahya speaks of mediation
shamsuddoza-sajen,10,https://www.thedailystar.net/news/bangladesh/news/indira-gandhi-writes-nixon-2146546,Indira Gandhi writes to Nixon
shamsuddoza-sajen,10,https://www.thedailystar.net/news/bangladesh/news/500-indian-mps-urge-thant-save-bangabandhus-life-2145791,500 Indian MPs urge Thant to save Bangabandhu’s life
shamsuddoza-sajen,10,https://www.thedailystar.net/news/bangladesh/news/pakistan-govt-accuses-al-massacre-2145031,Pakistan govt accuses  AL of massacre
shamsuddoza-sajen,10,https://www.thedailystar.net/news/bangladesh/news/bangalee-diplomats-us-opt-bangladesh-2144186,Bangalee diplomats in US  opt for Bangladesh
shamsuddoza-sajen,10,https://www.thedailystar.net/news/bangladesh/news/bangladesh-warns-against-deployment-un-observers-2143346,Bangladesh warns against deployment of UN observers
shamsuddoza-sajen,11,https://www.thedailystar.net/news/bangladesh/news/freedom-fighters-strength-growing-admits-yahya-2142521,"Freedom fighters’ strength growing, admits Yahya"
shamsuddoza-sajen,11,https://www.thedailystar.net/news/bangladesh/news/concert-bangladesh-2141706,Concert for Bangladesh
shamsuddoza-sajen,11,https://www.thedailystar.net/news/bangladesh/news/un-send-team-east-pakistan-2141036,UN to send team to East Pakistan
shamsuddoza-sajen,11,https://www.thedailystar.net/news/bangladesh/news/india-rejects-proposal-posting-observers-2140296,India rejects proposal for posting observers
shamsuddoza-sajen,11,https://www.thedailystar.net/news/bangladesh/news/pakistan-preparing-long-guerrilla-war-2139366,Pakistan preparing for long guerrilla war
shamsuddoza-sajen,11,https://www.thedailystar.net/news/bangladesh/news/yahya-will-commit-suicide-nixon-2138511,Yahya will commit suicide: Nixon
shamsuddoza-sajen,11,https://www.thedailystar.net/news/bangladesh/news/u-thant-concerned-over-bangladesh-situation-2137701,U Thant concerned over Bangladesh situation
shamsuddoza-sajen,11,https://www.thedailystar.net/news/bangladesh/news/dhaka-residents-asked-evacuate-2136941,Dhaka residents asked to evacuate
shamsuddoza-sajen,11,https://www.thedailystar.net/news/bangladesh/news/massive-offensive-against-pak-army-2136246,Massive offensive against Pak Army
shamsuddoza-sajen,11,https://www.thedailystar.net/news/bangladesh/news/osmani-says-20000-pakistani-troops-killed-2135631,"Osmani says 20,000 Pakistani troops killed"
shamsuddoza-sajen,11,https://www.thedailystar.net/news/bangladesh/news/yahya-trying-hide-his-shame-shehabuddin-2134146,Yahya trying to hide his  shame: Shehabuddin
shamsuddoza-sajen,11,https://www.thedailystar.net/news/bangladesh/news/bangabandhu-will-be-put-trial-very-soon-yahya-2133466,Bangabandhu will be put on trial very soon: Yahya
shamsuddoza-sajen,11,https://www.thedailystar.net/news/bangladesh/news/mission-staff-reaffirm-loyalty-bangladesh-2132516,Mission staff reaffirm loyalty to Bangladesh
shamsuddoza-sajen,11,https://www.thedailystar.net/news/bangladesh/news/bangladeshs-cautious-reaction-nixons-china-visit-2131891,Bangladesh’s cautious reaction to Nixon’s China visit
shamsuddoza-sajen,11,https://www.thedailystar.net/news/bangladesh/news/country-the-grip-fear-2131186,A country in the grip of fear
shamsuddoza-sajen,11,https://www.thedailystar.net/news/bangladesh/news/military-victory-the-only-solution-tajuddin-2130271,Military victory the only solution: Tajuddin
shamsuddoza-sajen,11,https://www.thedailystar.net/news/bangladesh/news/the-new-york-times-condemns-arms-supply-2129411,The New York Times condemns arms supply
shamsuddoza-sajen,11,https://www.thedailystar.net/news/bangladesh/news/it-was-the-morning-after-nuclear-attack-2128596,‘It was like the morning after a nuclear attack’
shamsuddoza-sajen,11,https://www.thedailystar.net/news/bangladesh/news/arms-shipment-condoning-genocide-2127816,‘Arms shipment is condoning genocide’
shamsuddoza-sajen,11,https://www.thedailystar.net/news/bangladesh/news/sector-commanders-conference-begins-2126901,Sector Commanders’ Conference begins
shamsuddoza-sajen,12,https://www.thedailystar.net/news/bangladesh/news/world-bank-report-disclosed-2126126,World Bank report disclosed
shamsuddoza-sajen,12,https://www.thedailystar.net/news/bangladesh/news/kissingers-pakistan-visit-2125461,Kissinger’s Pakistan visit
shamsuddoza-sajen,12,https://www.thedailystar.net/news/bangladesh/news/pakistani-propaganda-usa-2124981,Pakistani propaganda in USA
shamsuddoza-sajen,12,https://www.thedailystar.net/news/bangladesh/news/one-evacuee-every-second-2124266,One evacuee every second
shamsuddoza-sajen,12,https://www.thedailystar.net/news/bangladesh/news/dhakas-power-system-crippled-2123486,Dhaka’s power system crippled
shamsuddoza-sajen,12,https://www.thedailystar.net/news/bangladesh/news/freedom-fighters-will-lead-our-future-army-kamaruzzaman-2122291,Freedom fighters will lead our future army: Kamaruzzaman
shamsuddoza-sajen,12,https://www.thedailystar.net/news/bangladesh/news/yahyas-plan-cruel-joke-muzaffar-2121756,Yahya’s plan a cruel joke: Muzaffar
shamsuddoza-sajen,12,https://www.thedailystar.net/bangladesh/news/monsoon-takes-toll-bangladeshi-refugees-2120817,Monsoon takes toll on Bangladeshi refugees
shamsuddoza-sajen,12,https://www.thedailystar.net/bangladesh/news/bangladeshis-will-not-accept-hoax-bhashani-2120085,Bangladeshis will not accept  hoax: Bhashani
shamsuddoza-sajen,12,https://www.thedailystar.net/bangladesh/news/yahya-banned-awami-league-2119433,Yahya banned Awami League
shamsuddoza-sajen,12,https://www.thedailystar.net/backpage/news/terrible-blood-bath-2118789,A terrible blood bath
shamsuddoza-sajen,12,https://www.thedailystar.net/backpage/news/austerity-budget-set-pakistan-2118165,Austerity budget set in Pakistan
shamsuddoza-sajen,12,https://www.thedailystar.net/backpage/news/11-nations-decline-aid-pakistan-2117645,11 nations decline aid to Pakistan
shamsuddoza-sajen,12,https://www.thedailystar.net/backpage/news/bangladesh-govt-tells-nixon-not-contribute-genocide-2116809,Bangladesh govt tells Nixon not to contribute to genocide
shamsuddoza-sajen,12,https://www.thedailystar.net/backpage/news/abetting-repression-2116213,Abetting repression
shamsuddoza-sajen,12,https://www.thedailystar.net/backpage/news/senator-urges-nixon-halt-pakistani-ship-2115473,Senator urges Nixon to halt Pakistani ship
shamsuddoza-sajen,12,https://www.thedailystar.net/backpage/news/decision-aid-postponed-2114841,Decision on aid postponed
shamsuddoza-sajen,12,https://www.thedailystar.net/backpage/news/sovereign-bangla-only-political-solution-2113657,‘Sovereign Bangla only political solution’
shamsuddoza-sajen,12,https://www.thedailystar.net/backpage/news/yahya-requests-nixon-persuade-india-2113125,Yahya requests Nixon to persuade India
shamsuddoza-sajen,12,https://www.thedailystar.net/backpage/news/indira-gandhi-determined-send-refugees-back-2112493,Indira Gandhi determined to send refugees back
shamsuddoza-sajen,13,https://www.thedailystar.net/backpage/news/indian-foreign-minister-meets-nixon-2111805,Indian foreign minister meets Nixon
shamsuddoza-sajen,13,https://www.thedailystar.net/backpage/news/indian-mps-want-military-action-2111113,Indian MPs want military action
shamsuddoza-sajen,13,https://www.thedailystar.net/backpage/news/yahya-delays-plan-power-transfer-2110397,Yahya delays plan for power transfer
shamsuddoza-sajen,13,https://www.thedailystar.net/backpage/news/our-victory-assured-tajuddin-2109741,Our victory is assured: Tajuddin
shamsuddoza-sajen,13,https://www.thedailystar.net/backpage/news/bangladesh-issue-will-linger-indira-gandhi-2109261,Bangladesh issue will linger: Indira Gandhi
shamsuddoza-sajen,13,https://www.thedailystar.net/backpage/news/spike-guerilla-attacks-2108733,Spike in guerilla attacks
shamsuddoza-sajen,13,https://www.thedailystar.net/backpage/news/tikka-khan-offers-general-amnesty-2107989,Tikka Khan offers general amnesty
shamsuddoza-sajen,13,https://www.thedailystar.net/backpage/news/operation-hotel-intercontinental-2107337,Operation Hotel InterContinental
shamsuddoza-sajen,13,https://www.thedailystar.net/backpage/news/uk-refuses-aid-pakistan-2106797,UK refuses aid to Pakistan
shamsuddoza-sajen,13,https://www.thedailystar.net/backpage/news/2-largest-currency-denominations-withdrawn-2106257,2 largest currency denominations withdrawn
shamsuddoza-sajen,13,https://www.thedailystar.net/backpage/news/pakistan-dead-syed-nazrul-2105605,Pakistan is dead: Syed Nazrul
shamsuddoza-sajen,13,https://www.thedailystar.net/backpage/news/conversation-yahya-khan-2105057,A conversation with Yahya Khan
shamsuddoza-sajen,13,https://www.thedailystar.net/backpage/news/effort-form-new-party-2104621,Effort to form new party
shamsuddoza-sajen,13,https://www.thedailystar.net/backpage/news/east-pakistan-will-eventually-become-independent-kissinger-2103789,East Pakistan will eventually become independent: Kissinger
shamsuddoza-sajen,13,https://www.thedailystar.net/backpage/news/no-room-compromise-pakistan-tajuddin-2103161,No room for compromise with Pakistan: Tajuddin
shamsuddoza-sajen,13,https://www.thedailystar.net/backpage/news/bangladesh-delegation-addresses-indian-parliament-2102501,Bangladesh delegation addresses  Indian parliament
shamsuddoza-sajen,13,https://www.thedailystar.net/backpage/news/bhashani-rules-out-any-political-settlement-2101901,Bhashani rules out any political settlement
shamsuddoza-sajen,13,https://www.thedailystar.net/backpage/news/transcript-dhaka-massacre-2101285,Transcript of Dhaka massacre
shamsuddoza-sajen,13,https://www.thedailystar.net/backpage/news/battle-bhomra-2100781,Battle of Bhomra
shamsuddoza-sajen,13,https://www.thedailystar.net/backpage/news/nixon-asks-india-pakistan-show-maximum-restraint-2100185,"Nixon asks India, Pakistan to show maximum restraint"
shamsuddoza-sajen,14,https://www.thedailystar.net/backpage/news/bangladesh-legislators-plead-recognition-2099481,Bangladesh legislators plead for recognition
shamsuddoza-sajen,14,https://www.thedailystar.net/backpage/news/the-indians-need-mass-famine-nixon-2098869,The Indians need a mass famine: Nixon
shamsuddoza-sajen,14,https://www.thedailystar.net/backpage/news/meghalaya-border-shelled-2098349,Meghalaya border shelled
shamsuddoza-sajen,14,https://www.thedailystar.net/backpage/news/yahyas-appeal-us-support-2097637,Yahya’s appeal for US support
shamsuddoza-sajen,14,https://www.thedailystar.net/backpage/news/indira-urges-sadat-persuade-yahya-2097053,Indira urges Sadat to persuade Yahya
shamsuddoza-sajen,14,https://www.thedailystar.net/backpage/news/bangalees-are-true-muslims-2096621,‘Bangalees are true Muslims’
shamsuddoza-sajen,14,https://www.thedailystar.net/backpage/news/yahya-invites-refugees-return-home-2096041,Yahya invites refugees  to return home!
shamsuddoza-sajen,14,https://www.thedailystar.net/backpage/news/our-struggle-not-opposed-islam-2095305,‘Our struggle is not opposed to Islam’
shamsuddoza-sajen,14,https://www.thedailystar.net/backpage/news/bangladesh-liberation-council-formed-2094629,Bangladesh Liberation Council formed
shamsuddoza-sajen,14,https://www.thedailystar.net/backpage/news/pakistan-seeks-un-aid-2094077,Pakistan seeks UN aid
shamsuddoza-sajen,14,https://www.thedailystar.net/backpage/news/indira-writes-nixon-2093445,Indira writes to Nixon
shamsuddoza-sajen,14,https://www.thedailystar.net/backpage/news/us-asked-not-give-aid-pakistan-2092137,US asked not to give aid to Pakistan
shamsuddoza-sajen,14,https://www.thedailystar.net/backpage/news/weekly-jai-bangla-launched-2091645,Weekly Jai Bangla launched
shamsuddoza-sajen,14,https://www.thedailystar.net/backpage/news/nazrul-pledges-socialism-2091125,Nazrul pledges socialism
shamsuddoza-sajen,14,https://www.thedailystar.net/backpage/news/pakistans-sinking-economy-2090573,Pakistan’s sinking economy
shamsuddoza-sajen,14,https://www.thedailystar.net/backpage/news/witness-the-killing-italian-priest-2090065,Witness to the killing of Italian priest
shamsuddoza-sajen,14,https://www.thedailystar.net/backpage/news/road-freedom-day-bangladesh-liberation-war-history-2089641,Road to Freedom: This Day in Bangladesh Liberation War History
shamsuddoza-sajen,14,https://www.thedailystar.net/backpage/news/us-senate-unit-asks-pakistan-arms-cutoff-2089029,US Senate unit asks  Pakistan arms cutoff
shamsuddoza-sajen,14,https://www.thedailystar.net/book-reviews/news/the-books-went-war-2089157,The books that went to war
shamsuddoza-sajen,14,https://www.thedailystar.net/backpage/news/war-india-possible-says-pakistani-general-2088345,"War with India possible, says Pakistani general"
shamsuddoza-sajen,15,https://www.thedailystar.net/backpage/news/genocide-issue-will-be-referred-un-body-2087717,Genocide issue will be referred  to UN body
shamsuddoza-sajen,15,https://www.thedailystar.net/backpage/news/pakistan-denies-refugee-exodus-2087265,Pakistan denies refugee exodus
shamsuddoza-sajen,15,https://www.thedailystar.net/backpage/news/unprecedented-move-british-mpssh-mps-2086669,An unprecedented move by British MPssh MPs
shamsuddoza-sajen,15,https://www.thedailystar.net/backpage/news/bangladesh-risk-famine-2086021,Bangladesh at risk of famine
shamsuddoza-sajen,15,https://www.thedailystar.net/backpage/news/heavier-inflow-refugees-feared-2085453,Heavier inflow of refugees feared
shamsuddoza-sajen,15,https://www.thedailystar.net/backpage/news/tajuddins-plea-arms-aid-2085053,Tajuddin’s plea for arms aid
shamsuddoza-sajen,15,https://www.thedailystar.net/backpage/news/dont-squeeze-yahya-2084317,‘Don’t squeeze Yahya’
shamsuddoza-sajen,15,https://www.thedailystar.net/backpage/news/another-bangalee-diplomat-defects-2083829,Another Bangalee diplomat defects
shamsuddoza-sajen,15,https://www.thedailystar.net/backpage/news/bhashanis-telegram-world-leaders-2083181,Bhashani’s telegram to world leaders
shamsuddoza-sajen,15,https://www.thedailystar.net/backpage/news/us-urges-restraint-wake-indo-pak-confrontation-2082741,US urges restraint in wake  of Indo-Pak confrontation
shamsuddoza-sajen,15,https://www.thedailystar.net/backpage/news/mujibnagar-cabinet-meets-2082201,Mujibnagar cabinet meets
shamsuddoza-sajen,15,https://www.thedailystar.net/backpage/news/india-requests-un-assistance-refugees-2081533,India requests UN assistance  for refugees
shamsuddoza-sajen,15,https://www.thedailystar.net/backpage/news/fleeing-the-thousands-2080933,Fleeing by the thousands
shamsuddoza-sajen,15,https://www.thedailystar.net/backpage/news/bhashani-writes-mao-2080305,Bhashani writes to Mao
shamsuddoza-sajen,15,https://www.thedailystar.net/backpage/news/bangladesh-cabinet-discusses-war-strategy-2079817,Bangladesh Cabinet discusses war strategy
shamsuddoza-sajen,15,https://www.thedailystar.net/backpage/news/bangalees-claim-calcutta-consulate-2079225,Bangalees claim Calcutta Consulate
shamsuddoza-sajen,15,https://www.thedailystar.net/backpage/news/mujibnagar-government-sworn-2078841,Mujibnagar government sworn in
shamsuddoza-sajen,15,https://www.thedailystar.net/backpage/news/bullets-or-bread-2078193,‘Bullets or Bread?’
shamsuddoza-sajen,15,https://www.thedailystar.net/backpage/news/bangladesh-cabinet-approves-7-point-plan-2077337,Bangladesh cabinet approves 7-point plan
shamsuddoza-sajen,15,https://www.thedailystar.net/backpage/news/war-cabinet-formed-2076721,War cabinet formed
shamsuddoza-sajen,16,https://www.thedailystar.net/backpage/news/china-backs-pakistan-and-warns-india-2076133,China backs Pakistan and warns India
shamsuddoza-sajen,16,https://www.thedailystar.net/backpage/news/tajuddin-seeks-arms-support-2075497,Tajuddin seeks arms support
shamsuddoza-sajen,16,https://www.thedailystar.net/backpage/news/independence-proclaimed-2075085,Independence proclaimed
shamsuddoza-sajen,16,https://www.thedailystar.net/backpage/news/tikka-khan-sworn-governor-2074489,Tikka Khan sworn in as governor
shamsuddoza-sajen,16,https://www.thedailystar.net/backpage/news/pakistan-accuses-india-un-2073877,Pakistan accuses India in UN
shamsuddoza-sajen,16,https://www.thedailystar.net/backpage/news/us-asks-peaceful-accommodation-2073393,US asks for ‘peaceful accommodation’
shamsuddoza-sajen,16,https://www.thedailystar.net/backpage/news/dangerous-dissent-2072709,Dangerous dissent
shamsuddoza-sajen,16,https://www.thedailystar.net/backpage/news/chuadanga-declared-provisional-capital-2072129,Chuadanga declared provisional capital
shamsuddoza-sajen,16,https://www.thedailystar.net/backpage/news/tajuddin-calls-indira-2071549,Tajuddin calls on Indira
shamsuddoza-sajen,16,https://www.thedailystar.net/backpage/news/the-smell-death-still-everywhere-2071145,‘The smell of death is  still everywhere’
shamsuddoza-sajen,16,https://www.thedailystar.net/backpage/news/ussr-urges-yahya-stop-bloodshed-2070669,USSR urges Yahya to stop bloodshed
shamsuddoza-sajen,16,https://www.thedailystar.net/backpage/news/un-chief-refuses-relief-request-2069857,UN CHIEF REFUSES RELIEF REQUEST
shamsuddoza-sajen,16,https://www.thedailystar.net/backpage/news/kushtia-reclaimed-2069213,Kushtia reclaimed
shamsuddoza-sajen,16,https://www.thedailystar.net/backpage/news/bangabandhu-taken-karachi-2068433,Bangabandhu taken to Karachi
shamsuddoza-sajen,16,https://www.thedailystar.net/backpage/news/selective-genocide-continues-2067825,‘Selective genocide’ continues
shamsuddoza-sajen,16,https://www.thedailystar.net/backpage/news/zia-makes-radio-announcement-2067389,Zia makes radio announcement
shamsuddoza-sajen,16,https://www.thedailystar.net/backpage/news/bangabandhu-declares-independence-2066861,Bangabandhu declares independence
shamsuddoza-sajen,16,https://www.thedailystar.net/backpage/news/the-gates-hell-cast-open-2066281,The gates of hell cast open
shamsuddoza-sajen,16,https://www.thedailystar.net/backpage/news/the-telephone-call-never-came-2065693,The telephone call that never came
shamsuddoza-sajen,16,https://www.thedailystar.net/backpage/news/lets-hope-the-best-and-prepare-the-worst-2065125,‘Let’s hope for the best and prepare for the worst’
shamsuddoza-sajen,17,https://www.thedailystar.net/backpage/news/the-trio-meets-2064581,The trio meets
shamsuddoza-sajen,17,https://www.thedailystar.net/backpage/news/bhutto-faces-mass-opposition-dhaka-2063997,Bhutto faces mass opposition in Dhaka
shamsuddoza-sajen,17,https://www.thedailystar.net/backpage/news/bangabandhu-sees-progress-dhaka-talks-2063561,Bangabandhu sees progress in Dhaka talks
shamsuddoza-sajen,17,https://www.thedailystar.net/backpage/news/dhaka-talks-crucial-stage-2063121,Dhaka talks at a crucial stage
shamsuddoza-sajen,17,https://www.thedailystar.net/backpage/news/operation-searchlight-inked-2062417,Operation searchlight inked
shamsuddoza-sajen,17,https://www.thedailystar.net/backpage/news/fateful-talks-2061749,Fateful talks
shamsuddoza-sajen,17,https://www.thedailystar.net/backpage/news/road-freedom-day-bangladesh-liberation-war-history-2061241,Road to Freedom: This Day in Bangladesh Liberation War History
shamsuddoza-sajen,17,https://www.thedailystar.net/backpage/news/president-yahya-arrives-2060569,President Yahya arrives
shamsuddoza-sajen,17,https://www.thedailystar.net/backpage/news/bhutto-suggests-power-share-2060097,Bhutto suggests power share
shamsuddoza-sajen,17,https://www.thedailystar.net/backpage/news/bhutto-cornered-2059589,Bhutto cornered
shamsuddoza-sajen,17,https://www.thedailystar.net/backpage/news/will-bangabandhu-call-yahya-2059053,Will Bangabandhu call on Yahya?
shamsuddoza-sajen,17,https://www.thedailystar.net/backpage/news/bhuttos-telegram-bangabandhu-2058465,Bhutto’s telegram to Bangabandhu
shamsuddoza-sajen,17,https://www.thedailystar.net/backpage/news/bangabandhus-appeal-u-thant-2057937,Bangabandhu’s appeal to U Thant
shamsuddoza-sajen,17,https://www.thedailystar.net/slow-reads/focus/news/bhashanis-support-non-cooperation-movement-2057441,Bhashani’s support for non-cooperation movement
shamsuddoza-sajen,17,https://www.thedailystar.net/backpage/news/tikka-khan-refused-oath-2056593,Tikka Khan refused oath
shamsuddoza-sajen,17,https://www.thedailystar.net/frontpage/news/thus-spoke-mujib-2056057,Thus spoke Mujib
shamsuddoza-sajen,17,https://www.thedailystar.net/backpage/news/yahya-opts-tougher-line-2055685,Yahya opts for tougher line
shamsuddoza-sajen,17,https://www.thedailystar.net/backpage/news/end-foretold-2055333,An end foretold
shamsuddoza-sajen,17,https://www.thedailystar.net/backpage/news/can-pakistan-be-saved-2054469,‘Can Pakistan be saved?’
shamsuddoza-sajen,17,https://www.thedailystar.net/backpage/news/bangabandhu-rejects-yahyas-roundtable-invitation-2053913,Bangabandhu rejects Yahya’s roundtable invitation
shamsuddoza-sajen,18,https://www.thedailystar.net/backpage/news/bangladesh-flag-hoisted-dhaka-university-2053285,Bangladesh flag hoisted at  Dhaka University
shamsuddoza-sajen,18,https://www.thedailystar.net/backpage/news/yahya-suspends-national-assemblys-inaugural-session-2052657,Yahya suspends national assembly’s inaugural session
shamsuddoza-sajen,18,https://www.thedailystar.net/book-reviews/news/testimony-the-cruel-birth-bangladesh-2035281,Testimony to the Cruel Birth of Bangladesh
shamsuddoza-sajen,18,https://www.thedailystar.net/backpage/news/maintain-peace-and-order-any-cost-2025101,Maintain peace and order at any cost
shamsuddoza-sajen,18,https://www.thedailystar.net/backpage/news/election-will-be-absolutely-free-bangabandhu-2024605,Election will be absolutely free: Bangabandhu
shamsuddoza-sajen,18,https://www.thedailystar.net/backpage/news/first-industrial-and-investment-policy-announced-2024145,First industrial and investment policy announced
shamsuddoza-sajen,18,https://www.thedailystar.net/backpage/news/discrepancies-pay-will-be-reduced-bangabandhu-2023585,Discrepancies in pay will be reduced: Bangabandhu
shamsuddoza-sajen,18,https://www.thedailystar.net/backpage/news/vested-interest-trying-create-chaos-bangabandhu-2023021,Vested interest trying to create chaos: Bangabandhu
shamsuddoza-sajen,18,https://www.thedailystar.net/backpage/news/those-who-maligned-bangabandhu-asked-apologise-2022497,Those who maligned Bangabandhu asked to apologise
shamsuddoza-sajen,18,https://www.thedailystar.net/backpage/news/go-polls-and-prove-your-worth-bangabandhu-2021905,Go to polls and prove your worth: Bangabandhu
shamsuddoza-sajen,18,https://www.thedailystar.net/backpage/news/disorder-communalism-must-stop-bangabandhu-2021369,"Disorder, communalism must stop: Bangabandhu"
shamsuddoza-sajen,18,https://www.thedailystar.net/backpage/news/resist-bid-foil-election-2020997,Resist bid to foil election
shamsuddoza-sajen,18,https://www.thedailystar.net/backpage/news/judicial-inquiry-ordered-over-police-firing-students-2020529,Judicial inquiry ordered over police firing on students
shamsuddoza-sajen,18,https://www.thedailystar.net/backpage/news/new-import-policy-announced-2019913,New import policy announced
shamsuddoza-sajen,18,https://www.thedailystar.net/backpage/news/bangabandhu-umbricht-meeting-2019449,Bangabandhu-Umbricht meeting
shamsuddoza-sajen,18,https://www.thedailystar.net/backpage/news/top-priority-given-agriculturebangabandhu-2018773,Top priority given to agriculture:Bangabandhu
shamsuddoza-sajen,18,https://www.thedailystar.net/backpage/news/bangabandhu-meets-irish-relief-team-2018221,Bangabandhu meets Irish relief team
shamsuddoza-sajen,18,https://www.thedailystar.net/backpage/news/abbe-pierre-meets-mujib-2017781,Abbe Pierre meets Mujib
shamsuddoza-sajen,18,https://www.thedailystar.net/backpage/news/dont-bargain-stranded-bangalees-fate-2017337,‘Don’t bargain with stranded Bangalees’ fate’
shamsuddoza-sajen,18,https://www.thedailystar.net/backpage/news/bangabandhu-seeks-peoples-cooperation-2016865,Bangabandhu seeks people’s cooperation
shamsuddoza-sajen,19,https://www.thedailystar.net/backpage/news/work-establish-happy-society-bangabandhu-2016249,Work to establish a happy society: Bangabandhu
shamsuddoza-sajen,19,https://www.thedailystar.net/backpage/news/6-lakh-tonnes-grains-will-be-purchased-2015753,6 lakh tonnes of grains will be purchased
shamsuddoza-sajen,19,https://www.thedailystar.net/backpage/news/bangabandhu-unveils-memorial-plaque-2015161,Bangabandhu unveils memorial plaque
shamsuddoza-sajen,19,https://www.thedailystar.net/backpage/news/friendship-india-based-reality-2014625,‘Friendship with India based on reality’
shamsuddoza-sajen,19,https://www.thedailystar.net/backpage/news/mujib-felicitates-kosygin-2014169,Mujib felicitates Kosygin
shamsuddoza-sajen,19,https://www.thedailystar.net/backpage/news/mujibnagar-officials-get-9-months-arrears-2013649,Mujibnagar officials to get 9 months’ arrears
shamsuddoza-sajen,19,https://www.thedailystar.net/backpage/news/no-interference-judicial-function-2013197,‘No interference in judicial function’
shamsuddoza-sajen,19,https://www.thedailystar.net/backpage/news/new-cabinet-sworn-2012625,New cabinet sworn in
shamsuddoza-sajen,19,https://www.thedailystar.net/backpage/news/sheikh-mujib-never-compromises-2012037,‘Sheikh Mujib never compromises’
shamsuddoza-sajen,19,https://www.thedailystar.net/backpage/news/indira-felicitates-bangabandhu-2011521,Indira felicitates Bangabandhu
shamsuddoza-sajen,19,https://www.thedailystar.net/backpage/news/i-am-proud-man-today-bangabandhu-2010841,I am a proud man today: Bangabandhu
shamsuddoza-sajen,19,https://www.thedailystar.net/backpage/news/hand-written-copy-the-constitution-shown-pm-2010405,Hand-written copy of the Constitution shown to PM
shamsuddoza-sajen,19,https://www.thedailystar.net/slow-reads/focus/news/maulana-bhashani-and-the-islam-question-2009825,Maulana Bhashani and The Islam Question
shamsuddoza-sajen,19,https://www.thedailystar.net/backpage/news/bangladesh-always-sympathetic-arab-cause-bangabandhu-2009901,Bangladesh always sympathetic to Arab cause: Bangabandhu
shamsuddoza-sajen,19,https://www.thedailystar.net/backpage/news/5-yr-plan-draft-outline-june-2009377,5-yr plan draft outline in June
shamsuddoza-sajen,19,https://www.thedailystar.net/backpage/news/no-threat-can-stop-war-criminals-trial-samad-2008661,No threat can stop war criminals’ trial: Samad
shamsuddoza-sajen,19,https://www.thedailystar.net/backpage/news/inconsistent-laws-will-become-void-dec-16-2008093,Inconsistent laws will become void on Dec 16
shamsuddoza-sajen,19,https://www.thedailystar.net/backpage/news/lok-sabha-debate-bangladesh-and-pows-2007641,Lok Sabha debate on Bangladesh and POWs
shamsuddoza-sajen,19,https://www.thedailystar.net/backpage/news/cabinet-meeting-held-2007017,Cabinet meeting held
shamsuddoza-sajen,19,https://www.thedailystar.net/backpage/news/anti-socials-must-be-routed-mujib-2006525,Anti-socials must be routed: Mujib
shamsuddoza-sajen,20,https://www.thedailystar.net/backpage/news/first-year-bangladesh-bangabandhus-nation-building-challenges-2006005,First year of Bangladesh Bangabandhu’s nation-building challenges
shamsuddoza-sajen,20,https://www.thedailystar.net/backpage/news/bhutto-threatens-counter-trial-2005453,Bhutto threatens  counter-trial
shamsuddoza-sajen,20,https://www.thedailystar.net/backpage/news/bangladesh-will-work-durable-peace-2004861,Bangladesh will work for durable peace
shamsuddoza-sajen,20,https://www.thedailystar.net/backpage/news/bhutto-envisages-special-relationship-bangladesh-2004309,Bhutto envisages special relationship with Bangladesh
shamsuddoza-sajen,20,https://www.thedailystar.net/backpage/news/indiras-message-bangabandhu-2003773,Indira’s message to Bangabandhu
shamsuddoza-sajen,20,https://www.thedailystar.net/backpage/news/bangladesh-entry-recommended-2003229,Bangladesh entry recommended
shamsuddoza-sajen,20,https://www.thedailystar.net/backpage/news/soviet-bangladesh-commodity-exchange-protocol-signed-2002717,Soviet-Bangladesh commodity exchange protocol signed
shamsuddoza-sajen,20,https://www.thedailystar.net/backpage/news/bangladesh-resolutions-finalised-2002229,Bangladesh resolutions finalised
shamsuddoza-sajen,20,https://www.thedailystar.net/backpage/news/cargil-calls-bangabandhu-2001737,Cargil calls on Bangabandhu
shamsuddoza-sajen,20,https://www.thedailystar.net/backpage/news/bangabandhu-asks-adamjee-workers-increase-production-2001069,Bangabandhu asks Adamjee workers to increase production
shamsuddoza-sajen,20,https://www.thedailystar.net/backpage/news/honorary-doctorate-degree-bangabandhu-2000525,Honorary doctorate degree for Bangabandhu
shamsuddoza-sajen,20,https://www.thedailystar.net/frontpage/news/us-delegation-calls-bangabandhu-1999957,US delegation calls on Bangabandhu
shamsuddoza-sajen,20,https://www.thedailystar.net/backpage/news/british-proposal-bangladesh-pakistan-talks-1999441,British proposal for Bangladesh-Pakistan talks
shamsuddoza-sajen,20,https://www.thedailystar.net/backpage/news/repatriation-cant-be-linked-pow-1998969,Repatriation can’t be linked with POW
shamsuddoza-sajen,20,https://www.thedailystar.net/backpage/news/pakistan-repatriate-10000-bangalees-1998413,"Pakistan to repatriate 10,000 Bangalees"
shamsuddoza-sajen,20,https://www.thedailystar.net/backpage/news/families-pows-internees-be-repatriated-1997957,"Families of POWs, internees  to be repatriated"
shamsuddoza-sajen,20,https://www.thedailystar.net/backpage/news/stop-arms-race-1997425,‘Stop arms race’
shamsuddoza-sajen,20,https://www.thedailystar.net/backpage/news/swedish-support-un-membership-1996725,Swedish support for UN membership
shamsuddoza-sajen,20,https://www.thedailystar.net/backpage/news/new-pay-scales-december-16-1996177,New pay scales on December 16
shamsuddoza-sajen,20,https://www.thedailystar.net/backpage/news/japan-offers-technical-help-1995585,Japan offers technical help
shamsuddoza-sajen,21,https://www.thedailystar.net/backpage/news/supply-7-lakh-tonnes-food-grains-bangladesh-1995013,Supply 7 lakh tonnes of food grains to Bangladesh
shamsuddoza-sajen,21,https://www.thedailystar.net/backpage/news/bulgaria-will-study-5-year-plan-1994565,Bulgaria will study 5-year plan
shamsuddoza-sajen,21,https://www.thedailystar.net/backpage/news/govt-build-memorial-honouring-martyred-intellectuals-1994085,Govt to build memorial honouring martyred intellectuals
shamsuddoza-sajen,21,https://www.thedailystar.net/backpage/news/black-marketeers-hoarders-warned-1993365,"Black marketeers, hoarders warned"
shamsuddoza-sajen,21,https://www.thedailystar.net/backpage/news/awami-jubo-league-formed-1992829,Awami Jubo League formed
shamsuddoza-sajen,21,https://www.thedailystar.net/backpage/news/bangabandhu-greets-nixon-1992329,Bangabandhu greets Nixon
shamsuddoza-sajen,21,https://www.thedailystar.net/backpage/news/first-eid-free-soil-bangladesh-1991049,First Eid on free soil of Bangladesh
shamsuddoza-sajen,21,https://www.thedailystar.net/backpage/news/recognition-will-bring-peace-subcontinent-1990673,Recognition will bring peace in subcontinent
shamsuddoza-sajen,21,https://www.thedailystar.net/backpage/news/bangabandhu-greets-october-socialist-revolution-1990153,Bangabandhu greets October Socialist Revolution
shamsuddoza-sajen,21,https://www.thedailystar.net/backpage/news/bangladesh-poland-economic-cooperation-1989561,Bangladesh-Poland economic cooperation
shamsuddoza-sajen,21,https://www.thedailystar.net/backpage/news/constitution-enacted-1988957,Constitution enacted
shamsuddoza-sajen,21,https://www.thedailystar.net/backpage/news/shake-age-old-systems-bangabandhu-1988409,Shake off age-old systems: Bangabandhu
shamsuddoza-sajen,21,https://www.thedailystar.net/backpage/news/inconclusive-debate-article-70-1987825,Inconclusive debate on Article 70
shamsuddoza-sajen,21,https://www.thedailystar.net/backpage/news/9-amendments-passed-1987205,9 Amendments Passed
shamsuddoza-sajen,21,https://www.thedailystar.net/backpage/news/bangladesh-wants-amity-china-1985893,Bangladesh wants amity with China
shamsuddoza-sajen,21,https://www.thedailystar.net/backpage/news/serve-people-the-villages-bangabandhu-1985337,Serve people of the villages: Bangabandhu
shamsuddoza-sajen,21,https://www.thedailystar.net/backpage/news/freedom-fighters-welfare-trust-set-1984321,Freedom Fighters’ Welfare Trust set up
shamsuddoza-sajen,21,https://www.thedailystar.net/backpage/news/pakistan-should-seize-historic-opportunity-mujib-1983789,Pakistan should seize historic opportunity: Mujib
shamsuddoza-sajen,21,https://www.thedailystar.net/backpage/news/constitution-copy-will-be-handwritten-document-1983313,Constitution copy will be a handwritten document
shamsuddoza-sajen,21,https://www.thedailystar.net/backpage/news/bangladesh-will-attend-colombo-plan-meeting-1982761,Bangladesh will attend Colombo Plan meeting
shamsuddoza-sajen,22,https://www.thedailystar.net/backpage/news/tk-785cr-transferred-pakistani-industrialists-1982229,Tk 785cr transferred by Pakistani industrialists
shamsuddoza-sajen,22,https://www.thedailystar.net/backpage/news/pm-condoles-mca-hamidurs-death-1981537,PM condoles MCA Hamidur’s death
shamsuddoza-sajen,22,https://www.thedailystar.net/backpage/news/bangabandhu-felicitated-1980985,Bangabandhu felicitated
shamsuddoza-sajen,22,https://www.thedailystar.net/backpage/news/ganoparishad-session-resumes-today-1980425,Ganoparishad session resumes today
shamsuddoza-sajen,22,https://www.thedailystar.net/backpage/news/greetings-cuba-chile-1979929,"Greetings from Cuba, Chile"
shamsuddoza-sajen,22,https://www.thedailystar.net/backpage/news/bangladesh-enters-un-observer-1979413,Bangladesh enters UN as observer
shamsuddoza-sajen,22,https://www.thedailystar.net/backpage/news/problems-every-area-will-be-tackled-bangabandhu-1978825,Problems of every area will be tackled: Bangabandhu
shamsuddoza-sajen,22,https://www.thedailystar.net/backpage/news/bangabandhus-cable-icrc-president-1978225,Bangabandhu’s cable to ICRC president
shamsuddoza-sajen,22,https://www.thedailystar.net/backpage/news/save-stranded-bangalees-persecution-bangabandhu-1977569,Save stranded Bangalees from persecution: Bangabandhu
shamsuddoza-sajen,22,https://www.thedailystar.net/backpage/news/constituent-assembly-passes-rules-procedure-1976977,Constituent Assembly passes rules of procedure
shamsuddoza-sajen,22,https://www.thedailystar.net/backpage/news/constitution-written-martyrs-blood-bangabandhu-1976509,Constitution written in martyrs’ blood: Bangabandhu
shamsuddoza-sajen,22,https://www.thedailystar.net/backpage/news/al-organising-committee-suggests-constitutional-amendments-1975841,AL organising committee suggests constitutional amendments
shamsuddoza-sajen,22,https://www.thedailystar.net/backpage/news/peace-prize-bangabandhu-1975365,Peace prize for Bangabandhu
shamsuddoza-sajen,22,https://www.thedailystar.net/backpage/news/constitution-shortest-possible-time-1974821,Constitution in shortest possible time
shamsuddoza-sajen,22,https://www.thedailystar.net/backpage/news/social-evil-must-be-eradicated-bangabandhu-1974233,Social evil must be eradicated: Bangabandhu
shamsuddoza-sajen,22,https://www.thedailystar.net/backpage/news/bangladesh-may-stand-its-own-feet-next-spring-1973745,Bangladesh may stand on its own feet by next spring
shamsuddoza-sajen,22,https://www.thedailystar.net/backpage/news/coordination-council-anti-smuggling-operation-1973169,Coordination council for anti-smuggling operation
shamsuddoza-sajen,22,https://www.thedailystar.net/backpage/news/bangabandhu-orders-drastic-action-against-smugglers-1972445,Bangabandhu orders drastic action against smugglers
shamsuddoza-sajen,22,https://www.thedailystar.net/backpage/news/china-wont-change-stance-1971977,China won’t change stance
shamsuddoza-sajen,22,https://www.thedailystar.net/backpage/news/41000-arrested-charges-collaboration-corruption-1971501,"41,000 arrested on charges of collaboration, corruption"
shamsuddoza-sajen,23,https://www.thedailystar.net/backpage/news/india-bangladesh-cooperation-education-1970925,India-Bangladesh cooperation in education
shamsuddoza-sajen,23,https://www.thedailystar.net/backpage/news/enrolment-voters-begins-1970341,Enrolment of voters begins
shamsuddoza-sajen,23,https://www.thedailystar.net/backpage/news/mobilise-resources-self-sufficiency-food-1969761,Mobilise resources for self-sufficiency in food
shamsuddoza-sajen,23,https://www.thedailystar.net/backpage/news/19-mcas-expelled-1969197,19 MCAs expelled
shamsuddoza-sajen,23,https://www.thedailystar.net/backpage/news/aid-war-torn-economy-sought-1968557,Aid for war-torn economy sought
shamsuddoza-sajen,23,https://www.thedailystar.net/backpage/news/first-labour-policy-announced-1968157,First labour policy announced
shamsuddoza-sajen,23,https://www.thedailystar.net/backpage/news/allow-bangalees-perform-hajj-1967601,Allow Bangalees to perform Hajj
shamsuddoza-sajen,23,https://www.thedailystar.net/backpage/news/constituent-assembly-sit-october-12-1967073,Constituent assembly to sit on October 12
shamsuddoza-sajen,23,https://www.thedailystar.net/backpage/news/education-must-reflect-peoples-aspiration-1966457,Education must reflect people’s aspiration
shamsuddoza-sajen,23,https://www.thedailystar.net/backpage/news/un-discuss-admission-bangladesh-1965877,UN to discuss admission of Bangladesh
shamsuddoza-sajen,23,https://www.thedailystar.net/backpage/news/19-mcas-expelled-al-1965309,19 MCAs expelled from AL
shamsuddoza-sajen,23,https://www.thedailystar.net/backpage/news/food-must-reach-affected-areas-time-1964673,Food must reach affected areas in time
shamsuddoza-sajen,23,https://www.thedailystar.net/backpage/news/draft-constitution-finalised-1964109,Draft Constitution finalised
shamsuddoza-sajen,23,https://www.thedailystar.net/backpage/news/unrod-chief-calls-bangabandhu-1963577,UNROD chief calls on Bangabandhu
shamsuddoza-sajen,23,https://www.thedailystar.net/backpage/news/prices-must-be-brought-down-1963149,Prices must be brought down
shamsuddoza-sajen,23,https://www.thedailystar.net/backpage/news/election-preparation-starts-1962581,Election preparation starts
shamsuddoza-sajen,23,https://www.thedailystar.net/backpage/news/busy-day-bangabandhu-1961993,Busy day for Bangabandhu
shamsuddoza-sajen,23,https://www.thedailystar.net/backpage/news/bangabandhu-holds-talks-ministers-1961381,Bangabandhu holds talks with ministers
shamsuddoza-sajen,23,https://www.thedailystar.net/backpage/news/bangabandhu-back-home-1960929,Bangabandhu back home
shamsuddoza-sajen,23,https://www.thedailystar.net/backpage/news/mujib-indira-summit-tomorrow-1960353,Mujib-Indira summit tomorrow
shamsuddoza-sajen,24,https://www.thedailystar.net/backpage/news/show-cause-notice-5-weeklies-1959793,Show-cause notice to 5 weeklies
shamsuddoza-sajen,24,https://www.thedailystar.net/backpage/news/drought-hits-northern-areas-1959289,Drought hits northern areas
shamsuddoza-sajen,24,https://www.thedailystar.net/backpage/news/no-submission-veto-blackmail-1958877,No submission to veto-blackmail
shamsuddoza-sajen,24,https://www.thedailystar.net/backpage/news/bangabandhu-indira-summit-1958221,Bangabandhu-Indira summit
shamsuddoza-sajen,24,https://www.thedailystar.net/backpage/news/plan-simultaneous-recognition-dialogue-1957629,"Plan for simultaneous recognition, dialogue"
shamsuddoza-sajen,24,https://www.thedailystar.net/backpage/news/bangabandhu-discusses-constitutional-matters-1957017,Bangabandhu discusses constitutional matters
shamsuddoza-sajen,24,https://www.thedailystar.net/backpage/news/first-year-bangladesh-bangabandhus-nation-building-challenges-1956457,"Bangabandhu phones Nazrul, asks about price hike"
shamsuddoza-sajen,24,https://www.thedailystar.net/backpage/news/indonesian-proposal-bangladesh-pakistan-rapprochement-1956001,Indonesian proposal for Bangladesh-Pakistan rapprochement
shamsuddoza-sajen,24,https://www.thedailystar.net/backpage/news/war-criminals-trial-justified-1955501,War criminals’ trial justified
shamsuddoza-sajen,24,https://www.thedailystar.net/backpage/news/bangabandhu-asks-about-food-situation-1955001,Bangabandhu asks about food situation
shamsuddoza-sajen,24,https://www.thedailystar.net/backpage/news/3-arab-states-will-support-un-entry-1954341,3 Arab states will support UN entry
shamsuddoza-sajen,24,https://www.thedailystar.net/backpage/news/ensure-safety-stranded-bangalees-1953801,Ensure safety of stranded Bangalees
shamsuddoza-sajen,24,https://www.thedailystar.net/backpage/news/bangabandhu-may-return-sept-3-1953065,Bangabandhu may return on Sept 3
shamsuddoza-sajen,24,https://www.thedailystar.net/backpage/news/draft-constitution-almost-ready-1952649,Draft constitution almost ready
shamsuddoza-sajen,24,https://www.thedailystar.net/backpage/news/bring-down-prices-womens-rally-urges-govt-1952117,"Bring down prices, women’s rally urges govt"
shamsuddoza-sajen,24,https://www.thedailystar.net/backpage/news/bhutto-called-bangabandhu-1951501,Bhutto called Bangabandhu
shamsuddoza-sajen,24,https://www.thedailystar.net/backpage/news/chinese-veto-condemned-1950897,Chinese veto condemned
shamsuddoza-sajen,24,https://www.thedailystar.net/backpage/news/china-vetoes-1950237,China vetoes
shamsuddoza-sajen,24,https://www.thedailystar.net/backpage/news/resist-pak-manoeuvres-dhaka-urges-un-council-1949761,"Resist Pak manoeuvres, Dhaka urges UN Council"
shamsuddoza-sajen,24,https://www.thedailystar.net/backpage/news/bangabandhu-anxious-come-back-home-1949317,Bangabandhu anxious to come back home
shamsuddoza-sajen,25,https://www.thedailystar.net/backpage/news/majority-favours-early-admission-bangladesh-1948833,Majority favours early admission of Bangladesh
shamsuddoza-sajen,25,https://www.thedailystar.net/backpage/news/bangabandhu-reaches-geneva-1948333,Bangabandhu reaches Geneva
shamsuddoza-sajen,25,https://www.thedailystar.net/backpage/news/un-admission-committees-meeting-bangladesh-tomorrow-1947769,UN Admission Committee’s meeting on Bangladesh tomorrow
shamsuddoza-sajen,25,https://www.thedailystar.net/backpage/news/new-plan-avert-chinese-veto-1947221,New plan to avert Chinese veto
shamsuddoza-sajen,25,https://www.thedailystar.net/backpage/news/british-pm-meets-bangabandhu-1946705,British PM meets Bangabandhu
shamsuddoza-sajen,25,https://www.thedailystar.net/backpage/news/bangladesh-becomes-member-imf-world-bank-1946253,"Bangladesh becomes member of IMF, World Bank"
shamsuddoza-sajen,25,https://www.thedailystar.net/backpage/news/mujib-stay-geneva-till-full-recovery-1945601,Mujib to stay in Geneva till full recovery
shamsuddoza-sajen,25,https://www.thedailystar.net/backpage/news/bhuttos-statement-lambasted-1945165,Bhutto’s statement lambasted
shamsuddoza-sajen,25,https://www.thedailystar.net/backpage/news/work-hard-rebuild-the-country-1944613,Work hard to rebuild the country
shamsuddoza-sajen,25,https://www.thedailystar.net/backpage/news/bangabandhus-health-shows-remarkable-improvement-1944073,Bangabandhu’s health shows remarkable improvement
shamsuddoza-sajen,25,https://www.thedailystar.net/backpage/news/bangladesh-stands-peace-1943553,Bangladesh stands for peace
shamsuddoza-sajen,25,https://www.thedailystar.net/backpage/news/un-council-strives-avert-chinese-veto-1942917,UN Council strives to avert Chinese veto
shamsuddoza-sajen,25,https://www.thedailystar.net/backpage/news/un-council-considers-bangladesh-membership-1942353,UN Council considers Bangladesh membership
shamsuddoza-sajen,25,https://www.thedailystar.net/backpage/news/bangabandhus-meeting-british-foreign-secretary-1941945,Bangabandhu’s meeting with British Foreign Secretary
shamsuddoza-sajen,25,https://www.thedailystar.net/backpage/news/step-relief-work-1941409,Step up relief work
shamsuddoza-sajen,25,https://www.thedailystar.net/backpage/news/bangabandhu-making-speedy-recovery-1940981,Bangabandhu making speedy recovery
shamsuddoza-sajen,25,https://www.thedailystar.net/backpage/news/bangabandhu-worried-over-floods-1940477,Bangabandhu worried over floods
shamsuddoza-sajen,25,https://www.thedailystar.net/backpage/news/bangabandhu-progressing-well-1939949,Bangabandhu progressing well
shamsuddoza-sajen,25,https://www.thedailystar.net/backpage/news/bangabandhu-recovering-1938837,Bangabandhu recovering
shamsuddoza-sajen,25,https://www.thedailystar.net/backpage/news/successful-operation-bangabandhu-1938397,Successful operation on Bangabandhu
shamsuddoza-sajen,26,https://www.thedailystar.net/backpage/news/bangabandhus-letter-indira-1937853,Bangabandhu’s letter to Indira
shamsuddoza-sajen,26,https://www.thedailystar.net/backpage/news/diplomatic-move-have-talks-london-1937285,Diplomatic move to have talks in London
shamsuddoza-sajen,26,https://www.thedailystar.net/backpage/news/help-bangladesh-enter-un-1936713,Help Bangladesh enter UN
shamsuddoza-sajen,26,https://www.thedailystar.net/backpage/news/forget-differences-rebuild-nation-1936241,"Forget differences, rebuild nation"
shamsuddoza-sajen,26,https://www.thedailystar.net/backpage/news/bangladesh-will-top-india-within-10-years-1935741,`Bangladesh will top India within 10 years’
shamsuddoza-sajen,26,https://www.thedailystar.net/backpage/news/we-can-now-pay-our-imports-1935265,‘We can now pay for our imports’
shamsuddoza-sajen,26,https://www.thedailystar.net/backpage/news/hundred-injured-city-clashes-1934657,Hundred injured in city clashes
shamsuddoza-sajen,26,https://www.thedailystar.net/backpage/news/jakarta-pledges-help-un-entry-1934205,Jakarta pledges to help UN entry
shamsuddoza-sajen,26,https://www.thedailystar.net/backpage/news/guard-against-conspiracies-1933693,Guard against conspiracies
shamsuddoza-sajen,26,https://www.thedailystar.net/backpage/news/bangabandhus-arrival-ends-blockade-1933105,Bangabandhu’s arrival ends blockade
shamsuddoza-sajen,26,https://www.thedailystar.net/backpage/news/poland-help-bangladesh-enter-un-1932473,Poland to help  Bangladesh enter UN
shamsuddoza-sajen,26,https://www.thedailystar.net/backpage/news/shun-parochialism-1932121,Shun parochialism
shamsuddoza-sajen,26,https://www.thedailystar.net/backpage/news/entry-un-almost-certain-1931577,Entry into UN almost certain
shamsuddoza-sajen,26,https://www.thedailystar.net/backpage/news/freedom-press-assured-1931113,Freedom of press assured
shamsuddoza-sajen,26,https://www.thedailystar.net/backpage/news/special-envoys-arab-countries-1930525,Special envoys to arab countries
shamsuddoza-sajen,26,https://www.thedailystar.net/backpage/news/bhutto-bluffed-me-tikka-betrayed-1929965,"“Bhutto bluffed me, Tikka betrayed”"
shamsuddoza-sajen,26,https://www.thedailystar.net/backpage/news/national-pay-commission-announced-1929425,National pay commission announced
shamsuddoza-sajen,26,https://www.thedailystar.net/backpage/news/war-crimes-issue-be-settled-bangladesh-1928797,‘War crimes issue to be  settled with Bangladesh’
shamsuddoza-sajen,26,https://www.thedailystar.net/backpage/news/six-months-remarkable-success-1928397,Six months of remarkable success
shamsuddoza-sajen,26,https://www.thedailystar.net/backpage/news/bring-back-university-autonomy-1927925,Bring back university autonomy
shamsuddoza-sajen,27,https://www.thedailystar.net/backpage/news/foreign-companies-will-not-own-natural-resources-1927409,Foreign companies will not own natural resources
shamsuddoza-sajen,27,https://www.thedailystar.net/backpage/news/first-arab-recognition-bangladesh-1926709,First Arab recognition for Bangladesh
shamsuddoza-sajen,27,https://www.thedailystar.net/backpage/news/priority-ongoing-projects-1926269,Priority to ongoing projects
shamsuddoza-sajen,27,https://www.thedailystar.net/backpage/news/als-support-struggle-sindhis-pathans-1925645,"AL’s support for struggle of Sindhis, Pathans"
shamsuddoza-sajen,27,https://www.thedailystar.net/backpage/news/bangabandhus-call-discipline-armed-forces-1925237,Bangabandhu’s call for discipline in armed forces
shamsuddoza-sajen,27,https://www.thedailystar.net/backpage/news/foundation-freedom-fighters-maimed-liberation-war-1924829,Foundation for freedom fighters maimed in Liberation War
shamsuddoza-sajen,27,https://www.thedailystar.net/backpage/news/nixons-special-envoy-visits-dhaka-1924269,Nixon’s special envoy visits Dhaka
shamsuddoza-sajen,27,https://www.thedailystar.net/backpage/news/trials-shall-be-held-1923705,Trials shall be held
shamsuddoza-sajen,27,https://www.thedailystar.net/backpage/news/no-aid-strings-1923169,No aid with strings
shamsuddoza-sajen,27,https://www.thedailystar.net/backpage/news/first-budget-presented-1922541,First budget of Bangladesh: Bangabandhu’s nation-building challenges
shamsuddoza-sajen,27,https://www.thedailystar.net/backpage/news/stalemate-simla-talks-1922077,Stalemate at Simla talks
shamsuddoza-sajen,27,https://www.thedailystar.net/backpage/news/simla-conference-begins-1921609,Simla Conference begins
shamsuddoza-sajen,27,https://www.thedailystar.net/backpage/news/additional-tk-30-lakh-flood-affected-people-1921109,Additional Tk 30 lakh for flood-affected people
shamsuddoza-sajen,27,https://www.thedailystar.net/backpage/news/flood-situation-deteriorates-1920601,Flood situation deteriorates
shamsuddoza-sajen,27,https://www.thedailystar.net/daily-star-books/news/the-nuances-history-sudeep-chakravarti-unpacks-the-battle-plassey-1919917,Into the nuances of history:  Sudeep Chakravarti unpacks the Battle of Plassey
shamsuddoza-sajen,27,https://www.thedailystar.net/backpage/news/bangladeshs-bid-un-membership-1920013,Bangladesh’s bid for UN membership
shamsuddoza-sajen,27,https://www.thedailystar.net/backpage/news/britains-support-bangladeshs-un-candidacy-1919461,Britain’s support for Bangladesh’s UN candidacy
shamsuddoza-sajen,27,https://www.thedailystar.net/backpage/news/90-million-pound-british-aid-bangladesh-1918853,90-million-pound British aid for Bangladesh
shamsuddoza-sajen,27,https://www.thedailystar.net/backpage/news/evil-elements-warned-1918249,Evil elements warned
shamsuddoza-sajen,27,https://www.thedailystar.net/backpage/news/bangladesh-not-small-country-1917857,‘Bangladesh is not a small country’
shamsuddoza-sajen,28,https://www.thedailystar.net/backpage/news/bangabandhu-role-model-asians-1917401,Bangabandhu is a role model for Asians
shamsuddoza-sajen,28,https://www.thedailystar.net/backpage/news/long-term-economic-plan-realising-socialist-goals-1917013,Long-term economic plan for realising socialist goals
shamsuddoza-sajen,28,https://www.thedailystar.net/backpage/news/bangladesh-gets-membership-ilo-1916361,Bangladesh gets membership of ILO
shamsuddoza-sajen,28,https://www.thedailystar.net/backpage/news/bangladesh-gets-imf-membership-1915653,Bangladesh gets IMF membership
shamsuddoza-sajen,28,https://www.thedailystar.net/backpage/news/anti-hoarding-drives-continue-1915177,Anti-hoarding drives continue
shamsuddoza-sajen,28,https://www.thedailystar.net/backpage/news/war-crimes-trial-will-begin-september-1914449,War crimes trial will begin in September
shamsuddoza-sajen,28,https://www.thedailystar.net/backpage/news/screening-boards-formed-eliminate-bad-elements-1914021,Screening boards formed to eliminate bad elements
shamsuddoza-sajen,28,https://www.thedailystar.net/backpage/news/donors-pledge-various-support-packages-bangladesh-1913553,Donors pledge various support packages for Bangladesh
shamsuddoza-sajen,28,https://www.thedailystar.net/backpage/news/smuggling-will-be-stopped-any-cost-1913121,SMUGGLING WILL BE STOPPED AT ANY COST
shamsuddoza-sajen,28,https://www.thedailystar.net/backpage/news/first-trial-under-the-collaborators-act-1911825,First trial under the Collaborators Act
shamsuddoza-sajen,28,https://www.thedailystar.net/backpage/news/poets-and-litterateurs-will-be-forefront-society-1911317,Poets and litterateurs will be at forefront of society
shamsuddoza-sajen,28,https://www.thedailystar.net/backpage/news/high-powered-bangladeshi-delegation-visits-india-1910785,High-powered Bangladeshi delegation visits India
shamsuddoza-sajen,28,https://www.thedailystar.net/backpage/news/six-point-demand-was-the-roadmap-independence-1910213,“Six-point demand was the roadmap to independence”
shamsuddoza-sajen,28,https://www.thedailystar.net/backpage/news/socialism-cant-be-established-american-aid-1909753,Socialism can’t be established with American aid
shamsuddoza-sajen,28,https://www.thedailystar.net/backpage/news/8-foreign-ministry-officials-suspended-1909165,8 foreign ministry officials suspended
shamsuddoza-sajen,28,https://www.thedailystar.net/backpage/news/bangladesh-can-be-best-asia-1908649,‘Bangladesh can be best in Asia’
shamsuddoza-sajen,28,https://www.thedailystar.net/backpage/news/bangladesh-will-join-nam-1908113,Bangladesh will join NAM
shamsuddoza-sajen,28,https://www.thedailystar.net/backpage/news/new-banknotes-bangabandhus-image-1907537,New banknotes with Bangabandhu’s image
shamsuddoza-sajen,28,https://www.thedailystar.net/backpage/news/magnanimity-not-our-weakness-1907119,Magnanimity is not our weakness
shamsuddoza-sajen,28,https://www.thedailystar.net/backpage/news/call-green-revolution-1906822,Call for green revolution
shamsuddoza-sajen,29,https://www.thedailystar.net/backpage/news/first-treaty-the-us-inked-1906471,First treaty with the US inked
shamsuddoza-sajen,29,https://www.thedailystar.net/backpage/news/first-year-bangladesh-bangabandhus-nation-building-challenges-1906162,First year of Bangladesh Bangabandhu’s nation-building challenges
shamsuddoza-sajen,29,https://www.thedailystar.net/backpage/news/reconstruction-efforts-making-good-progress-1905316,Reconstruction efforts making good progress
shamsuddoza-sajen,29,https://www.thedailystar.net/backpage/news/new-transport-plan-the-capital-1904923,New transport plan for the capital
shamsuddoza-sajen,29,https://www.thedailystar.net/backpage/news/student-union-sweeps-ducsu-elections-1904602,Student union sweeps Ducsu elections
shamsuddoza-sajen,29,https://www.thedailystar.net/backpage/news/ensure-peace-industrial-areas-1904251,Ensure peace in industrial areas
shamsuddoza-sajen,29,https://www.thedailystar.net/backpage/news/there-no-alternative-socialism-1903996,‘There is no alternative to socialism’
shamsuddoza-sajen,29,https://www.thedailystar.net/backpage/news/21-member-education-committee-formed-1903606,21-member education committee formed
shamsuddoza-sajen,29,https://www.thedailystar.net/backpage/news/new-initiative-check-food-price-hike-1903297,New initiative to check food price hike
shamsuddoza-sajen,29,https://www.thedailystar.net/backpage/news/first-year-bangladesh-bangabandhus-nation-building-challenges-1903027,New loan agreement with India
shamsuddoza-sajen,29,https://www.thedailystar.net/backpage/news/govt-measures-help-10-lakh-weavers-1902754,Govt measures to help 10 lakh weavers
shamsuddoza-sajen,29,https://www.thedailystar.net/backpage/news/bangla-must-be-used-all-spheres-1902370,Bangla must be used in all spheres
shamsuddoza-sajen,29,https://www.thedailystar.net/backpage/news/if-anyone-interferes-our-internal-affairs-we-will-resist-them-1902103,‘If anyone interferes in our internal affairs we will resist them’
shamsuddoza-sajen,29,https://www.thedailystar.net/backpage/news/land-landless-peasants-1901791,Land for landless peasants
shamsuddoza-sajen,29,https://www.thedailystar.net/backpage/news/no-dialogue-recognition-1901470,No dialogue before recognition
shamsuddoza-sajen,29,https://www.thedailystar.net/backpage/news/no-perpetrator-will-go-unpunished-1901182,No perpetrator will go unpunished
shamsuddoza-sajen,29,https://www.thedailystar.net/backpage/news/independent-countrys-police-can-never-behave-rulers-1900891,‘An independent country’s police can never behave like rulers’
shamsuddoza-sajen,29,https://www.thedailystar.net/backpage/news/resist-armed-miscreants-1900588,Resist armed miscreants
shamsuddoza-sajen,29,https://www.thedailystar.net/backpage/news/rabindra-jayanti-observed-independent-bangladesh-1900219,Rabindra Jayanti observed in independent Bangladesh
shamsuddoza-sajen,29,https://www.thedailystar.net/backpage/news/ducsu-honours-bangabandhu-lifetime-membership-1899943,Ducsu honours Bangabandhu with lifetime membership
shamsuddoza-sajen,30,https://www.thedailystar.net/backpage/news/ensure-uninterrupted-production-industries-1899577,Ensure uninterrupted production in industries
shamsuddoza-sajen,30,https://www.thedailystar.net/backpage/news/work-servant-the-people-1899256,‘Work as a servant of the people’
shamsuddoza-sajen,30,https://www.thedailystar.net/backpage/news/health-centre-each-thana-1898929,Health centre at each thana
shamsuddoza-sajen,30,https://www.thedailystar.net/backpage/news/pay-rise-low-income-employees-and-workers-1898476,Pay rise for low-income employees and workers
shamsuddoza-sajen,30,https://www.thedailystar.net/backpage/news/un-mission-praises-bangladesh-peoples-resilience-1898116,UN Mission praises Bangladesh people’s resilience
shamsuddoza-sajen,30,https://www.thedailystar.net/backpage/news/4-principles-compatible-teachings-holy-prophet-1897483,‘4 principles compatible with teachings of Holy Prophet’
shamsuddoza-sajen,30,https://www.thedailystar.net/backpage/news/build-shonar-bangla-the-principle-socialism-1897150,‘Build Shonar Bangla on the principle of socialism’
shamsuddoza-sajen,30,https://www.thedailystar.net/backpage/news/no-settlement-without-bangladeshs-concurrence-1896853,No settlement without Bangladesh’s concurrence
shamsuddoza-sajen,30,https://www.thedailystar.net/backpage/news/lease-system-goes-1896544,Lease system goes
shamsuddoza-sajen,30,https://www.thedailystar.net/backpage/news/no-import-luxury-goods-1896244,No import of luxury goods
shamsuddoza-sajen,30,https://www.thedailystar.net/backpage/news/bangladesh-will-again-be-shonar-bangla-1895857,‘Bangladesh will again be Shonar Bangla’
shamsuddoza-sajen,30,https://www.thedailystar.net/backpage/news/bangabandhu-pays-homage-jalalabad-martyrs-1895515,Bangabandhu pays homage to Jalalabad martyrs
shamsuddoza-sajen,30,https://www.thedailystar.net/backpage/news/devote-yourselves-alleviating-human-suffering-1895092,‘Devote yourselves to alleviating human suffering’
shamsuddoza-sajen,30,https://www.thedailystar.net/backpage/news/cabinet-holds-wide-ranging-discussions-1894771,Cabinet holds wide-ranging discussions
shamsuddoza-sajen,30,https://www.thedailystar.net/backpage/news/india-seeks-bangabandhus-view-indo-pak-talks-1894423,India seeks Bangabandhu’s view on Indo-Pak talks
shamsuddoza-sajen,30,https://www.thedailystar.net/backpage/news/bangladesh-enters-commonwealth-1894048,Bangladesh enters Commonwealth
shamsuddoza-sajen,30,https://www.thedailystar.net/backpage/news/bangladesh-will-always-stand-the-oppressed-people-vietnam-1893730,‘Bangladesh will always stand by the oppressed people of Vietnam’
shamsuddoza-sajen,30,https://www.thedailystar.net/backpage/news/indo-bangla-friendship-based-gigantic-sacrifice-1893328,Indo-Bangla friendship is based on gigantic sacrifice
shamsuddoza-sajen,30,https://www.thedailystar.net/backpage/news/rebuild-shonar-bangla-1892728,‘Rebuild Shonar Bangla’
shamsuddoza-sajen,30,https://www.thedailystar.net/backpage/news/bangabandhu-retains-cabinet-and-defence-portfolios-1892353,Bangabandhu retains cabinet and defence portfolios
shamsuddoza-sajen,31,https://www.thedailystar.net/backpage/news/pakistan-accepts-repatriation-proposal-1892056,Pakistan accepts repatriation proposal
shamsuddoza-sajen,31,https://www.thedailystar.net/backpage/news/all-shades-opinion-will-be-considered-1891756,‘All shades of opinion will be considered’
shamsuddoza-sajen,31,https://www.thedailystar.net/backpage/news/every-means-will-be-used-establish-socialism-1891129,‘Every means will be used to establish socialism’
shamsuddoza-sajen,31,https://www.thedailystar.net/sports/news/bangabandhu-continue-party-chief-1890718,Bangabandhu to continue as party chief
shamsuddoza-sajen,31,https://www.thedailystar.net/backpage/news/rise-above-petty-interest-1890376,‘Rise above petty interest’
shamsuddoza-sajen,31,https://www.thedailystar.net/backpage/news/help-repatriation-bangalees-1889953,‘Help repatriation of Bangalees’
shamsuddoza-sajen,31,https://www.thedailystar.net/backpage/news/us-recognition-will-open-new-chapter-1889692,‘US recognition will open up a new chapter’
shamsuddoza-sajen,31,https://www.thedailystar.net/backpage/news/us-recognises-bangladesh-1889374,US recognises Bangladesh
shamsuddoza-sajen,31,https://www.thedailystar.net/backpage/news/political-freedom-must-embody-economic-emancipation-1889041,Political freedom must embody economic emancipation
shamsuddoza-sajen,31,https://www.thedailystar.net/backpage/news/dont-demand-anything-three-years-1888651,‘Don’t demand anything for three years’
shamsuddoza-sajen,31,https://www.thedailystar.net/backpage/news/peace-must-be-restored-1888300,‘Peace must be restored’
shamsuddoza-sajen,31,https://www.thedailystar.net/backpage/news/stop-strikes-gheraos-1887949,"‘Stop strikes, gheraos’"
shamsuddoza-sajen,31,https://www.thedailystar.net/backpage/news/bangabandhu-calls-mass-education-1887550,Bangabandhu calls for mass education
shamsuddoza-sajen,31,https://www.thedailystar.net/backpage/news/dont-try-subvert-nationalisation-1887205,“Don’t try to subvert nationalisation”
shamsuddoza-sajen,31,https://www.thedailystar.net/backpage/news/constituent-assembly-meeting-summoned-1886827,Constituent assembly meeting summoned
shamsuddoza-sajen,31,https://www.thedailystar.net/backpage/news/we-believe-peaceful-co-existence-1886551,“We believe in peaceful co-existence”
shamsuddoza-sajen,31,https://www.thedailystar.net/backpage/news/free-bangladesh-celebrates-first-independence-day-1885906,Free Bangladesh celebrates first Independence Day
shamsuddoza-sajen,31,https://www.thedailystar.net/backpage/news/bangabandhu-recalls-martyrs-sacrifice-1885450,Bangabandhu recalls martyrs’ sacrifice
shamsuddoza-sajen,31,https://www.thedailystar.net/backpage/news/bangalees-will-defend-their-freedom-all-cost-bangabandhu-1884895,Bangalees will defend their freedom at all cost: Bangabandhu
shamsuddoza-sajen,31,https://www.thedailystar.net/lifestyle/news/shahid-sergeant-zahurul-haque-intimate-profile-1884949,Shahid Sergeant Zahurul Haque: An intimate profile
shamsuddoza-sajen,32,https://www.thedailystar.net/backpage/news/constituent-assembly-order-promulgated-1884478,Constituent assembly order promulgated
shamsuddoza-sajen,32,https://www.thedailystar.net/backpage/news/let-bhutto-recognise-bangladesh-first-1883995,‘Let Bhutto recognise Bangladesh first’
shamsuddoza-sajen,32,https://www.thedailystar.net/backpage/news/steps-halt-smuggling-1883542,Steps to halt smuggling
shamsuddoza-sajen,32,https://www.thedailystar.net/backpage/news/moscow-strengthen-ties-bangladesh-1883053,Moscow to strengthen ties with Bangladesh
shamsuddoza-sajen,32,https://www.thedailystar.net/backpage/news/25-year-indo-bangla-friendship-treaty-signed-1882609,25-year Indo-Bangla Friendship Treaty signed
shamsuddoza-sajen,32,https://www.thedailystar.net/backpage/news/benefit-freedom-must-be-shared-1882144,Benefit of freedom must be shared
shamsuddoza-sajen,32,https://www.thedailystar.net/frontpage/news/bangabandhus-first-birthday-free-bangladesh-1881682,Bangabandhu’s first birthday in free Bangladesh
shamsuddoza-sajen,32,https://www.thedailystar.net/backpage/news/bangladesh-needs-urgent-relief-1881307,Bangladesh needs urgent relief
shamsuddoza-sajen,32,https://www.thedailystar.net/backpage/news/indian-army-withdraws-bangladesh-1880827,Indian Army withdraws from Bangladesh
shamsuddoza-sajen,32,https://www.thedailystar.net/backpage/news/struggle-now-rebuilding-country-1880440,‘Struggle now is for  rebuilding country’
shamsuddoza-sajen,32,https://www.thedailystar.net/backpage/news/bangabandhu-accepts-invitation-visit-japan-1879933,Bangabandhu accepts invitation to visit Japan
shamsuddoza-sajen,32,https://www.thedailystar.net/backpage/news/bangladesh-india-friendship-will-be-everlasting-1879474,Bangladesh-India friendship will be everlasting
shamsuddoza-sajen,32,https://www.thedailystar.net/backpage/news/mujibs-appeal-safe-return-bengalees-1878988,Mujib’s appeal for safe return of Bengalees
shamsuddoza-sajen,32,https://www.thedailystar.net/frontpage/news/no-power-can-undo-the-reality-bangladesh-1878595,No power can undo the reality of Bangladesh
shamsuddoza-sajen,32,https://www.thedailystar.net/backpage/news/special-aid-teachers-1878133,Special aid for teachers
shamsuddoza-sajen,32,https://www.thedailystar.net/backpage/news/fresh-elections-trade-unions-1877728,Fresh elections to trade unions
shamsuddoza-sajen,32,https://www.thedailystar.net/backpage/news/symbol-hope-1877356,A symbol of hope
shamsuddoza-sajen,32,https://www.thedailystar.net/backpage/news/ussr-will-stand-bangladesh-1876849,USSR will stand by Bangladesh
shamsuddoza-sajen,32,https://www.thedailystar.net/backpage/news/friendship-will-grow-stronger-1876432,Friendship will grow stronger
shamsuddoza-sajen,32,https://www.thedailystar.net/backpage/news/soviet-bangladesh-friendship-based-principle-1875985,Soviet-Bangladesh friendship is based on principle
shamsuddoza-sajen,33,https://www.thedailystar.net/backpage/news/aid-must-be-without-strings-1875478,‘Aid must be without strings’
shamsuddoza-sajen,33,https://www.thedailystar.net/backpage/news/bangladesh-will-always-remain-soviet-people-1875079,‘Bangladesh will always remain with Soviet people’
shamsuddoza-sajen,33,https://www.thedailystar.net/backpage/news/my-country-irrevocably-committed-democracy-1874638,‘My country is irrevocably committed to democracy’
shamsuddoza-sajen,33,https://www.thedailystar.net/backpage/news/gratitude-and-goodwill-soviet-people-1874257,Gratitude and goodwill for Soviet people
shamsuddoza-sajen,33,https://www.thedailystar.net/backpage/news/strong-united-and-determined-nation-1873771,"‘A strong, united and determined nation’"
shamsuddoza-sajen,33,https://www.thedailystar.net/backpage/news/appointment-based-merit-1873342,Appointment based on merit
shamsuddoza-sajen,33,https://www.thedailystar.net/backpage/news/the-game-over-now-1872910,‘The game is over now’
shamsuddoza-sajen,33,https://www.thedailystar.net/backpage/news/persuade-pindi-stop-persecution-1872484,‘Persuade Pindi to stop persecution’
shamsuddoza-sajen,33,https://www.thedailystar.net/backpage/news/tribunals-try-war-criminals-1872103,Tribunals to try war criminals
shamsuddoza-sajen,33,https://www.thedailystar.net/backpage/news/asians-will-decide-their-own-fate-1871683,“Asians will decide their own fate”
shamsuddoza-sajen,33,https://www.thedailystar.net/backpage/news/the-imperialists-are-still-around-us-1871263,‘The imperialists are still around us’
shamsuddoza-sajen,33,https://www.thedailystar.net/backpage/news/excess-land-will-go-landless-peasants-1870435,Excess land will go to landless peasants
shamsuddoza-sajen,33,https://www.thedailystar.net/backpage/news/leadership-people-1869901,Leadership to people
shamsuddoza-sajen,33,https://www.thedailystar.net/backpage/news/massive-help-needed-without-delay-1869409,Massive help needed without delay
shamsuddoza-sajen,33,https://www.thedailystar.net/backpage/news/workers-will-share-profit-industries-1869040,‘Workers will share profit of industries’
shamsuddoza-sajen,33,https://www.thedailystar.net/backpage/news/first-year-bangladesh-bangabandhus-nation-building-challenges-no-complacency-1868485,First year of Bangladesh Bangabandhu’s nation-building challenges: ‘No complacency’
shamsuddoza-sajen,33,https://www.thedailystar.net/backpage/news/build-society-free-exploitation-1868053,‘Build a society free from exploitation’
shamsuddoza-sajen,33,https://www.thedailystar.net/backpage/news/bangladesh-reality-1867582,‘Bangladesh is a reality’
shamsuddoza-sajen,33,https://www.thedailystar.net/backpage/news/bangladesh-not-accept-liabilities-1867090,Bangladesh not to accept liabilities
shamsuddoza-sajen,33,https://www.thedailystar.net/backpage/news/lethargy-wont-be-tolerated-1866625,‘Lethargy won’t be tolerated’
shamsuddoza-sajen,34,https://www.thedailystar.net/backpage/news/bangladesh-has-nothing-hide-1866208,“Bangladesh has nothing to hide”
shamsuddoza-sajen,34,https://www.thedailystar.net/backpage/news/recognise-first-then-talk-1865662,"Bangabandhu’s nation-building challenges: “Recognise first, then talk”"
shamsuddoza-sajen,34,https://www.thedailystar.net/backpage/news/launch-war-poverty-hunger-1865308,"‘Launch war on poverty, hunger’"
shamsuddoza-sajen,34,https://www.thedailystar.net/backpage/news/first-year-bangladesh-bangabandhus-nation-building-challenges-1864951,First year of Bangladesh: Bangabandhu’s nation-building challenges
shamsuddoza-sajen,34,https://www.thedailystar.net/backpage/news/first-year-bangladesh-bangabandhus-nation-building-challenges-1864471,First year of Bangladesh: Bangabandhu’s nation-building challenges
shamsuddoza-sajen,34,https://www.thedailystar.net/backpage/news/first-year-bangladesh-bangabandhus-nation-building-challenges-1863994,First year of Bangladesh: Bangabandhu’s nation-building challenges
shamsuddoza-sajen,34,https://www.thedailystar.net/backpage/news/first-year-bangladesh-1863592,First year of Bangladesh: Bangabandhu’s nation-building challenges
shamsuddoza-sajen,34,https://www.thedailystar.net/backpage/news/first-year-bangladesh-bangabandhus-nation-building-challenges-1863091,First year of Bangladesh: Bangabandhu’s nation-building challenges
shamsuddoza-sajen,34,https://www.thedailystar.net/backpage/news/first-year-bangladesh-bangabandhus-nation-building-challenges-1862731,First year of Bangladesh: Bangabandhu’s nation-building challenges
shamsuddoza-sajen,34,https://www.thedailystar.net/backpage/news/first-year-bangladesh-bangabandhus-nation-building-challenges-1862254,First year of Bangladesh: Bangabandhu’s nation-building challenges
shamsuddoza-sajen,34,https://www.thedailystar.net/backpage/news/first-year-bangladesh-bangabandhus-nation-building-challenges-1861900,First year of Bangladesh: Bangabandhu’s nation-building challenges
shamsuddoza-sajen,34,https://www.thedailystar.net/backpage/news/bangabandhus-nation-building-challenges-1861444,Bangabandhu’s nation-building challenges
shamsuddoza-sajen,34,https://www.thedailystar.net/frontpage/mujib-borsho-2020-first-week-of-bangabandhu-after-homecoming-1855192,His first week after homecoming
shamsuddoza-sajen,34,https://www.thedailystar.net/frontpage/mujib-borsho-2020-on-the-way-back-home-1851487,On the way back home
shamsuddoza-sajen,34,https://www.thedailystar.net/slow-reads/focus/news/the-untold-stories-muslim-migrants-the-bengal-delta-1749529,In search of a new 'home'
shamsuddoza-sajen,34,https://www.thedailystar.net/opinion/tribute/news/odyssey-self-determination-and-equality-1730440,An odyssey of self-determination and equality
shamsuddoza-sajen,34,https://www.thedailystar.net/slow-reads/focus/news/glimpse-the-pre-modern-islamic-culture-bengal-1709989,A glimpse into the pre-modern Islamic culture in Bengal
shamsuddoza-sajen,34,https://www.thedailystar.net/slow-reads/focus/news/the-unexplored-treasures-old-bengali-manuscripts-1706662,The unexplored treasures of old Bengali manuscripts
shamsuddoza-sajen,34,https://www.thedailystar.net/opinion/interviews/justice-the-only-way-prevent-recurrence-genocide-1552831,Justice is the only way to prevent recurrence of genocide
shamsuddoza-sajen,35,https://www.thedailystar.net/star-weekend/spotlight/how-valid-are-the-claims-favour-rampal-1414039,Rampal Power Plant: Myths debunked
shamsuddoza-sajen,35,https://www.thedailystar.net/opinion/the-big-picture/why-rape-victims-stay-silent-1409740,Why rape victims stay silent
shamsuddoza-sajen,35,https://www.thedailystar.net/opinion/views/the-big-picture/news/fourth-anniversary-the-rana-plaza-collapse-where-do-we-stand-1395316,Fourth Anniversary Of The Rana Plaza Collapse: Where do we stand?
shamsuddoza-sajen,35,https://www.thedailystar.net/opinion/online-exclusive/opinion-how-far-not-far-enough-1352797,Opinion: How far is not far enough?
shamsuddoza-sajen,35,https://www.thedailystar.net/in-focus/untangling-memory-taking-stand-1352053,"Untangling memory, taking a stand"
shamsuddoza-sajen,35,https://www.thedailystar.net/opinion/the-big-picture/disturbing-deviations-childrens-books-1348375,Disturbing deviations in children's books
shamsuddoza-sajen,35,https://www.thedailystar.net/slow-reads/focus/news/the-poet-physical-rhymes-1341403,The poet of physical rhymes
shamsuddoza-sajen,35,https://www.thedailystar.net/opinion/the-big-picture/violence-spurred-greed-land-1319371,Violence spurred by greed for land
shamsuddoza-sajen,35,https://www.thedailystar.net/opinion/interviews/brahmanbaria-burning-1310491,Brahmanbaria Burning
shamsuddoza-sajen,35,https://www.thedailystar.net/opinion/interviews/how-does-it-affect-freedom-expression-and-the-right-dissent-1305826,"Digital Security Act, 2016"
shamsuddoza-sajen,35,https://www.thedailystar.net/in-focus/the-wonders-ancient-china-1298812,The wonders of ancient China
shamsuddoza-sajen,35,https://www.thedailystar.net/star-weekend/shaanxi-folk-paper-cut-craft-1298188,Shaanxi folk paper-cut craft
shamsuddoza-sajen,35,https://www.thedailystar.net/op-ed/politics/revolutionary-never-dies-1258678,A revolutionary never dies
shamsuddoza-sajen,35,https://www.thedailystar.net/in-focus/shahidullahs-sadhana-1254475,Shahidullah's sadhana
shamsuddoza-sajen,35,https://www.thedailystar.net/op-ed/the-dangerous-quick-fix-1243387,The dangerous 'quick fix'
shamsuddoza-sajen,35,https://www.thedailystar.net/travel/heritage-sites-tongibari-1236925,Heritage sites in Tongibari
shamsuddoza-sajen,35,https://www.thedailystar.net/op-ed/politics/disaster-waiting-1229209,A disaster-in-waiting
shamsuddoza-sajen,35,https://www.thedailystar.net/op-ed/politics/tonus-murder-should-not-go-unpunished-1210207,Tonu's murder should not go unpunished -- Advocate Salma Ali
shamsuddoza-sajen,35,https://www.thedailystar.net/supplements/still-waiting-free-press-186673,Still waiting for a free press
shamsuddoza-sajen,35,https://www.thedailystar.net/op-ed/politics/big-challenge-border-management-extreme-poverty-border-areas-117574,A big challenge in border management is extreme poverty in border areas
shamsuddoza-sajen,36,https://www.thedailystar.net/in-focus/the-power-connecting-the-dots-107047,The Power of Connecting the Dots
shamsuddoza-sajen,36,https://www.thedailystar.net/op-ed/%E2%80%9Cbangladesh-should-not-waste-her-scarce-clean-water-resources-coal-fired-power-plants%E2%80%9D-95104,“Bangladesh should not waste her scarce clean water resources in coal-fired power plants.”
shamsuddoza-sajen,36,https://www.thedailystar.net/op-ed/politics/truncated-deal-unacceptable-80314,A truncated deal is unacceptable
shamsuddoza-sajen,36,https://www.thedailystar.net/op-ed/the-right-be-disillusioned-79253,The right to be disillusioned
shamsuddoza-sajen,36,https://www.thedailystar.net/op-ed/politics/the-odyssey-self-determination-and-equality-77650,The Odyssey of self determination and equality
shamsuddoza-sajen,36,https://www.thedailystar.net/slow-reads/slow-reads-special/folk-bangladesh/news/bangla-folktales-stories-wisdom-wit-and-wonder-77180,"Bangla folktales: Stories of  wisdom, wit and wonder"
ahmad-istiak,0,https://www.thedailystar.net/star-multimedia/news/preparations-send-10000-workers-malaysia-no-cost-who-can-apply-4291846,"Preparations to send 10,000 workers to Malaysia at no cost: Who can apply?"
ahmad-istiak,0,https://www.thedailystar.net/star-multimedia/news/pakistans-weapons-us-intelligence-support-saudi-arabias-plan-against-houthis-4291841,"Pakistan’s weapons, US intelligence support: Saudi Arabia’s plan against Houthis"
ahmad-istiak,0,https://www.thedailystar.net/star-multimedia/news/writing-feet-dukhu-mia-builds-school-after-failing-find-job-4291836,Writing with feet: Dukhu Mia builds a school after failing to find a job
ahmad-istiak,0,https://www.thedailystar.net/news/bangladesh/news/jamaats-note-dissent-the-definition-freedom-fighter-4143421,Jamaat’s 'note of dissent' in the definition of Freedom Fighter
ahmad-istiak,0,https://www.thedailystar.net/news/bangladesh/news/amar-ekushey-fading-memories-language-heroes-4111031,Amar Ekushey: Fading memories of language heroes
ahmad-istiak,0,https://www.thedailystar.net/news/bangladesh/news/amar-ekushey-pearu-sardar-and-dhakas-first-shaheed-minar-4110471,Amar Ekushey: Pearu Sardar and Dhaka’s first Shaheed Minar
ahmad-istiak,0,https://www.thedailystar.net/news/bangladesh/news/indigenous-hero-who-turned-tide-bhurungamaris-liberation-4060071,The indigenous hero who turned the tide in Bhurungamari’s liberation
ahmad-istiak,0,https://www.thedailystar.net/news/bangladesh/news/untold-story-only-indigenous-woman-awarded-bir-protik-title-4060021,The untold story of the only indigenous woman awarded the Bir Protik title
ahmad-istiak,0,https://www.thedailystar.net/news/bangladesh/news/plains-hills-indigenous-bravery-liberation-war-4059446,Tales of freedom / From the plains to the hills: The indigenous bravery in Liberation War
ahmad-istiak,0,https://www.thedailystar.net/slow-reads/focus/news/the-art-lover-who-stole-the-love-letter-bangladeshs-freedom-4059101,The art lover who stole The Love Letter for Bangladesh’s freedom
ahmad-istiak,0,https://www.thedailystar.net/news/bangladesh/news/funding-network-1971-4058551,Tales of freedom / The funding network of 1971
ahmad-istiak,0,https://www.thedailystar.net/news/bangladesh/news/martyred-intellectuals-day-horrors-saidpurs-intellectual-massacre-4057741,Martyred Intellectuals’ Day: Horrors of Saidpur’s intellectual massacre
ahmad-istiak,0,https://www.thedailystar.net/news/bangladesh/news/kurigram-bank-treasury-raided-fund-war-4056331,"Kurigram bank, treasury raided to fund war"
ahmad-istiak,0,https://www.thedailystar.net/news/bangladesh/news/guerrillas-blow-85-targets-chattogram-4055656,Guerrillas blow up 85 targets in Chattogram
ahmad-istiak,0,https://www.thedailystar.net/news/bangladesh/news/mong-prue-sain-monarch-who-fought-freedom-4053936,Mong Prue Sain: A monarch who fought for freedom
ahmad-istiak,0,https://www.thedailystar.net/news/bangladesh/news/shibpur-leftist-fortress-built-mannan-bhuiyan-bahini-4053141,Shibpur: A leftist fortress built by the Mannan Bhuiyan Bahini
ahmad-istiak,0,https://www.thedailystar.net/news/bangladesh/news/massacre-hariharpara-4051461,A massacre in Hariharpara
ahmad-istiak,0,https://www.thedailystar.net/news/bangladesh/news/basu-bahini-fierce-guerrilla-force-haor-4049281,Basu Bahini: The fierce guerrilla force in the haor
ahmad-istiak,0,https://www.thedailystar.net/news/bangladesh/news/aburkhil-sanctuary-freedom-fighters-4047676,Aburkhil: A sanctuary for freedom fighters
ahmad-istiak,0,https://www.thedailystar.net/news/bangladesh/news/the-legend-nader-gunda-3857581,The legend of Nader gunda
ahmad-istiak,0,https://www.thedailystar.net/news/bangladesh/news/operation-searchlight-the-massacre-ctg-cantonment-3856676,Operation searchlight: The massacre at Ctg cantonment
ahmad-istiak,0,https://www.thedailystar.net/news/bangladesh/news/hundreds-women-march-barishal-3830321,Hundreds of women march in Barishal
ahmad-istiak,0,https://www.thedailystar.net/news/bangladesh/news/the-seed-independence-3829676,The seed of independence
ahmad-istiak,0,https://www.thedailystar.net/news/bangladesh/news/feb-21-gets-its-first-poem-port-city-3828881,Feb 21 gets its first poem in port city
ahmad-istiak,0,https://www.thedailystar.net/news/bangladesh/news/10th-grader-takes-down-pakistan-flag-3828001,10th grader takes down Pakistan flag
ahmad-istiak,0,https://www.thedailystar.net/news/bangladesh/news/sylhet-dailies-lead-call-bangla-3826981,Sylhet dailies lead call for Bangla
ahmad-istiak,0,https://www.thedailystar.net/news/bangladesh/news/dinajpur-stands-tough-resistance-3825951,Dinajpur stands up to tough resistance
ahmad-istiak,0,https://www.thedailystar.net/news/bangladesh/news/khulna-becomes-city-rallies-3824966,Khulna becomes city of rallies
ahmad-istiak,0,https://www.thedailystar.net/news/bangladesh/news/creative-resistance-kurigram-3824296,Creative Resistance in Kurigram
ahmad-istiak,0,https://www.thedailystar.net/news/bangladesh/news/grit-amid-resistance-muslim-league-3824101,Grit amid resistance from Muslim League
ahmad-istiak,0,https://www.thedailystar.net/news/bangladesh/news/teacher-steps-down-protest-3822166,Teacher steps down in protest
ahmad-istiak,1,https://www.thedailystar.net/news/bangladesh/news/protest-comes-under-knife-attack-3821281,Protest comes under knife attack
ahmad-istiak,1,https://www.thedailystar.net/news/bangladesh/news/mymensingh-resists-urdu-state-language-3820301,Mymensingh resists Urdu as state language
ahmad-istiak,1,https://www.thedailystar.net/news/bangladesh/news/pak-crackdown-weekly-sangram-3819451,Pak crackdown on Weekly Sangram
ahmad-istiak,1,https://www.thedailystar.net/news/bangladesh/news/dr-muhammad-shahidullahs-role-language-movement-3818706,Dr Muhammad Shahidullah’s role in Language Movement
ahmad-istiak,1,https://www.thedailystar.net/news/bangladesh/news/kushtia-erupts-protest-3818111,Kushtia erupts into protest
ahmad-istiak,1,https://www.thedailystar.net/news/bangladesh/news/language-movement-rangpur-3817206,Language Movement in Rangpur
ahmad-istiak,1,https://www.thedailystar.net/news/bangladesh/news/language-movement-tangail-3816451,Language Movement in Tangail
ahmad-istiak,1,https://www.thedailystar.net/news/bangladesh/news/language-movement-pabna-3815631,Language Movement in Pabna
ahmad-istiak,1,https://www.thedailystar.net/news/bangladesh/news/the-second-shaheed-minar-3814716,The second Shaheed Minar
ahmad-istiak,1,https://www.thedailystar.net/news/bangladesh/news/language-movement-faridpur-3813921,Language Movement in Faridpur
ahmad-istiak,1,https://www.thedailystar.net/news/bangladesh/news/the-first-shaheed-minar-3813186,The first Shaheed Minar
ahmad-istiak,1,https://www.thedailystar.net/news/bangladesh/news/victory-day-today-the-day-nation-cried-tears-joy-3777471,Victory day today: The day a nation cried tears of joy
ahmad-istiak,1,https://www.thedailystar.net/slow-reads/focus/news/wartime-treatment-the-heroes-who-saved-lives-silently-3777526,"Wartime treatment: The heroes who saved lives, silently"
ahmad-istiak,1,https://www.thedailystar.net/news/bangladesh/news/regional-resistance-purbo-banglar-jatiya-mukti-bahini-3776411,Regional Resistance: Purbo Banglar Jatiya Mukti Bahini
ahmad-istiak,1,https://www.thedailystar.net/news/bangladesh/news/regional-resistance-palashdanga-jubo-shibir-sirajganj-3775011,Regional Resistance: Palashdanga Jubo Shibir of Sirajganj
ahmad-istiak,1,https://www.thedailystar.net/news/bangladesh/news/regional-resistance-aftab-bahini-kurigram-3774221,Regional Resistance: Aftab Bahini of Kurigram
ahmad-istiak,1,https://www.thedailystar.net/news/bangladesh/news/regional-resistance-shibbari-youth-camp-george-bahini-3773346,Regional Resistance: Shibbari Youth Camp & George Bahini
ahmad-istiak,1,https://www.thedailystar.net/news/bangladesh/news/regional-resistance-pathaan-bahini-chandpur-3771691,Regional Resistance: Pathaan Bahini of Chandpur
ahmad-istiak,1,https://www.thedailystar.net/news/bangladesh/news/regional-resistance-halim-bahini-manikganj-3769986,Regional Resistance: Halim Bahini of Manikganj
ahmad-istiak,1,https://www.thedailystar.net/news/bangladesh/news/baten-bahini-tangail-3769486,Baten Bahini of Tangail
ahmad-istiak,2,https://www.thedailystar.net/news/bangladesh/news/regional-resistance-sreepur-bahini-magura-3767786,Regional Resistance: Sreepur Bahini of Magura
ahmad-istiak,2,https://www.thedailystar.net/news/bangladesh/news/regional-resistance-rafiq-bahini-bagerhat-3767081,Regional Resistance: Rafiq Bahini of Bagerhat
ahmad-istiak,2,https://www.thedailystar.net/news/bangladesh/news/regional-resistance-ohidur-bahini-atrai-3765436,Regional Resistance: Ohidur Bahini of Atrai
ahmad-istiak,2,https://www.thedailystar.net/news/bangladesh/news/dhanmondi-32-epicentre-independence-struggle-3677556,Dhanmondi 32:  An epicentre of independence struggle
ahmad-istiak,2,https://www.thedailystar.net/weekend-read/news/the-dying-art-qasida-3577896,The dying art of Qasida
ahmad-istiak,2,https://www.thedailystar.net/news/bangladesh/news/chronicling-bangladeshs-birth-the-final-push-3575691,Chronicling Bangladesh’s Birth: The final push
ahmad-istiak,2,https://www.thedailystar.net/news/bangladesh/news/chronicling-bangladeshs-birth-tumultuous-1960s-3575041,Chronicling Bangladesh’s birth: Tumultuous 1960s
ahmad-istiak,2,https://www.thedailystar.net/news/bangladesh/news/inner-group-the-first-push-liberation-3574341,Inner Group: the first push for liberation
ahmad-istiak,2,https://www.thedailystar.net/news/bangladesh/news/series-genocide-1971-three-times-survivor-3496086,Series genocide in 1971: Three times a survivor
ahmad-istiak,2,https://www.thedailystar.net/news/bangladesh/news/battles-quickened-victory-3495381,Battles that quickened victory
ahmad-istiak,2,https://www.thedailystar.net/news/bangladesh/news/1971-war-killing-fields-revered-not-preserved-3494746,1971 War Killing Fields: Revered but not preserved
ahmad-istiak,2,https://www.thedailystar.net/news/bangladesh/news/slow-pace-irregularities-mark-monument-construction-3494811,"Slow pace, irregularities mark monument construction"
ahmad-istiak,2,https://www.thedailystar.net/news/bangladesh/news/martyred-intellectuals-day-search-the-forgotten-killing-fields-3493941,Martyred Intellectuals Day: In search of the forgotten killing fields
ahmad-istiak,2,https://www.thedailystar.net/weekend-read/news/toiling-away-childhood-3489696,Toiling away childhood
ahmad-istiak,2,https://www.thedailystar.net/news/bangladesh/news/martyred-hafizur-finally-recognised-after-52-years-3448596,Martyred Hafizur finally recognised after 52 years
ahmad-istiak,2,https://www.thedailystar.net/weekend-read/news/the-vanguard-dhakas-independence-3425661,The vanguard of Dhaka’s independence
ahmad-istiak,2,https://www.thedailystar.net/news/bangladesh/news/forgotten-amid-dengue-outbreak-3381216,Forgotten amid dengue outbreak
ahmad-istiak,2,https://www.thedailystar.net/news/bangladesh/news/ministry-project-sees-little-progress-3377856,Ministry project sees little progress
ahmad-istiak,2,https://www.thedailystar.net/news/bangladesh/news/chuknagar-shocking-savagery-3324551,Chuknagar: A shocking savagery
ahmad-istiak,2,https://www.thedailystar.net/weekend-read/news/childhood-trapped-leguna-3312221,Childhood trapped in ‘leguna’
ahmad-istiak,3,https://www.thedailystar.net/weekend-read/news/haunting-memories-jinjira-massacre-3291731,Haunting memories of Jinjira massacre
ahmad-istiak,3,https://www.thedailystar.net/weekend-read/news/those-turbulent-first-days-71-march-3262536,Those turbulent first days of ‘71 March
ahmad-istiak,3,https://www.thedailystar.net/news/bangladesh/news/nobodys-children-3232366,Nobody’s children
ahmad-istiak,3,https://www.thedailystar.net/weekend-read/news/jean-kay-unforgettable-story-forgotten-friend-3203606,Jean Kay: Unforgettable story of a forgotten friend
ahmad-istiak,3,https://www.thedailystar.net/news/bangladesh/news/martyred-intellectuals-day-murderous-scheme-3195581,Martyred intellectuals day: Murderous scheme
ahmad-istiak,3,https://www.thedailystar.net/news/bangladesh/news/denied-again-3156381,Denied again
ahmad-istiak,3,https://www.thedailystar.net/news/bangladesh/news/half-century-gone-chasing-recognition-3150411,Half a century gone chasing recognition
ahmad-istiak,3,https://www.thedailystar.net/news/news/chuknagar-sea-blood-3027756,Chuknagar: A sea of blood
ahmad-istiak,3,https://www.thedailystar.net/news/bangladesh/news/loved-ones-lost-demons-2989831,Jagannath Hall massacre: Loved ones lost to demons
md-shahnawaz-khan-chandan,0,https://www.thedailystar.net/star-multimedia/news/preparations-send-10000-workers-malaysia-no-cost-who-can-apply-4291846,"Preparations to send 10,000 workers to Malaysia at no cost: Who can apply?"
md-shahnawaz-khan-chandan,0,https://www.thedailystar.net/star-multimedia/news/pakistans-weapons-us-intelligence-support-saudi-arabias-plan-against-houthis-4291841,"Pakistan’s weapons, US intelligence support: Saudi Arabia’s plan against Houthis"
md-shahnawaz-khan-chandan,0,https://www.thedailystar.net/star-multimedia/news/writing-feet-dukhu-mia-builds-school-after-failing-find-job-4291836,Writing with feet: Dukhu Mia builds a school after failing to find a job
md-shahnawaz-khan-chandan,0,https://www.thedailystar.net/opinion/views/news/why-bangladesh-should-have-planetarium-every-division-4178211,Why Bangladesh should have a planetarium in every division
md-shahnawaz-khan-chandan,0,https://www.thedailystar.net/news/bangladesh/news/20th-founding-anniv-brac-jpgsph-3775171,20th founding anniv of BRAC JPGSPH
md-shahnawaz-khan-chandan,0,https://www.thedailystar.net/supplements/the-great-wave/news/chronicle-the-july-uprising-3721021,A chronicle of the July uprising
md-shahnawaz-khan-chandan,0,https://www.thedailystar.net/news/bangladesh/news/dmch-volunteers-step-save-lives-3662311,"DMCH, volunteers step up to save lives"
md-shahnawaz-khan-chandan,0,https://www.thedailystar.net/news/bangladesh/news/relatively-calm-dhaka-3660661,A relatively calm Dhaka
md-shahnawaz-khan-chandan,0,https://www.thedailystar.net/news/bangladesh/news/desolate-dhaka-3667831,A desolate Dhaka
md-shahnawaz-khan-chandan,0,https://www.thedailystar.net/weekend-read/news/moshar-machine-promising-solution-mosquito-menace-3623921,Moshar Machine promising a solution to mosquito menace
md-shahnawaz-khan-chandan,0,https://www.thedailystar.net/environment/weather/news/beating-the-heat-cool-initiatives-3607241,Beating the heat with  ‘cool’ initiatives
md-shahnawaz-khan-chandan,0,https://www.thedailystar.net/star-holiday/news/irresistable-antarctica-3596301,Irresistable Antarctica
md-shahnawaz-khan-chandan,0,https://www.thedailystar.net/weekend-read/news/dhakas-vanishing-wildlife-3523496,Dhaka’s vanishing wildlife
md-shahnawaz-khan-chandan,0,https://www.thedailystar.net/news/bangladesh/crime-justice/news/rmg-workers-life-after-protests-plagued-uncertainty-3490356,RMG Workers’ Life After Protests: Plagued by uncertainty
md-shahnawaz-khan-chandan,0,https://www.thedailystar.net/weekend-read/news/toiling-away-childhood-3489696,Toiling away childhood
md-shahnawaz-khan-chandan,0,https://www.thedailystar.net/news/bangladesh/news/khawaja-tower-fire-the-help-didnt-arrive-3454651,Khawaja Tower Fire: ‘The help that didn’t arrive’
md-shahnawaz-khan-chandan,0,https://www.thedailystar.net/news/bangladesh/accidents-fires/news/the-help-didnt-arrive-3454421,'The help that didn't arrive'
md-shahnawaz-khan-chandan,0,https://www.thedailystar.net/news/bangladesh/news/laurels-ott-highfliers-3449441,Laurels for OTT highfliers
md-shahnawaz-khan-chandan,0,https://www.thedailystar.net/opinion/views/news/protect-senior-citizens-the-clutches-corruption-3431691,Protect senior citizens from the clutches of corruption
md-shahnawaz-khan-chandan,0,https://www.thedailystar.net/opinion/views/news/khadijas-ordeal-and-the-questions-we-need-ask-3414406,Khadija’s ordeal and the questions we need to ask
md-shahnawaz-khan-chandan,0,https://www.thedailystar.net/opinion/views/news/all-ails-our-primary-education-3409841,All that ails our primary education
md-shahnawaz-khan-chandan,0,https://www.thedailystar.net/news/bangladesh/news/getting-paid-do-nothing-3359651,Getting paid to do nothing?
md-shahnawaz-khan-chandan,0,https://www.thedailystar.net/news/bangladesh/news/final-nail-jute-mills-coffin-3342176,Final nail in jute mills’ coffin?
md-shahnawaz-khan-chandan,0,https://www.thedailystar.net/weekend-read/news/the-silent-demise-national-book-centre-3342276,The silent demise of National Book Centre
md-shahnawaz-khan-chandan,0,https://www.thedailystar.net/news/bangladesh/news/cause-worth-fighting-3300456,A cause worth fighting for
md-shahnawaz-khan-chandan,0,https://www.thedailystar.net/news/bangladesh/news/how-music-galvanised-the-struggle-freedom-3286391,How music galvanised the struggle for freedom
md-shahnawaz-khan-chandan,0,https://www.thedailystar.net/news/bangladesh/crime-justice/news/shankhari-bazar-carnage-71-death-knocked-their-doors-sundown-3279761,Shankhari Bazar carnage ‘71: Death knocked on their doors at sundown
md-shahnawaz-khan-chandan,0,https://www.thedailystar.net/opinion/views/lets-talk-about-it/news/sexual-violence-madrasas-sufferings-remain-unheard-3264346,Sexual violence in madrasas: sufferings remain unheard
md-shahnawaz-khan-chandan,0,https://www.thedailystar.net/weekend-read/news/dhakas-uninspiring-govt-primary-schools-3244616,Dhaka’s uninspiring govt primary schools
md-shahnawaz-khan-chandan,0,https://www.thedailystar.net/opinion/views/interviews/news/textbooks-cannot-be-made-completely-error-proof-3241601,‘Textbooks cannot be made completely error-proof’
md-shahnawaz-khan-chandan,0,https://www.thedailystar.net/weekend-read/news/the-ordeal-patients-chronic-kidney-diseases-3226401,The ordeal of patients with chronic kidney diseases
md-shahnawaz-khan-chandan,1,https://www.thedailystar.net/news/bangladesh/news/true-grit-true-identity-3214986,True grit for true identity
md-shahnawaz-khan-chandan,1,https://www.thedailystar.net/news/bangladesh/news/the-overlooked-plight-our-soil-3187706,The overlooked plight of our soil
md-shahnawaz-khan-chandan,1,https://www.thedailystar.net/news/bangladesh/news/living-the-shadow-uncertainty-3185856,Living in the shadow of uncertainty
md-shahnawaz-khan-chandan,1,https://www.thedailystar.net/news/bangladesh/news/workers-lives-the-edge-3142956,Workers’ lives on the edge
md-shahnawaz-khan-chandan,1,https://www.thedailystar.net/weekend-read/news/unbearable-burden-unemployed-youth-3143096,Unbearable burden on unemployed youth
md-shahnawaz-khan-chandan,1,https://www.thedailystar.net/news/bangladesh/news/over-the-top-space-artistic-prowess-celebrated-3110211,OTT ushers in a brave new world
md-shahnawaz-khan-chandan,1,https://www.thedailystar.net/business/economy/news/tea-garden-owners-claim-losses-strike-3107191,Tea garden owners claim losses for strike
md-shahnawaz-khan-chandan,1,https://www.thedailystar.net/news/bangladesh/news/bangladesh-turning-its-back-renewable-energy-3103996,Is Bangladesh turning its back on renewable energy?
md-shahnawaz-khan-chandan,1,https://www.thedailystar.net/weekend-read/news/tears-tea-gardens-3104101,Plight and struggle of tea workers continue forever
md-shahnawaz-khan-chandan,1,https://www.thedailystar.net/news/bangladesh/news/dannys-journey-changing-lives-3085696,Danny’s journey of changing lives
md-shahnawaz-khan-chandan,1,https://www.thedailystar.net/weekend-read/news/when-money-matters-most-3083141,English medium schools: When money matters most
md-shahnawaz-khan-chandan,1,https://www.thedailystar.net/weekend-read/news/time-look-what-were-doing-our-children-3067396,‘Time to look at what we’re doing for our children’
md-shahnawaz-khan-chandan,1,https://www.thedailystar.net/weekend-read/news/why-are-teachers-being-targeted-3061701,Why are teachers being targeted?
md-shahnawaz-khan-chandan,1,https://www.thedailystar.net/business/economy/national-budget/news/universal-pension-starts-2022-23-3043931,Universal pension starts from 2022-23
md-shahnawaz-khan-chandan,1,https://www.thedailystar.net/news/bangladesh/news/deprived-nutrition-and-healthcare-3061566,Deprived of nutrition and healthcare
md-shahnawaz-khan-chandan,1,https://www.thedailystar.net/news/bangladesh/news/east-jurain-saga-manmade-mess-3019481,East Jurain: Saga of a manmade mess
md-shahnawaz-khan-chandan,1,https://www.thedailystar.net/news/bangladesh/news/closed-state-owned-jute-mills-laid-workers-still-not-paid-arrears-3016006,Closed state-owned jute mills: Laid-off workers still not paid arrears
md-shahnawaz-khan-chandan,1,https://www.thedailystar.net/news/bangladesh/news/soaring-cost-living-middle-class-tight-spot-3002231,Soaring cost of living: Middle class in a tight spot
md-shahnawaz-khan-chandan,1,https://www.thedailystar.net/news/bangladesh/news/mothers-standing-against-all-odds-2995976,"50% mothers of children with autism suffer from depression, counselling can help: Studies"
md-shahnawaz-khan-chandan,1,https://www.thedailystar.net/news/bangladesh/news/big-leap-tech-industry-2991826,Bangabandhu Hi-Tech City likely to get $1.3b investment by 2025
md-shahnawaz-khan-chandan,2,https://www.thedailystar.net/weekend-read/news/futuristic-or-farcical-2981081,Online Birth Registration: Futuristic or farcical?
md-shahnawaz-khan-chandan,2,https://www.thedailystar.net/news/bangladesh/news/global-warming-bangladesh-loses-7b-working-hours-year-2970601,Global warming: Bangladesh loses 7b working hours a year
md-shahnawaz-khan-chandan,2,https://www.thedailystar.net/news/bangladesh/news/digital-birth-registration-new-system-brings-new-hassles-2946381,Digital birth registration: New system brings forth new hassles
md-shahnawaz-khan-chandan,2,https://www.thedailystar.net/news/bangladesh/news/over-9000-job-seekers-limbo-2914691,"Over 9,000 job seekers in limbo"
md-shahnawaz-khan-chandan,2,https://www.thedailystar.net/news/bangladesh/news/images-carnage-hope-and-victory-2914216,"Never before seen images of carnage, hope and victory"
md-shahnawaz-khan-chandan,2,https://www.thedailystar.net/news/bangladesh/news/crushed-rising-inflation-2910381,Crushed by rising inflation
md-shahnawaz-khan-chandan,2,https://www.thedailystar.net/news/bangladesh/news/playground-only-exists-paper-2908656,Playground only exists on paper
md-shahnawaz-khan-chandan,2,https://www.thedailystar.net/news/bangladesh/news/reminiscent-enlightened-past-2903696,Dhaka’s Brahma Samaj: Reminiscent of an enlightened past
md-shahnawaz-khan-chandan,2,https://www.thedailystar.net/business/economy/banks/news/small-businesses-drowning-debt-deprived-help-no-documentation-2232526,Small Businesses Drowning In Debt: Deprived of help for no documentation
md-shahnawaz-khan-chandan,2,https://www.thedailystar.net/news/bangladesh/news/depression-pandemic-cutting-deeper-thru-the-youth-2194611,Depression in Pandemic: Cutting deeper thru the youth
md-shahnawaz-khan-chandan,2,https://www.thedailystar.net/youth/education/news/school-reopening-cautious-optimism-all-around-2171751,School Reopening: Cautious optimism all around
md-shahnawaz-khan-chandan,2,https://www.thedailystar.net/health/disease/news/lost-lives-and-abandoned-homes-2168586,"Lost lives, abandoned homes: East Jurain hit hard by dengue, locals blame city corporation"
md-shahnawaz-khan-chandan,2,https://www.thedailystar.net/news/bangladesh/news/kumudini-trailblazer-healthcare-charity-2166521,Kumudini: A trailblazer in healthcare charity
md-shahnawaz-khan-chandan,2,https://www.thedailystar.net/news/bangladesh/news/how-rohingya-youth-are-fighting-education-2160291,How Rohingya youth are fighting for education
md-shahnawaz-khan-chandan,2,https://www.thedailystar.net/health/disease/coronavirus/news/covid-19-treatment-cost-families-go-broke-pvt-hospitals-2159186,Covid-19 Treatment Cost: Families go broke at pvt hospitals
md-shahnawaz-khan-chandan,2,https://www.thedailystar.net/news/bangladesh/news/oxyjet-the-long-road-approval-2149451,OxyJet: the long road to approval
md-shahnawaz-khan-chandan,2,https://www.thedailystar.net/news/bangladesh/news/tale-landfill-and-its-ravages-2144066,A tale of a landfill  and its ravages
md-shahnawaz-khan-chandan,2,https://www.thedailystar.net/health/disease/coronavirus/news/surge-covid-patients-hospitals-city-overwhelmed-2140986,Surge in Covid Patients:  Hospitals in city overwhelmed
md-shahnawaz-khan-chandan,2,https://www.thedailystar.net/nrb/migration/news/cash-aid-counsel-expat-returnees-2138481,"Expat Returnees: Cash assistance, counsel for them"
md-shahnawaz-khan-chandan,2,https://www.thedailystar.net/business/economy/industries/news/left-unpaid-living-misery-2134156,"Left unpaid, living in misery"
md-shahnawaz-khan-chandan,3,https://www.thedailystar.net/news/bangladesh/special-read/news/its-more-just-lack-food-2127086,It’s more than just lack of food
md-shahnawaz-khan-chandan,3,https://www.thedailystar.net/supplements/news/living-medical-wastes-2120229,Living on medical wastes
md-shahnawaz-khan-chandan,3,https://www.thedailystar.net/supplements/the-untold-stories-sanitation-and-waste-workers/news/lives-buried-under-the-weight-waste-2120241,Lives buried under the weight of waste
md-shahnawaz-khan-chandan,3,https://www.thedailystar.net/frontpage/news/pvt-hospitals-treating-covid-patients-they-charge-will-2106737,Private hospitals treating Covid-19 patients charging at will
md-shahnawaz-khan-chandan,3,https://www.thedailystar.net/backpage/news/bjmc-temps-leading-miserable-lives-2092149,BJMC Temps: Leading miserable lives
md-shahnawaz-khan-chandan,3,https://www.thedailystar.net/frontpage/news/ravaged-job-loss-pay-cut-2086601,"Ravaged by job loss, pay cut"
md-shahnawaz-khan-chandan,3,https://www.thedailystar.net/frontpage/news/adp-allocations-health-even-pandemic-only-21pc-utilised-2079957,"Adp Allocations for Health: Even in pandemic, only 21pc utilised"
md-shahnawaz-khan-chandan,3,https://www.thedailystar.net/frontpage/news/desperate-hunt-covid-drug-2079129,Second wave sees crisis over a certain drug
md-shahnawaz-khan-chandan,3,https://www.thedailystar.net/backpage/news/integration-has-long-way-go-2070645,Integration has a long way to go
md-shahnawaz-khan-chandan,3,https://www.thedailystar.net/backpage/news/people-down-syndrome-hardly-any-protection-inclusion-2064001,"People with Down Syndrome: Hardly any protection, inclusion"
md-shahnawaz-khan-chandan,3,https://www.thedailystar.net/frontpage/news/state-run-jute-mills-govt-going-lease-private-2053257,State-Run Jute Mills: Govt going for lease to private
md-shahnawaz-khan-chandan,3,https://www.thedailystar.net/opinion/news/remembering-maulana-azad-when-we-most-need-him-2048801,Remembering Maulana Azad when we most need him
md-shahnawaz-khan-chandan,3,https://www.thedailystar.net/city/news/lack-data-hampering-progress-2042905,Disability Rights in Bangladesh: Lack of data hampering progress
md-shahnawaz-khan-chandan,3,https://www.thedailystar.net/supplements/world-cancer-day-2021/news/cancer-care-bangladesh-tale-scarcity-and-negligence-2038889,Cancer care in Bangladesh:  A tale of scarcity and negligence
md-shahnawaz-khan-chandan,3,https://www.thedailystar.net/backpage/news/pornography-spreads-amid-futile-govt-ban-2016313,Pornography spreads amid futile govt ban
md-shahnawaz-khan-chandan,3,https://www.thedailystar.net/frontpage/news/landfill-disarray-2009877,A landfill in disarray
md-shahnawaz-khan-chandan,3,https://www.thedailystar.net/country/news/chairmans-reign-corruption-1998833,UP chairman’s reign of corruption
md-shahnawaz-khan-chandan,3,https://www.thedailystar.net/city/news/dsccs-waste-collection-reform-raises-questions-1991101,DSCC’s waste collection ‘reform’ raises questions
md-shahnawaz-khan-chandan,3,https://www.thedailystar.net/frontpage/news/no-better-than-jail-1969733,No better than a jail
md-shahnawaz-khan-chandan,3,https://www.thedailystar.net/frontpage/news/bjmc-golden-handshake-workers-skeptical-feel-harassed-1961929,"BJMC Golden Handshake: Workers skeptical, feel harassed"
md-shahnawaz-khan-chandan,4,https://www.thedailystar.net/frontpage/news/reopening-state-run-jute-mills-industrialists-not-interested-1961309,Reopening State-Run Jute Mills: Industrialists not interested
md-shahnawaz-khan-chandan,4,https://www.thedailystar.net/rohingya-crisis/news/2nd-dhaka-declaration-ensure-safe-dignified-informed-and-voluntary-repatriation-the-rohingya-people-1951581,"2nd Dhaka Declaration: Ensure safe, dignified, informed and voluntary repatriation of the Rohingya people"
md-shahnawaz-khan-chandan,4,https://www.thedailystar.net/rohingya-crisis/news/continue-pressure-myanmar-repatriate-the-rohingyas-1950841,‘Continue pressure on Myanmar to repatriate the Rohingyas’
md-shahnawaz-khan-chandan,4,https://www.thedailystar.net/frontpage/news/closure-state-run-jute-mills-nothing-the-temporary-workers-1945641,Closure of State-Run Jute Mills: Nothing for the temporary workers
md-shahnawaz-khan-chandan,4,https://www.thedailystar.net/frontpage/news/study-research-abroad-pandemic-leaves-them-hanging-1943597,"Study, Research Abroad: Pandemic leaves them hanging"
md-shahnawaz-khan-chandan,4,https://www.thedailystar.net/country/news/eid-devoid-joy-laid-jute-mill-workers-1939429,An Eid devoid of joy for laid-off jute mill workers
md-shahnawaz-khan-chandan,4,https://www.thedailystar.net/frontpage/news/health-research-universities-knowledge-unutilised-1932029,Health Research at Universities: Knowledge unutilised
md-shahnawaz-khan-chandan,4,https://www.thedailystar.net/backpage/news/their-days-pass-without-work-1924801,Their days pass without work
md-shahnawaz-khan-chandan,4,https://www.thedailystar.net/backpage/news/fishermen-assam-jail-bring-them-back-home-1924277,Fishermen in Assam Jail: Bring them back home
md-shahnawaz-khan-chandan,4,https://www.thedailystar.net/frontpage/news/workers-protest-jute-mill-closure-1922617,Workers protest jute mill closure
md-shahnawaz-khan-chandan,4,https://www.thedailystar.net/frontpage/news/state-run-jute-mills-be-shut-25000-laid-1922165,"State-run jute mills to be shut, 25,000 laid off"
md-shahnawaz-khan-chandan,4,https://www.thedailystar.net/frontpage/news/tricked-deathtrap-1917461,Tricked into deathtrap
md-shahnawaz-khan-chandan,4,https://www.thedailystar.net/city/news/covid-19-pandemic-the-unseen-plight-special-needs-children-1912933,Covid-19 Pandemic: The unseen plight of special-needs children
md-shahnawaz-khan-chandan,4,https://www.thedailystar.net/backpage/news/treatment-hold-1911857,Treatment on hold
md-shahnawaz-khan-chandan,4,https://www.thedailystar.net/frontpage/news/untapped-when-needed-most-1899883,UNTAPPED when needed most
md-shahnawaz-khan-chandan,4,https://www.thedailystar.net/frontpage/news/bangladeshis-stranded-india-8-special-flights-bring-them-home-1894063,Bangladeshis Stranded in India: 8 special flights to  bring them home
md-shahnawaz-khan-chandan,4,https://www.thedailystar.net/frontpage/news/covid-19-outbreak-little-souls-left-exposed-1888006,Covid-19 Outbreak: Little souls left exposed
md-shahnawaz-khan-chandan,4,https://www.thedailystar.net/frontpage/news/many-sick-bangladeshis-still-stranded-india-1887220,Many sick Bangladeshis still stranded in India
md-shahnawaz-khan-chandan,4,https://www.thedailystar.net/frontpage/news/virus-can-cause-havoc-rohingya-camps-1882162,Virus can cause havoc in Rohingya camps
md-shahnawaz-khan-chandan,4,https://www.thedailystar.net/frontpage/news/testing-facilities-only-dhaka-1879003,Coronavirus testing facilities only in Dhaka
md-shahnawaz-khan-chandan,5,https://www.thedailystar.net/opinion/economics/news/slow-death-bangladeshs-state-run-jute-industry-1853179,Slow death of Bangladesh’s state-run jute industry
md-shahnawaz-khan-chandan,5,https://www.thedailystar.net/backpage/khulna-jute-mill-workers-up-against-the-wall-1850956,Up against the wall
md-shahnawaz-khan-chandan,5,https://www.thedailystar.net/star-weekend/news/predisposed-journalism-can-never-grow-and-sustain-1833100,“Predisposed journalism can never grow and sustain”
md-shahnawaz-khan-chandan,5,https://www.thedailystar.net/star-weekend/special-feature/news/book-publishing-tatters-1824262,Book publishing in tatters
md-shahnawaz-khan-chandan,5,https://www.thedailystar.net/star-weekend/spotlight/news/worst-place-live-dhaka-1821235,East Jurain: Worst place to live in Dhaka?
md-shahnawaz-khan-chandan,5,https://www.thedailystar.net/star-weekend/sexual-harassment/news/why-do-many-women-shun-shared-motorbikes-1814968,Why do many women shun shared motorbikes?
md-shahnawaz-khan-chandan,5,https://www.thedailystar.net/star-weekend/spotlight/news/terror-rising-1811842,TERROR RISING
md-shahnawaz-khan-chandan,5,https://www.thedailystar.net/star-weekend/spotlight/news/primary-education-bangladesh-all-exams-and-no-learning-1798843,Primary education in Bangladesh: All exams and no learning
md-shahnawaz-khan-chandan,5,https://www.thedailystar.net/star-weekend/environment/news/can-our-mangroves-survive-the-impulse-industrialise-1795846,Can our mangroves survive the impulse to industrialise?
md-shahnawaz-khan-chandan,5,https://www.thedailystar.net/star-weekend/news/repatriation-the-rohingyas-all-eye-wash-1788433,Repatriation of the Rohingyas: All an eye-wash
md-shahnawaz-khan-chandan,5,https://www.thedailystar.net/star-weekend/education/news/affiliate-or-not-affiliate-1783762,To affiliate or not to affiliate
md-shahnawaz-khan-chandan,5,https://www.thedailystar.net/star-weekend/spotlight/news/anyone-safe-the-hands-mad-mob-1780276,Is anyone safe at the hands of a mad mob?
md-shahnawaz-khan-chandan,5,https://www.thedailystar.net/star-weekend/interview/news/our-studies-prove-we-are-the-brink-public-health-catastrophe-1776382,“Our studies prove that we are on the brink of a public health catastrophe”
md-shahnawaz-khan-chandan,5,https://www.thedailystar.net/star-weekend/endeavour/news/indigenous-way-save-our-soil-1773442,An indigenous way to save our soil
md-shahnawaz-khan-chandan,5,https://www.thedailystar.net/star-weekend/spotlight/news/the-zoo-not-1769368,The zoo that is not
md-shahnawaz-khan-chandan,5,https://www.thedailystar.net/star-weekend/news/when-education-budget-has-nothing-do-education-policy-1766548,When an education budget has nothing to do with education policy
md-shahnawaz-khan-chandan,5,https://www.thedailystar.net/star-weekend/news/forgotten-promise-1759774,District Budget: A forgotten promise?
md-shahnawaz-khan-chandan,5,https://www.thedailystar.net/star-weekend/news/if-i-dont-enjoy-independence-enforce-the-law-i-shall-quit-1756384,"“If I don’t enjoy independence to enforce the law, I shall quit”"
md-shahnawaz-khan-chandan,5,https://www.thedailystar.net/star-weekend/news/farmers-peril-1747696,Farmers in Peril
md-shahnawaz-khan-chandan,5,https://www.thedailystar.net/star-weekend/spotlight/news/the-jinjirum-dies-slow-death-1744762,A River Dies in Kurigram
md-shahnawaz-khan-chandan,6,https://www.thedailystar.net/star-weekend/news/the-long-march-protester-1740979,The Long March of a Protester
md-shahnawaz-khan-chandan,6,https://www.thedailystar.net/star-weekend/special-feature/news/bangladeshs-remediation-programme-ready-take-accords-work-1734112,Is Bangladesh’s remediation programme ready to take on Accord’s work?
md-shahnawaz-khan-chandan,6,https://www.thedailystar.net/star-weekend/education/news/abuse-behind-the-closed-doors-madrasas-1731775,Abuse behind the closed doors of madrasas
md-shahnawaz-khan-chandan,6,https://www.thedailystar.net/star-weekend/migration/news/migrants-voyage-1728469,A MIGRANT'S VOYAGE
md-shahnawaz-khan-chandan,6,https://www.thedailystar.net/star-weekend/environment/news/the-vanishing-fishermen-teesta-1724983,The Vanishing Fishermen of Teesta
md-shahnawaz-khan-chandan,6,https://www.thedailystar.net/star-weekend/education/news/the-election-midnight-1715122,The election at midnight
md-shahnawaz-khan-chandan,6,https://www.thedailystar.net/opinion/perspective/news/womens-right-make-decisions-paramount-1712353,‘Women's right to make decisions is paramount'
md-shahnawaz-khan-chandan,6,https://www.thedailystar.net/star-weekend/news/granted-the-quran-denied-men-1711828,"GRANTED BY THE QURAN, DENIED BY MEN"
md-shahnawaz-khan-chandan,6,https://www.thedailystar.net/star-weekend/education/news/ducsu-elections-2019-lets-not-play-the-students-1708783,DUCSU Elections 2019: Let's not play with the students
md-shahnawaz-khan-chandan,6,https://www.thedailystar.net/star-weekend/heritage/news/the-forgotten-museum-language-movement-1705684,The Forgotten Museum of Language Movement
md-shahnawaz-khan-chandan,6,https://www.thedailystar.net/star-weekend/education/news/caught-red-tape-1702330,Caught up in red tape
md-shahnawaz-khan-chandan,6,https://www.thedailystar.net/star-weekend/special-feature/news/quest-enlightenment-1698934,In quest of enlightenment
md-shahnawaz-khan-chandan,6,https://www.thedailystar.net/frontpage/news/the-road-enlightenment-1698580,On the road to enlightenment
md-shahnawaz-khan-chandan,6,https://www.thedailystar.net/opinion/perspective/news/cancer-treatment-bangladesh-still-long-way-go-1696912,Cancer treatment in Bangladesh: Still a long way to go
md-shahnawaz-khan-chandan,6,https://www.thedailystar.net/star-weekend/child-rights/news/childhood-choked-brick-kilns-1695667,Childhood choked by brick kilns
md-shahnawaz-khan-chandan,6,https://www.thedailystar.net/star-weekend/news/the-salanga-massacre-1922-bangladeshs-forgotten-bloodbath-1692412,The Salanga Massacre of 1922: Bangladesh's forgotten bloodbath
md-shahnawaz-khan-chandan,6,https://www.thedailystar.net/star-weekend/labour-rights/news/unheard-unseen-unrecognised-the-plight-dhakas-waste-collectors-1689025,"Unheard, Unseen, Unrecognised: The Plight of Dhaka's Waste Collectors"
md-shahnawaz-khan-chandan,6,https://www.thedailystar.net/star-weekend/spotlight/news/losing-the-war-cancer-1685734,A Fatal Diagnosis: Cancer treatment in Bangladesh
md-shahnawaz-khan-chandan,6,https://www.thedailystar.net/star-weekend/special-feature/news/first-time-voters-failed-technology-or-the-system-1682623,First-time voters: failed by technology or the system?
md-shahnawaz-khan-chandan,6,https://www.thedailystar.net/star-weekend/cover-story/news/girls-still-left-behind-1645774,Girls Still Left Behind
md-shahnawaz-khan-chandan,7,https://www.thedailystar.net/star-weekend/news/the-unresolved-issue-equity-1639561,The unresolved issue of equity
md-shahnawaz-khan-chandan,7,https://www.thedailystar.net/star-weekend/news/welcome-caution-1636576,"Welcome, with caution"
md-shahnawaz-khan-chandan,7,https://www.thedailystar.net/star-weekend/spotlight/news/murder-the-camps-1633582,Murder in the camps
md-shahnawaz-khan-chandan,7,https://www.thedailystar.net/news/bytes/meet-bangladeshs-future-mars-explorer-1628377,Meet Bangladesh's future Mars explorer
md-shahnawaz-khan-chandan,7,https://www.thedailystar.net/news/star-weekend/life-goes/the-business-survival-1627252,The business of survival
md-shahnawaz-khan-chandan,7,https://www.thedailystar.net/news/star-weekend/life-goes/evicted-rakhine-trafficked-coxs-bazar-1627594,"Evicted from Rakhine, trafficked in Cox's Bazar"
md-shahnawaz-khan-chandan,7,https://www.thedailystar.net/news/book-reviews/kom-chena-boro-manush-abdul-quadir-1627435,Kom Chena Boro Manush: Abdul Quadir
md-shahnawaz-khan-chandan,7,https://www.thedailystar.net/news/star-weekend/human-rights/day-the-police-station-1618534,A day in the police station
md-shahnawaz-khan-chandan,7,https://www.thedailystar.net/star-weekend/opinion/hostage-our-own-country-1615177,Hostage in our own country?
md-shahnawaz-khan-chandan,7,https://www.thedailystar.net/star-weekend/labour-rights/betrayed-again-1611883,Betrayed Again?
md-shahnawaz-khan-chandan,7,https://www.thedailystar.net/star-weekend/spotlight/beating-suspects-not-crimes-1608055,Beating suspects not crimes
md-shahnawaz-khan-chandan,7,https://www.thedailystar.net/star-weekend/dark-waters-1596844,Dark Waters
md-shahnawaz-khan-chandan,7,https://www.thedailystar.net/star-weekend/illuminate-the-blind-spot-1593472,Illuminate the Blind Spot
md-shahnawaz-khan-chandan,7,https://www.thedailystar.net/star-weekend/environment/the-invisible-victims-development-1588003,The Invisible Victims of “Development”
md-shahnawaz-khan-chandan,7,https://www.thedailystar.net/star-weekend/environment/the-sanctuary-its-death-bed-1588024,The Sanctuary on its Death Bed
md-shahnawaz-khan-chandan,7,https://www.thedailystar.net/star-weekend/zakat-beyond-cheap-saris-and-rice-packets-1584745,"Zakat, beyond cheap saris and rice packets"
md-shahnawaz-khan-chandan,7,https://www.thedailystar.net/opinion/tribute/remembering-trailblazer-womens-empowerment-1581343,Remembering a trailblazer for women's empowerment
md-shahnawaz-khan-chandan,7,https://www.thedailystar.net/star-weekend/book-review/jiboner-bone-bone-memoir-depicts-bangladesh-1577743,Jiboner Bone Bone -  A memoir that depicts Bangladesh
md-shahnawaz-khan-chandan,7,https://www.thedailystar.net/star-weekend/ruined-cyclones-devastated-neglect-1574500,"Ruined by cyclones, devastated by neglect"
md-shahnawaz-khan-chandan,7,https://www.thedailystar.net/star-weekend/perspective/qualified-rejected-1568203,"Qualified, but Rejected"
md-shahnawaz-khan-chandan,8,https://www.thedailystar.net/star-weekend/spotlight/all-talk-and-no-action-1564897,All Talk and No Action?
md-shahnawaz-khan-chandan,8,https://www.thedailystar.net/in-focus/promoters-peace-1556665,Promoters of Peace
md-shahnawaz-khan-chandan,8,https://www.thedailystar.net/star-weekend/the-quota-conundrum-1555300,The Quota Conundrum
md-shahnawaz-khan-chandan,8,https://www.thedailystar.net/star-youth/atauls-gift-safe-drinking-water-1552144,Ataul's Gift of Safe Drinking Water
md-shahnawaz-khan-chandan,8,https://www.thedailystar.net/star-weekend/spotlight/campus-forever-linked-liberation-1551910,A Campus Forever Linked to Liberation
md-shahnawaz-khan-chandan,8,https://www.thedailystar.net/star-weekend/gender/what-it-means-be-woman-the-workplace-1545277,What it means to be a woman in the workplace
md-shahnawaz-khan-chandan,8,https://www.thedailystar.net/star-weekend/waqf-reviving-its-true-spirit-1541980,WAQF Reviving its True Spirit
md-shahnawaz-khan-chandan,8,https://www.thedailystar.net/star-weekend/waqf-forgotten-legacy-1538539,WAQF - A FORGOTTEN LEGACY
md-shahnawaz-khan-chandan,8,https://www.thedailystar.net/star-weekend/strange-history/the-mystery-the-barisal-guns-1534687,The Mystery of the Barisal Guns
md-shahnawaz-khan-chandan,8,https://www.thedailystar.net/star-weekend/education/the-trouble-unauthorised-schools-1524994,The trouble with unauthorised schools
md-shahnawaz-khan-chandan,8,https://www.thedailystar.net/star-weekend/whats-so-contentious-about-the-cpd-report-anyway-1521763,What's so contentious about the CPD report anyway?
md-shahnawaz-khan-chandan,8,https://www.thedailystar.net/star-weekend/spotlight/lure-the-confirmed-1518412,Lure of the confirmed A+
md-shahnawaz-khan-chandan,8,https://www.thedailystar.net/star-youth/sporshos-journey-conquering-vision-1518457,Sporsho's Journey of Conquering Vision
md-shahnawaz-khan-chandan,8,https://www.thedailystar.net/star-weekend/not-just-minority-1508446,Not just a minority
md-shahnawaz-khan-chandan,8,https://www.thedailystar.net/star-weekend/spotlight/contentious-history-1504975,Editing out 1971
md-shahnawaz-khan-chandan,8,https://www.thedailystar.net/star-weekend/spotlight/death-camps-wildlife-1498630,Death camps for wildlife
md-shahnawaz-khan-chandan,8,https://www.thedailystar.net/star-weekend/the-promise-municipalities-1485469,The promise of municipalities
md-shahnawaz-khan-chandan,8,https://www.thedailystar.net/star-weekend/alia-madrasa-1482232,Alia Madrasa: an education system on its death bed
md-shahnawaz-khan-chandan,8,https://www.thedailystar.net/star-weekend/the-marriage-conundrum-1478908,The marriage conundrum
md-shahnawaz-khan-chandan,8,https://www.thedailystar.net/star-weekend/spotlight/living-the-genocide-the-grip-trauma-1472017,Living the genocide: in the grip of trauma
md-shahnawaz-khan-chandan,9,https://www.thedailystar.net/star-weekend/the-man-the-realm-nature-1465627,The man in the realm of nature
md-shahnawaz-khan-chandan,9,https://www.thedailystar.net/star-weekend/spotlight/yearning-relief-1462171,Yearning for relief
md-shahnawaz-khan-chandan,9,https://www.thedailystar.net/star-weekend/how-flows-become-floods-1458835,How flows become floods
md-shahnawaz-khan-chandan,9,https://www.thedailystar.net/star-weekend/opinion/cruelty-sacrifice-1456828,Cruelty before sacrifice
md-shahnawaz-khan-chandan,9,https://www.thedailystar.net/star-weekend/spotlight/science-the-decline-1450123,Science is out
md-shahnawaz-khan-chandan,9,https://www.thedailystar.net/opinion/the-making-our-bangabandhu-1448608,The making of our Bangabandhu
md-shahnawaz-khan-chandan,9,https://www.thedailystar.net/star-weekend/endeavour/when-zakat-can-break-the-cycle-poverty-1424032,When zakat can break the cycle of poverty
md-shahnawaz-khan-chandan,9,https://www.thedailystar.net/star-weekend/spotlight/the-run-1417459,Longadu burning
md-shahnawaz-khan-chandan,9,https://www.thedailystar.net/star-weekend/cutting-dhakas-lifeline-1414168,Cutting off Dhaka's lifeline
md-shahnawaz-khan-chandan,9,https://www.thedailystar.net/star-weekend/locked-motherland-1410814,Locked up in Motherland
md-shahnawaz-khan-chandan,9,https://www.thedailystar.net/star-weekend/spotlight/island-unto-itself-1407181,An Island Unto Itself
md-shahnawaz-khan-chandan,9,https://www.thedailystar.net/star-weekend/how-much-workers-life-worth-1393882,How much is a worker's life worth?
md-shahnawaz-khan-chandan,9,https://www.thedailystar.net/star-weekend/human-rights/our-city-1390828,Is this our city?
md-shahnawaz-khan-chandan,9,https://www.thedailystar.net/slow-reads/slow-reads-special/news/folkloric-bangladesh-1390843,Folkloric Bangladesh
md-shahnawaz-khan-chandan,9,https://www.thedailystar.net/star-weekend/access-denied-1387390,Access Denied!
md-shahnawaz-khan-chandan,9,https://www.thedailystar.net/in-focus/building-city-tomorrow-1384546,Building a city of tomorrow
md-shahnawaz-khan-chandan,9,https://www.thedailystar.net/star-weekend/spotlight/putting-consumers-last-1383844,Putting Consumers Last
md-shahnawaz-khan-chandan,9,https://www.thedailystar.net/star-weekend/zahid-hasan-1377007,Zahid Hasan
md-shahnawaz-khan-chandan,9,https://www.thedailystar.net/star-weekend/who-rules-our-roads-1373338,Who Rules Our Roads?
md-shahnawaz-khan-chandan,9,https://www.thedailystar.net/star-weekend/cover-story/corrupting-generation-1366267,Corrupting a Generation
md-shahnawaz-khan-chandan,10,https://www.thedailystar.net/star-weekend/heritage/the-forgotten-history-dhaka-gate-1362220,The Forgotten History of Dhaka Gate
md-shahnawaz-khan-chandan,10,https://www.thedailystar.net/star-weekend/exploring-young-hearts-and-minds-1358491,Exploring Young Hearts and Minds
md-shahnawaz-khan-chandan,10,https://www.thedailystar.net/star-weekend/opinion/our-silence-police-brutality-1355386,Our Silence on Police Brutality
md-shahnawaz-khan-chandan,10,https://www.thedailystar.net/star-weekend/opinion/history-teaches-us-nothing-1351453,History Teaches Us Nothing
md-shahnawaz-khan-chandan,10,https://www.thedailystar.net/star-weekend/when-heroin-was-medicine-1347694,When Heroin was a Medicine
md-shahnawaz-khan-chandan,10,https://www.thedailystar.net/star-weekend/strange-professions/working-the-live-mannequins-1344319,Working with the Live Mannequins
md-shahnawaz-khan-chandan,10,https://www.thedailystar.net/star-weekend/opinion/nctbs-textbook-blunder-loss-hard-recover-1344379,NCTB's Textbook Blunder: A Loss Hard to Recover
md-shahnawaz-khan-chandan,10,https://www.thedailystar.net/star-weekend/the-shortest-war-history-1340824,The Shortest War in History
md-shahnawaz-khan-chandan,10,https://www.thedailystar.net/star-weekend/strange-professions/the-sponge-divers-1334011,The Sponge Divers
md-shahnawaz-khan-chandan,10,https://www.thedailystar.net/star-weekend/strange-professions/ethical-hackers-1330369,Ethical Hackers
md-shahnawaz-khan-chandan,10,https://www.thedailystar.net/star-weekend/heritage/the-legend-ma-thin-and-her-undying-love-1327093,The legend of Ma Thin and her Undying Love
md-shahnawaz-khan-chandan,10,https://www.thedailystar.net/star-weekend/the-european-witch-hunt-1327105,The European Witch-Hunt
md-shahnawaz-khan-chandan,10,https://www.thedailystar.net/star-weekend/strange-professions/professional-line-standers-1323586,Professional Line-Standers
md-shahnawaz-khan-chandan,10,https://www.thedailystar.net/star-weekend/initiative/free-cataract-surgeries-children-life-changing-initiative-1323670,Free Cataract Surgeries for children: A life changing initiative
md-shahnawaz-khan-chandan,10,https://www.thedailystar.net/star-weekend/opinion/save-the-rohingyas-why-and-how-move-forward-1319869,Save the Rohingyas: Why and How to move Forward
md-shahnawaz-khan-chandan,10,https://www.thedailystar.net/star-weekend/tipus-tiger-1319833,Tipu's Tiger
md-shahnawaz-khan-chandan,10,https://www.thedailystar.net/star-weekend/spotlight/how-salvage-the-lost-paradise-saint-martins-1316347,How to Salvage the Lost Paradise: Saint Martin's
md-shahnawaz-khan-chandan,10,https://www.thedailystar.net/star-weekend/opinion/attacks-religious-and-ethnic-minorities-the-price-paid-the-innocent-1316407,Attacks on religious and ethnic minorities: The Price paid by the innocent
md-shahnawaz-khan-chandan,10,https://www.thedailystar.net/star-weekend/cover-story/saving-the-coral-island-1316437,Saving the Coral Island
md-shahnawaz-khan-chandan,10,https://www.thedailystar.net/star-weekend/education/curing-the-fear-english-1312993,Curing The Fear of English
md-shahnawaz-khan-chandan,11,https://www.thedailystar.net/star-weekend/castro-versus-death-1308964,Castro versus Death
md-shahnawaz-khan-chandan,11,https://www.thedailystar.net/star-weekend/exhibition/rooted-our-soul-and-soil-1308994,Rooted in our Soul and Soil
md-shahnawaz-khan-chandan,11,https://www.thedailystar.net/star-weekend/jump-earn-1305226,Jump to Earn
md-shahnawaz-khan-chandan,11,https://www.thedailystar.net/star-weekend/cover-story/baptised-fire-first-arrive-last-leave-1305250,"Baptised With Fire: First to arrive, last to leave"
md-shahnawaz-khan-chandan,11,https://www.thedailystar.net/star-weekend/cover-story/baptised-fire-1305319,Baptised with Fire
md-shahnawaz-khan-chandan,11,https://www.thedailystar.net/star-weekend/bangladeshs-first-balloonist-1301611,Bangladesh's First Balloonist
md-shahnawaz-khan-chandan,11,https://www.thedailystar.net/star-weekend/heritage/the-mosque-mohammadpur-1301617,The Mosque of Mohammadpur
md-shahnawaz-khan-chandan,11,https://www.thedailystar.net/star-weekend/chasing-the-winged-rats-1298194,Chasing the Winged Rats
md-shahnawaz-khan-chandan,11,https://www.thedailystar.net/star-weekend/spotlight/beyond-flush-and-forget-1298203,Beyond Flush and Forget
md-shahnawaz-khan-chandan,11,https://www.thedailystar.net/star-weekend/cover-story/breaking-the-toilet-taboo-1298461,Breaking the Toilet Taboo
md-shahnawaz-khan-chandan,11,https://www.thedailystar.net/star-weekend/remembering-the-forgotten-hero-1275424,Remembering the Forgotten Hero
md-shahnawaz-khan-chandan,11,https://www.thedailystar.net/star-weekend/spotlight/the-manmade-deluge-1268173,The Manmade Deluge
md-shahnawaz-khan-chandan,11,https://www.thedailystar.net/star-weekend/cover-story/surviving-the-disaster-1268206,Surviving the Disaster
md-shahnawaz-khan-chandan,11,https://www.thedailystar.net/star-weekend/spotlight/paradise-peril-1260796,A Paradise in Peril
md-shahnawaz-khan-chandan,11,https://www.thedailystar.net/star-weekend/spotlight/young-minds-unheard-1257229,"Young Minds, Unheard"
md-shahnawaz-khan-chandan,11,https://www.thedailystar.net/star-weekend/opinion/lets-not-forget-her-cry-1257250,Let's Not Forget Her Cry
md-shahnawaz-khan-chandan,11,https://www.thedailystar.net/star-weekend/star-people/niaz-rahim-story-principle-profit-1248256,Niaz Rahim: A Story of  Principle before Profit
md-shahnawaz-khan-chandan,11,https://www.thedailystar.net/star-weekend/cover-story/wild-struggle-towards-home-1244446,A Wild Struggle  towards Home
md-shahnawaz-khan-chandan,11,https://www.thedailystar.net/star-weekend/heritage/the-white-marvel-rangpur-1240588,The White Marvel  of Rangpur
md-shahnawaz-khan-chandan,11,https://www.thedailystar.net/star-weekend/the-best-job-man-can-have-1240633,the Best Job  a Man can have
md-shahnawaz-khan-chandan,12,https://www.thedailystar.net/star-weekend/spotlight/dreaming-traffic-free-dhaka-1236910,Dreaming of a Traffic Free Dhaka
md-shahnawaz-khan-chandan,12,https://www.thedailystar.net/star-weekend/the-story-plea-and-protest-1236922,The Story of Plea  and Protest
md-shahnawaz-khan-chandan,12,https://www.thedailystar.net/star-weekend/cover-story/the-brutal-experience-1236946,The Brutal  Experience
md-shahnawaz-khan-chandan,12,https://www.thedailystar.net/star-weekend/watch-saluting-the-pioneers-1233460,[WATCH] Saluting the Pioneers
md-shahnawaz-khan-chandan,12,https://www.thedailystar.net/star-weekend/bangladeshs-untapped-treasure-1229812,Bangladesh's  Untapped Treasure
md-shahnawaz-khan-chandan,12,https://www.thedailystar.net/star-weekend/1-minute-please/1-minute-please-1226419,1 Minute Please!
md-shahnawaz-khan-chandan,12,https://www.thedailystar.net/star-weekend/human-rights/we-cant-turn-blind-eye-1219108,We Can't Turn a Blind Eye
md-shahnawaz-khan-chandan,12,https://www.thedailystar.net/star-weekend/education/the-long-awaited-law-1215976,The Long Awaited Law
md-shahnawaz-khan-chandan,12,https://www.thedailystar.net/star-weekend/blood-stained-elections-failed-democracy-1212379,Blood Stained Elections A Failed Democracy
md-shahnawaz-khan-chandan,12,https://www.thedailystar.net/supplements/naboborsho-1423/pahela-baishakh-the-uniting-legacy-1208203,Pahela Baishakh: The uniting legacy
md-shahnawaz-khan-chandan,12,https://www.thedailystar.net/star-weekend/heritage/the-grandeur-baliati-1202239,The Grandeur of Baliati
md-shahnawaz-khan-chandan,12,https://www.thedailystar.net/star-weekend/the-tale-faces-and-masquerades-1199038,The Tale of Faces and Masquerades
md-shahnawaz-khan-chandan,12,https://www.thedailystar.net/star-weekend/honouring-our-nations-conscience-900394,Honouring Our Nation's Conscience
md-shahnawaz-khan-chandan,12,https://www.thedailystar.net/star-weekend/human-rights/the-saga-self-destructive-society-789253,The Saga of a  Self-Destructive Society
md-shahnawaz-khan-chandan,12,https://www.thedailystar.net/star-weekend/spotlight/trail-the-lost-languages-660589,On A Trail of the Lost Languages
md-shahnawaz-khan-chandan,12,https://www.thedailystar.net/star-weekend/cover-story/the-forgotten-languages-bangladesh-664870,The Forgotten Languages of Bangladesh
md-shahnawaz-khan-chandan,12,https://www.thedailystar.net/supplements/amar-ekushey-2016/one-step-forward-two-steps-back-575194,"One step forward, two steps back"
md-shahnawaz-khan-chandan,12,https://www.thedailystar.net/star-weekend/the-plague-the-offing-574228,The Plague  in the Offing
md-shahnawaz-khan-chandan,12,https://www.thedailystar.net/star-weekend/shutterstories/place-never-sleeps-212509,PLACE THAT NEVER SLEEPS
md-shahnawaz-khan-chandan,12,https://www.thedailystar.net/star-weekend/the-love-books-and-knowledge-212512,For the Love of Books and  Knowledge
md-shahnawaz-khan-chandan,13,https://www.thedailystar.net/star-weekend/endeavour/the-unsung-heroes-212575,The Unsung Heroes
md-shahnawaz-khan-chandan,13,https://www.thedailystar.net/star-weekend/spotlight/our-backs-are-against-the-wall-208720,OUR BACKS ARE UP AGAINST THE WALL
md-shahnawaz-khan-chandan,13,https://www.thedailystar.net/star-weekend/cover-story/all-about-the-power-play-208759,All about the Power Play
md-shahnawaz-khan-chandan,13,https://www.thedailystar.net/star-weekend/the-unresolved-conundrum-205204,The Unresolved Conundrum
md-shahnawaz-khan-chandan,13,https://www.thedailystar.net/star-weekend/heritage/the-temples-puthia-201781,The Temples of Puthia
md-shahnawaz-khan-chandan,13,https://www.thedailystar.net/star-weekend/star-people/the-right-live-hope-and-dignity-201793,For the Right to Live with Hope and Dignity
md-shahnawaz-khan-chandan,13,https://www.thedailystar.net/star-weekend/art/alluvial-soul-201811,An Alluvial Soul
md-shahnawaz-khan-chandan,13,https://www.thedailystar.net/star-weekend/spotlight/classrooms-the-streets-198433,From Classrooms to The Streets
md-shahnawaz-khan-chandan,13,https://www.thedailystar.net/star-weekend/cover-story/the-deadlocked-future-198475,THE DEADLOCKED FUTURE
md-shahnawaz-khan-chandan,13,https://www.thedailystar.net/star-weekend/heritage/dhakas-lost-paradise-194932,Dhaka's Lost Paradise
md-shahnawaz-khan-chandan,13,https://www.thedailystar.net/star-people/the-man-who-never-gave-194950,The Man Who Never Gave Up
md-shahnawaz-khan-chandan,13,https://www.thedailystar.net/star-weekend/flashback-2015-192064,FLASHBACK 2015
md-shahnawaz-khan-chandan,13,https://www.thedailystar.net/star-weekend/shutterstories/the-winters-tale-188623,The Winter's Tale
md-shahnawaz-khan-chandan,13,https://www.thedailystar.net/star-weekend/apple-day/save-your-skin-winter-188641,Save your Skin in Winter
md-shahnawaz-khan-chandan,13,https://www.thedailystar.net/supplements/history-written-blood-187984,A HISTORY WRITTEN IN BLOOD
md-shahnawaz-khan-chandan,13,https://www.thedailystar.net/star-weekend/awareness/the-story-untold-sufferings-185305,The Story of Untold Sufferings
md-shahnawaz-khan-chandan,13,https://www.thedailystar.net/star-weekend/shutterstories/the-quiet-hills-181762,Up in the Quiet Hills
md-shahnawaz-khan-chandan,13,https://www.thedailystar.net/star-people/journey-art-and-passion-181783,A Journey of  Art and Passion
md-shahnawaz-khan-chandan,13,https://www.thedailystar.net/slow-reads/focus/news/tiny-deadly-179026,TINY BUT DEADLY
md-shahnawaz-khan-chandan,13,https://www.thedailystar.net/star-weekend/star-people/trailblazers-journey-178387,A Trailblazer's Journey
md-shahnawaz-khan-chandan,14,https://www.thedailystar.net/star-weekend/1-minute-please/1-minute-please-178342,1 Minute Please!
md-shahnawaz-khan-chandan,14,https://www.thedailystar.net/star-weekend/shutterstories/the-legacy-the-great-war-174847,The Legacy of the Great War
md-shahnawaz-khan-chandan,14,https://www.thedailystar.net/star-weekend/star-people/pioneering-new-art-174880,Pioneering  a New Art
md-shahnawaz-khan-chandan,14,https://www.thedailystar.net/star-weekend/shutterstories/life-the-abyss-civilisation-171277,Life in the Abyss  of Civilisation
md-shahnawaz-khan-chandan,14,https://www.thedailystar.net/star-weekend/heritage/the-grand-mosque-bagha-171295,The Grand Mosque of Bagha
md-shahnawaz-khan-chandan,14,https://www.thedailystar.net/star-weekend/endeavour/feel-the-vibe-fanta-band-171301,Feel the Vibe with  Fanta Band
md-shahnawaz-khan-chandan,14,https://www.thedailystar.net/star-weekend/experience/sharing-the-dignity-167854,Sharing  the Dignity
md-shahnawaz-khan-chandan,14,https://www.thedailystar.net/star-weekend/shutterstories/the-hands-fate-167815,The Hands of Fate
md-shahnawaz-khan-chandan,14,https://www.thedailystar.net/star-weekend/the-first-museum-bangladesh-164248,The First Museum of Bangladesh
md-shahnawaz-khan-chandan,14,https://www.thedailystar.net/in-focus/polluting-possibility-161716,Polluting A Possibility
md-shahnawaz-khan-chandan,14,https://www.thedailystar.net/star-weekend/the-looming-threat-161212,The Looming Threat
md-shahnawaz-khan-chandan,14,https://www.thedailystar.net/star-weekend/spotlight/screaminghazaribagh-153862,Screaming......HAZARIBAGH
md-shahnawaz-khan-chandan,14,https://www.thedailystar.net/star-weekend/opinion/the-victims-impunity-153886,The Victims of Impunity
md-shahnawaz-khan-chandan,14,https://www.thedailystar.net/star-weekend/cover-story/deadly-luxury-153895,A Deadly Luxury
md-shahnawaz-khan-chandan,14,https://www.thedailystar.net/star-weekend/cover-story/search-art-humanity-and-beauty-144952,"In search of Art, Humanity and Beauty"
md-shahnawaz-khan-chandan,14,https://www.thedailystar.net/star-weekend/opinion/our-future-stake-140977,Our Future at stake
md-shahnawaz-khan-chandan,14,https://www.thedailystar.net/star-weekend/campus/humanitarian-appeal-140917,A Humanitarian Appeal
md-shahnawaz-khan-chandan,14,https://www.thedailystar.net/star-weekend/spotlight/rotting-behind-bars-137293,Rotting Behind Bars
md-shahnawaz-khan-chandan,14,https://www.thedailystar.net/star-weekend/cover-story/the-iron-gates-injustice-137497,The Iron Gates of Injustice
md-shahnawaz-khan-chandan,15,https://www.thedailystar.net/star-weekend/star-people/capturing-life-133537,Capturing Life
md-shahnawaz-khan-chandan,15,https://www.thedailystar.net/star-weekend/the-endangered-shangri-la-129880,The Endangered Shangri-La
md-shahnawaz-khan-chandan,15,https://www.thedailystar.net/star-weekend/endeavour/mentoring-the-future-leaders-126376,Mentoring the Future Leaders
md-shahnawaz-khan-chandan,15,https://www.thedailystar.net/star-weekend/durlov-kothok-abul-mansur-ahmad-126406,Durlov Kothok: Abul Mansur Ahmad
md-shahnawaz-khan-chandan,15,https://www.thedailystar.net/star-weekend/star-people/the-start-guru-122770,The Start Up Guru
md-shahnawaz-khan-chandan,15,https://www.thedailystar.net/star-weekend/heritage/the-lost-kingdom-jaintia-122848,The Lost  Kingdom of Jaintia
md-shahnawaz-khan-chandan,15,https://www.thedailystar.net/star-weekend/spotlight/the-zoo-not-119140,The Zoo  that is Not
md-shahnawaz-khan-chandan,15,https://www.thedailystar.net/shout/education/right-or-commodity-113422,A Right or a Commodity?
md-shahnawaz-khan-chandan,15,https://www.thedailystar.net/star-weekend/spotted-the-foot-over-bridge-113494,Spotted on the foot-over bridge!
md-shahnawaz-khan-chandan,15,https://www.thedailystar.net/star-weekend/star-people/smart-solution-public-safety-109954,A Smart Solution  for Public Safety
md-shahnawaz-khan-chandan,15,https://www.thedailystar.net/star-weekend/shutterstories/no-vat-education-109981,#NO Vat on  Education
md-shahnawaz-khan-chandan,15,https://www.thedailystar.net/star-weekend/education/caught-the-college-conundrum-110002,CAUGHT IN THE COLLEGE CONUNDRUM
md-shahnawaz-khan-chandan,15,https://www.thedailystar.net/star-weekend/the-platform-intellectual-bangladesh-106381,The Platform for Intellectual Bangladesh
md-shahnawaz-khan-chandan,15,https://www.thedailystar.net/star-weekend/heritage/reliving-the-past-the-sona-mosque-102835,Reliving the Past at  the Sona Mosque
md-shahnawaz-khan-chandan,15,https://www.thedailystar.net/impact-journalism-day/brave-men-campaign-real-men%E2%80%99-fight-equality-99595,Brave Men Campaign: ‘Real Men’ fight for equality
md-shahnawaz-khan-chandan,15,https://www.thedailystar.net/star-weekend/championing-the-new-wave-99082,Championing the New Wave
md-shahnawaz-khan-chandan,15,https://www.thedailystar.net/star-weekend/the-quiet-revolution-99097,THE QUIET REVOLUTION
md-shahnawaz-khan-chandan,15,https://www.thedailystar.net/star-weekend/cover-story/the-new-95482,IN WITH THE NEW
md-shahnawaz-khan-chandan,15,https://www.thedailystar.net/star-weekend/star-people/visual-storytelling-95533,Visual Storytelling
md-shahnawaz-khan-chandan,15,https://www.thedailystar.net/star-weekend/the-actor-and-the-mentor-92092,THE ACTOR AND THE MENTOR
md-shahnawaz-khan-chandan,16,https://www.thedailystar.net/star-weekend/heritage/dhakas-caravansary-92161,Dhaka's Caravansary
md-shahnawaz-khan-chandan,16,https://www.thedailystar.net/star-weekend/spotlight/tortured-killed-and-abandoned-88846,"TORTURED, KILLED AND ABANDONED"
md-shahnawaz-khan-chandan,16,https://www.thedailystar.net/in-focus/there-has-be-better-way-85807,There has to be a better way!
md-shahnawaz-khan-chandan,16,https://www.thedailystar.net/star-weekend/star-people/waging-peace-and-justice-85210,Waging Peace and Justice
md-shahnawaz-khan-chandan,16,https://www.thedailystar.net/star-weekend/much-needed-initiative-82073,A MUCH-NEEDED INITIATIVE
md-shahnawaz-khan-chandan,16,https://www.thedailystar.net/star-weekend/heritage/the-flavour-dhaka-82271,The Flavour of Dhaka
md-shahnawaz-khan-chandan,16,https://www.thedailystar.net/star-weekend/heritage/reminiscing-dhakas-legacy-80994,REMINISCING DHAKA'S LEGACY
md-shahnawaz-khan-chandan,16,https://www.thedailystar.net/star-weekend/fighting-the-epidemic-79954,FIGHTING THE EPIDEMIC
md-shahnawaz-khan-chandan,16,https://www.thedailystar.net/star-weekend/star-people/creating-magical-childhood-76263,CREATING A MAGICAL  CHILDHOOD
md-shahnawaz-khan-chandan,16,https://www.thedailystar.net/star-weekend/star-people/activists-tale-74988,AN ACTIVIST'S TALE
md-shahnawaz-khan-chandan,16,https://www.thedailystar.net/star-weekend/chronicles/brave-hearts-73724,BRAVE HEARTS
md-shahnawaz-khan-chandan,16,https://www.thedailystar.net/star-weekend/spotlight/solution-water-crisis-72324,A SOLUTION  TO WATER  CRISIS
md-shahnawaz-khan-chandan,16,https://www.thedailystar.net/star-weekend/weekend-tech/lets-eat-72329,LET'S  EAT
md-shahnawaz-khan-chandan,16,https://www.thedailystar.net/the-star/education/studying-karail-71192,STUDYING  IN KARAIL
md-shahnawaz-khan-chandan,16,https://www.thedailystar.net/star-people/leading-example-71196,Leading by Example
md-shahnawaz-khan-chandan,16,https://www.thedailystar.net/showbiz/living-the-stars/change-makers-journey-5293,A Change Maker's Journey
md-shahnawaz-khan-chandan,16,https://www.thedailystar.net/the-star/the-voices-men-5595,THE VOICES OF MEN
md-shahnawaz-khan-chandan,16,https://www.thedailystar.net/the-star/remembrance/the-humanist-author-4390,The Humanist Author
md-shahnawaz-khan-chandan,16,https://www.thedailystar.net/the-star/cover-story/unveiling-the-great-thinker-4365,Unveiling The Great Thinker
md-shahnawaz-khan-chandan,16,https://www.thedailystar.net/the-star/remembrance/the-man-who-changed-black-america-3209,The Man Who Changed Black America
md-shahnawaz-khan-chandan,17,https://www.thedailystar.net/the-star/pioneer-bengali-art-film-1378,The Pioneer of Bengali Art Film
md-shahnawaz-khan-chandan,17,https://www.thedailystar.net/the-star/cineastes-el-dorado-1358,IN THE CINEASTE'S EL DORADO
mohiuddin-alamgir,0,https://www.thedailystar.net/star-multimedia/news/preparations-send-10000-workers-malaysia-no-cost-who-can-apply-4291846,"Preparations to send 10,000 workers to Malaysia at no cost: Who can apply?"
mohiuddin-alamgir,0,https://www.thedailystar.net/star-multimedia/news/pakistans-weapons-us-intelligence-support-saudi-arabias-plan-against-houthis-4291841,"Pakistan’s weapons, US intelligence support: Saudi Arabia’s plan against Houthis"
mohiuddin-alamgir,0,https://www.thedailystar.net/star-multimedia/news/writing-feet-dukhu-mia-builds-school-after-failing-find-job-4291836,Writing with feet: Dukhu Mia builds a school after failing to find a job
mohiuddin-alamgir,0,https://www.thedailystar.net/sports/more-sports/news/bangladesh-asian-games-just-taking-part-isnt-enough-anymore-4291856,Bangladesh at Asian Games: Just taking part isn't enough anymore
mohiuddin-alamgir,0,https://www.thedailystar.net/news/bangladesh/news/surplus-liquidity-banks-past-tk-4-lakh-crore-4290711,Surplus liquidity at banks past Tk 4 lakh crore
mohiuddin-alamgir,0,https://www.thedailystar.net/news/bangladesh/news/childcare-major-hurdle-working-mothers-4288996,Childcare a major hurdle for working mothers
mohiuddin-alamgir,0,https://www.thedailystar.net/news/bangladesh/news/constitutional-amendments-js-body-hold-discussions-political-parties-4276606,Constitutional amendments: JS body to hold discussions with political parties
mohiuddin-alamgir,0,https://www.thedailystar.net/opinion/views/news/du-must-not-be-turned-battleground-history-4276211,DU must not be turned into a battleground for history
mohiuddin-alamgir,0,https://www.thedailystar.net/news/politics/news/jamaats-1971-role-how-the-apology-was-repeatedly-thwarted-4275076,Jamaat’s 1971 role: How the apology was repeatedly thwarted
mohiuddin-alamgir,0,https://www.thedailystar.net/news/bangladesh/news/democracy-held-back-weak-institutions-4273151,International Day of Democracy / Democracy held back by weak institutions
mohiuddin-alamgir,0,https://www.thedailystar.net/news/bangladesh/news/international-day-democracy-the-politics-never-letting-go-4273101,Analysis / International day of democracy: The politics of never letting go
mohiuddin-alamgir,0,https://www.thedailystar.net/business/news/their-factories-are-still-there-their-jobs-are-not-4270481,Their factories are still there. Their jobs are not
mohiuddin-alamgir,0,https://www.thedailystar.net/news/bangladesh/news/3rd-session-exposes-strains-sangsad-4270571,3rd session exposes strains in Sangsad
mohiuddin-alamgir,0,https://www.thedailystar.net/news/bangladesh/news/new-pay-scale-unequal-answer-inflation-4263571,New pay scale an unequal answer to inflation
mohiuddin-alamgir,0,https://www.thedailystar.net/news/governance/news/1973-2026-bangladeshs-nine-national-pay-scales-glance-4262381,From 1973 to 2026: Bangladesh’s nine national pay scales at a glance
mohiuddin-alamgir,0,https://www.thedailystar.net/news/bangladesh/news/wb-middle-east-war-fallout-job-loss-rise-poverty-feared-bangladesh-4259026,"WB on middle-east war fallout: Job loss, rise in poverty feared in Bangladesh"
mohiuddin-alamgir,0,https://www.thedailystar.net/news/bangladesh/news/reform-missteps-behind-ssc-result-swings-experts-4254486,Reform missteps behind SSC result swings: experts
mohiuddin-alamgir,0,https://www.thedailystar.net/news/bangladesh/news/fakhrul-draws-warmth-across-aisle-4253141,Fakhrul draws warmth from across aisle
mohiuddin-alamgir,0,https://www.thedailystar.net/news/politics/news/the-man-who-held-bnp-together-through-its-hardest-years-now-steps-bangabhaban-4252521,The man who held BNP together through its hardest years now steps into Bangabhaban
mohiuddin-alamgir,0,https://www.thedailystar.net/news/bangladesh/news/how-past-presidents-were-elected-4252191,How past presidents were elected
mohiuddin-alamgir,0,https://www.thedailystar.net/news/bangladesh/news/the-day-his-assassination-4247881,The day before his assassination
mohiuddin-alamgir,0,https://www.thedailystar.net/news/bangladesh/education/news/ssc-pass-rate-hits-19-year-low-4244971,SSC pass rate hits 19-year low
mohiuddin-alamgir,0,https://www.thedailystar.net/news/bangladesh/news/presidential-election-process-shackled-provisions-4242526,Presidential election: A process shackled by provisions
mohiuddin-alamgir,0,https://www.thedailystar.net/news/education/news/teacher-shortages-strain-government-primary-schools-4242536,Teacher shortages strain government primary schools
mohiuddin-alamgir,0,https://www.thedailystar.net/supplements/july-uprising-day-2026/news/how-sheikh-hasinas-iron-grip-unravelled-4240691,How Sheikh Hasina's iron grip unravelled
mohiuddin-alamgir,0,https://www.thedailystar.net/news/bangladesh/news/looking-back-july-road-one-point-demand-4239581,Looking back at July: Road to one-point demand
mohiuddin-alamgir,0,https://www.thedailystar.net/news/bangladesh/news/poll-campaigns-cost-nothing-most-parties-4237326,Poll campaigns cost nothing for most parties
mohiuddin-alamgir,0,https://www.thedailystar.net/news/bangladesh/news/govt-violates-polls-pledge-12-appointments-4235191,BNP violates polls pledges with 12 government appointments
mohiuddin-alamgir,0,https://www.thedailystar.net/news/bangladesh/news/code-conduct-mps-ever-elusive-4234391,Code of conduct for MPs ever elusive
mohiuddin-alamgir,0,https://www.thedailystar.net/news/bangladesh/news/turbulent-history-presidency-bangladesh-4231691,A turbulent history of presidency in Bangladesh
mohiuddin-alamgir,0,https://www.thedailystar.net/news/politics/news/10-bangladeshs-18-presidents-did-not-complete-their-terms-office-4231481,10 of Bangladesh’s 18 presidents did not complete their terms in office
mohiuddin-alamgir,1,https://www.thedailystar.net/news/bangladesh/news/can-nazrul-remain-lawmaker-4230351,Can Nazrul remain a lawmaker?
mohiuddin-alamgir,1,https://www.thedailystar.net/news/politics/news/what-happens-gazi-nazruls-parliament-seat-after-his-expulsion-jamaat-4230011,What happens to Gazi Nazrul’s parliament seat after his expulsion from Jamaat?
mohiuddin-alamgir,1,https://www.thedailystar.net/news-analysis/news/yet-another-blow-the-reform-process-4225916,Yet another blow to the reform process
mohiuddin-alamgir,1,https://www.thedailystar.net/news/bangladesh/news/constitutional-reforms-special-js-committee-formed-opposition-walks-out-4223341,"Constitutional reforms: Special JS committee formed, opposition walks out"
mohiuddin-alamgir,1,https://www.thedailystar.net/sports/sports-special/fifa-world-cup-2026/news/two-contrasting-models-france-and-morocco-show-how-migration-reshaping-modern-global-football-4220496,Two contrasting models: France and Morocco show how migration is reshaping modern global football
mohiuddin-alamgir,1,https://www.thedailystar.net/news/bangladesh/news/hope-crisis-and-shadows-old-habits-complicate-honeymoon-period-4185381,"Hope, crisis, and shadows of old habits complicate honeymoon period"
mohiuddin-alamgir,1,https://www.thedailystar.net/analysis-2/news/the-fall-indias-left-has-been-slow-steady-erosion-4168396,"The fall of India’s Left has been a slow, steady erosion"
mohiuddin-alamgir,1,https://www.thedailystar.net/news/bangladesh/news/lively-debate-yet-much-left-wanting-4166241,"Lively debate, yet much left wanting"
mohiuddin-alamgir,1,https://www.thedailystar.net/news/bangladesh/news/we-are-open-opposition-input-fuel-situation-pm-tells-js-4158376,‘We are open to opposition input on fuel situation’ - PM tells JS
mohiuddin-alamgir,1,https://www.thedailystar.net/news/bangladesh/news/20-ordinances-lose-validity-4148621,20 ordinances lose validity
mohiuddin-alamgir,1,https://www.thedailystar.net/news/bangladesh/news/dropped-ordinances-hard-earned-reforms-risk-4142826,Dropped ordinances: Hard-earned reforms at risk
mohiuddin-alamgir,1,https://www.thedailystar.net/news/bangladesh/news/opportunity-reforms-slipping-away-once-more-4142811,Opportunity for reforms slipping away once more
mohiuddin-alamgir,1,https://www.thedailystar.net/news/bangladesh/news/key-reform-ordinances-left-expire-4142296,Key reform ordinances left to expire
mohiuddin-alamgir,1,https://www.thedailystar.net/news/bangladesh/news/witnesses-genocide-4135726,Witnesses to genocide
mohiuddin-alamgir,1,https://www.thedailystar.net/news/bangladesh/education/news/scrapping-lottery-system-return-the-old-admission-rat-race-4131436,Scrapping of lottery system: A return to the old admission rat race?
mohiuddin-alamgir,1,https://www.thedailystar.net/news/bangladesh/news/fresh-start-parliamentary-democracy-4127621,A fresh start for parliamentary democracy
mohiuddin-alamgir,1,https://www.thedailystar.net/news/bangladesh/news/postal-ballots-swing-jamaats-favour-4127421,Postal ballots swing in Jamaat’s favour
mohiuddin-alamgir,1,https://www.thedailystar.net/news/bangladesh/news/parliament-must-not-repeat-the-failures-the-past-4126931,Parliament must not repeat the failures of the past
mohiuddin-alamgir,1,https://www.thedailystar.net/news/bangladesh/news/high-hopes-13th-parliament-goes-session-4126801,"With high hopes, 13th parliament goes into session"
mohiuddin-alamgir,1,https://www.thedailystar.net/news/bangladesh/news/unprecedented-event-the-house-4126561,An unprecedented event for the House
mohiuddin-alamgir,2,https://www.thedailystar.net/news/bangladesh/news/national-election-record-1691-lakh-ballots-rejected-4122521,National election: Record 16.91 lakh ballots rejected
mohiuddin-alamgir,2,https://www.thedailystar.net/news/bangladesh/news/the-day-the-nation-held-its-breath-4122491,The day the nation held its breath
mohiuddin-alamgir,2,https://www.thedailystar.net/news/bangladesh/news/urban-voters-show-ballot-box-apathy-4115286,Urban voters show ballot box apathy
mohiuddin-alamgir,2,https://www.thedailystar.net/news/bangladesh/politics/news/jamaat-finds-footing-the-cities-4111706,Jamaat finds footing in the cities
mohiuddin-alamgir,2,https://www.thedailystar.net/news-analysis/news/the-burden-after-the-ballot-4108446,The burden after the ballot
mohiuddin-alamgir,2,https://www.thedailystar.net/news/bangladesh/news/nation-turns-new-page-today-4108006,Nation turns a new page today
mohiuddin-alamgir,2,https://www.thedailystar.net/news/bangladesh/politics/news/bnp-wins-nearly-half-the-votes-jamaat-third-4107176,"BNP wins nearly half the votes, Jamaat a third"
mohiuddin-alamgir,2,https://www.thedailystar.net/news/bangladesh/news/13th-jatiya-sangsad-mps-two-thirds-are-first-timers-4107156,13th Jatiya Sangsad MPs: Two-thirds are first-timers
mohiuddin-alamgir,2,https://www.thedailystar.net/news/national-election-2026/news/bnps-long-march-back-power-4105606,BNP’s long march back to power
mohiuddin-alamgir,2,https://www.thedailystar.net/news/national-election-2026/news/yes-wins-4105586,‘Yes’ wins but...
mohiuddin-alamgir,2,https://www.thedailystar.net/news/national-election-2026/news/nation-votes-hope-rekindled-4104181,"Nation votes, hope rekindled"
mohiuddin-alamgir,2,https://www.thedailystar.net/supplements/election-special-2026/news/election-born-blood-and-tears-4103226,An election born of blood and tears
mohiuddin-alamgir,2,https://www.thedailystar.net/news/national-election-2026/news/bnp-jamaat-gunning-al-strongholds-4100686,"BNP, Jamaat gunning for AL strongholds"
mohiuddin-alamgir,2,https://www.thedailystar.net/news/national-election-2026/news/young-candidates-dominate-race-4099896,Young candidates dominate race
mohiuddin-alamgir,2,https://www.thedailystar.net/news/national-election-2026/news/only-78-women-polls-third-family-link-4094506,"Only 78 women in polls, a third with family link"
mohiuddin-alamgir,2,https://www.thedailystar.net/news/national-election-2026/news/february-12-referendum-govt-ec-odds-over-civil-servants-push-yesno-4094031,"February 12 Referendum: Govt, EC at odds  over civil servants’ push for ‘yes/no’"
mohiuddin-alamgir,2,https://www.thedailystar.net/news/national-election-2026/news/election-expenses-affidavits-say-tk-396cr-the-real-cost-4092121,"Election Expenses: Affidavits say Tk 396cr, but is that the real cost?"
mohiuddin-alamgir,2,https://www.thedailystar.net/news/bangladesh/news/witness-bangladeshs-liberation-war-4091301,A witness to Bangladesh’s Liberation War
mohiuddin-alamgir,2,https://www.thedailystar.net/news/national-election-2026/news/observers-return-droves-monitor-election-4091291,Observers return in droves to monitor this election
mohiuddin-alamgir,2,https://www.thedailystar.net/news/bangladesh/news/witness-bangladeshs-liberation-struggle-falls-silent-4090706,A witness to Bangladesh’s liberation struggle falls silent
mohiuddin-alamgir,3,https://www.thedailystar.net/news/nation-steps-campaign-fest-4088301,Nation steps into campaign fest
mohiuddin-alamgir,3,https://www.thedailystar.net/news/when-electoral-symbols-were-still-grabs-4087401,When electoral symbols were still up for grabs
mohiuddin-alamgir,3,https://www.thedailystar.net/news/political-somersault-thy-name-art-4086446,"Political somersault,  thy name is art"
mohiuddin-alamgir,3,https://www.thedailystar.net/news/bias-claims-rivals-put-ec-bind-4085446,Bias claims by rivals put EC  in a bind
mohiuddin-alamgir,3,https://www.thedailystar.net/news/jamaat-iab-split-blow-islamists-one-box-plan-4083546,‘Jamaat-IAB split a blow to Islamists’ one-box plan’
mohiuddin-alamgir,3,https://www.thedailystar.net/news/bnp-flags-bulk-deliveries-postal-ballots-4082236,BNP flags bulk deliveries of postal ballots
mohiuddin-alamgir,3,https://www.thedailystar.net/news/state-scripted-last-3-polls-4079686,State scripted last 3 polls:  Inquiry commission
mohiuddin-alamgir,3,https://www.thedailystar.net/news/young-voters-poised-shape-next-election-4077266,Young voters poised to shape next election
mohiuddin-alamgir,3,https://www.thedailystar.net/news/bangladesh/politics/news/seat-sharing-knot-tightens-jamaat-iab-4075901,"Seat-sharing knot tightens for Jamaat, IAB"
mohiuddin-alamgir,3,https://www.thedailystar.net/news/bangladesh/elections/news/no-women-tickets-30-parties-4074281,No women on tickets of 30 parties
mohiuddin-alamgir,3,https://www.thedailystar.net/news/bangladesh/news/rebels-cause-headache-bnp-4072536,Rebels a cause of headache for BNP
mohiuddin-alamgir,3,https://www.thedailystar.net/news/bangladesh/news/acc-scrutinise-affidavits-aspirants-4071796,ACC to scrutinise affidavits of aspirants
mohiuddin-alamgir,3,https://www.thedailystar.net/news/bangladesh/news/dhaka-races-heat-big-guns-enter-fray-4071151,Dhaka races to heat up as big guns enter the fray
mohiuddin-alamgir,3,https://www.thedailystar.net/news/bangladesh/elections/news/51-59-parties-turn-nominations-4070441,51 of 59 parties turn in nominations
mohiuddin-alamgir,3,https://www.thedailystar.net/supplements/tribute-khaleda-zia/news/night-she-won-and-legacy-followed-4069791,"The night she won, and the legacy that followed"
mohiuddin-alamgir,3,https://www.thedailystar.net/news/bangladesh/elections/news/armed-forces-will-be-polls-duty-5-days-4062191,Armed forces will be on polls duty for 5 days
mohiuddin-alamgir,3,https://www.thedailystar.net/news/bangladesh/news/growing-global-focus-february-12-vote-4060981,Growing global focus on February 12 vote
mohiuddin-alamgir,3,https://www.thedailystar.net/news/bangladesh/news/victory-day-today-nation-born-out-blood-and-grit-4059441,Victory day today: A nation born out of blood and grit
mohiuddin-alamgir,4,https://www.thedailystar.net/ds/slow-reads-special/news/why-martyred-intellectuals-list-still-incomplete-4057506,Why is the martyred intellectuals’ list still incomplete?
mohiuddin-alamgir,4,https://www.thedailystar.net/news/bangladesh/elections/news/shifting-sands-electoral-scheduling-bangladesh-4057296,The shifting sands of electoral scheduling in Bangladesh
mohiuddin-alamgir,4,https://www.thedailystar.net/news/bangladesh/elections/news/ec-sets-longer-prep-period-polls-4057046,EC sets longer prep period for polls
mohiuddin-alamgir,4,https://www.thedailystar.net/news/bangladesh/elections/news/election-february-12-4056406,Election on February 12
mohiuddin-alamgir,4,https://www.thedailystar.net/news/bangladesh/elections/news/four-constituencies-4056546,Four constituencies:
mohiuddin-alamgir,4,https://www.thedailystar.net/news/bangladesh/elections/news/schedule-twin-votes-evening-4055626,Schedule for twin votes this evening
mohiuddin-alamgir,4,https://www.thedailystar.net/news/bangladesh/elections/news/voting-bottleneck-we-must-not-ignore-4053396,A voting bottleneck we must not ignore
mohiuddin-alamgir,4,https://www.thedailystar.net/news/bangladesh/elections/news/ec-all-set-polls-referendum-feb-4053116,"EC all set for polls, referendum in Feb"
mohiuddin-alamgir,4,https://www.thedailystar.net/news/bangladesh/elections/news/ec-plans-unveil-polls-schedule-december-10-or-11-4050966,EC plans to unveil polls schedule on December 10 or 11
mohiuddin-alamgir,4,https://www.thedailystar.net/news/bangladesh/news/bnp-leads-33-support-jamaat-close-behind-29-iri-survey-4048366,"BNP leads with 33% support, Jamaat close behind with 29%: IRI survey"
mohiuddin-alamgir,4,https://www.thedailystar.net/news/bangladesh/news/how-next-caretaker-govts-will-be-formed-4039871,How next caretaker govts will be formed
mohiuddin-alamgir,4,https://www.thedailystar.net/news/bangladesh/elections/news/caretaker-govt-system-revived-4039856,Caretaker govt system revived
mohiuddin-alamgir,4,https://www.thedailystar.net/news/bangladesh/news/when-do-we-get-caretaker-government-then-4039626,When do we get the caretaker government then?
mohiuddin-alamgir,4,https://www.thedailystar.net/news/bangladesh/elections/news/bnp-wants-returning-officers-commission-not-admin-4039126,"BNP wants returning officers from commission, not the admin"
mohiuddin-alamgir,4,https://www.thedailystar.net/news/bangladesh/elections/news/ec-govt-going-full-steam-ahead-polls-prep-4038276,"EC, govt going full steam ahead with polls prep"
mohiuddin-alamgir,4,https://www.thedailystar.net/news/bangladesh/elections/news/all-major-parties-bound-polls-4036621,All major parties bound for polls
mohiuddin-alamgir,4,https://www.thedailystar.net/news/bangladesh/politics/news/referendum-question-too-complicated-voters-4035066,Referendum question: ‘Too complicated for voters’
mohiuddin-alamgir,4,https://www.thedailystar.net/news/bangladesh/news/referendum-polls-same-day-pr-upper-house-4034491,"Referendum, polls on same day, PR for upper house"
mohiuddin-alamgir,4,https://www.thedailystar.net/news/bangladesh/news/govt-readies-package-appease-all-4033696,Govt readies a package to appease all
mohiuddin-alamgir,4,https://www.thedailystar.net/news/bangladesh/news/july-charter-deadlock-govt-decision-nov-13-if-parties-fail-agree-4031996,July charter deadlock: Govt decision on Nov 13 if parties fail to agree
mohiuddin-alamgir,5,https://www.thedailystar.net/news/bangladesh/news/67-polling-stations-risky-4031291,67% of polling stations ‘risky’
mohiuddin-alamgir,5,https://www.thedailystar.net/news/bangladesh/politics/news/no-end-sight-charter-deadlock-4030221,No end in sight to charter deadlock
mohiuddin-alamgir,5,https://www.thedailystar.net/news/bangladesh/politics/news/charter-rpo-row-deepens-amid-buck-passing-4027316,"Charter, RPO row deepens amid buck-passing"
mohiuddin-alamgir,5,https://www.thedailystar.net/news/bangladesh/politics/news/national-consensus-commission-proposal-unconstitutional-4023976,National consensus commission: ‘Proposal unconstitutional’
mohiuddin-alamgir,5,https://www.thedailystar.net/news/bangladesh/news/binary-vote-complex-charter-4022656,A binary vote for a complex charter
mohiuddin-alamgir,5,https://www.thedailystar.net/news/bangladesh/politics/news/tug-war-over-water-lily-continues-4016701,Tug-of-war over water lily continues
mohiuddin-alamgir,5,https://www.thedailystar.net/news/bangladesh/news/consensus-reform-will-one-stick-4013316,Consensus to reform: Will this one stick?
mohiuddin-alamgir,5,https://www.thedailystar.net/news/bangladesh/news/reform-consensus-or-another-consensus-reform-4012911,"Reform by consensus, or another consensus to reform?"
mohiuddin-alamgir,5,https://www.thedailystar.net/supplements/july-national-charter/news/dozen-new-laws-system-reboot-4011916,A dozen new laws for system reboot
mohiuddin-alamgir,5,https://www.thedailystar.net/supplements/july-national-charter/news/power-tango-between-pm-and-president-4011921,The power tango between the PM and the president
mohiuddin-alamgir,5,https://www.thedailystar.net/supplements/july-national-charter/news/restoring-caretaker-system-more-safeguards-4011926,Restoring caretaker system with more safeguards
mohiuddin-alamgir,5,https://www.thedailystar.net/supplements/july-national-charter/news/reviving-parliament-heart-democracy-4011931,"Reviving parliament, the heart of democracy"
mohiuddin-alamgir,5,https://www.thedailystar.net/supplements/july-national-charter/news/groundwork-laid-sweeping-constitutional-reforms-4011941,Groundwork laid for sweeping constitutional reforms
mohiuddin-alamgir,5,https://www.thedailystar.net/news/bangladesh/news/look-back-past-referendums-4009421,How many referendums have we had in Bangladesh?
mohiuddin-alamgir,5,https://www.thedailystar.net/supplements/world-teachers-day-2025/news/without-respect-teachers-education-loses-its-value-4001776,"‘Without respect for teachers, education loses its value’"
mohiuddin-alamgir,5,https://www.thedailystar.net/news/bangladesh/news/rift-persists-over-implementation-july-charter-3983966,Rift persists over implementation of July Charter
mohiuddin-alamgir,5,https://www.thedailystar.net/opinion/views/news/bangladesh-must-bridge-adult-and-digital-learning-gap-3980931,Bangladesh must bridge the adult and digital learning gap
mohiuddin-alamgir,6,https://www.thedailystar.net/news/bangladesh/news/fugitives-cant-run-national-elections-3978076,Fugitives can’t run in national elections
mohiuddin-alamgir,6,https://www.thedailystar.net/news/bangladesh/news/bangla-pak-ties-grow-71-still-unreckoned-3970876,"Bangla-Pak ties grow, but ’71 still unreckoned"
mohiuddin-alamgir,6,https://www.thedailystar.net/opinion/views/news/why-1971-still-casts-shadow-bangladesh-pakistan-relations-3970356,Why 1971 still casts a shadow in Bangladesh-Pakistan relations
mohiuddin-alamgir,6,https://www.thedailystar.net/news/bangladesh/news/divisions-widen-over-july-charters-status-implementation-3969236,"Divisions widen over July Charter’s status, implementation"
mohiuddin-alamgir,6,https://www.thedailystar.net/news/bangladesh/news/july-charter-implementation-what-notes-dissent-could-mean-3967351,July charter implementation: What notes of dissent could mean
mohiuddin-alamgir,6,https://www.thedailystar.net/campus/news/july-frontliners-dominate-ducsu-race-3967281,July frontliners dominate the Ducsu race
mohiuddin-alamgir,6,https://www.thedailystar.net/weekend-read/news/dhaka-kunming-cure-3963546,From Dhaka to Kunming for a cure
mohiuddin-alamgir,6,https://www.thedailystar.net/news/bangladesh/news/year-progress-caveats-3958016,A year of progress with caveats
mohiuddin-alamgir,6,https://www.thedailystar.net/news/bangladesh/news/natl-consensus-commission-accord-reached-dissent-noted-3952831,"Nat’l consensus commission: Accord reached, dissent noted"
mohiuddin-alamgir,6,https://www.thedailystar.net/news/bangladesh/news/july-charter-runs-snag-3951196,July Charter runs into a snag
mohiuddin-alamgir,6,https://www.thedailystar.net/news/bangladesh/politics/news/parties-agree-cap-pms-term-10yrs-3949041,Parties agree to cap PM’s term at 10yrs
mohiuddin-alamgir,6,https://www.thedailystar.net/analysis-2/news/governed-facebook-posts-ruled-confusion-3946511,"Governed by Facebook posts, ruled by confusion"
mohiuddin-alamgir,6,https://www.thedailystar.net/news/bangladesh/accidents-fires/news/15-dead-many-training-flight-crashes-2-decades-3944626,15 dead in as many training flight crashes in 2 decades
mohiuddin-alamgir,6,https://www.thedailystar.net/news/bangladesh/news/why-should-police-collect-details-election-candidates-3939541,Why should the police collect details of election candidates?
mohiuddin-alamgir,6,https://www.thedailystar.net/news/bangladesh/news/consensus-commission-fresh-caretaker-models-table-now-3938881,Consensus commission: Fresh caretaker models on the table now
mohiuddin-alamgir,6,https://www.thedailystar.net/opinion/views/news/we-cant-afford-another-discredited-election-3933966,We can’t afford another discredited election
mohiuddin-alamgir,6,https://www.thedailystar.net/news/bangladesh/news/ec-regains-power-pick-polling-stations-3929621,EC regains power to pick polling stations
mohiuddin-alamgir,6,https://www.thedailystar.net/opinion/news/clock-ticking-july-charter-3929086,The clock is ticking for the July Charter
mohiuddin-alamgir,6,https://www.thedailystar.net/news/bangladesh/politics/news/consensus-talks-poor-progress-may-delay-july-charter-3928296,Consensus talks: Poor progress may delay July Charter
mohiuddin-alamgir,6,https://www.thedailystar.net/news/bangladesh/elections/news/draft-polls-code-seeks-regulate-digital-campaigns-3928486,Draft polls code seeks to regulate digital campaigns
mohiuddin-alamgir,7,https://www.thedailystar.net/news/bangladesh/news/consensus-talks-appointment-caretaker-chief-take-centre-stage-3927941,Consensus talks: Appointment of caretaker chief to take centre stage
mohiuddin-alamgir,7,https://www.thedailystar.net/news/bangladesh/governance/news/govt-launches-probe-last-3-national-polls-3926446,Govt launches probe into last 3 national polls
mohiuddin-alamgir,7,https://www.thedailystar.net/opinion/views/news/unmatched-legacy-professor-serajul-islam-choudhury-3924421,The unmatched legacy of Professor Serajul Islam Choudhury
mohiuddin-alamgir,7,https://www.thedailystar.net/news/bangladesh/politics/news/tea-room-london-nation-waiting-3915446,"A tea room in London, a nation in waiting"
mohiuddin-alamgir,7,https://www.thedailystar.net/news/bangladesh/news/currency-people-new-banknotes-reflect-soul-nation-united-struggle-3912876,Currency of the people: New banknotes reflect soul of a nation united in struggle
mohiuddin-alamgir,7,https://www.thedailystar.net/news/bangladesh/elections/news/govt-officials-hopeful-election-announcement-will-clear-air-3912696,Govt officials hopeful election announcement will clear the air
mohiuddin-alamgir,7,https://www.thedailystar.net/news/bangladesh/elections/news/first-ever-april-election-cards-3912676,First ever April election on the cards
mohiuddin-alamgir,7,https://www.thedailystar.net/news/bangladesh/education/news/cant-afford-another-lost-decade-education-3912291,Can't afford another lost decade for education
mohiuddin-alamgir,7,https://www.thedailystar.net/opinion/views/news/can-consensus-commission-break-deadlock-3910096,Can the consensus commission break the deadlock?
mohiuddin-alamgir,7,https://www.thedailystar.net/news/bangladesh/politics/news/major-parties-favour-bicameral-parliament-3899626,Major parties favour bicameral parliament
mohiuddin-alamgir,7,https://www.thedailystar.net/news/bangladesh/news/academic-stalemate-4-public-univs-3895706,Academic stalemate at 4 public univs
mohiuddin-alamgir,7,https://www.thedailystar.net/news/bangladesh/news/banning-party-activities-govt-amends-anti-terror-law-3892371,Banning party activities: Govt amends anti-terror law
mohiuddin-alamgir,7,https://www.thedailystar.net/news/bangladesh/news/22-sectors-still-pay-wages-below-poverty-line-3884301,22 sectors still pay wages below poverty line
mohiuddin-alamgir,7,https://www.thedailystar.net/news/bangladesh/politics/news/22-out-35-parties-want-caretaker-govt-system-3874576,22 out of 35 parties want caretaker govt system
mohiuddin-alamgir,7,https://www.thedailystar.net/news/bangladesh/news/the-spirit-mujibnagar-government-can-still-guide-us-3873231,The spirit of Mujibnagar government can still guide us
mohiuddin-alamgir,7,https://www.thedailystar.net/news/bangladesh/news/what-pahela-baishakh-if-not-dawn-hope-3871006,What is Pahela Baishakh if not a dawn of hope?
mohiuddin-alamgir,7,https://www.thedailystar.net/news/bangladesh/news/constitutional-reforms-most-parties-want-changes-basic-principles-preamble-3870726,"Constitutional reforms: Most parties want changes in basic principles, preamble"
mohiuddin-alamgir,7,https://www.thedailystar.net/news/bangladesh/news/bangladesh-moves-deal-us-tariff-shock-3864421,Bangladesh moves to deal with US tariff shock
mohiuddin-alamgir,7,https://www.thedailystar.net/news/bangladesh/education/news/transnational-education-expanding-access-world-class-learning-bangladesh-3855201,Transnational education: Expanding access to world-class learning in Bangladesh
mohiuddin-alamgir,8,https://www.thedailystar.net/news/bangladesh/news/be-impartial-during-polls-3850511,Be impartial during polls
mohiuddin-alamgir,8,https://www.thedailystar.net/news/bangladesh/news/july-uprising-student-leaders-first-reached-out-yunus-aug-1-3848371,July Uprising: Student leaders first reached out to Yunus on Aug 1
mohiuddin-alamgir,8,https://www.thedailystar.net/news/bangladesh/news/salami-tradition-caught-politics-over-banknotes-3846931,Salami tradition caught up in politics over banknotes
mohiuddin-alamgir,8,https://www.thedailystar.net/news/bangladesh/elections/news/ec-starts-process-register-new-political-parties-3844081,EC starts process to register new political parties
mohiuddin-alamgir,8,https://www.thedailystar.net/news/bangladesh/politics/news/consensus-commission-critical-issues-picked-party-feedback-3842861,Consensus commission: Critical issues picked for party feedback
mohiuddin-alamgir,8,https://www.thedailystar.net/news/bangladesh/news/speech-more-notable-what-wasnt-said-3841511,‘A speech more notable for what wasn’t said’
mohiuddin-alamgir,8,https://www.thedailystar.net/news/bangladesh/news/nid-services-birth-registrations-one-authority-serve-them-all-3839886,"NID services, birth registrations: One authority to serve them all"
mohiuddin-alamgir,8,https://www.thedailystar.net/news/bangladesh/elections/news/local-polls-not-feasible-dec-3837271,Local polls not feasible by Dec
mohiuddin-alamgir,8,https://www.thedailystar.net/opinion/views/politics/news/what-does-second-republic-mean-3836306,What does a second republic mean?
mohiuddin-alamgir,8,https://www.thedailystar.net/news/bangladesh/politics/news/another-feather-nahids-cap-3836101,Another feather in Nahid’s cap
mohiuddin-alamgir,8,https://www.thedailystar.net/news/bangladesh/news/legacy-movements-3836036,A legacy of movements
mohiuddin-alamgir,8,https://www.thedailystar.net/news/bangladesh/elections/news/ec-preparing-announce-schedule-dec-polls-3831971,EC preparing to announce schedule for Dec polls
mohiuddin-alamgir,8,https://www.thedailystar.net/news/bangladesh/news/charter-reforms-next-govt-3824916,A charter of reforms for next govt
mohiuddin-alamgir,8,https://www.thedailystar.net/news/bangladesh/news/form-separate-body-redraw-constituencies-3824956,Form separate body to redraw constituencies
mohiuddin-alamgir,8,https://www.thedailystar.net/news/bangladesh/politics/news/bnp-jamaat-collision-course-3824051,"BNP, Jamaat on collision course"
mohiuddin-alamgir,8,https://www.thedailystar.net/news/bangladesh/elections/news/ec-seeks-record-tk-2794cr-next-natl-polls-3822421,"EC seeks record Tk 2,794cr for next nat’l polls"
mohiuddin-alamgir,8,https://www.thedailystar.net/news/bangladesh/elections/news/preparing-election-ec-targets-dec-get-all-its-tasks-done-3822196,Preparing for election: EC targets Dec to get all its tasks done
mohiuddin-alamgir,8,https://www.thedailystar.net/news/bangladesh/news/it-contradicts-spirit-constitution-uprising-3818821,"It contradicts spirit of constitution, uprising"
mohiuddin-alamgir,8,https://www.thedailystar.net/news/bangladesh/news/reform-now-crucial-stage-3818736,Reform now at crucial stage
mohiuddin-alamgir,8,https://www.thedailystar.net/news/bangladesh/news/only-wealthy-have-access-politics-3813936,Only wealthy have access to politics
mohiuddin-alamgir,9,https://www.thedailystar.net/news/bangladesh/elections/news/polls-may-come-sooner-later-3811906,Polls may come sooner than later
mohiuddin-alamgir,9,https://www.thedailystar.net/news/bangladesh/news/election-likely-be-earlier-later-3811216,Election likely to be earlier than later
mohiuddin-alamgir,9,https://www.thedailystar.net/news/bangladesh/news/primary-education-reform-classroom-size-30-better-learning-3810131,Primary education reform: Classroom size of 30 for better learning
mohiuddin-alamgir,9,https://www.thedailystar.net/news/bangladesh/news/make-voting-fundamental-right-3806061,Make voting a fundamental right
mohiuddin-alamgir,9,https://www.thedailystar.net/news/bangladesh/news/3-4-fear-autocratic-resurgence-if-politics-doesnt-change-3802011,3 in 4 fear autocratic resurgence if politics doesn’t change
mohiuddin-alamgir,9,https://www.thedailystar.net/news/bangladesh/news/reform-commission-reports-proposals-seek-bring-youths-js-3801786,Reform commission reports: Proposals seek to bring youths into JS
mohiuddin-alamgir,9,https://www.thedailystar.net/news/bangladesh/politics/news/political-parties-elect-leaders-secret-ballot-3801126,Political parties: Elect leaders by secret ballot
mohiuddin-alamgir,9,https://www.thedailystar.net/news/bangladesh/news/so-whats-bicameral-parliament-3800336,"So, what’s a bicameral parliament?"
mohiuddin-alamgir,9,https://www.thedailystar.net/news/bangladesh/education/news/nctb-prints-wrong-date-abu-sayeds-death-textbook-3792356,NCTB prints wrong date for Abu Sayed's death in textbook
mohiuddin-alamgir,9,https://www.thedailystar.net/news/bangladesh/politics/news/democracy-ends-where-leadership-begins-3791871,Democracy ends where leadership begins
mohiuddin-alamgir,9,https://www.thedailystar.net/news/bangladesh/news/maayer-daak-finds-place-school-text-3790876,Maayer Daak finds a place in school text
mohiuddin-alamgir,9,https://www.thedailystar.net/news/bangladesh/news/proportional-representation-its-unlikely-be-recommended-3790711,Proportional representation: It’s unlikely to be recommended
mohiuddin-alamgir,9,https://www.thedailystar.net/news/bangladesh/politics/news/ec-verify-voter-list-3790681,EC to verify voter list
mohiuddin-alamgir,9,https://www.thedailystar.net/news/bangladesh/news/rappers-hannan-shezan-featured-class-7-textbook-3790191,"Rappers Hannan, Shezan featured in Class 7 textbook"
mohiuddin-alamgir,9,https://www.thedailystar.net/news/bangladesh/education/news/wait-textbooks-gets-longer-3789866,Wait for textbooks gets longer
mohiuddin-alamgir,9,https://www.thedailystar.net/news/bangladesh/education/news/wrong-name-july-martyr-printed-textbook-3789201,Wrong name of July martyr printed in textbook
mohiuddin-alamgir,9,https://www.thedailystar.net/news/bangladesh/education/news/new-textbooks-will-say-ziaur-rahman-declared-independence-3789096,New textbooks will say Ziaur Rahman declared independence
mohiuddin-alamgir,9,https://www.thedailystar.net/news/bangladesh/education/news/primary-secondary-level-major-changes-coming-bangla-english-textbooks-3788301,"Primary, Secondary level: Major changes coming to Bangla, English textbooks"
mohiuddin-alamgir,9,https://www.thedailystar.net/news/bangladesh/politics/news/polls-should-be-govts-priority-not-lowering-voting-age-3787421,"Polls should be govt’s priority, not lowering of voting age"
mohiuddin-alamgir,9,https://www.thedailystar.net/news/bangladesh/news/last-3-national-polls-election-commissioners-breached-oath-office-3785941,Last 3 national polls: Election commissioners breached oath of office
mohiuddin-alamgir,10,https://www.thedailystar.net/news/bangladesh/politics/news/als-edn-policy-be-scrapped-3779841,Awami League’s education policy to be scrapped
mohiuddin-alamgir,10,https://www.thedailystar.net/news/bangladesh/news/vc-appointment-no-uniform-policy-53-years-3775731,VC appointment: No uniform policy in 53 years
mohiuddin-alamgir,10,https://www.thedailystar.net/news/bangladesh/news/martyred-intellectuals-day-no-list-martyred-intellectuals-now-3775741,Martyred Intellectuals’ Day: No list of martyred intellectuals for now
mohiuddin-alamgir,10,https://www.thedailystar.net/news/bangladesh/news/34-years-ershads-fall-bangladesh-another-chance-democracy-3769696,34 years of Ershad's fall: Bangladesh with another chance for democracy
mohiuddin-alamgir,10,https://www.thedailystar.net/news/bangladesh/politics/news/electoral-reform-proposals-parties-want-caretaker-govt-2-term-limit-pm-3761616,"Electoral reform proposals: Parties want caretaker govt, 2-term limit for PM"
mohiuddin-alamgir,10,https://www.thedailystar.net/top-news/news/managing-expectations-the-challenge-ec-3760351,Managing expectations the challenge for EC
mohiuddin-alamgir,10,https://www.thedailystar.net/news/bangladesh/education/news/double-shift-schools-students-losing-out-learning-hours-3759971,Double-shift schools: Students losing out  on learning hours
mohiuddin-alamgir,10,https://www.thedailystar.net/news/bangladesh/news/new-election-commission-takes-shape-3758796,New Election Commission takes shape
mohiuddin-alamgir,10,https://www.thedailystar.net/news/bangladesh/crime-justice/news/party-offices-silent-abandoned-3747791,"Party offices silent, abandoned"
mohiuddin-alamgir,10,https://www.thedailystar.net/news/bangladesh/news/work-underway-ensure-the-voting-rights-expatriates-3744466,Work underway to ensure the voting rights of expatriates
mohiuddin-alamgir,10,https://www.thedailystar.net/news/bangladesh/elections/news/who-are-the-ec-search-committee-members-lets-find-out-3741731,Who are the EC search committee members? Let's find out
mohiuddin-alamgir,10,https://www.thedailystar.net/news/bangladesh/elections/news/justice-zubayer-leads-ec-search-committee-3739501,Justice Zubayer leads EC search committee
mohiuddin-alamgir,10,https://www.thedailystar.net/opinion/views/news/the-decay-student-politics-and-the-problems-banning-it-3728911,"The decay of student politics, and the problems with banning it"
mohiuddin-alamgir,10,https://www.thedailystar.net/news/bangladesh/education/news/hsc-pass-rate-drops-number-gpa-5-rises-3728516,"HSC pass rate drops, number of GPA-5 rises"
mohiuddin-alamgir,10,https://www.thedailystar.net/news/bangladesh/news/children-risk-21500-shabby-schools-3726261,"Children at risk in 21,500 shabby schools"
mohiuddin-alamgir,10,https://www.thedailystar.net/news/bangladesh/education/news/primary-schools-barely-looked-after-3724966,Primary schools barely looked after
mohiuddin-alamgir,10,https://www.thedailystar.net/news/bangladesh/education/news/separate-pay-scale-teachers-still-not-sight-3719826,Separate pay scale for teachers still not in sight
mohiuddin-alamgir,10,https://www.thedailystar.net/news/bangladesh/news/civil-admin-runs-slow-top-tier-still-jittery-3716501,Civil admin runs slow as top tier still jittery
mohiuddin-alamgir,10,https://www.thedailystar.net/news/bangladesh/news/intl-support-garnered-help-reforms-growth-3714726,"Int’l support garnered to help reforms, growth"
mohiuddin-alamgir,10,https://www.thedailystar.net/news/bangladesh/education/news/revising-textbooks-govt-dissolves-committee-face-flak-3714491,Revising textbooks: Govt dissolves committee in face of flak
mohiuddin-alamgir,11,https://www.thedailystar.net/news/bangladesh/news/restore-caretaker-govt-system-3695521,Restore caretaker govt system
mohiuddin-alamgir,11,https://www.thedailystar.net/news/bangladesh/news/row-among-trustees-spells-trouble-nsu-3684746,Row among trustees spells trouble for NSU
mohiuddin-alamgir,11,https://www.thedailystar.net/news/bangladesh/news/enforced-disappearance-govt-mulls-over-commission-ensure-justice-3683181,Enforced disappearance: Govt mulls over commission to ensure justice
mohiuddin-alamgir,11,https://www.thedailystar.net/news/bangladesh/news/govt-transfers-25-dcs-one-go-3682271,Govt transfers 25 DCs in one go
mohiuddin-alamgir,11,https://www.thedailystar.net/news/bangladesh/news/public-univs-reopen-today-3679731,Public univs ‘reopen’ today
mohiuddin-alamgir,11,https://www.thedailystar.net/news/bangladesh/news/engage-young-people-all-tiers-govt-3675716,Engage young people in all tiers of govt
mohiuddin-alamgir,11,https://www.thedailystar.net/news/bangladesh/news/all-contractual-appointments-be-scrapped-3674876,All contractual appointments to be scrapped
mohiuddin-alamgir,11,https://www.thedailystar.net/news/bangladesh/news/wave-resignations-hits-universities-3674971,Wave of resignations hits universities
mohiuddin-alamgir,11,https://www.thedailystar.net/news/bangladesh/news/yunus-led-interim-govt-takes-charge-3672656,Yunus-led interim govt takes charge
mohiuddin-alamgir,11,https://www.thedailystar.net/news/bangladesh/news/closure-schools-universities-academic-calendars-total-disarray-3666661,"Closure of schools, universities: Academic calendars in total disarray"
mohiuddin-alamgir,11,https://www.thedailystar.net/news/bangladesh/news/abu-sayeds-death-police-firing-cops-fir-runs-counter-known-facts-3662771,Abu Sayed’s death in police firing: Cops’ FIR runs counter to known facts
mohiuddin-alamgir,11,https://www.thedailystar.net/news/bangladesh/news/govt-may-go-quota-reforms-3656121,Govt may go for quota reforms
mohiuddin-alamgir,11,https://www.thedailystar.net/news/bangladesh/news/quota-system-govt-jobs-reforms-must-be-well-thought-out-3655376,Quota system in govt jobs: Reforms must be well thought out
mohiuddin-alamgir,11,https://www.thedailystar.net/news/bangladesh/news/mid-day-meal-primary-schools-returns-aug-3640651,Mid-day meal in primary schools  returns in Aug
mohiuddin-alamgir,11,https://www.thedailystar.net/news/bangladesh/news/docs-engineers-grab-third-civil-admin-jobs-3638501,"Doctors, engineers grab a third of civil admin jobs"
mohiuddin-alamgir,11,https://www.thedailystar.net/news/bangladesh/education/news/primary-students-drop-over-eight-lakh-3637806,Primary students drop by over eight lakh
mohiuddin-alamgir,11,https://www.thedailystar.net/news/bangladesh/crime-justice/news/getting-nid-fake-info-ex-army-chief-azizs-2-brothers-face-ec-probe-3630871,Getting NID with fake info: Ex-army chief Aziz’s 2 brothers to face EC probe
mohiuddin-alamgir,11,https://www.thedailystar.net/news/bangladesh/news/lowest-16-years-terms-gdp-3628701,Lowest in 16 years  in terms of GDP
mohiuddin-alamgir,11,https://www.thedailystar.net/business/economy/news/spending-education-falls-short-expectations-3627631,Spending on education falls short of expectations
mohiuddin-alamgir,11,https://www.thedailystar.net/news/bangladesh/elections/news/upazila-polls-third-phase-sees-3624pc-turnout-3623476,Upazila Polls: Third phase sees 36.24pc turnout
mohiuddin-alamgir,12,https://www.thedailystar.net/news/bangladesh/education/news/new-school-curriculum-implementation-limps-along-3622401,New School Curriculum: Implementation limps along
mohiuddin-alamgir,12,https://www.thedailystar.net/news/bangladesh/crime-justice/news/moslem-uddins-children-used-fathers-fake-name-get-nids-3622476,Moslem Uddin’s children used father’s fake name to get NIDs
mohiuddin-alamgir,12,https://www.thedailystar.net/news/bangladesh/elections/news/voter-turnout-second-lowest-16-years-3616371,Voter turnout second lowest in 16 years
mohiuddin-alamgir,12,https://www.thedailystar.net/news/bangladesh/elections/news/2nd-phase-uz-polls-voter-turnout-could-be-low-time-too-3614851,2nd phase of UZ polls:  Voter turnout could be low this time too
mohiuddin-alamgir,12,https://www.thedailystar.net/business/news/health-education-face-spending-cuts-again-3609181,"Health, education face spending cuts again"
mohiuddin-alamgir,12,https://www.thedailystar.net/news/bangladesh/education/news/girls-ace-ssc-again-3608516,Girls ace SSC again
mohiuddin-alamgir,12,https://www.thedailystar.net/news/bangladesh/elections/news/upazila-election-astronomical-rise-incumbents-income-3603651,Upazila Election: Astronomical rise in incumbents’ income
mohiuddin-alamgir,12,https://www.thedailystar.net/news/bangladesh/education/news/govt-again-moves-extend-primary-education-class-viii-3602826,Govt again moves to extend primary education up to class-VIII
mohiuddin-alamgir,12,https://www.thedailystar.net/news/bangladesh/elections/news/admin-police-wary-mps-meddling-upazila-polls-3595541,"Admin, police wary of MPs meddling in upazila polls"
mohiuddin-alamgir,12,https://www.thedailystar.net/news/bangladesh/news/evms-fate-the-air-after-waste-public-money-3593221,EVM’s fate up in the air after waste of public money
mohiuddin-alamgir,12,https://www.thedailystar.net/news/bangladesh/news/non-payment-tax-nbr-freezes-bank-accounts-12-pvt-univs-3579976,Non-payment of tax: NBR freezes bank accounts of 12 pvt univs
mohiuddin-alamgir,12,https://www.thedailystar.net/news/bangladesh/education/news/education-expenses-primary-sees-25pc-rise-secondary-51-3578376,"Education Expenses: Primary sees a 25pc rise, secondary 51"
mohiuddin-alamgir,12,https://www.thedailystar.net/news/bangladesh/news/psc-seeks-more-pays-and-perks-chairman-members-3576461,"PSC seeks more pays and perks for chairman, members"
mohiuddin-alamgir,12,https://www.thedailystar.net/news/bangladesh/news/507pc-deliveries-now-c-sections-3574306,50.7pc deliveries now C-sections
mohiuddin-alamgir,12,https://www.thedailystar.net/news/bangladesh/news/40pc-were-out-school-last-year-3574311,40pc were out of school last year
mohiuddin-alamgir,12,https://www.thedailystar.net/news/bangladesh/politics/news/first-phase-upazila-polls-officials-ec-not-admin-be-ros-aros-3572226,"First phase of upazila polls: Officials from EC, not admin, to be ROs, AROs"
mohiuddin-alamgir,12,https://www.thedailystar.net/news/bangladesh/news/ever-ease-among-the-masses-bangabandhus-birthday-today-3568336,Ever at ease among the masses: Bangabandhu’s birthday today
mohiuddin-alamgir,12,https://www.thedailystar.net/news/bangladesh/news/automated-fuel-pricing-last-3555891,Automated fuel pricing at last
mohiuddin-alamgir,12,https://www.thedailystar.net/news/bangladesh/news/international-mother-language-day-languages-we-may-lose-soon-3548956,International Mother Language Day: Languages we may lose soon
mohiuddin-alamgir,12,https://www.thedailystar.net/news/bangladesh/education/news/private-university-enrolment-looking-3543921,Private university enrolment looking up
mohiuddin-alamgir,13,https://www.thedailystar.net/news/bangladesh/education/news/vice-chancellors-should-be-picked-ugc-pool-3539681,Vice-chancellors should be picked from UGC pool
mohiuddin-alamgir,13,https://www.thedailystar.net/news/bangladesh/education/news/university-enrolment-drops-4-year-low-3535501,University enrolment drops to a 4-year-low
mohiuddin-alamgir,13,https://www.thedailystar.net/news/bangladesh/politics/news/js-devoid-true-opposition-again-3530721,JS devoid of ‘true opposition’ again
mohiuddin-alamgir,13,https://www.thedailystar.net/news/bangladesh/education/news/8th-five-year-plan-health-education-got-way-less-outlined-3528456,"8th five-year plan: Health, education got way less than outlined"
mohiuddin-alamgir,13,https://www.thedailystar.net/news/bangladesh/news/project-implementation-pm-moves-contain-cost-time-overruns-3527566,"Project Implementation: PM moves to contain cost, time overruns"
mohiuddin-alamgir,13,https://www.thedailystar.net/news/bangladesh/news/parties-parliament-second-lowest-1991-3519366,Parties in parliament second lowest since 1991
mohiuddin-alamgir,13,https://www.thedailystar.net/election-2024/news/news/als-total-vote-dips-jps-lowest-1991-3518796,"AL’s total vote dips, JP’s lowest since 1991"
mohiuddin-alamgir,13,https://www.thedailystar.net/election-2024/news/news/turnout-swung-between-the-two-extremes-3517111,Turnout swung between the two extremes
mohiuddin-alamgir,13,https://www.thedailystar.net/election-2024/news/news/vote-today-the-outcome-long-known-3512806,"Vote today, the outcome long known"
mohiuddin-alamgir,13,https://www.thedailystar.net/election-2024/news/news/turnout-the-main-challenge-ec-3511931,Turnout the main challenge for EC
mohiuddin-alamgir,13,https://www.thedailystar.net/election-2024/news/news/93pc-centres-get-ballots-vote-day-morning-3511196,93pc centres to get ballots on vote day morning
mohiuddin-alamgir,13,https://www.thedailystar.net/election-2024/news/news/127-foreign-observers-monitor-polls-3511321,127 foreign observers to monitor polls
mohiuddin-alamgir,13,https://www.thedailystar.net/news/bangladesh/election-2024/news/polls-code-breach-sees-twofold-rise-eight-days-3510211,Polls code breach sees twofold rise in eight days
mohiuddin-alamgir,13,https://www.thedailystar.net/news/bangladesh/national-election-2024/news/al-jp-can-spend-tk-45cr-each-electioneering-3506966,"AL, JP can spend up to Tk 4.5cr each for electioneering"
mohiuddin-alamgir,13,https://www.thedailystar.net/news/bangladesh/national-election-2024/news/how-much-party-can-spend-election-3506356,How much a party can spend in an election
mohiuddin-alamgir,13,https://www.thedailystar.net/news/bangladesh/national-election-2024/news/number-local-election-observers-drops-3505671,Number of local election observers drops
mohiuddin-alamgir,13,https://www.thedailystar.net/news/bangladesh/national-election-2024/news/polls-code-breach-102-al-picks-given-show-cause-notices-3503846,Polls code breach: 102 AL picks given show- cause notices
mohiuddin-alamgir,13,https://www.thedailystar.net/news/bangladesh/national-election-2024/news/january-7-election-army-bgb-be-duty-13-days-3500831,"January 7 election: Army, BGB to be on duty for 13 days"
mohiuddin-alamgir,13,https://www.thedailystar.net/news/bangladesh/national-election-2024/news/382-independents-vie-221-seats-3498651,382 independents vie for 221 seats
mohiuddin-alamgir,13,https://www.thedailystar.net/news/bangladesh/national-election-2024/news/ballots-reach-polling-centres-voting-day-3497796,Ballots to reach polling centres on voting day
mohiuddin-alamgir,14,https://www.thedailystar.net/news/bangladesh/elections/news/only-electioneering-dec-18-ec-not-allowing-any-political-programmes-3492911,Only Electioneering From Dec 18:  EC for not allowing any political programmes
mohiuddin-alamgir,14,https://www.thedailystar.net/news/bangladesh/elections/news/ec-starts-appeals-disposal-today-3490336,EC starts appeals disposal today
mohiuddin-alamgir,14,https://www.thedailystar.net/news/bangladesh/elections/news/nomination-rejections-350-failed-prove-1pc-voters-support-3486846,Nomination Rejections: 350 failed to prove 1pc voters’ support
mohiuddin-alamgir,14,https://www.thedailystar.net/news/bangladesh/elections/news/election-code-breakers-go-unpunished-3486041,Election code breakers go unpunished
mohiuddin-alamgir,14,https://www.thedailystar.net/news/bangladesh/elections/news/nomination-731-aspirants-scrapped-3486121,Nomination of 731 aspirants scrapped
mohiuddin-alamgir,14,https://www.thedailystar.net/news/bangladesh/elections/news/12th-national-elections-731-2716-nominations-rejected-3485906,"12th national elections: 731 of 2,716 nominations rejected"
mohiuddin-alamgir,14,https://www.thedailystar.net/news/bangladesh/elections/news/january-7-polls-aspirants-minorities-rise-number-3485201,January 7 Polls: Aspirants from minorities rise in number
mohiuddin-alamgir,14,https://www.thedailystar.net/news/bangladesh/elections/news/transfer-unos-ocs-field-level-officials-discontent-ec-directive-3484336,"Transfer of UNOS, OCS: Field-level officials ‘discontent’ with  EC directive"
mohiuddin-alamgir,14,https://www.thedailystar.net/news/bangladesh/elections/news/transfer-all-unos-ocs-phases-3483536,"Transfer all UNOs, OCs in phases"
mohiuddin-alamgir,14,https://www.thedailystar.net/news/bangladesh/elections/news/independents-all-time-high-3483571,Independents all-time high
mohiuddin-alamgir,14,https://www.thedailystar.net/news/bangladesh/elections/news/30-parties-race-js-bnp-allies-stay-away-3483096,"30 parties in race for  JS; BNP, allies stay away"
mohiuddin-alamgir,14,https://www.thedailystar.net/news/bangladesh/elections/news/online-nomination-submissions-nearly-half-2018-3482646,Online nomination submissions nearly half that of 2018
mohiuddin-alamgir,14,https://www.thedailystar.net/news/bangladesh/elections/news/national-polls-deadline-nomination-submission-ends-today-3482171,National Polls: Deadline for nomination submission ends today
mohiuddin-alamgir,14,https://www.thedailystar.net/news/bangladesh/news/23-parties-want-join-polls-so-far-3480716,23 parties want to join polls so far
mohiuddin-alamgir,14,https://www.thedailystar.net/news/bangladesh/education/news/hsc-pass-rate-gpa-5-dip-3479641,"HSC pass rate, GPA-5 dip"
mohiuddin-alamgir,14,https://www.thedailystar.net/news/bangladesh/news/girls-continue-outshine-boys-3479771,Girls continue to outshine boys
mohiuddin-alamgir,14,https://www.thedailystar.net/news/bangladesh/education/news/hsc-pass-rate-gpa-5-dip-3479621,"HSC pass rate, GPA-5 dip"
mohiuddin-alamgir,14,https://www.thedailystar.net/news/bangladesh/education/news/hsc-pass-rate-girls-beat-boys-14th-straight-year-3479211,HSC pass rate: Girls beat boys for 14th straight year
mohiuddin-alamgir,14,https://www.thedailystar.net/news/bangladesh/elections/news/ec-still-has-no-means-track-campaign-costs-3478686,EC still has no means to track campaign costs
mohiuddin-alamgir,14,https://www.thedailystar.net/news/bangladesh/elections/news/ec-turns-blind-eye-polls-code-violations-3475511,EC turns a blind eye to polls code violations
mohiuddin-alamgir,15,https://www.thedailystar.net/news/bangladesh/politics/news/polls-may-be-rescheduled-if-bnp-joins-3474756,Polls may be rescheduled if BNP joins
mohiuddin-alamgir,15,https://www.thedailystar.net/news/bangladesh/elections/news/record-tk-1600cr-be-needed-national-polls-3474786,"Record Tk 1,600cr to be needed for national polls"
mohiuddin-alamgir,15,https://www.thedailystar.net/news/bangladesh/politics/news/6-parties-want-run-als-boat-symbol-3472986,6 parties want to run on AL’s boat symbol
mohiuddin-alamgir,15,https://www.thedailystar.net/news/bangladesh/politics/news/rift-opens-jp-again-3472991,Rift opens up in JP again
mohiuddin-alamgir,15,https://www.thedailystar.net/news/bangladesh/elections/news/polls-code-ec-police-violations-every-constituency-3472271,Polls Code: EC to police violations in every constituency
mohiuddin-alamgir,15,https://www.thedailystar.net/news/bangladesh/elections/news/ec-directs-ros-prepare-list-polls-officials-nov-22-3472426,EC directs ROs to prepare list of polls officials by Nov 22
mohiuddin-alamgir,15,https://www.thedailystar.net/news/bangladesh/elections/news/next-natl-election-jan-7-3470736,Next nat'l election on Jan 7
mohiuddin-alamgir,15,https://www.thedailystar.net/news/bangladesh/elections/news/polls-schedule-likely-today-3469821,Polls schedule likely today
mohiuddin-alamgir,15,https://www.thedailystar.net/news/bangladesh/elections/news/ec-invite-42-countries-3470016,EC to invite 42 countries
mohiuddin-alamgir,15,https://www.thedailystar.net/news/bangladesh/elections/news/polls-schedule-be-unveiled-nov-15-or-16-3469061,Polls schedule to be unveiled Nov 15 or 16
mohiuddin-alamgir,15,https://www.thedailystar.net/news/bangladesh/elections/news/appointment-ec-officials-ros-unlikely-3468241,Appointment of EC officials as ROs unlikely
mohiuddin-alamgir,15,https://www.thedailystar.net/news/bangladesh/elections/news/ec-roll-out-mobile-app-voters-3467356,EC to roll out mobile app  for voters
mohiuddin-alamgir,15,https://www.thedailystar.net/news/bangladesh/elections/news/electronic-voting-machines-tk-940cr-lost-due-poor-upkeep-3466621,Electronic Voting Machines: Tk 940cr lost due to poor upkeep
mohiuddin-alamgir,15,https://www.thedailystar.net/news/bangladesh/elections/news/polls-schedule-ec-discuss-possible-date-president-today-3465166,Polls Schedule: EC to discuss possible date with president today
mohiuddin-alamgir,15,https://www.thedailystar.net/news/bangladesh/elections/news/natl-election-likely-between-january-6-and-9-3462596,Nat’l election likely between January 6 and 9
mohiuddin-alamgir,15,https://www.thedailystar.net/news/bangladesh/politics/news/boycott-mars-ec-talks-parties-3461656,Boycott mars EC talks with parties
mohiuddin-alamgir,15,https://www.thedailystar.net/news/bangladesh/elections/news/national-election-commonwealth-likely-send-assessment-team-nov-19-3460856,National election:  Commonwealth likely to send assessment team Nov 19
mohiuddin-alamgir,15,https://www.thedailystar.net/news/bangladesh/news/ec-talks-parties-structured-fall-through-3460206,EC Talks With Parties: Structured to fall through?
mohiuddin-alamgir,15,https://www.thedailystar.net/news/bangladesh/politics/news/ec-invites-bnp-other-parties-dialogue-3459186,"EC invites BNP, other parties to dialogue"
mohiuddin-alamgir,15,https://www.thedailystar.net/news/bangladesh/news/countdown-natl-polls-starts-today-3458276,Countdown to nat’l polls starts today
mohiuddin-alamgir,16,https://www.thedailystar.net/news/bangladesh/politics/news/ec-invite-all-parties-talks-nov-4-3458281,EC to invite all parties for talks on Nov 4
mohiuddin-alamgir,16,https://www.thedailystar.net/news/bangladesh/news/top-cops-sending-ballots-day-polls-3457366,Top cops for sending ballots day before polls
mohiuddin-alamgir,16,https://www.thedailystar.net/news/bangladesh/news/polls-environment-2-commissioners-not-informed-concept-note-3451146,Polls Environment: 2 commissioners not informed of concept note
mohiuddin-alamgir,16,https://www.thedailystar.net/news/bangladesh/elections/news/bnps-oct-28-rally-ec-defers-training-top-admin-cops-3451266,"BNP’s Oct 28 Rally: EC defers training of top admin, cops"
mohiuddin-alamgir,16,https://www.thedailystar.net/news/bangladesh/elections/news/polls-schedule-ec-hold-2-high-profile-meets-part-preparation-3450301,Polls Schedule: EC to hold 2 high-profile meets as part of preparation
mohiuddin-alamgir,16,https://www.thedailystar.net/news/bangladesh/news/conducive-environment-still-not-there-ec-3447941,Conducive environment still not there: EC
mohiuddin-alamgir,16,https://www.thedailystar.net/news/bangladesh/news/ec-wants-cops-ground-15-days-election-day-3446236,EC wants cops on ground for 15 days from election day
mohiuddin-alamgir,16,https://www.thedailystar.net/news/bangladesh/news/ec-seeks-security-its-field-offices-3445396,EC seeks security for its field offices
mohiuddin-alamgir,16,https://www.thedailystar.net/news/bangladesh/elections/news/sending-ballots-polls-day-cops-officials-see-hurdles-ec-plan-3444561,"Sending ballots on polls day: Cops, officials see hurdles in EC plan"
mohiuddin-alamgir,16,https://www.thedailystar.net/news/bangladesh/news/ec-capable-holding-fair-polls-3439886,Is EC capable of holding fair polls?
mohiuddin-alamgir,16,https://www.thedailystar.net/news/bangladesh/elections/news/holding-natl-polls-ec-draws-tk-1445cr-budget-3438356,"Holding Nat’l Polls: EC draws up Tk 1,445cr budget"
mohiuddin-alamgir,16,https://www.thedailystar.net/news/bangladesh/news/ec-officials-want-be-ros-3437266,EC officials want to be ROs
mohiuddin-alamgir,16,https://www.thedailystar.net/news/bangladesh/crime-justice/news/smart-nid-data-leak-voters-info-now-telegram-channel-3435186,Smart NID Data Leak: Voters' info now in Telegram channel
mohiuddin-alamgir,16,https://www.thedailystar.net/news/bangladesh/news/mid-day-meal-schools-govt-likely-reintroduce-it-month-3434056,Mid-Day Meal At Schools: Govt likely to reintroduce it by this month
mohiuddin-alamgir,16,https://www.thedailystar.net/health/disease/news/dengue-spreading-fast-districts-around-capital-3427981,Dengue spreading fast to districts around capital
mohiuddin-alamgir,16,https://www.thedailystar.net/environment/news/heavy-rain-exposes-citys-poor-drainage-3425621,Heavy rain exposes city’s poor drainage
mohiuddin-alamgir,16,https://www.thedailystar.net/news/bangladesh/education/news/du-affiliated-colleges-session-jam-leaves-goal-better-education-unfulfilled-3425641,DU-Affiliated Colleges: Session jam leaves goal of better education unfulfilled
mohiuddin-alamgir,16,https://www.thedailystar.net/news/bangladesh/education/news/campus-courses-national-university-ugc-loggerheads-3424181,"On-campus courses: National University, UGC at loggerheads"
mohiuddin-alamgir,16,https://www.thedailystar.net/news/bangladesh/news/ec-al-already-election-mode-3421316,"EC, AL already in election mode"
mohiuddin-alamgir,16,https://www.thedailystar.net/news/bangladesh/news/most-students-didnt-get-help-cope-3415051,Most students didn’t get help to cope
mohiuddin-alamgir,17,https://www.thedailystar.net/news/bangladesh/news/ending-illiteracy-bangladesh-9-projects-done-30yrs-still-one-four-illiterate-3413431,"Ending Illiteracy in Bangladesh: 9 projects done in 30yrs, still one in four illiterate"
mohiuddin-alamgir,17,https://www.thedailystar.net/news/bangladesh/education/news/private-universities-changes-law-streamline-trustee-boards-3403071,Private Universities: Changes in law to streamline trustee boards
mohiuddin-alamgir,17,https://www.thedailystar.net/news/bangladesh/education/news/quality-primary-education-survey-reveals-grim-picture-3398106,Quality of Primary Education:  Survey reveals grim picture
mohiuddin-alamgir,17,https://www.thedailystar.net/news/bangladesh/news/number-students-going-abroad-triples-15-years-despite-university-boom-3397431,Number of students going abroad triples in 15 years despite university boom
mohiuddin-alamgir,17,https://www.thedailystar.net/news/bangladesh/news/polls-guideline-ec-review-it-foreign-observers-journalists-3396641,"Polls Guideline: EC to review it for foreign observers, journalists"
mohiuddin-alamgir,17,https://www.thedailystar.net/news/bangladesh/news/natl-polls-42350-centres-be-set-3395876,"Nat’l Polls: 42,350 centres to be set up"
mohiuddin-alamgir,17,https://www.thedailystar.net/news/bangladesh/news/it-couldve-been-his-grand-return-du-3394301,It could’ve been his grand return to DU
mohiuddin-alamgir,17,https://www.thedailystar.net/news/bangladesh/politics/news/little-known-bnm-bsp-now-registered-parties-3391531,"‘Little known’ BNM, BSP now registered parties"
mohiuddin-alamgir,17,https://www.thedailystar.net/news/bangladesh/politics/news/polls-monitoring-number-local-organisations-be-cut-half-3389601,Polls Monitoring: Number of local organisations to be cut by half
mohiuddin-alamgir,17,https://www.thedailystar.net/news/bangladesh/politics/news/sit-together-end-crisis-3383986,Sit together to end crisis
mohiuddin-alamgir,17,https://www.thedailystar.net/news/bangladesh/education/news/ssc-equivalent-exams-pass-rate-hits-13-year-low-3381011,SSC & Equivalent Exams: Pass rate hits 13-year low
mohiuddin-alamgir,17,https://www.thedailystar.net/news/bangladesh/news/math-english-drag-results-down-3381206,"Math, English drag results down"
mohiuddin-alamgir,17,https://www.thedailystar.net/news/bangladesh/politics/news/eu-mission-visit-al-bnp-look-different-outcome-3377671,"EU Mission Visit: AL, BNP look to different outcome"
mohiuddin-alamgir,17,https://www.thedailystar.net/news/bangladesh/politics/news/lowest-turnout-four-years-3372816,Lowest turnout in four years
mohiuddin-alamgir,17,https://www.thedailystar.net/opinion/views/interviews/news/if-election-not-participatory-it-neither-free-nor-fair-3371461,"‘If an election is not participatory, it is neither free nor fair’"
mohiuddin-alamgir,17,https://www.thedailystar.net/news/bangladesh/news/univ-teachers-reject-uniform-financial-policy-3353546,Univ teachers reject uniform financial policy
mohiuddin-alamgir,17,https://www.thedailystar.net/news/bangladesh/news/budgetary-allocation-education-gets-far-less-it-requires-3348126,Budgetary Allocation: Education gets far less than it requires
mohiuddin-alamgir,17,https://www.thedailystar.net/news/bangladesh/news/criminology-dept-du-dogged-irregularities-3346441,Criminology dept at DU: Dogged by irregularities
mohiuddin-alamgir,17,https://www.thedailystar.net/news/bangladesh/news/only-5-out-41-parties-city-polls-3344826,Only 5 out of 41 parties in city polls
mohiuddin-alamgir,17,https://www.thedailystar.net/news/bangladesh/crime-justice/news/technological-evolution-crimes-3343041,A technological evolution of crimes
mohiuddin-alamgir,18,https://www.thedailystar.net/news/bangladesh/education/news/over-18000-non-govt-primary-schools-close-doors-2-years-3336856,"Over 18,000 non-govt primary schools close doors in 2 years"
mohiuddin-alamgir,18,https://www.thedailystar.net/special-events/national-budget-2023-24/news/smart-bangladesh-budget-theme-mirrors-als-2041-vision-3335561,Smart Bangladesh: Budget theme mirrors AL’s  2041 vision
mohiuddin-alamgir,18,https://www.thedailystar.net/supplements/private-universities-shaping-bangladeshs-future/news/how-private-universities-propel-students-towards-successful-careers-3332131,How Private Universities Propel Students towards Successful Careers
mohiuddin-alamgir,18,https://www.thedailystar.net/news/bangladesh/news/dsa-goes-against-intl-rights-treaty-3329576,DSA goes against int’l rights treaty
mohiuddin-alamgir,18,https://www.thedailystar.net/news/bangladesh/news/polling-centres-admin-police-be-engaged-selection-3329551,"Polling Centres:  Admin, police to be engaged in selection"
mohiuddin-alamgir,18,https://www.thedailystar.net/news/bangladesh/news/govt-appoints-chairman-dhaka-wasa-3327181,Govt appoints chairman of Dhaka Wasa
mohiuddin-alamgir,18,https://www.thedailystar.net/news/bangladesh/education/news/edn-institutions-anti-bullying-guidelines-issued-3310396,Edn Institutions: Anti-bullying guidelines issued
mohiuddin-alamgir,18,https://www.thedailystar.net/news/bangladesh/news/subscription-intl-journals-tax-rules-high-dollar-rate-raise-concern-3306631,"Subscription to Int’l journals: Tax rules, high dollar rate raise concern"
mohiuddin-alamgir,18,https://www.thedailystar.net/news/bangladesh/news/longing-home-eid-day-3302571,Longing for home on Eid day
mohiuddin-alamgir,18,https://www.thedailystar.net/opinion/views/interviews/news/the-way-parliament-run-these-days-detrimental-holding-the-government-accountable-3300851,'The way parliament is run these days is detrimental to holding the government accountable'
mohiuddin-alamgir,18,https://www.thedailystar.net/news/bangladesh/news/public-audit-law-the-offing-3298506,Public audit law in the offing
mohiuddin-alamgir,18,https://www.thedailystar.net/news/bangladesh/news/poverty-drops-inequality-higher-ever-3295591,Poverty drops but inequality higher than ever
mohiuddin-alamgir,18,https://www.thedailystar.net/news/bangladesh/news/public-universities-racked-ragging-3292251,Public Universities: Racked by ragging
mohiuddin-alamgir,18,https://www.thedailystar.net/news/bangladesh/news/next-budget-be-12pc-bigger-3289756,Next budget to be 12pc bigger
mohiuddin-alamgir,18,https://www.thedailystar.net/news/bangladesh/education/news/public-univ-admission-single-entry-exam-next-year-3287946,Public univ admission: Single entry exam from next year
mohiuddin-alamgir,18,https://www.thedailystar.net/news/bangladesh/politics/news/no-evm-next-js-polls-3287916,No EVM in next JS polls
mohiuddin-alamgir,18,https://www.thedailystar.net/news/bangladesh/news/one-little-town-showed-how-fight-back-3281306,One little town showed how to fight back
mohiuddin-alamgir,18,https://www.thedailystar.net/news/bangladesh/news/42-risky-buildings-rajuk-evacuation-move-going-nowhere-3281301,42 Risky Buildings: Rajuk evacuation move going nowhere
mohiuddin-alamgir,18,https://www.thedailystar.net/news/bangladesh/crime-justice/news/ragging-iu-theyre-too-afraid-speak-3280601,Ragging in IU: They’re too afraid to speak up
mohiuddin-alamgir,18,https://www.thedailystar.net/weekend-read/news/kushtias-tale-unimaginable-brutality-3279941,Kushtia’s tale of unimaginable brutality
mohiuddin-alamgir,19,https://www.thedailystar.net/news/bangladesh/crime-justice/news/siddikbazar-building-3-designs-seized-only-1-had-approval-3267926,"Siddikbazar Building: 3 designs seized, only 1 had approval"
mohiuddin-alamgir,19,https://www.thedailystar.net/news/bangladesh/news/i-said-what-i-needed-say-3264946,‘I said what I needed to say’
mohiuddin-alamgir,19,https://www.thedailystar.net/news/bangladesh/politics/news/ec-gearing-city-polls-september-3264386,EC gearing up for city polls by September
mohiuddin-alamgir,19,https://www.thedailystar.net/news/bangladesh/news/torture-student-iu-hall-admin-was-indifferent-all-along-probe-3259806,Torture of student at IU: Hall admin was indifferent all along: probe
mohiuddin-alamgir,19,https://www.thedailystar.net/news/bangladesh/news/year-ec-yet-earn-trust-3258101,"A year on,  EC yet to earn trust"
mohiuddin-alamgir,19,https://www.thedailystar.net/news/bangladesh/news/islamic-university-halls-run-bcl-diktat-3257186,Islamic University halls run by BCL diktat
mohiuddin-alamgir,19,https://www.thedailystar.net/news/bangladesh/politics/news/ec-asks-tk-3954cr-polls-expenses-3253496,"EC asks for Tk 3,954cr as polls expenses"
mohiuddin-alamgir,19,https://www.thedailystar.net/news/bangladesh/news/15-lakh-evms-bought-2018-40000-unrepairable-3252336,"1.5 lakh evms bought since 2018: 40,000 unrepairable"
mohiuddin-alamgir,19,https://www.thedailystar.net/news/bangladesh/news/draft-electoral-roll-2022-women-comprise-over-half-new-voters-3251456,Draft Electoral Roll 2022: Women comprise over half of new voters
mohiuddin-alamgir,19,https://www.thedailystar.net/news/bangladesh/news/mid-day-meals-likely-govt-primary-school-students-july-3247876,Mid-day meals likely for govt primary school students from July
mohiuddin-alamgir,19,https://www.thedailystar.net/news/bangladesh/news/shahabuddin-next-president-3246066,Shahabuddin next president
mohiuddin-alamgir,19,https://www.thedailystar.net/news/bangladesh/politics/news/al-allies-welcome-the-nomination-3246071,AL allies welcome the nomination
mohiuddin-alamgir,19,https://www.thedailystar.net/youth/education/news/nctb-withdraws-2-textbooks-amid-controversy-3244331,NCTB withdraws 2 textbooks amid controversy
mohiuddin-alamgir,19,https://www.thedailystar.net/news/bangladesh/news/draft-voter-list-2023-number-voters-rises-5pc-year-3243601,Draft voter list 2023: Number of voters rises 5pc in a year
mohiuddin-alamgir,19,https://www.thedailystar.net/youth/education/news/hsc-pass-rate-falls-3242756,HSC pass rate falls
mohiuddin-alamgir,19,https://www.thedailystar.net/news/bangladesh/politics/news/six-elections-public-apathy-blame-low-turnout-say-experts-3237481,Six By-Elections: Public apathy  to blame for  low turnout Say experts
mohiuddin-alamgir,19,https://www.thedailystar.net/news/bangladesh/politics/news/150-constituencies-ecs-evm-dream-over-now-3228756,"150 constituencies: EC’s EVM dream over, for now"
mohiuddin-alamgir,19,https://www.thedailystar.net/news/bangladesh/politics/news/js-constituencies-ec-yet-begin-demarcation-3226396,JS Constituencies: EC yet to begin demarcation
mohiuddin-alamgir,19,https://www.thedailystar.net/news/bangladesh/news/educational-institutions-anti-bullying-policy-sight-3225486,Educational Institutions: Anti-bullying policy in sight
mohiuddin-alamgir,19,https://www.thedailystar.net/news/bangladesh/news/nctb-textbooks-never-ending-cycle-controversies-3224766,NCTB textbooks: Never-ending cycle of controversies
mohiuddin-alamgir,20,https://www.thedailystar.net/business/economy/news/imf-loan-programme-getting-bangladesh-ready-ldc-graduation-3223791,IMF Loan Programme: Getting Bangladesh ready for LDC graduation
mohiuddin-alamgir,20,https://www.thedailystar.net/news/bangladesh/news/17m-students-drop-out-pandemic-3220286,1.7m students drop out in pandemic
mohiuddin-alamgir,20,https://www.thedailystar.net/news/bangladesh/news/graft-universities-empower-ugc-take-legal-action-3219561,Graft At Universities: Empower UGC to take legal action
mohiuddin-alamgir,20,https://www.thedailystar.net/news/bangladesh/news/bangabandhu-comes-home-completes-victory-3216781,"Bangabandhu comes home, completes victory"
mohiuddin-alamgir,20,https://www.thedailystar.net/news/bangladesh/news/new-curriculum-rolls-out-preparations-not-enough-3209681,"New curriculum rolls out, preparations not enough"
mohiuddin-alamgir,20,https://www.thedailystar.net/youth/education/news/shine-taken-noble-initiative-3209956,Shine taken off a noble initiative
mohiuddin-alamgir,20,https://www.thedailystar.net/news/bangladesh/news/25cr-pry-textbooks-wont-reach-students-time-3207596,2.5cr pry textbooks won’t reach students on time
mohiuddin-alamgir,20,https://www.thedailystar.net/news/bangladesh/politics/news/election-meaningless-if-not-participatory-3201961,Election meaningless if not participatory
mohiuddin-alamgir,20,https://www.thedailystar.net/news/bangladesh/news/islamic-arabic-university-the-vc-law-unto-himself-3199481,Islamic Arabic University: The VC a law unto himself?
mohiuddin-alamgir,20,https://www.thedailystar.net/bangladesh/news/memorial-fallen-indian-soldiers-yet-be-completed-3198281,Memorial for fallen Indian soldiers yet to be completed
mohiuddin-alamgir,20,https://www.thedailystar.net/news/bangladesh/news/training-allowances-cut-election-commission-finance-division-odds-3197891,"Training Allowances Cut: Election Commission, Finance Division at odds"
mohiuddin-alamgir,20,https://www.thedailystar.net/news/bangladesh/news/victory-day-today-freedom-dawns-3197226,Victory Day Today: Freedom dawns
mohiuddin-alamgir,20,https://www.thedailystar.net/news/bangladesh/news/no-comprehensive-list-5-decades-3195566,No comprehensive list in 5 decades
mohiuddin-alamgir,20,https://www.thedailystar.net/news/bangladesh/politics/news/registration-conditions-ec-serves-show-cause-notices-14-parties-3190316,Registration Conditions: EC serves show cause notices to 14 parties
mohiuddin-alamgir,20,https://www.thedailystar.net/news/bangladesh/news/education-still-inaccessible-them-3186741,Education still inaccessible for them
mohiuddin-alamgir,20,https://www.thedailystar.net/news/bangladesh/news/75pc-children-disabilities-out-secondary-school-3186186,75pc children with disabilities out of secondary school
mohiuddin-alamgir,20,https://www.thedailystar.net/news/bangladesh/politics/news/gaibandha-election-irregularities-well-orchestrated-3184956,Gaibandha by-election: Irregularities well-orchestrated
mohiuddin-alamgir,20,https://www.thedailystar.net/youth/education/news/ssc-results-dhaka-students-outshine-others-3184056,SSC results: Dhaka students outshine others
mohiuddin-alamgir,20,https://www.thedailystar.net/youth/education/news/ssc-equivalent-exams-floods-more-subjects-drag-down-pass-rate-3182076,"SSC, equivalent exams: Floods, more subjects drag down pass rate"
mohiuddin-alamgir,20,https://www.thedailystar.net/news/bangladesh/politics/news/ecs-compliance-letter-no-response-al-12-other-parties-3179451,"EC’s compliance letter: No response from AL, 12 other parties"
mohiuddin-alamgir,21,https://www.thedailystar.net/news/bangladesh/elections/news/ec-registration-compliance-letter-no-response-al-12-others-3179126,"EC registration compliance letter: No response from AL, 12 others"
mohiuddin-alamgir,21,https://www.thedailystar.net/youth/education/news/communal-question-hsc-5-teachers-cant-do-public-exam-related-job-3178116,‘Communal’ question in HSC: 5 teachers can’t do public exam-related job
mohiuddin-alamgir,21,https://www.thedailystar.net/news/bangladesh/news/ec-fixes-evm-price-without-market-study-3177726,Dev project proposal: EC sets EVM price without market study
mohiuddin-alamgir,21,https://www.thedailystar.net/news/bangladesh/news/central-lottery-secondary-school-admission-3177001,Central lottery for secondary school admission
mohiuddin-alamgir,21,https://www.thedailystar.net/news/bangladesh/news/misdeeds-vcs-teachers-president-gave-message-whats-next-3174656,"Misdeeds of VCs, teachers: President gave a message, but what's next?"
mohiuddin-alamgir,21,https://www.thedailystar.net/news/bangladesh/politics/news/foreign-envoys-comments-ec-govt-sing-same-tune-3171366,"Foreign envoy’s comments: EC, govt sing same tune"
mohiuddin-alamgir,21,https://www.thedailystar.net/news/bangladesh/politics/news/compliance-registration-conditions-ec-starts-reviewing-political-parties-3168521,Compliance with registration conditions: EC starts reviewing political parties
mohiuddin-alamgir,21,https://www.thedailystar.net/youth/education/news/creative-question-paper-two-five-teachers-out-their-depth-3164881,Creative question paper: Over one in 3 teachers out of their depth
mohiuddin-alamgir,21,https://www.thedailystar.net/youth/education/news/now-writer-belittled-hsc-bangla-2nd-paper-question-3164746,Now a writer belittled in HSC Bangla 2nd paper question
mohiuddin-alamgir,21,https://www.thedailystar.net/youth/education/news/communal-question-hsc-test-it-was-violation-govt-guideline-3163986,Communal question in HSC test: A gross violation of govt guideline
mohiuddin-alamgir,21,https://www.thedailystar.net/news/bangladesh/news/ensure-power-keep-candles-ready-too-3161506,"Ensure power, keep candles ready too"
mohiuddin-alamgir,21,https://www.thedailystar.net/news/bangladesh/politics/news/voter-list-enrolment-ec-mulls-stern-punishment-falsifying-info-3160031,Voter list enrolment: EC mulls stern punishment for falsifying info
mohiuddin-alamgir,21,https://www.thedailystar.net/news/bangladesh/news/free-textbooks-govt-facing-race-against-time-3159156,Free textbooks: Govt in a race against time
mohiuddin-alamgir,21,https://www.thedailystar.net/news/bangladesh/news/jamaat-seeking-new-garb-3156586,Jamaat seeking a new garb?
mohiuddin-alamgir,21,https://www.thedailystar.net/news/bangladesh/politics/news/polls-irregularities-ec-probe-finds-100-involved-3153121,By-polls irregularities: EC probe finds 100 involved
mohiuddin-alamgir,21,https://www.thedailystar.net/news/bangladesh/politics/news/gaibandha-5-polls-ec-probe-body-seeks-three-more-days-3151236,Gaibandha-5 by-polls: EC probe body seeks three more days
mohiuddin-alamgir,21,https://www.thedailystar.net/news/bangladesh/politics/news/ec-wants-spend-tk-8711cr-evms-3148096,"EC wants to spend Tk 8,711cr on EVMs"
mohiuddin-alamgir,21,https://www.thedailystar.net/news/bangladesh/politics/news/reduce-gap-between-ec-field-officials-3147156,"Bridge gap between EC, field officials"
mohiuddin-alamgir,21,https://www.thedailystar.net/news/bangladesh/politics/news/zilla-parishad-polls-al-suffer-losses-11-districts-3145266,Zilla parishad  polls: AL-backed candidates take 48
mohiuddin-alamgir,21,https://www.thedailystar.net/news/bangladesh/politics/news/zila-parishads-go-polls-3144506,Zilla parishads go to the polls
mohiuddin-alamgir,22,https://www.thedailystar.net/news/bangladesh/politics/news/gaibandha-polls-irregularities-ec-blames-it-local-admin-3142226,Gaibandha polls irregularities: EC blames it on local admin
mohiuddin-alamgir,22,https://www.thedailystar.net/news/bangladesh/politics/news/gaibandha-polls-situation-went-out-control-3141136,Situation went ‘out of control’
mohiuddin-alamgir,22,https://www.thedailystar.net/news/bangladesh/politics/news/work-public-servants-not-party-activists-3138331,"Work as public servants, not party activists"
mohiuddin-alamgir,22,https://www.thedailystar.net/youth/education/news/literacy-rate-5-districts-fall-far-behind-the-rest-3134671,Literacy rate: 5 districts fall far behind the rest
mohiuddin-alamgir,22,https://www.thedailystar.net/youth/education/news/teachers-public-univs-worktime-set-40-hours-week-3132066,Teachers at public univs: Worktime set at  40 hours a week
mohiuddin-alamgir,22,https://www.thedailystar.net/opinion/views/news/decision-use-evms-defies-all-logic-3131306,‘Decision to use EVMs defies all logic’
mohiuddin-alamgir,22,https://www.thedailystar.net/news/bangladesh/elections/news/ec-plans-evm-promo-campaign-3130736,EC plans EVM promo campaign
mohiuddin-alamgir,22,https://www.thedailystar.net/news/bangladesh/news/tk-642cr-evms-unusable-lack-upkeep-3129631,Tk 642cr EVMs unusable for a lack of upkeep
mohiuddin-alamgir,22,https://www.thedailystar.net/news/bangladesh/politics/news/evm-fingerprint-mismatch-ec-plans-legal-cover-let-1pc-voters-vote-3128866,EVM fingerprint mismatch: EC plans legal  cover to let 1pc voters vote
mohiuddin-alamgir,22,https://www.thedailystar.net/news/bangladesh/crime-justice/news/zila-parishad-chairmen-27-backed-al-elected-unopposed-3128076,Zila parishad chairmen: 27 backed by AL elected unopposed
mohiuddin-alamgir,22,https://www.thedailystar.net/news/bangladesh/politics/news/evm-procurement-ec-finalises-massive-tk-8711cr-project-3123481,"EVM procurement, management: EC finalises massive  Tk 8,711cr project"
mohiuddin-alamgir,22,https://www.thedailystar.net/news/bangladesh/politics/news/rebuilding-trust-holds-the-key-3119551,Rebuilding trust holds the key
mohiuddin-alamgir,22,https://www.thedailystar.net/youth/education/news/new-primary-curriculum-rolling-out-unprepared-teachers-3114761,New primary curriculum: Rolling out with unprepared teachers
mohiuddin-alamgir,22,https://www.thedailystar.net/youth/education/news/now-school-supplies-get-pricier-too-3113691,Now school supplies get pricier
mohiuddin-alamgir,22,https://www.thedailystar.net/news/bangladesh/news/international-literacy-day-govt-now-targets-100pc-literacy-2030-3113731,International Literacy Day: Govt now targets 100pc literacy by 2030
mohiuddin-alamgir,22,https://www.thedailystar.net/news/bangladesh/politics/news/ec-procure-2-lakh-evms-3111006,EC to procure 2 lakh EVMs
mohiuddin-alamgir,22,https://www.thedailystar.net/news/bangladesh/obituary/news/the-voice-inclusive-polls-falls-silent-3102406,The voice for inclusive polls falls silent
mohiuddin-alamgir,22,https://www.thedailystar.net/news/bangladesh/politics/news/evm-use-150-seats-max-3101596,EVM use in 150 seats max
mohiuddin-alamgir,22,https://www.thedailystar.net/news/bangladesh/politics/news/ec-set-use-evm-js-polls-3100166,EC set to use EVM in JS polls
mohiuddin-alamgir,22,https://www.thedailystar.net/news/bangladesh/news/electoral-law-amendment-ec-ignores-most-reforms-proposed-parties-3098106,Electoral law amendment: EC ignores most reforms proposed by parties
mohiuddin-alamgir,23,https://www.thedailystar.net/news/bangladesh/news/child-marriage-labour-schoolgirls-bore-heavy-blow-pandemic-3096561,"Child marriage, labour: Schoolgirls bore heavy blow in pandemic"
mohiuddin-alamgir,23,https://www.thedailystar.net/news/bangladesh/news/grief-they-can-never-forget-3095041,A grief they can never forget
mohiuddin-alamgir,23,https://www.thedailystar.net/weekend-read/news/nothing-can-happen-unless-the-govt-wants-3093841,Nothing can happen unless the govt wants
mohiuddin-alamgir,23,https://www.thedailystar.net/weekend-read/news/call-electoral-reforms-comes-the-fore-3093846,Call for electoral reforms comes to the fore
mohiuddin-alamgir,23,https://www.thedailystar.net/news/bangladesh/politics/news/evm-use-natl-polls-almost-half-the-parties-oppose-it-3085476,National polls: Almost half the parties oppose EVM
mohiuddin-alamgir,23,https://www.thedailystar.net/news/bangladesh/politics/news/ec-talks-parties-supervisory-govt-sought-polls-3084476,EC talks with parties: Supervisory govt sought for polls
mohiuddin-alamgir,23,https://www.thedailystar.net/news/bangladesh/politics/news/9-parties-skip-talks-ec-3082971,9 parties skip talks with EC
mohiuddin-alamgir,23,https://www.thedailystar.net/news/bangladesh/politics/news/ecs-dialogue-parties-runs-snag-3075346,EC’s dialogue hits a snag as BNP skips it
mohiuddin-alamgir,23,https://www.thedailystar.net/opinion/views/news/pec-jsc-exams-are-making-increased-memorisation-3075036,"‘PEC, JSC exams are making for increased memorisation’"
mohiuddin-alamgir,23,https://www.thedailystar.net/news/bangladesh/politics/news/parties-cant-be-forced-join-natl-polls-cec-3074421,Parties can’t be forced to join nat’l polls: CEC
mohiuddin-alamgir,23,https://www.thedailystar.net/youth/education/news/children-get-2yrs-pre-primary-edu-3071126,Children to get 2yrs of pre-primary education
mohiuddin-alamgir,23,https://www.thedailystar.net/youth/education/news/country-first-s-asia-secondary-education-3070461,Bangladesh first in South Asia in secondary education
mohiuddin-alamgir,23,https://www.thedailystar.net/news/bangladesh/news/almost-no-designated-areas-sacrifice-3066731,Almost no designated areas for sacrifice
mohiuddin-alamgir,23,https://www.thedailystar.net/news/bangladesh/crime-justice/news/north-south-university-scams-vested-interests-play-3064741,North South University Scams: When trust takes a back seat
mohiuddin-alamgir,23,https://www.thedailystar.net/news/bangladesh/politics/news/opposition-evm-hardens-3058871,Opposition to EVM hardens
mohiuddin-alamgir,23,https://www.thedailystar.net/environment/climate-crisis/natural-disaster/news/floods-take-heavy-toll-education-3058201,Floods take heavy toll on education
mohiuddin-alamgir,23,https://www.thedailystar.net/youth/education/news/draft-education-act-blitz-against-notebooks-private-tuition-3054061,"Draft education act: Blitz against notebooks, private tuition"
mohiuddin-alamgir,23,https://www.thedailystar.net/news/bangladesh/politics/news/talks-evm-bnp-4-others-opt-out-3053101,Earning trust over EVM: EC initiative suffers setback
mohiuddin-alamgir,23,https://www.thedailystar.net/news/bangladesh/elections/news/not-order-humble-request-3052216,Not an order but a ‘humble request’
mohiuddin-alamgir,23,https://www.thedailystar.net/news/bangladesh/politics/news/evm-use-ec-sit-parties-today-3050571,EVM use: EC to sit with parties today
mohiuddin-alamgir,24,https://www.thedailystar.net/news/bangladesh/elections/news/local-govt-polls-rebels-sink-al-3049091,Local govt polls: Rebels sink AL
mohiuddin-alamgir,24,https://www.thedailystar.net/youth/education/campus/news/luxury-trip-time-austerity-3047386,"VCs, UGC members on luxury trip at a time for austerity"
mohiuddin-alamgir,24,https://www.thedailystar.net/news/bangladesh/politics/news/ensure-inclusive-national-election-3045701,Ensure inclusive national election
mohiuddin-alamgir,24,https://www.thedailystar.net/business/economy/national-budget/news/nothing-make-learning-loss-3043691,Nothing to make up for learning loss
mohiuddin-alamgir,24,https://www.thedailystar.net/weekend-read/news/hacking-evm-impossible-3038961,‘Hacking EVM is impossible’
mohiuddin-alamgir,24,https://www.thedailystar.net/weekend-read/news/trust-technology-3038966,"Debates over EVM: Of trust, of technology"
mohiuddin-alamgir,24,https://www.thedailystar.net/news/bangladesh/news/high-hope-grim-reality-3061616,"Girls’ enrolment keeps dropping at colleges, universities"
mohiuddin-alamgir,24,https://www.thedailystar.net/youth/education/news/no-bangladeshi-universities-asias-top-250-3036986,No Bangladeshi university in Asia’s top 250
mohiuddin-alamgir,24,https://www.thedailystar.net/news/bangladesh/politics/news/voter-list-upgradation-ec-targets-more-women-enrolment-3027966,Voter list upgradation: EC targets more women enrolment
mohiuddin-alamgir,24,https://www.thedailystar.net/news/bangladesh/obituary/news/the-man-behind-the-iconic-song-3027351,The man behind the iconic song
mohiuddin-alamgir,24,https://www.thedailystar.net/youth/education/news/schools-be-more-children-friendly-3021561,"Tk 1,159cr project: Dhaka's govt primary schools to get makeover"
mohiuddin-alamgir,24,https://www.thedailystar.net/news/bangladesh/news/evm-300-seats-bnp-dead-against-ec-undecided-3020741,"EVM in 300 seats: BNP dead against, EC undecided"
mohiuddin-alamgir,24,https://www.thedailystar.net/news/bangladesh/news/supplying-textbooks-26-printers-backlisted-failure-3019431,Supplying textbooks: 26 printers backlisted for failure
mohiuddin-alamgir,24,https://www.thedailystar.net/news/bangladesh/news/historic-mujibnagar-day-no-ordinary-guard-honour-3005891,Historic Mujibnagar Day: No ordinary guard of honour
mohiuddin-alamgir,24,https://www.thedailystar.net/news/bangladesh/news/whose-pen-was-mightier-sword-3004351,Whose pen was mightier than sword
mohiuddin-alamgir,24,https://www.thedailystar.net/youth/education/campus/news/start-central-placement-system-freshmen-3000336,Start central placement system for freshmen
mohiuddin-alamgir,24,https://www.thedailystar.net/news/bangladesh/news/govt-appoint-administrator-2998976,Govt to appoint administrator
mohiuddin-alamgir,24,https://www.thedailystar.net/youth/education/news/pvt-primary-schools-14111-shut-down-during-pandemic-2997966,"Pvt primary schools: 14,111 shut down during pandemic"
mohiuddin-alamgir,24,https://www.thedailystar.net/news/bangladesh/politics/news/voter-list-update-begins-may-20-2991811,Voter list update begins on May 20
mohiuddin-alamgir,24,https://www.thedailystar.net/news/bangladesh/news/roaring-nation-and-the-slogans-2990491,Roaring nation and the slogans
mohiuddin-alamgir,25,https://www.thedailystar.net/news/bangladesh/news/ramna-temple-massacre-dawn-shadowed-dark-forces-2989806,Ramna temple massacre: Dawn shadowed by dark forces
mohiuddin-alamgir,25,https://www.thedailystar.net/news/bangladesh/politics/news/dont-use-evm-without-consensus-2988171,Don’t go for EVM without consensus
mohiuddin-alamgir,25,https://www.thedailystar.net/news/bangladesh/politics/news/election-commission-second-round-talks-today-2987671,Election commission: Second round of talks today
mohiuddin-alamgir,25,https://www.thedailystar.net/news/bangladesh/news/quiet-champion-democracy-2986146,A quiet champion of democracy
mohiuddin-alamgir,25,https://www.thedailystar.net/news/bangladesh/politics/news/talks-ec-next-polls-40-invited-mar-22-meet-2983731,Talks with EC on next polls: 40 invited to Mar 22 meet
mohiuddin-alamgir,25,https://www.thedailystar.net/youth/education/news/pre-primary-students-very-first-day-school-today-2982966,Pre-primary students’ very first day at school today
mohiuddin-alamgir,25,https://www.thedailystar.net/news/bangladesh/politics/news/dialogue-ec-political-consensus-key-2982166,Dialogue on EC: Political consensus key
mohiuddin-alamgir,25,https://www.thedailystar.net/news/bangladesh/politics/news/5-educationists-opt-out-ec-talks-2980876,5 educationists opt out of talks with the EC
mohiuddin-alamgir,25,https://www.thedailystar.net/news/bangladesh/news/mission-the-speech-2977051,Mission to save Bangabandhu's March 7 speech
mohiuddin-alamgir,25,https://www.thedailystar.net/youth/education/news/full-fledged-classes-schools-govt-planning-start-it-mid-march-2975776,Full-fledged classes in schools: Govt planning to start it mid-March
mohiuddin-alamgir,25,https://www.thedailystar.net/youth/education/news/public-universities-admission-seekers-worried-over-syllabus-2971226,Public universities:  Admission seekers worried over syllabus
mohiuddin-alamgir,25,https://www.thedailystar.net/news/bangladesh/news/signboards-bangla-hc-order-widely-ignored-2967456,Signboards in Bangla: HC order widely ignored
mohiuddin-alamgir,25,https://www.thedailystar.net/news/bangladesh/politics/news/immediate-past-ec-tenure-defined-voter-apathy-2966816,Immediate past EC: A tenure defined by voter apathy
mohiuddin-alamgir,25,https://www.thedailystar.net/youth/education/news/splendid-results-curtailed-exams-2961176,Splendid HSC results: Curtailed exams do the trick again
mohiuddin-alamgir,25,https://www.thedailystar.net/opinion/interviews/news/my-agenda-has-been-uphold-emocracy-2961246,‘My agenda has been to uphold democracy’
mohiuddin-alamgir,25,https://www.thedailystar.net/opinion/interviews/news/the-ec-cant-hold-elections-if-it-probes-all-the-electoral-allegations-2960396,‘The EC can’t hold elections if it probes all the electoral allegations’
mohiuddin-alamgir,25,https://www.thedailystar.net/news/bangladesh/politics/news/five-years-huda-led-ec-intention-question-2957516,Five years of Huda-led EC: Intention in question
mohiuddin-alamgir,25,https://www.thedailystar.net/news/bangladesh/politics/news/independents-outdo-al-nominees-2957551,Independents outdo AL nominees
mohiuddin-alamgir,25,https://www.thedailystar.net/news/bangladesh/elections/news/6th-phase-polls-independents-win-95-chairman-posts-al-117-2952351,"6Th phase up polls: Independents grab 95 chair posts, AL 117"
mohiuddin-alamgir,25,https://www.thedailystar.net/news/bangladesh/elections/news/first-all-evm-polls-today-2950796,First all-EVM UP polls today
mohiuddin-alamgir,26,https://www.thedailystar.net/news/bangladesh/politics/news/its-out-vengeance-mahbub-fires-back-cec-2949411,It’s ‘out of vengeance’ Mahbub fires back at CEC
mohiuddin-alamgir,26,https://www.thedailystar.net/weekend-read/news/guideline-needed-appoint-vcs-ugc-chairman-2949661,Guideline needed to appoint VCs: UGC Chairman
mohiuddin-alamgir,26,https://www.thedailystar.net/news/bangladesh/news/muhith-start-foundation-fight-pandemic-2946501,Muhith to start foundation to fight pandemic
mohiuddin-alamgir,26,https://www.thedailystar.net/news/bangladesh/news/the-liberators-epic-return-2935801,The liberator’s epic return
mohiuddin-alamgir,26,https://www.thedailystar.net/news/bangladesh/elections/news/election-commission-huda-talukdar-daggers-drawn-again-2933956,"Election commission: Huda, Talukdar at daggers drawn again"
mohiuddin-alamgir,26,https://www.thedailystar.net/news/bangladesh/elections/news/polls-results-independents-outdo-al-men-2934106,Up polls results: Independents outdo AL men
mohiuddin-alamgir,26,https://www.thedailystar.net/news/bangladesh/elections/news/707-unions-go-polls-today-2932606,707 unions go to polls today
mohiuddin-alamgir,26,https://www.thedailystar.net/youth/education/news/joyous-start-2930286,Joyous start
mohiuddin-alamgir,26,https://www.thedailystar.net/youth/education/news/ssc-equivalent-exams-stellar-results-curtailed-syllabus-2929111,"SSC, Equivalent Exams: Stellar results on curtailed syllabus"
mohiuddin-alamgir,26,https://www.thedailystar.net/youth/education/news/evening-courses-public-univs-ugc-wants-end-it-2929201,Evening Courses at Public Univs: UGC wants an end to it
mohiuddin-alamgir,26,https://www.thedailystar.net/news/bangladesh/elections/news/elections-al-perform-poorly-4th-phase-2927136,UP Elections: AL perform poorly in 4th phase
mohiuddin-alamgir,26,https://www.thedailystar.net/news/bangladesh/elections/news/4th-phase-polls-today-2925461,4th phase UP polls today
mohiuddin-alamgir,26,https://www.thedailystar.net/news/bangladesh/politics/news/ec-formation-chance-law-slim-2923456,EC Formation: Chance of a law slim
mohiuddin-alamgir,26,https://www.thedailystar.net/news/bangladesh/elections/news/chairman-getting-walkovers-continues-2922011,UP chairman getting walkovers continues
mohiuddin-alamgir,26,https://www.thedailystar.net/news/bangladesh/politics/news/presidents-dialogue-starts-today-jp-bnp-undecided-2921226,President’s Dialogue: Starts today with JP; BNP undecided
mohiuddin-alamgir,26,https://www.thedailystar.net/news/bangladesh/news/cruel-the-core-2919146,Cruel to the core
mohiuddin-alamgir,26,https://www.thedailystar.net/youth/education/news/jan-1-textbook-festival-not-certain-all-2918466,Jan 1 Textbook Festival: Not certain for all
mohiuddin-alamgir,26,https://www.thedailystar.net/supplements/victory-day-special-2021/news/liberated-last-2918636,"Liberated, at last"
mohiuddin-alamgir,26,https://www.thedailystar.net/news/bangladesh/elections/news/elected-unopposed-chairmen-they-outnumber-ones-last-polls-2912141,UP Elections: Winning all too easy
mohiuddin-alamgir,26,https://www.thedailystar.net/youth/education/news/2-alim-tests-deferred-2910406,2 Alim tests deferred
mohiuddin-alamgir,27,https://www.thedailystar.net/news/bangladesh/elections/news/polls-violence-5-lives-lost-5-dists-2905906,"UP Chairman Posts: AL men bag 53pc, independents 45pc"
mohiuddin-alamgir,27,https://www.thedailystar.net/supplements/future-education/news/coping-covid-19-2905336,Coping with Covid-19
mohiuddin-alamgir,27,https://www.thedailystar.net/news/bangladesh/elections/news/third-phase-elections-2-crore-head-polls-today-2904291,Third-Phase UP Elections: 2 crore head to polls today
mohiuddin-alamgir,27,https://www.thedailystar.net/news/bangladesh/elections/news/phase-3-polls-some-mps-violating-codes-2902196,Phase-3 UP Polls: Some MPs violating codes
mohiuddin-alamgir,27,https://www.thedailystar.net/news/bangladesh/politics/news/rise-meteoric-fall-too-2900321,"Rise meteoric, fall too"
mohiuddin-alamgir,27,https://www.thedailystar.net/news/bangladesh/politics/news/the-verge-losing-it-all-2234671,On the verge of losing it all
mohiuddin-alamgir,27,https://www.thedailystar.net/news/bangladesh/elections/news/2nd-phase-polls-be-held-today-2226916,Second Phase: 835 UPs go to polls today
mohiuddin-alamgir,27,https://www.thedailystar.net/news/bangladesh/elections/news/tomorrows-union-parishad-elections-al-infighting-ruins-festivity-campaign-2226306,Tomorrow’s Union Parishad Elections: AL infighting ruins festivity in campaign
mohiuddin-alamgir,27,https://www.thedailystar.net/youth/education/news/secondary-school-admissioin-lottery-mulled-all-schools-2224316,Secondary Admission: Lottery mulled for all schools
mohiuddin-alamgir,27,https://www.thedailystar.net/youth/education/news/learning-loss-redress-it-right-now-2223081,"Learning Loss: Redress it, right now"
mohiuddin-alamgir,27,https://www.thedailystar.net/news/bangladesh/elections/news/pre-polls-clashes-4-more-die-more-violence-feared-2222291,"Pre-polls clashes: 4 more die, more violence feared"
mohiuddin-alamgir,27,https://www.thedailystar.net/health/disease/coronavirus/fallouts-fightback/vaccine/news/school-jabs-govt-plans-expand-it-6-cities-14-dists-2221566,"Jabs for Schoolchildren: Govt plans to expand it to 6 cities, 14 dists"
mohiuddin-alamgir,27,https://www.thedailystar.net/youth/education/news/students-victim-school-closure-786m-risk-learning-loss-2201601,Students Victim of School Closure: 7.86m at risk of learning loss
mohiuddin-alamgir,27,https://www.thedailystar.net/youth/education/news/private-univ-classes-no-date-fixed-reopening-2199161,Private university classes: No date fixed for reopening
mohiuddin-alamgir,27,https://www.thedailystar.net/news/bangladesh/news/ec-body-endorse-nid-16-and-above-2193211,EC body to endorse NID for 16 and above
mohiuddin-alamgir,27,https://www.thedailystar.net/news/bangladesh/news/world-teachers-day-today-jobs-gone-hopes-too-2190731,"World Teachers' Day: Jobs gone, hopes too"
mohiuddin-alamgir,27,https://www.thedailystar.net/news/bangladesh/news/holding-exams-bringing-education-back-former-state-not-the-same-2188266,"‘Holding exams, bringing education back to former state not the same’"
mohiuddin-alamgir,27,https://www.thedailystar.net/news/bangladesh/news/teacher-appointment-transfer-mpo-riddled-graft-2187141,"Teacher Appointment, Transfer, MPO: Riddled with graft"
mohiuddin-alamgir,27,https://www.thedailystar.net/youth/education/news/shots-higher-edn-students-half-yet-not-registered-2185426,Shots for Higher Edn Students: Half yet not registered
mohiuddin-alamgir,27,https://www.thedailystar.net/youth/education/news/turnout-class-dropping-2184821,Turnout in class dropping off
mohiuddin-alamgir,28,https://www.thedailystar.net/news/bangladesh/news/law-ec-appointments-its-needed-more-ever-now-2184116,Law for EC Appointments: It’s needed more than ever now
mohiuddin-alamgir,28,https://www.thedailystar.net/news/bangladesh/news/many-private-univs-not-playing-rules-2182941,Many private univs not playing by rules
mohiuddin-alamgir,28,https://www.thedailystar.net/news/bangladesh/elections/news/apathy-eats-away-vote-2179696,Apathy eats away vote
mohiuddin-alamgir,28,https://www.thedailystar.net/youth/education/campus/news/surveillance-planned-public-univs-2177756,After Reopening: Surveillance planned for public univs
mohiuddin-alamgir,28,https://www.thedailystar.net/health/disease/coronavirus/fallouts-fightback/vaccine/news/reopening-universities-jab-registration-will-now-do-2176066,Reopening of Universities: Jab registration only key
mohiuddin-alamgir,28,https://www.thedailystar.net/youth/education/news/primary-higher-secondary-education-major-reforms-the-horizon-2175206,Primary-Higher Secondary Education: Major reforms on the horizon
mohiuddin-alamgir,28,https://www.thedailystar.net/youth/education/news/schools-reopen-caged-no-more-back-fun-2173751,"Schools Reopen: Caged no more, back to fun"
mohiuddin-alamgir,28,https://www.thedailystar.net/youth/education/news/primary-school-students-not-more-3-classes-day-2173026,Primary school students: Not more than 3 classes a day
mohiuddin-alamgir,28,https://www.thedailystar.net/youth/education/news/sick-students-wont-be-marked-absent-2172461,Sick students won’t be marked as absent
mohiuddin-alamgir,28,https://www.thedailystar.net/news/bangladesh/news/international-literacy-day-50-lakh-be-made-literate-2170826,International Literacy Day: 50 lakh to be made literate
mohiuddin-alamgir,28,https://www.thedailystar.net/youth/education/news/regular-classes-pece-ssc-hsc-2169211,Regular classes not for all now
mohiuddin-alamgir,28,https://www.thedailystar.net/youth/education/news/children-12-and-over-get-jabs-2168511,Children 12 and above to get jabs
mohiuddin-alamgir,28,https://www.thedailystar.net/youth/education/news/schools-reopening-long-wait-over-sept-12-2167801,Schools Reopening: Long wait is over Sept 12
mohiuddin-alamgir,28,https://www.thedailystar.net/youth/education/news/schools-colleges-reopen-soon-2167166,"Schools, colleges to reopen soon"
mohiuddin-alamgir,28,https://www.thedailystar.net/news/bangladesh/news/ec-get-students-info-edu-institutions-2165751,NID for students: EC to get info from educational institutions
mohiuddin-alamgir,28,https://www.thedailystar.net/youth/education/news/reopening-universities-19-months-wait-may-end-oct-15-2161761,Reopening of Universities: 19 months’ wait may end Oct 15
mohiuddin-alamgir,28,https://www.thedailystar.net/youth/education/news/universities-can-resume-person-classes-oct-15-after-all-students-teachers-vaccinated-2161476,"Universities can resume in-person classes from Oct 15 after all students, teachers vaccinated"
mohiuddin-alamgir,28,https://www.thedailystar.net/youth/education/news/pandemic-hit-education-sector-recovery-plan-needs-90m-2160986,Pandemic-hit Education Sector: Recovery plan  needs $90m
mohiuddin-alamgir,28,https://www.thedailystar.net/news/bangladesh/elections/news/over-4100-polls-dec-2159566,"Over 4,100 polls by Dec!"
mohiuddin-alamgir,28,https://www.thedailystar.net/youth/education/news/parents-worried-over-aga-khan-schools-planned-closure-2157546,Parents worried over Aga Khan School’s planned closure
mohiuddin-alamgir,29,https://www.thedailystar.net/youth/education/news/reopening-educational-institutions-universities-lead-the-way-2153021,Reopening Schools: Universities  to lead way
mohiuddin-alamgir,29,https://www.thedailystar.net/news/bangladesh/governance/news/learning-loss-pandemic-govt-buy-digital-contents-students-2150421,Learning Loss in Pandemic: Govt to buy digital contents for students
mohiuddin-alamgir,29,https://www.thedailystar.net/youth/education/news/non-mpo-teachers-eid-will-bring-them-no-joy-2134136,Non-MPO Teachers: Eid will bring them no joy
mohiuddin-alamgir,29,https://www.thedailystar.net/youth/education/news/ssc-hsc-likely-nov-dec-2131051,"Shortened versions of SSC, HSC exams likely in Nov, Dec"
mohiuddin-alamgir,29,https://www.thedailystar.net/news/bangladesh/governance/news/govts-new-stimulus-packages-the-poor-made-poorer-2129371,Govt’s New Stimulus Packages: For the poor made poorer
mohiuddin-alamgir,29,https://www.thedailystar.net/news/bangladesh/governance/news/govt-wont-reopen-schools-amid-covid-wave-2128481,Govt won’t reopen schools amid Covid wave
mohiuddin-alamgir,29,https://www.thedailystar.net/news/bangladesh/accidents-fires/news/justice-now-mirage-them-2127756,Justice now a mirage to them
mohiuddin-alamgir,29,https://www.thedailystar.net/news/bangladesh/news/ssc-hsc-exams-pros-cons-alternatives-being-weighed-2129071,"SSC, HSC exams: Pros, cons of alternatives being weighed"
mohiuddin-alamgir,29,https://www.thedailystar.net/backpage/news/local-body-polls-amid-covid-fears-2114825,Local body polls amid Covid fears
mohiuddin-alamgir,29,https://www.thedailystar.net/frontpage/news/supplementary-budget-passed-amid-uproar-over-graft-2106733,Supplementary Budget: Passed amid uproar over graft
mohiuddin-alamgir,29,https://www.thedailystar.net/backpage/news/education-budget-yawning-digital-gap-glossed-over-2104509,Education Budget: Yawning digital gap glossed over
mohiuddin-alamgir,29,https://www.thedailystar.net/frontpage/news/ex-vc-sobhan-violated-rules-2097581,Ex-VC Sobhan violated rules
mohiuddin-alamgir,29,https://www.thedailystar.net/city/news/women-politics-parties-get-another-nine-years-ensure-33pc-representation-2097061,Women in Politics: Parties get another nine years  to ensure 33pc representation
mohiuddin-alamgir,29,https://www.thedailystar.net/frontpage/news/home-ministry-deal-nid-services-2095217,NID services going to Home from EC
mohiuddin-alamgir,29,https://www.thedailystar.net/city/news/ec-mulls-polls-papuls-constituency-2094705,EC mulls by-polls to Papul’s constituency
mohiuddin-alamgir,29,https://www.thedailystar.net/backpage/news/graft-probe-against-vcs-ugc-irked-ministry-keeps-mum-2094089,Graft Probe Against VCs: UGC irked  as ministry keeps mum
mohiuddin-alamgir,29,https://www.thedailystar.net/frontpage/news/592m-students-risk-learning-loss-2091537,5.92m students at risk of learning loss
mohiuddin-alamgir,29,https://www.thedailystar.net/backpage/news/ex-bureaucrats-appointment-public-university-irks-teachers-2089793,Ex-bureaucrat’s appointment at public university irks teachers
mohiuddin-alamgir,29,https://www.thedailystar.net/city/news/ugc-allows-online-exams-public-univs-2089717,UGC allows online exams for public univs
mohiuddin-alamgir,29,https://www.thedailystar.net/backpage/news/public-university-admission-tests-vcs-panel-delays-them-2089025,Public University Admission Tests: VCs’ panel delays them
mohiuddin-alamgir,30,https://www.thedailystar.net/backpage/news/ugc-mulls-online-exams-public-universities-2087709,UGC mulls online exams for public universities
mohiuddin-alamgir,30,https://www.thedailystar.net/top-news/news/draft-education-act-all-guidebooks-be-banned-2087241,Draft Education Act: All guidebooks to be banned
mohiuddin-alamgir,30,https://www.thedailystar.net/frontpage/news/reaching-those-need-help-its-hard-lack-enough-data-2085417,Reaching Those in Need of Help: Govt struggles for lack of enough data
mohiuddin-alamgir,30,https://www.thedailystar.net/backpage/news/save-lives-now-livelihood-can-wait-2084361,"Save lives now, all else can wait"
mohiuddin-alamgir,30,https://www.thedailystar.net/frontpage/news/historic-mujibnagar-day-milestone-our-history-2078673,Historic Mujibnagar Day: A milestone in our history
mohiuddin-alamgir,30,https://www.thedailystar.net/backpage/news/virus-curbs-shops-shop-owners-take-streets-2072133,Virus Curbs on Shops: Shop owners take to streets
mohiuddin-alamgir,30,https://www.thedailystar.net/frontpage/news/education-crisis-south-asia-covid-cause-1-trillion-losses-2071097,Education Crisis in South Asia: Covid to cause  $1 trillion losses
mohiuddin-alamgir,30,https://www.thedailystar.net/backpage/news/rise-covid-cases-all-local-body-polls-postponed-2070653,Rise in Covid Cases: All local body polls postponed
mohiuddin-alamgir,30,https://www.thedailystar.net/frontpage/news/33pc-positions-women-major-parties-not-there-yet-2057357,33pc Positions for Women: Major parties not there yet
mohiuddin-alamgir,30,https://www.thedailystar.net/backpage/news/polls-230-municipalities-al-wins-80pc-mayor-posts-2053293,Polls to 230 Municipalities: AL wins 80pc mayor posts
mohiuddin-alamgir,30,https://www.thedailystar.net/backpage/news/fifth-phase-municipality-polls-today-2052197,Fifth phase municipality polls today
mohiuddin-alamgir,30,https://www.thedailystar.net/frontpage/news/colleges-under-nu-students-protest-deferral-exams-2051189,Colleges Under NU: Students protest exam deferral
mohiuddin-alamgir,30,https://www.thedailystar.net/backpage/news/20-unives-hold-uniform-entry-tests-2046965,20 unives to hold uniform entry tests
mohiuddin-alamgir,30,https://www.thedailystar.net/frontpage/news/draft-education-act-final-stage-ban-guidebooks-corporal-punishment-2046369,"Draft Education Act at Final Stage: Ban on guidebooks, corporal punishment"
mohiuddin-alamgir,30,https://www.thedailystar.net/frontpage/news/appointment-cec-ecs-no-law-49-long-years-2044829,"Appointment of CEC, ECs: No law in 49 long years"
mohiuddin-alamgir,30,https://www.thedailystar.net/backpage/news/municipality-polls-today-many-fear-irregularities-violence-2044373,"Municipality Polls Today: Many fear irregularities, violence"
mohiuddin-alamgir,30,https://www.thedailystar.net/backpage/news/martyred-intellectuals-govt-finalises-definition-2042665,Martyred Intellectuals:  Govt finalises definition
mohiuddin-alamgir,30,https://www.thedailystar.net/backpage/news/new-ec-guideline-controversial-posts-stay-pay-rises-too-2042713,"New EC Guideline: Controversial posts stay, pay rises too"
mohiuddin-alamgir,30,https://www.thedailystar.net/city/news/elections-4300-union-parishads-could-be-delayed-2039657,"Elections to 4,300 union parishads could be delayed"
mohiuddin-alamgir,30,https://www.thedailystar.net/city/news/evms-drew-fewer-voters-ballots-2038389,EVMs drew fewer voters than ballots
mohiuddin-alamgir,31,https://www.thedailystar.net/backpage/news/buet-says-no-uniform-admission-test-2038497,Buet says no to uniform admission test
mohiuddin-alamgir,31,https://www.thedailystar.net/long-read/news/the-archives-the-last-battlefield-2036585,From the archives: The last battlefield
mohiuddin-alamgir,31,https://www.thedailystar.net/frontpage/news/hsc-equivalent-stellar-results-exams-never-held-2036589,"HSC, Equivalent: Stellar results in exams never held"
mohiuddin-alamgir,31,https://www.thedailystar.net/bangladesh/news/hsc-equivalent-results-2020-gpa-5-galore-2036401,"HSC, equivalent results 2020: GPA 5 galore"
mohiuddin-alamgir,31,https://www.thedailystar.net/backpage/news/election-today-62-more-municipalities-2036157,Election today in 62 more municipalities
mohiuddin-alamgir,31,https://www.thedailystar.net/frontpage/news/partial-resumption-classes-schools-colleges-asked-prepare-2033269,"Partial Resumption of Classes:  Schools, colleges asked to prepare"
mohiuddin-alamgir,31,https://www.thedailystar.net/frontpage/news/education-during-pandemic-digital-divide-wreaks-damage-2030637,Education During Pandemic: Digital divide wreaks damage
mohiuddin-alamgir,31,https://www.thedailystar.net/frontpage/news/similar-projects-different-stories-2030061,"Similar projects, different stories"
mohiuddin-alamgir,31,https://www.thedailystar.net/frontpage/news/60-municipalities-go-polls-amid-violence-worries-2028541,60 municipalities go to polls amid violence worries
mohiuddin-alamgir,31,https://www.thedailystar.net/frontpage/news/cag-finds-financial-anomalies-ec-2026109,CAG finds financial anomalies at EC
mohiuddin-alamgir,31,https://www.thedailystar.net/frontpage/news/litterateur-rabeya-khatun-passes-away-2021849,Litterateur Rabeya Khatun passes away
mohiuddin-alamgir,31,https://www.thedailystar.net/frontpage/news/schools-wont-open-now-pm-2020465,Schools won’t open now: PM
mohiuddin-alamgir,31,https://www.thedailystar.net/frontpage/news/covid-time-education-new-approach-old-disparity-2019229,"Covid-time Education: New approach,  old disparity"
mohiuddin-alamgir,31,https://www.thedailystar.net/frontpage/news/next-years-public-exams-plan-ssc-june-hsc-july-august-2019249,"Next Year’s Public Exams Plan: SSC in June, HSC  in July-August"
mohiuddin-alamgir,31,https://www.thedailystar.net/frontpage/news/private-universities-ugc-uniform-admission-system-2018709,Private Universities: UGC for uniform admission system
mohiuddin-alamgir,31,https://www.thedailystar.net/frontpage/news/volatile-rice-market-import-eased-prices-soar-2018141,Volatile Rice Market: Import eased as prices soar
mohiuddin-alamgir,31,https://www.thedailystar.net/backpage/news/24-municipalities-go-polls-evms-2018181,24 municipalities go to polls with EVMs
mohiuddin-alamgir,31,https://www.thedailystar.net/backpage/news/prepaid-gas-meters-dhaka-12-lakh-more-households-get-them-2015761,Prepaid Gas Meters in Dhaka: 1.2 lakh more households to get them
mohiuddin-alamgir,31,https://www.thedailystar.net/frontpage/news/human-development-index-bangladesh-two-notches-2015057,Human Development Index: Bangladesh up two notches
mohiuddin-alamgir,31,https://www.thedailystar.net/country/news/human-development-index-bangladesh-goes-two-notches-fifth-among-south-asian-nations-2014793,"Human Development Index: Bangladesh goes two notches up, 5th in South Asia"
mohiuddin-alamgir,32,https://www.thedailystar.net/frontpage/news/19-univs-now-set-uniform-tests-2014109,19 univs gear up  for uniform tests
mohiuddin-alamgir,32,https://www.thedailystar.net/backpage/news/ru-teachers-demand-registrars-removal-2013177,RU teachers demand registrar’s removal
mohiuddin-alamgir,32,https://www.thedailystar.net/frontpage/news/preserving-liberation-war-sites-project-hamstrung-land-issues-2012565,Preserving Liberation War SitesL: Project hamstrung by land issues
mohiuddin-alamgir,32,https://www.thedailystar.net/backpage/news/recruitment-suspension-ru-will-want-know-why-2012009,Recruitment Suspension: RU will want to know why
mohiuddin-alamgir,32,https://www.thedailystar.net/frontpage/news/reports-malpractices-recruitment-ru-halted-2011405,Reports of Malpractices: Recruitment at RU halted
mohiuddin-alamgir,32,https://www.thedailystar.net/frontpage/news/listing-martyred-intellectuals-it-begins-last-2010905,"Listing Martyred Intellectuals: It begins, at last"
mohiuddin-alamgir,32,https://www.thedailystar.net/backpage/news/many-univs-keen-final-year-exams-2006513,Many univs keen on final year exams
mohiuddin-alamgir,32,https://www.thedailystar.net/frontpage/news/more-stimulus-offset-covid-shock-2005393,More stimulus to offset Covid shock
mohiuddin-alamgir,32,https://www.thedailystar.net/backpage/news/international-day-persons-disabilities-pandemic-paused-their-education-2004829,International Day Of Persons With Disabilities: Pandemic paused their education
mohiuddin-alamgir,32,https://www.thedailystar.net/city/news/buet-interested-join-cluster-admission-test-2004885,Buet interested to join cluster admission test
mohiuddin-alamgir,32,https://www.thedailystar.net/frontpage/news/country-join-3rd-submarine-cable-2003709,Country to join 3rd submarine cable
mohiuddin-alamgir,32,https://www.thedailystar.net/frontpage/news/covid-compensation-govt-staff-no-payment-most-frontliners-2002633,Covid Compensation for Govt Staff: No payment for most frontliners
mohiuddin-alamgir,32,https://www.thedailystar.net/frontpage/news/school-admissions-lottery-time-2001149,School admissions by lottery this time
mohiuddin-alamgir,32,https://www.thedailystar.net/backpage/news/all-above-10yrs-get-smart-nid-cards-2025-1999985,All above 10yrs to get smart NID cards by 2025
mohiuddin-alamgir,32,https://www.thedailystar.net/city/news/ulab-expels-2-students-1996549,ULAB expels 2 students
mohiuddin-alamgir,32,https://www.thedailystar.net/frontpage/news/textbook-printing-distribution-race-against-time-1995537,"Textbook Printing, Distribution: Race against time"
mohiuddin-alamgir,32,https://www.thedailystar.net/frontpage/news/school-admission-no-decision-yet-parents-worried-1992737,"School Admission:  No decision yet, parents worried"
mohiuddin-alamgir,32,https://www.thedailystar.net/frontpage/news/primary-secondary-education-system-major-reform-the-cards-1991601,"Primary, Secondary Education System: Major reform on the cards"
mohiuddin-alamgir,32,https://www.thedailystar.net/frontpage/news/buying-smartphone-ugc-loan-41500-public-univ-students-1988901,"Buying Smartphone: UGC loan for  41,500 public univ students"
mohiuddin-alamgir,32,https://www.thedailystar.net/city/news/sixth-ninth-graders-govt-warns-students-against-copying-using-guides-assignments-1987765,"Govt warns classes 6 to 9 students against copying, using guides in assignments"
mohiuddin-alamgir,33,https://www.thedailystar.net/frontpage/news/graft-anomalies-ru-govt-sits-ugc-probe-report-1986409,"Graft, Anomalies at Ru: Govt sits on UGC probe report"
mohiuddin-alamgir,33,https://www.thedailystar.net/country/news/classes-may-resume-ssc-hsc-if-covid-19-situation-improves-education-minister-1986189,"Classes may resume for SSC, HSC if Covid-19 situation improves: education minister"
mohiuddin-alamgir,33,https://www.thedailystar.net/city/news/ugc-allow-person-practical-classes-exams-limited-scale-1985429,"Final Semester Students of Pvt Univs: UGC to allow in-person practical classes, exams at a ‘limited scale’"
mohiuddin-alamgir,33,https://www.thedailystar.net/frontpage/news/procuring-covid-vaccines-dhaka-scrambles-secure-funds-1983725,Procuring Covid Vaccines: Dhaka scrambles to secure funds
mohiuddin-alamgir,33,https://www.thedailystar.net/frontpage/news/assignments-class-6-9-students-start-nov-1-1983217,Assignments for class 6-9  students to start on Nov 1
mohiuddin-alamgir,33,https://www.thedailystar.net/frontpage/news/no-final-exams-class-6-9-1982113,No final exams for class 6-9
mohiuddin-alamgir,33,https://www.thedailystar.net/frontpage/news/universities-hold-tests-admission-1979837,Universities to hold tests for admission
mohiuddin-alamgir,33,https://www.thedailystar.net/country/news/public-university-admission-tests-will-be-held-1979625,Public university admission tests will be held
mohiuddin-alamgir,33,https://www.thedailystar.net/frontpage/news/university-admission-process-hsc-results-may-not-help-students-1978113,University Admission Process:  HSC results may  not help students
mohiuddin-alamgir,33,https://www.thedailystar.net/frontpage/news/hsc-technical-edu-board-uncertainty-over-grading-28-lakh-1975865,Uncertainty over grading of 2.8 lakh
mohiuddin-alamgir,33,https://www.thedailystar.net/frontpage/news/stressed-bored-1975325,"Stressed, bored"
mohiuddin-alamgir,33,https://www.thedailystar.net/frontpage/news/new-hsc-exam-grading-system-those-who-might-have-failed-become-lucky-bangladesh-1974733,New HSC Grading System: Those who might have failed lucky
mohiuddin-alamgir,33,https://www.thedailystar.net/frontpage/news/hsc-grading-based-ssc-jsc-marks-1974137,"HSC grading based on SSC, JSC marks"
mohiuddin-alamgir,33,https://www.thedailystar.net/frontpage/news/plumbing-depths-pandemic-pain-1972469,World Teacher’s Day: Plumbing depths of pandemic pain
mohiuddin-alamgir,33,https://www.thedailystar.net/frontpage/news/getting-vaccines-govt-working-550m-scheme-1971857,Getting Vaccines: Govt working on a $550m scheme
mohiuddin-alamgir,33,https://www.thedailystar.net/coronavirus-deadly-new-threat/news/getting-vaccines-govt-working-550m-scheme-1971909,Getting vaccines: Govt working on a $550m scheme
mohiuddin-alamgir,33,https://www.thedailystar.net/backpage/news/second-chance-1971493,Programme for nine lakh out-of-school children to be launched next year
mohiuddin-alamgir,33,https://www.thedailystar.net/frontpage/news/level-exams-students-negotiate-new-reality-1970893,A-Level Exams: Students negotiate a new reality
mohiuddin-alamgir,33,https://www.thedailystar.net/frontpage/news/level-exams-today-covid-worries-weigh-many-students-parents-1970265,"A-Level Exams Today: Covid worries  weigh on many  students, parents"
mohiuddin-alamgir,33,https://www.thedailystar.net/business/news/huge-potential-lies-electronic-procurement-1968189,Huge potential lies in electronic procurement
mohiuddin-alamgir,34,https://www.thedailystar.net/frontpage/news/holding-o-level-exams-british-council-gets-govt-nod-1966465,"Holding O, A Level Exams:  British Council gets govt nod"
mohiuddin-alamgir,34,https://www.thedailystar.net/bangladesh-govt-procurement-gifts-trips-secure-contracts-1966505,"Govt procurement: Gifts, trips secure contracts"
mohiuddin-alamgir,34,https://www.thedailystar.net/city/news/no-assessed-grades-upcoming-oa-level-exams-british-council-1965981,No assessed grades for upcoming O/A level exams: British Council
mohiuddin-alamgir,34,https://www.thedailystar.net/frontpage/news/students-amid-closure-walled-uncertainties-1962541,Students Amid Closure: Walled in by uncertainties
mohiuddin-alamgir,34,https://www.thedailystar.net/frontpage/news/nid-card-forgery-ec-officials-compromising-server-security-1961905,NID Card Forgery: EC officials compromising server security
mohiuddin-alamgir,34,https://www.thedailystar.net/country/news/nid-forgery-ec-officials-compromising-server-security-1961893,NID forgery: EC officials compromising server security
mohiuddin-alamgir,34,https://www.thedailystar.net/city/news/private-level-examinees-demand-no-physical-exams-1960805,Private A-level examinees demand no physical exams
mohiuddin-alamgir,34,https://www.thedailystar.net/city/news/govt-extends-hsc-admission-deadline-sept-17-sets-max-enrollment-fees-1958801,"Govt extends HSC admission deadline to Sept 17, sets max  enrollment fees"
mohiuddin-alamgir,34,https://www.thedailystar.net/frontpage/news/plan-reopen-primary-schools-health-guidelines-finalised-kids-1958157,Plan to Reopen Primary Schools: Health guidelines finalised for kids
mohiuddin-alamgir,34,https://www.thedailystar.net/frontpage/news/he-sang-freedom-and-fought-bigotry-1957533,He sang for freedom and fought bigotry
mohiuddin-alamgir,34,https://www.thedailystar.net/backpage/news/literacy-project-falls-thru-1957613,Literacy project falls thru’
mohiuddin-alamgir,34,https://www.thedailystar.net/frontpage/news/ec-backtracks-rpo-reform-1954365,EC backtracks on RPO reform
mohiuddin-alamgir,34,https://www.thedailystar.net/frontpage/news/university-students-govt-sits-ugc-proposal-free-net-1953749,University Students: Govt sits on UGC proposal for free Net
mohiuddin-alamgir,34,https://www.thedailystar.net/frontpage/news/promotion-students-higher-grade-pm-hints-no-exams-year-1952197,Promotion of Students to Higher Grade:  PM hints at no exams this year
mohiuddin-alamgir,34,https://www.thedailystar.net/frontpage/news/no-pece-year-1950961,No PECE this year
mohiuddin-alamgir,34,https://www.thedailystar.net/country/news/no-primary-education-completion-exam-year-1950681,"No Primary Education Completion, equivalent exams this year"
mohiuddin-alamgir,34,https://www.thedailystar.net/backpage/news/ec-will-turn-cat-1950225,‘EC will turn into a cat’
mohiuddin-alamgir,34,https://www.thedailystar.net/frontpage/news/school-feeding-141cr-students-1948373,School feeding for 1.41cr students
mohiuddin-alamgir,34,https://www.thedailystar.net/city/news/269-lakh-students-did-not-apply-first-phase-1948585,2.69 lakh students  did not apply in first phase
mohiuddin-alamgir,34,https://www.thedailystar.net/country/news/massive-tk-19280cr-school-feeding-programme-awaits-approval-1948281,"Massive Tk 19,280cr school-feeding programme awaits approval"
mohiuddin-alamgir,35,https://www.thedailystar.net/frontpage/news/pec-exams-2020-primary-edn-ministry-seeks-pms-approval-cancellation-1947777,PEC Exams 2020: Primary edn ministry seeks PM’s approval for cancellation
mohiuddin-alamgir,35,https://www.thedailystar.net/frontpage/news/admission-public-univs-centralised-tests-now-uncertain-1946105,Admission at Public Univs: Centralised tests now uncertain
mohiuddin-alamgir,35,https://www.thedailystar.net/backpage/news/level-exam-results-many-students-upset-downgrading-1945173,A Level Exam Results: Many students upset by downgrading
mohiuddin-alamgir,35,https://www.thedailystar.net/frontpage/news/development-projects-where-disorder-reigns-supreme-1944641,Development Projects: Where disorder reigns supreme
mohiuddin-alamgir,35,https://www.thedailystar.net/frontpage/news/govt-may-scrap-pec-jsc-exams-1943589,"Govt may scrap PEC, JSC exams"
mohiuddin-alamgir,35,https://www.thedailystar.net/country/news/ministries-send-proposals-pmo-cancel-jsc-pec-exams-1943201,"Ministries to send proposals to PMO to cancel JSC, PEC exams"
mohiuddin-alamgir,35,https://www.thedailystar.net/city/news/ec-mulls-renaming-local-govt-bodies-posts-bangla-1943077,"EC mulls renaming local govt bodies, posts in Bangla"
mohiuddin-alamgir,35,https://www.thedailystar.net/city/news/primary-education-thru-radio-set-launch-tomorrow-1943081,Primary education thru’ radio set for launch tomorrow
mohiuddin-alamgir,35,https://www.thedailystar.net/city/news/dont-disburse-research-funds-allowance-ugc-1942433,Don’t disburse research funds as allowance: UGC
mohiuddin-alamgir,35,https://www.thedailystar.net/frontpage/news/competition-stiff-getting-reputed-colleges-1941997,Competition stiff for getting into reputed colleges
mohiuddin-alamgir,35,https://www.thedailystar.net/frontpage/news/no-decision-yet-major-exams-1941029,No decision yet  on major exams
mohiuddin-alamgir,35,https://www.thedailystar.net/frontpage/news/double-blow-education-1938905,Double blow to education
mohiuddin-alamgir,35,https://www.thedailystar.net/backpage/news/jp-replaces-secy-general-ranga-bablu-1936701,JP replaces secy general Ranga with Bablu
mohiuddin-alamgir,35,https://www.thedailystar.net/frontpage/news/private-universities-summer-semester-enrolment-far-lower-usual-1935285,Private Universities’ Summer Semester:  Enrolment far lower than usual
mohiuddin-alamgir,35,https://www.thedailystar.net/frontpage/news/pandemic-fallout-about-100-schools-go-sale-1933733,Pandemic Fallout: About 100 schools go up for sale
mohiuddin-alamgir,35,https://www.thedailystar.net/first-phase-college-enrollment-online-august-9-20-1933385,First phase of college enrollment online from August 9 to 20
mohiuddin-alamgir,35,https://www.thedailystar.net/frontpage/news/school-closure-amid-pandemic-dropout-rise-major-concern-1932045,School Closure Amid Pandemic: Dropout rise a  major concern
mohiuddin-alamgir,35,https://www.thedailystar.net/country/news/waive-50-percent-tuition-fee-english-medium-schools-guardians-demand-1926977,"Waive 50 percent tuition fee of English medium schools, guardians demand"
mohiuddin-alamgir,35,https://www.thedailystar.net/frontpage/news/food-aid-eid-free-rice-1-crore-poor-1926725,Food Aid Before Eid: Free rice for 1 crore poor
mohiuddin-alamgir,35,https://www.thedailystar.net/city/news/colleges-fix-over-promoting-11th-graders-1926205,Colleges in a fix over promoting 11th graders
mohiuddin-alamgir,36,https://www.thedailystar.net/frontpage/news/distance-learning-during-pandemic-digital-divide-leaves-many-behind-1925205,Distance Learning During Pandemic: Digital divide leaves many behind
mohiuddin-alamgir,36,https://www.thedailystar.net/backpage/news/ec-hold-2-polls-july-14-1925221,EC to hold 2 by-polls on July 14
mohiuddin-alamgir,36,https://www.thedailystar.net/city/news/introduce-free-internet-packages-students-ugc-1924809,Introduce free internet packages for students: UGC
mohiuddin-alamgir,36,https://www.thedailystar.net/backpage/news/life-expectancy-birth-rises-1923149,Life expectancy at birth rises
mohiuddin-alamgir,36,https://www.thedailystar.net/coronavirus-deadly-new-threat/news/online-education-more-just-emailing-course-material-students-1922457,‘Online education more than just emailing course material to students’
mohiuddin-alamgir,36,https://www.thedailystar.net/frontpage/news/levying-tuition-fees-parents-struggle-schools-cant-help-it-1921685,"Levying Tuition Fees: Parents struggle, but schools can’t help it"
mohiuddin-alamgir,36,https://www.thedailystar.net/backpage/news/closure-due-covid-19-ugc-again-urges-public-univs-ensure-online-edn-1920589,Closure Due to Covid-19: UGC again urges public univs to ensure online edn
mohiuddin-alamgir,36,https://www.thedailystar.net/backpage/news/non-mpo-schools-colleges-govt-allocates-tk-4663cr-teachers-staff-1920597,"Non-MPO Schools, Colleges: Govt allocates Tk 46.63cr for teachers, staff"
mohiuddin-alamgir,36,https://www.thedailystar.net/country/news/govt-decides-extend-pre-primary-education-two-years-1920425,Govt decides to extend pre-primary education to two years
mohiuddin-alamgir,36,https://www.thedailystar.net/city/news/online-classes-focus-ugc-sits-univs-today-1920057,Online classes in focus as UGC sits with univs today
mohiuddin-alamgir,36,https://www.thedailystar.net/frontpage/news/non-mpo-teachers-tk-5k-grant-each-them-likely-1917865,Non-Mpo Teachers: Tk 5k grant  for each of them likely
mohiuddin-alamgir,36,https://www.thedailystar.net/backpage/news/office-comptroller-and-auditor-general-64-lakh-objections-struck-one-go-1916801,Office of Comptroller And Auditor General: 6.4 lakh objections struck off at one go
mohiuddin-alamgir,36,https://www.thedailystar.net/backpage/news/registration-ec-get-tougher-1916245,Registration with EC to get tougher
mohiuddin-alamgir,36,https://www.thedailystar.net/frontpage/news/shutdown-hit-school-edn-covering-loss-big-challenge-1916321,Shutdown-hit school education: covering loss major challenge
mohiuddin-alamgir,36,https://www.thedailystar.net/backpage/news/schools-colleges-stay-closed-until-aug-6-1915157,"Schools, colleges to stay closed until Aug 6"
mohiuddin-alamgir,36,https://www.thedailystar.net/country/news/closure-schools-colleges-extended-till-august-6-1914761,"Closure of schools, colleges extended till August 6"
mohiuddin-alamgir,36,https://www.thedailystar.net/frontpage/news/education-sector-budget-loss-covid-19-effect-ignored-1913485,Education Sector Budget:  Loss for Covid-19 effect ignored
mohiuddin-alamgir,36,https://www.thedailystar.net/frontpage/news/not-so-good-news-the-jobless-1913089,Not so good news for the jobless
mohiuddin-alamgir,36,https://www.thedailystar.net/bangladesh-budget-2020-21-for-education-sector-unchanged-1912649,Budget for coronavirus-battered education sector unchanged
mohiuddin-alamgir,36,https://www.thedailystar.net/frontpage/news/funding-next-budget-kamal-still-banks-nbr-1911873,Funding Next Budget: Kamal still  banks on NBR
mohiuddin-alamgir,37,https://www.thedailystar.net/frontpage/news/budget-health-ministry-no-big-rise-inefficiency-1911353,Budget for Health Ministry: No big rise for inefficiency
mohiuddin-alamgir,37,https://www.thedailystar.net/city/news/dedicated-helpline-students-the-offing-1910105,Dedicated helpline for students in the offing
mohiuddin-alamgir,37,https://www.thedailystar.net/frontpage/news/govts-increased-borrowing-interest-payment-may-rise-14pc-1910257,Govt’s Increased Borrowing: Interest payment may rise by 14pc
mohiuddin-alamgir,37,https://www.thedailystar.net/city/news/covid-19-crisis-new-school-curriculum-delayed-year-1908521,Covid-19 Crisis: New school curriculum delayed by a year
mohiuddin-alamgir,37,https://www.thedailystar.net/frontpage/news/college-admission-students-have-wait-more-1907581,College Admission: Students have to wait more
mohiuddin-alamgir,37,https://www.thedailystar.net/backpage/news/non-mpo-teachers-govt-mulls-incentive-1907131,Non-Mpo Teachers: Govt mulls incentive
mohiuddin-alamgir,37,https://www.thedailystar.net/frontpage/news/ssc-equivalent-exams-better-maths-show-ticks-pass-rate-1907137,"SSC, Equivalent Exams: Better maths show ticks up pass rate"
mohiuddin-alamgir,37,https://www.thedailystar.net/country/news/amphan-aftermath-2000-schools-damaged-1905406,"Amphan aftermath: 2,000 schools damaged"
mohiuddin-alamgir,37,https://www.thedailystar.net/frontpage/news/amphan-inflicts-massive-damage-1904977,Amphan inflicts massive damage
mohiuddin-alamgir,37,https://www.thedailystar.net/frontpage/news/nobody-can-feel-our-pain-1904287,‘Nobody can feel our pain’
mohiuddin-alamgir,37,https://www.thedailystar.net/frontpage/news/ssc-results-text-the-first-time-1904293,SSC results via text for the first time
mohiuddin-alamgir,37,https://www.thedailystar.net/frontpage/news/bracing-amphan-fury-1904308,Bracing for Amphan fury
mohiuddin-alamgir,37,https://www.thedailystar.net/ssc-results-2020-eid-through-sms-1904092,SSC results likely after Eid through SMS
mohiuddin-alamgir,37,https://www.thedailystar.net/frontpage/news/nation-loses-its-guardian-angel-1902802,Nation loses its GUARDIAN ANGEL
mohiuddin-alamgir,37,https://www.thedailystar.net/city/news/how-will-we-pay-full-fees-amid-crisis-1902031,‘How will we pay full fees amid this crisis?’
mohiuddin-alamgir,37,https://www.thedailystar.net/frontpage/news/school-feeding-finally-resumes-homes-1902118,School feeding finally resumes at homes
mohiuddin-alamgir,37,https://www.thedailystar.net/city/news/unpaid-pvt-university-teachers-tight-spot-1901419,Unpaid pvt university teachers in a tight spot
mohiuddin-alamgir,37,https://www.thedailystar.net/frontpage/news/people-handling-the-dead-still-exposed-1901476,People handling the dead still exposed
mohiuddin-alamgir,37,https://www.thedailystar.net/city/news/polytechnic-technical-institutions-livestreamed-classes-begin-today-1901128,"Polytechnic, Technical Institutions: Livestreamed classes begin today"
mohiuddin-alamgir,37,https://www.thedailystar.net/backpage/news/tobacco-luxury-items-govt-mulls-over-covid-19-tax-1900882,"Tobacco, Luxury Items: Govt mulls over ‘Covid-19 tax’"
mohiuddin-alamgir,38,https://www.thedailystar.net/frontpage/news/online-classes-amid-shutdown-distant-reality-still-many-1900918,"Online Classes Amid Shutdown: A distant reality, still for many"
mohiuddin-alamgir,38,https://www.thedailystar.net/frontpage/news/finishing-courses-pvt-univs-ugc-allows-conditional-online-grading-1900552,Finishing Courses at Pvt Univs: UGC allows conditional online grading
mohiuddin-alamgir,38,https://www.thedailystar.net/country/bangladesh-private-universities-can-hold-online-tests-1900336,Private universities can hold online tests in line with UGC conditions
mohiuddin-alamgir,38,https://www.thedailystar.net/city/news/primary-students-stipends-increased-finally-after-18yrs-1899844,"Primary students’ stipends increased finally, after 18yrs"
mohiuddin-alamgir,38,https://www.thedailystar.net/city/news/televised-classes-schoolgoers-one-month-lot-left-unfulfilled-1899529,"Televised Classes for Schoolgoers: One month on, a lot left unfulfilled"
mohiuddin-alamgir,38,https://www.thedailystar.net/backpage/news/primary-dropouts-can-increase-1899217,Primary dropouts can increase
mohiuddin-alamgir,38,https://www.thedailystar.net/frontpage/news/pvt-univs-ask-stimulus-package-1898866,Pvt univs ask for stimulus package
mohiuddin-alamgir,38,https://www.thedailystar.net/coronavirus-deadly-new-threat/news/covid-19-private-univs-seek-govt-stimulus-package-1898854,Covid-19: Private univs seek govt stimulus package
mohiuddin-alamgir,38,https://www.thedailystar.net/online/news/ensure-online-classes-ministry-ugc-all-universities-1898335,"Ensure online classes: ministry, UGC to all universities"
mohiuddin-alamgir,38,https://www.thedailystar.net/frontpage/news/colossal-loss-the-nation-1897801,A colossal loss for the nation
mohiuddin-alamgir,38,https://www.thedailystar.net/country/news/dshe-asks-teachers-help-boro-harvesters-1895896,DSHE asks teachers to help Boro harvesters
mohiuddin-alamgir,38,https://www.thedailystar.net/frontpage/news/public-universities-session-jams-loom-large-1895887,Public Universities: Session jams loom large
mohiuddin-alamgir,38,https://www.thedailystar.net/frontpage/news/5400-schools-stay-open-harvesters-1895530,"5,400 schools to stay open for harvesters"
mohiuddin-alamgir,38,https://www.thedailystar.net/frontpage/news/hsc-exams-may-begin-late-may-1895518,HSC exams may begin  in late May
mohiuddin-alamgir,38,https://www.thedailystar.net/frontpage/news/incentives-those-the-front-line-1894801,Incentives for those  on the front line
mohiuddin-alamgir,38,https://www.thedailystar.net/city/news/vocational-madrasa-english-version-no-tv-classes-28m-schoolgoers-yet-1893994,"Vocational, Madrasa, English Version: No TV classes for 2.8m schoolgoers yet"
mohiuddin-alamgir,38,https://www.thedailystar.net/city/news/newly-recruited-pry-teachers-still-unpaid-1893619,Newly-recruited pry teachers still unpaid
mohiuddin-alamgir,38,https://www.thedailystar.net/backpage/news/losses-when-profit-was-be-made-1893733,Losses when profit was to be made
mohiuddin-alamgir,38,https://www.thedailystar.net/backpage/news/we-will-be-begging-the-streets-1892365,‘We will be begging on the streets’
mohiuddin-alamgir,38,https://www.thedailystar.net/frontpage/news/justice-finally-catches-majed-1892371,Justice finally catches up with Majed
mohiuddin-alamgir,39,https://www.thedailystar.net/backpage/news/no-scope-postponement-directives-1891765,No scope for postponement of directives
mohiuddin-alamgir,39,https://www.thedailystar.net/frontpage/news/cash-aid-extreme-poor-1891786,Cash aid for extreme poor
mohiuddin-alamgir,39,https://www.thedailystar.net/backpage/news/private-univs-seek-review-ugc-directives-1890712,Private universities seek review of UGC directives
mohiuddin-alamgir,39,https://www.thedailystar.net/city/news/dont-admit-or-evaluate-students-without-exams-1890412,Don’t admit or evaluate students without exams
mohiuddin-alamgir,39,https://www.thedailystar.net/backpage/news/admissions-grades-without-tests-1889710,"Admissions, grades without tests"
mohiuddin-alamgir,39,https://www.thedailystar.net/city/news/uncertainty-looms-over-school-exams-1889308,Uncertainty looms over school exams
mohiuddin-alamgir,39,https://www.thedailystar.net/backpage/news/schools-shutdown-virtual-classes-not-reality-yet-1888657,Schools in Shutdown: Virtual classes not reality yet
mohiuddin-alamgir,39,https://www.thedailystar.net/city/news/first-day-draws-mixed-reactions-1887472,First day draws mixed reactions
mohiuddin-alamgir,39,https://www.thedailystar.net/city/news/secondary-students-tv-classes-go-air-today-1887115,Secondary students’ TV classes go on air today
mohiuddin-alamgir,39,https://www.thedailystar.net/backpage/news/govt-falters-its-promise-1886818,Govt falters in  its promise
mohiuddin-alamgir,39,https://www.thedailystar.net/backpage/news/al-candidates-win-all-3-polls-1883977,AL candidates win all 3 by-polls
mohiuddin-alamgir,39,https://www.thedailystar.net/city/news/coaching-centres-open-defying-govt-directive-1882801,"Coaching centres open, defying govt directive"
mohiuddin-alamgir,39,https://www.thedailystar.net/frontpage/news/coronavirus-prevention-how-prepared-are-schools-1879912,Coronavirus Prevention: How prepared are schools?
mohiuddin-alamgir,39,https://www.thedailystar.net/frontpage/news/wash-hands-frequently-avoid-all-gatherings-1879009,"Wash hands frequently, avoid all gatherings"
mohiuddin-alamgir,39,https://www.thedailystar.net/frontpage/news/educational-institutions-shutdown-not-consideration-yet-1878151,Educational Institutions: Shutdown not in consideration yet
mohiuddin-alamgir,39,https://www.thedailystar.net/country/coronavirus-in-bangladesh-will-act-line-health-ministry-directive-over-operation-schools-1878037,‘Will act in line with health ministry directive over operation of schools’
mohiuddin-alamgir,39,https://www.thedailystar.net/backpage/news/ekushey-book-fair-ends-big-turnout-1874644,Ekushey book fair ends with big turnout
mohiuddin-alamgir,39,https://www.thedailystar.net/frontpage/news/now-wasa-water-gets-dearer-1874284,Wasa water to cost more
mohiuddin-alamgir,39,https://www.thedailystar.net/frontpage/news/no-shaheed-minar-77pc-pry-schools-1870795,No Shaheed Minar in 77% primary schools
mohiuddin-alamgir,39,https://www.thedailystar.net/backpage/news/mujib-borsho-no-excess-celebrations-1870144,Mujib Borsho: No excess in celebrations
mohiuddin-alamgir,40,https://www.thedailystar.net/backpage/news/uniform-univ-admission-test-educationists-split-over-ugc-move-1867579,Uniform Univ Admission Test: Educationists split over UGC move
mohiuddin-alamgir,40,https://www.thedailystar.net/frontpage/news/uniform-admission-test-ugc-all-set-4-major-univs-undecided-1867057,Uniform Admission Test: UGC all set; 4 major univs  still undecided
mohiuddin-alamgir,40,https://www.thedailystar.net/frontpage/news/councillor-race-tainted-figures-rebels-fare-well-1862743,"Councillor Race: Tainted figures, rebels fare well"
mohiuddin-alamgir,40,https://www.thedailystar.net/frontpage/news/ec-looks-young-voters-1861909,EC looks up to young voters
mohiuddin-alamgir,40,https://www.thedailystar.net/frontpage/news/al-bnp-battle-it-out-dhaka-city-polls-1861915,"AL, BNP face off as Dhaka goes to polls"
mohiuddin-alamgir,40,https://www.thedailystar.net/frontpage/news/theyre-bringing-thugs-1860937,"City polls: AL, BNP accuse each other of bringing in thugs, outsiders"
mohiuddin-alamgir,40,https://www.thedailystar.net/frontpage/dhaka-city-election-2020-election-commission-all-set-evm-only-polls-1860448,First major EVM-only polls: Big test for Election Commission
mohiuddin-alamgir,40,https://www.thedailystar.net/city/news/will-fight-the-working-class-1858789,‘Will fight for the working class’
mohiuddin-alamgir,40,https://www.thedailystar.net/city/news/non-cognisable-or-penal-offence-1858420,Non-cognisable or penal offence?
mohiuddin-alamgir,40,https://www.thedailystar.net/backpage/news/use-evm-re-election-ballots-if-turnout-below-50pc-1857994,Use of EVM: Re-election with ballots if turnout  below 50pc
mohiuddin-alamgir,40,https://www.thedailystar.net/city/news/42700-law-enforcers-be-polls-duty-1857517,"42,700 law enforcers to be on polls duty"
mohiuddin-alamgir,40,https://www.thedailystar.net/city/news/al-candidates-fund-themselves-bnp-rely-family-1856509,"AL candidates to fund themselves, BNP rely on family"
mohiuddin-alamgir,40,https://www.thedailystar.net/frontpage/news/election-now-february-1-1855978,Election now on February 1
mohiuddin-alamgir,40,https://www.thedailystar.net/frontpage/news/ec-doubles-budget-1855573,EC doubles budget
mohiuddin-alamgir,40,https://www.thedailystar.net/frontpage/news/dcc-polls-coincide-saraswati-puja-ec-tight-spot-1854643,Demand for DCC Polls Deferral: EC in a tight spot
mohiuddin-alamgir,40,https://www.thedailystar.net/frontpage/news/hc-bins-writ-seeking-city-polls-delay-1854190,HC bins writ seeking city polls delay
mohiuddin-alamgir,40,https://www.thedailystar.net/frontpage/news/councillors-dhaka-city-polls-pro-bnp-aspirants-face-1024-cases-1853350,"Councillors in Dhaka City Polls: Pro-BNP aspirants  face 1,024 cases"
mohiuddin-alamgir,40,https://www.thedailystar.net/frontpage/news/city-polls-date-ec-waiting-hc-ruling-deferral-plea-1853353,City Polls Date: EC waiting for  HC ruling on  deferral plea
mohiuddin-alamgir,40,https://www.thedailystar.net/frontpage/news/dhaka-city-polls-ec-al-odds-over-lawmakers-campaigning-1852879,"Dhaka City Polls: EC, AL at odds over lawmakers campaigning"
mohiuddin-alamgir,40,https://www.thedailystar.net/backpage/dhaka-city-polls-campaigns-officially-kick-off-1852396,Dhaka City Polls: Campaigns officially kick off
mohiuddin-alamgir,41,https://www.thedailystar.net/city/news/campaigning-kicks-1852126,Dhaka City Polls: Campaigning kicks off
mohiuddin-alamgir,41,https://www.thedailystar.net/backpage/news/fewer-running-city-offices-1849540,Fewer running for city offices
mohiuddin-alamgir,41,https://www.thedailystar.net/backpage/news/dhaka-mayoral-polls-jp-aspirant-crashes-out-dncc-race-1848751,Dhaka Mayoral Polls: JP aspirant crashes out
mohiuddin-alamgir,41,https://www.thedailystar.net/frontpage/dhaka-city-corporation-election-2020-mayoral-candidates-funny-affidavits-1848307,DCC Mayoral Candidates: Amusing affidavits
mohiuddin-alamgir,41,https://www.thedailystar.net/frontpage/psc-and-jsc-result-2019-girls-do-it-again-1847914,Girls do it again
mohiuddin-alamgir,41,https://www.thedailystar.net/frontpage/news/city-polls-may-thaw-political-chills-1845259,City polls may thaw political chills
mohiuddin-alamgir,41,https://www.thedailystar.net/frontpage/news/primary-education-quality-long-way-go-1844338,Primary Education Quality: Long way to go
mohiuddin-alamgir,41,https://www.thedailystar.net/frontpage/bangladesh-govt-suspends-razakars-list-1842208,Govt suspends Razakars’ list
mohiuddin-alamgir,41,https://www.thedailystar.net/frontpage/news/outrageous-blunder-1841644,Outrageous BLUNDER
mohiuddin-alamgir,41,https://www.thedailystar.net/frontpage/news/freedom-fighters-razakars-list-1841317,Freedom fighters on Razakars’ list!
mohiuddin-alamgir,41,https://www.thedailystar.net/frontpage/victory-day-2019-of-bravery-of-betiara-1840852,"Of bravery, of Betiara"
mohiuddin-alamgir,41,https://www.thedailystar.net/backpage/news/ec-secretariats-operation-rift-between-cec-commissioners-widens-further-1839022,Commissioners hit out at EC secretariat
mohiuddin-alamgir,41,https://www.thedailystar.net/backpage/bangladesh-liberation-war-razakar-list-publish-dec-16-1838092,Razakars’ list may be out on Dec 16
mohiuddin-alamgir,41,https://www.thedailystar.net/frontpage/news/98pc-textbooks-sent-upazilas-1837267,98pc textbooks  sent to upazilas
mohiuddin-alamgir,41,https://www.thedailystar.net/backpage/news/use-ctg-mongla-ports-india-set-start-trial-run-next-month-1836394,"Use of Ctg, Mongla Ports: India set to start trial run next month"
mohiuddin-alamgir,41,https://www.thedailystar.net/city/news/financing-still-challenge-startups-1831714,Financing still a challenge for startups
mohiuddin-alamgir,41,https://www.thedailystar.net/frontpage/news/jubo-league-congress-no-fanfare-time-1830790,Jubo League Congress: No fanfare this time
mohiuddin-alamgir,41,https://www.thedailystar.net/backpage/news/bhola-mayhem-no-headway-probe-1829470,Bhola Mayhem: No headway in probe
mohiuddin-alamgir,41,https://www.thedailystar.net/backpage/news/primary-education-madrasa-student-number-rising-1828537,Primary-level Education: Madrasa student number rising
mohiuddin-alamgir,41,https://www.thedailystar.net/frontpage/news/swechchhasebak-league-council-after-7-years-amid-image-crisis-1827742,Swechchhasebak League: Council after 7 years amid image crisis
mohiuddin-alamgir,42,https://www.thedailystar.net/frontpage/news/sramik-league-name-only-1824994,Sramik League ‘in name only’
mohiuddin-alamgir,42,https://www.thedailystar.net/backpage/news/doubts-grow-over-primary-examinations-1824754,Doubts grow over primary examinations
mohiuddin-alamgir,42,https://www.thedailystar.net/backpage/news/doubts-grow-over-primary-examinations-1824532,Doubts grow over primary examinations
mohiuddin-alamgir,42,https://www.thedailystar.net/frontpage/news/protests-public-univs-academic-activities-severely-hampered-1824556,Protests at Public Univs: Academic activities severely hampered
mohiuddin-alamgir,42,https://www.thedailystar.net/frontpage/news/krishak-league-39-lakh-leaders-yet-it-wants-more-1823695,"Krishak League: 39 lakh leaders, yet it wants more"
mohiuddin-alamgir,42,https://www.thedailystar.net/frontpage/news/bnp-may-take-part-dhaka-city-polls-1822810,BNP may take part in Dhaka city polls
mohiuddin-alamgir,42,https://www.thedailystar.net/frontpage/news/road-transport-act-brta-police-not-ready-enforcement-1821904,"Road Transport Act: BRTA, police  not ready for  enforcement"
mohiuddin-alamgir,42,https://www.thedailystar.net/backpage/news/eye-watering-onion-prices-govt-dropped-the-ball-1821067,Eye-Watering Onion Prices: Govt dropped the ball
mohiuddin-alamgir,42,https://www.thedailystar.net/frontpage/news/nasirnagar-attack-probe-it-just-eyewash-1820533,Nasirnagar Attack Probe:  It is just ‘eyewash’
mohiuddin-alamgir,42,https://www.thedailystar.net/frontpage/news/bhola-celebrate-subdued-kali-puja-1819225,Bhola to celebrate subdued Kali Puja
mohiuddin-alamgir,42,https://www.thedailystar.net/frontpage/news/bullying-goes-unreported-ignored-1819234,"Bullying goes unreported, ignored"
mohiuddin-alamgir,42,https://www.thedailystar.net/frontpage/news/rumour-pirs-arrest-brought-hell-1818343,Rumour of pir’s arrest brought on hell
mohiuddin-alamgir,42,https://www.thedailystar.net/backpage/news/hacker-not-precisely-identified-1818346,Hacker ‘not precisely identified’
mohiuddin-alamgir,42,https://www.thedailystar.net/frontpage/news/bhola-hindus-living-fear-1817410,Bhola Hindus living in fear
mohiuddin-alamgir,42,https://www.thedailystar.net/historical/back-page/news/scarred-horrors-hate-crimes-1817047,Scarred by horrors of hate crimes
mohiuddin-alamgir,42,https://www.thedailystar.net/historical/front-page/news/he-was-the-victim-plot-1817059,He was the  victim of a plot
mohiuddin-alamgir,42,https://www.thedailystar.net/frontpage/bhola-admin-cops-were-ill-prepared-about-clash-1817065,"Local admin, cops were ill-prepared"
mohiuddin-alamgir,42,https://www.thedailystar.net/backpage/news/ec-yet-decide-dhaka-city-polls-1815757,EC yet to decide on Dhaka city polls
mohiuddin-alamgir,42,https://www.thedailystar.net/frontpage/news/dismal-picture-secondary-education-37pc-teachers-rely-guidebooks-1813303,Dismal Picture of Secondary Education: 37pc teachers rely on ‘guidebooks’
mohiuddin-alamgir,42,https://www.thedailystar.net/frontpage/unemployment-in-bangladesh-138cr-people-underemployed-1812961,1.38cr people underemployed
mohiuddin-alamgir,43,https://www.thedailystar.net/frontpage/news/killings-campuses-no-punishment-most-cases-1811218,Killings on Campuses: No punishment in most cases
mohiuddin-alamgir,43,https://www.thedailystar.net/city/news/use-ai-can-reduce-risk-question-leaks-1810021,Use of AI can reduce risk of question leaks
mohiuddin-alamgir,43,https://www.thedailystar.net/city/news/students-need-nurturing-outside-classrooms-1808053,Students need nurturing outside of classrooms
mohiuddin-alamgir,43,https://www.thedailystar.net/frontpage/news/bsmrstu-gopalganj-withdraw-the-vc-links-graft-1807069,"Bsmrstu, Gopalganj: Withdraw the VC for links to graft"
mohiuddin-alamgir,43,https://www.thedailystar.net/city/news/iab-the-biggest-spender-ec-1807312,IAB the biggest spender: EC
mohiuddin-alamgir,43,https://www.thedailystar.net/backpage/news/ai-gaining-foothold-asian-schools-1806661,AI gaining foothold in universities
mohiuddin-alamgir,43,https://www.thedailystar.net/backpage/news/jp-moves-curtail-party-chairmans-special-power-1797520,JP moves to curtail party chairman’s special powers
mohiuddin-alamgir,43,https://www.thedailystar.net/backpage/news/ec-installs-server-rohingya-data-1797031,EC installs server for Rohingya data
mohiuddin-alamgir,43,https://www.thedailystar.net/backpage/international-literacy-day-2019-literacy-project-loses-its-way-1797061,Int’l Literacy Day: Literacy project heads nowhere
mohiuddin-alamgir,43,https://www.thedailystar.net/frontpage/literacy-rate-in-bangladesh-2019-100-pc-still-far-cry-1796734,100pc literacy still a far cry
mohiuddin-alamgir,43,https://www.thedailystar.net/backpage/graduation-to-developing-country-bangladesh-lose-7-billion-exports-year-1794088,Graduation to Developing Country: Bangladesh to lose $7b in exports a year
mohiuddin-alamgir,43,https://www.thedailystar.net/frontpage/news/six-hours-suhrawardy-1791535,Six hours at Suhrawardy
mohiuddin-alamgir,43,https://www.thedailystar.net/frontpage/dengue-outbreak-worries-grow-doctors-staffers-1791139,"Worries grow for doctors, staffers"
mohiuddin-alamgir,43,https://www.thedailystar.net/frontpage/bangladesh-dengue-situation-confusion-over-dengue-deaths-dghs-1790575,"Confusion over Dengue Deaths: DGHS confirms 47, to review 89"
mohiuddin-alamgir,43,https://www.thedailystar.net/frontpage/news/global-funding-two-thirds-still-unmet-1790584,Global funding: Two-thirds still unmet
mohiuddin-alamgir,43,https://www.thedailystar.net/backpage/news/dengue-outbreak-daily-hospital-admission-numbers-drop-1790074,Dengue Outbreak: Daily hospital admissions come down
mohiuddin-alamgir,43,https://www.thedailystar.net/frontpage/news/dengue-outbreak-dhaka-dwellers-join-the-fight-1788127,Dengue Outbreak: Dhaka-dwellers join in the fight
mohiuddin-alamgir,43,https://www.thedailystar.net/frontpage/news/reaffiliation-7-colleges-hasty-move-helped-none-1787155,Reaffiliation of 7 Colleges: Hasty move helped no one
mohiuddin-alamgir,43,https://www.thedailystar.net/frontpage/news/students-officegoers-most-vulnerable-1786807,"Students, officegoers most vulnerable"
mohiuddin-alamgir,43,https://www.thedailystar.net/backpage/news/public-exam-schedule-get-short-1786255,Public exam schedules to get shorter
mohiuddin-alamgir,44,https://www.thedailystar.net/frontpage/news/govt-plans-school-meal-cut-dropout-1785958,Govt plans school meal to cut dropout
mohiuddin-alamgir,44,https://www.thedailystar.net/frontpage/news/dengue-outbreak-ensure-theres-no-still-water-1782793,Ensure no still water at home
mohiuddin-alamgir,44,https://www.thedailystar.net/frontpage/dengue-spreads-50-districts-in-bangladesh-1778980,Dengue spreads to 50 districts
mohiuddin-alamgir,44,https://www.thedailystar.net/city/news/enumerators-did-not-visit-every-home-1776706,‘Enumerators did not visit every home’
mohiuddin-alamgir,44,https://www.thedailystar.net/backpage/news/uniform-admission-test-only-7-public-universities-introduce-it-1773613,Uniform Admission Test: Only 7 public universities to introduce it
mohiuddin-alamgir,44,https://www.thedailystar.net/backpage/news/girls-do-better-again-hsc-1772989,Girls do better again in HSC
mohiuddin-alamgir,44,https://www.thedailystar.net/backpage/news/ershads-pending-case-all-cleared-except-two-1771441,"Ershad’s Pending Case: All cleared, except two"
mohiuddin-alamgir,44,https://www.thedailystar.net/frontpage/news/hm-ershad-no-more-1771519,Ershad no more
mohiuddin-alamgir,44,https://www.thedailystar.net/backpage/news/dcs-now-want-bank-special-force-univ-1771015,"DCs now want bank, special force, univ"
mohiuddin-alamgir,44,https://www.thedailystar.net/frontpage/news/hunger-pangs-go-schools-now-fun-1770754,"Hunger pangs go, schools now fun"
mohiuddin-alamgir,44,https://www.thedailystar.net/backpage/news/5th-phase-uz-polls-turnout-lowest-10-years-1759585,5th-Phase UZ Polls: Turnout lowest in 10 years
mohiuddin-alamgir,44,https://www.thedailystar.net/bangladesh-national-budget-2019-20/little-the-jobless-1756870,A little for the jobless
mohiuddin-alamgir,44,https://www.thedailystar.net/bangladesh-national-budget-2019-20/black-money-lives-1756882,Black money lives on
mohiuddin-alamgir,44,https://www.thedailystar.net/city/news/ssc-vocational-be-introduced-640-schools-madrasas-next-year-1749415,"SSC (vocational) to be introduced at 640 schools, madrasas next year"
mohiuddin-alamgir,44,https://www.thedailystar.net/frontpage/holidays-in-bangladesh-shutdown-six-months-1748611,Shutdown for six months
mohiuddin-alamgir,44,https://www.thedailystar.net/frontpage/news/cell-fight-sexual-harassment-1747621,"Cell to Fight Sexual Harassment: 10 yrs on, 60pc schools yet to act on HC order"
mohiuddin-alamgir,44,https://www.thedailystar.net/backpage/schools-zero-pass-rates-rise-in-ssc-exam-result-2019-1740229,SSC Exams: Schools with zero pass rates on the rise
mohiuddin-alamgir,44,https://www.thedailystar.net/backpage/news/ssc-examinations-girls-shine-pass-rate-rises-again-1739755,SSC Examinations: Girls shine as pass rate rises again
mohiuddin-alamgir,44,https://www.thedailystar.net/frontpage/news/labour-courts-justice-delayed-1737418,Labour Courts: Justice delayed
mohiuddin-alamgir,44,https://www.thedailystar.net/backpage/news/eat-healthy-stay-healthy-1735447,Eat healthy to stay healthy
mohiuddin-alamgir,45,https://www.thedailystar.net/frontpage/news/secondary-school-enrolment-girls-ahead-boys-63-dists-1732396,Secondary School Enrolment: Girls ahead of boys in 63 dists
mohiuddin-alamgir,45,https://www.thedailystar.net/frontpage/news/ec-ensure-rohingyas-not-voter-roll-1731202,EC to ensure Rohingyas not on voter roll
mohiuddin-alamgir,45,https://www.thedailystar.net/backpage/news/upazila-election-turnout-phase-4-only-36pc-1723591,Upazila Election: Turnout in phase-4 only 36pc
mohiuddin-alamgir,45,https://www.thedailystar.net/frontpage/news/upazila-elections-one-fifth-top-posts-needed-no-election-1721419,Upazila Elections: One-fifth of top posts needed no election
mohiuddin-alamgir,45,https://www.thedailystar.net/frontpage/news/liberation-war-more-foreign-friends-be-recognised-1720930,Liberation War: More foreign friends to be recognised
mohiuddin-alamgir,45,https://www.thedailystar.net/frontpage/upazila-election-2019-independents-faring-well-1720405,Independents faring well
mohiuddin-alamgir,45,https://www.thedailystar.net/backpage/news/2nd-phase-uz-polls-less-15pc-votes-cast-four-upazilas-1718206,2nd Phase of UZ Polls: Less than 15pc votes cast in four upazilas
mohiuddin-alamgir,45,https://www.thedailystar.net/frontpage/news/116-upazilas-go-polls-today-1716679,116 upazilas go to polls today
mohiuddin-alamgir,45,https://www.thedailystar.net/frontpage/5-bangladeshis-still-missing-after-mosque-attack-in-new-zealand-1716178,5 Bangladeshis still missing
mohiuddin-alamgir,45,https://www.thedailystar.net/frontpage/3-bangladeshis-among-dead-in-new-zealand-attack-1715824,3 Bangladeshis among dead
mohiuddin-alamgir,45,https://www.thedailystar.net/frontpage/ducsu-election-2019-concerns-come-true-1713847,Quota leader shocks BCL
mohiuddin-alamgir,45,https://www.thedailystar.net/frontpage/news/ducsu-election-2019-ex-leaders-pin-hope-polls-1713346,Ex-Ducsu leaders pin hope on polls
mohiuddin-alamgir,45,https://www.thedailystar.net/frontpage/news/little-festivity-uz-polls-kick-1712812,"UZ polls kick off, festivity lacking"
mohiuddin-alamgir,45,https://www.thedailystar.net/city/news/absence-ducsu-decades-degraded-student-politics-1712509,Absence of Ducsu for decades degraded student politics
mohiuddin-alamgir,45,https://www.thedailystar.net/frontpage/news/no-list-yet-hc-order-unheeded-1705216,Language Movement Heroes: No list yet as HC order unheeded
mohiuddin-alamgir,45,https://www.thedailystar.net/politics/11th-jatiya-sangsad-session-begin-tomorrow-1694488,Partners in polls now in opposition
mohiuddin-alamgir,45,https://www.thedailystar.net/backpage/news/upazila-polls-lda-several-islamist-parties-wont-take-part-1693849,"Upazila Polls: LDA, several Islamist parties won't take part"
mohiuddin-alamgir,45,https://www.thedailystar.net/city/dncc-election-2019-february-28-1691269,DNCC mayor polls Feb 28
mohiuddin-alamgir,45,https://www.thedailystar.net/city/ekushey-book-fair-2019-bigger-than-ever-1690069,Bigger than ever
mohiuddin-alamgir,45,https://www.thedailystar.net/backpage/news/its-against-constitution-1686826,It's against constitution
mohiuddin-alamgir,46,https://www.thedailystar.net/bangladesh-national-election-2018/dont-use-power-gains-sheikh-hasina-to-new-elected-mps-1682464,Let's not be monsters
mohiuddin-alamgir,46,https://www.thedailystar.net/bangladesh-national-election-2018/news/now-local-observers-even-fewer-1679902,Now local observers even fewer
mohiuddin-alamgir,46,https://www.thedailystar.net/bangladesh-national-election-2018/bangladesh-army-deployment-389-upazilas-navy-18-upazilas-tomorrow-1677805,Army starts polls duty
mohiuddin-alamgir,46,https://www.thedailystar.net/bangladesh-national-election-2018/news/us-disappointed-over-govts-inability-grant-credentials-intl-election-monitors-1677271,Foreign observers now even fewer
mohiuddin-alamgir,46,https://www.thedailystar.net/bangladesh-national-election-2018/news/army-deployment-5-days-polls-ec-election-commission-1672717,"'Embarrassed, saddened' by polls violence"
mohiuddin-alamgir,46,https://www.thedailystar.net/bangladesh-national-election-2018/news/independent-aspirants-dec-30-polls-see-lowest-number-1672366,Independent Aspirants: Dec 30 polls see lowest number
mohiuddin-alamgir,46,https://www.thedailystar.net/bangladesh-national-election-2018/news/bnps-strategy-works-well-1669324,BNP's strategy works well
mohiuddin-alamgir,46,https://www.thedailystar.net/frontpage/news/law-and-order-polls-police-rab-seek-tk-462cr-ec-1666228,"Law and Order in Polls: Police, Rab seek Tk 462cr from EC"
mohiuddin-alamgir,46,https://www.thedailystar.net/js-polls-2018/news/fewer-observers-dec-30-polls-1663426,Fewer observers in Dec 30 polls
mohiuddin-alamgir,46,https://www.thedailystar.net/frontpage/news/the-alluring-magic-three-symbols-1662481,The alluring magic of three symbols
mohiuddin-alamgir,46,https://www.thedailystar.net/frontpage/news/govt-primary-school-students-curious-fall-number-1661689,Govt Primary School Students: Curious fall in number
mohiuddin-alamgir,46,https://www.thedailystar.net/js-polls-2018/news/100pc-fair-elections-not-possible-election-commissioner-kabita-khanam-bangladesh-1661449,Not possible to hold 100pc fair polls
mohiuddin-alamgir,46,https://www.thedailystar.net/js-polls-2018/bangladesh-election-2018-deferral-not-logical-realistic-ec-secretary-helal-uddin-1660960,No more deferring polls: EC
mohiuddin-alamgir,46,https://www.thedailystar.net/js-polls-2018/bangladesh-election-commission-rules-out-delaying-polls-any-further-1659895,Performing Election Duties: EC warns ROs of stern action for failure
mohiuddin-alamgir,46,https://www.thedailystar.net/js-polls-2018/bangladesh-national-election-date-december-30-2018-ec-declares-new-schedule-1659436,Polls now on December 30
mohiuddin-alamgir,46,https://www.thedailystar.net/backpage/news/high-demand-al-bnp-symbols-1659217,"High demand for AL, BNP symbols"
mohiuddin-alamgir,46,https://www.thedailystar.net/js-polls-2018/news/how-will-ec-check-illegal-spending-1658551,How will EC check illegal spending?
mohiuddin-alamgir,46,https://www.thedailystar.net/politics/bangladesh-national-election-schedule-announcement-today-1657762,Election on Dec 23
mohiuddin-alamgir,46,https://www.thedailystar.net/politics/11th-bangladesh-general-election-schedule-tomorrow-cec-address-nation-declare-1657369,EC set to unveil schedule today
mohiuddin-alamgir,46,https://www.thedailystar.net/politics/political-dialogue-islamists-leftists-today-1656931,The ball now in PM's court
mohiuddin-alamgir,47,https://www.thedailystar.net/frontpage/news/complete-all-exams-december-10-1656754,Complete all examinations by Dec 10
mohiuddin-alamgir,47,https://www.thedailystar.net/politics/hiyatul-ulya-lil-zamiatil-qawmiya-bangladesh-accord-reception-pm-tomorrow-suhrawardy-udyan-in-dhaka-1655710,Exams deferred for Qawmi event
emran-mahfuz-0,0,https://www.thedailystar.net/star-multimedia/news/preparations-send-10000-workers-malaysia-no-cost-who-can-apply-4291846,"Preparations to send 10,000 workers to Malaysia at no cost: Who can apply?"
emran-mahfuz-0,0,https://www.thedailystar.net/star-multimedia/news/pakistans-weapons-us-intelligence-support-saudi-arabias-plan-against-houthis-4291841,"Pakistan’s weapons, US intelligence support: Saudi Arabia’s plan against Houthis"
emran-mahfuz-0,0,https://www.thedailystar.net/star-multimedia/news/writing-feet-dukhu-mia-builds-school-after-failing-find-job-4291836,Writing with feet: Dukhu Mia builds a school after failing to find a job
emran-mahfuz-0,0,https://www.thedailystar.net/opinion/views/news/where-change-people-shed-their-blood-4241871,Where is that change people shed their blood for?
emran-mahfuz-0,0,https://www.thedailystar.net/slow-reads/focus/news/abdul-quadir-and-the-lost-art-editing-4188161,Abdul Quadir and the lost art of editing
emran-mahfuz-0,0,https://www.thedailystar.net/news/bangladesh/news/pahela-baishakh-how-bangla-new-year-shaped-bangalee-identity-and-culture-over-centuries-4151436,Pahela Baishakh: How Bangla new year shaped Bangalee identity and culture over centuries
emran-mahfuz-0,0,https://www.thedailystar.net/opinion/views/news/those-power-are-often-biggest-obstacles-justice-4025411,Jail Killing Day / ‘Those in power are often the biggest obstacles to justice’
emran-mahfuz-0,0,https://www.thedailystar.net/books-literature/news/ekushey-book-fair-breaking-tradition-3991056,An Ekushey Book Fair breaking with tradition
emran-mahfuz-0,0,https://www.thedailystar.net/opinion/views/news/why-shy-away-prioritising-culture-3910181,Why shy away from prioritising culture?
emran-mahfuz-0,0,https://www.thedailystar.net/opinion/views/news/we-want-inclusive-society-new-year-3871151,We want an inclusive society this new year
emran-mahfuz-0,0,https://www.thedailystar.net/opinion/views/news/would-i-be-the-kind-person-forget-history-3857446,Would I be the kind of person to forget history?
emran-mahfuz-0,0,https://www.thedailystar.net/news/bangladesh/news/bittersweet-say-al-mahmuds-fans-3857131,"Bittersweet, say Al Mahmud's fans"
emran-mahfuz-0,0,https://www.thedailystar.net/opinion/views/news/abul-mansurs-lament-was-the-unfulfilled-promise-democracy-3851106,Abul Mansur’s lament was the unfulfilled promise of democracy
emran-mahfuz-0,0,https://www.thedailystar.net/supplements/victory-day-special-2024/news/the-pen-against-power-the-fight-justice-3777181,The Pen Against Power in the Fight for Justice
emran-mahfuz-0,0,https://www.thedailystar.net/daily-star-books/news/we-need-writers-know-what-society-will-look-the-future-3436296,“We need writers to know what society will look like in the future”
emran-mahfuz-0,0,https://www.thedailystar.net/daily-star-books/news/good-books-will-always-find-good-readers-dipankar-das-3351046,‘Good books will always find good readers’: Dipankar Das
emran-mahfuz-0,0,https://www.thedailystar.net/daily-star-books/news/books-need-be-highlight-elevate-country-the-global-level-abdullah-abu-sayeed-3312606,“Books need to be highlight to elevate a country to the global level”: Abdullah Abu Sayeed
emran-mahfuz-0,0,https://www.thedailystar.net/books-literature/news/ranajit-guha-was-the-youngest-heart-dipesh-chakraborty-3307261,Ranajit Guha was the youngest at heart: Dipesh Chakraborty
emran-mahfuz-0,0,https://www.thedailystar.net/books-literature/news/war-the-waters-looking-back-operation-jackpot-1971-3290041,"War in the waters: Looking back at Operation Jackpot, 1971"
emran-mahfuz-0,0,https://www.thedailystar.net/daily-star-books/news/panihar-public-library-heritage-ruins-3164821,Panihar Public Library: A heritage in ruins
emran-mahfuz-0,0,https://www.thedailystar.net/daily-star-books/news/rising-dollar-prices-impact-book-trade-3133321,Rising dollar prices impact book trade
emran-mahfuz-0,0,https://www.thedailystar.net/daily-star-books/news/i-enjoy-being-alone-helal-hafiz-3111581,‘I enjoy being alone’: Helal Hafiz
emran-mahfuz-0,0,https://www.thedailystar.net/opinion/views/news/124th-birth-anniversary-abul-mansur-ahmad-man-who-saw-the-world-what-it-could-be-3109546,Abul Mansur Ahmad saw the world for what it could be
emran-mahfuz-0,0,https://www.thedailystar.net/opinion/interviews/news/society-evolving-we-have-evolve-it-2964551,‘Society is evolving; we have to evolve with it’
emran-mahfuz-0,0,https://www.thedailystar.net/views/opinion/news/nazrul-initiated-our-awakening-2907666,‘Nazrul initiated our awakening’
emran-mahfuz-0,0,https://www.thedailystar.net/book-reviews/news/boi-mela-2021-huge-blows-dealt-the-publishing-industry-2077169,Boi Mela 2021: Huge blows dealt to the publishing industry
emran-mahfuz-0,0,https://www.thedailystar.net/book-reviews/news/gyantapas-abdur-razzak-essay-competition-celebrated-2074281,Gyantapas Abdur Razzak Essay Competition celebrated
emran-mahfuz-0,0,https://www.thedailystar.net/culture/books/reviews/news/history-books-more-popular-years-boi-mela-2074277,History books more popular at this year’s Boi Mela
emran-mahfuz-0,0,https://www.thedailystar.net/book-reviews/news/boi-mela-sees-no-activity-under-lockdown-2072601,Boi Mela sees no activity under lockdown
emran-mahfuz-0,0,https://www.thedailystar.net/book-reviews/news/boi-mela-updates-friday-2064401,Boi Mela updates as of Friday
emran-mahfuz-0,0,https://www.thedailystar.net/book-reviews/news/boi-mela-centric-love-books-poses-obstacles-the-publishing-industry-2039109,“Boi Mela-centric love for books poses obstacles for the publishing industry.”
emran-mahfuz-0,1,https://www.thedailystar.net/opinion/news/bangabandhu-was-man-void-vanity-leader-free-ego-1945049,"‘Bangabandhu was a man void of vanity,  a leader free of ego’"
emran-mahfuz-0,1,https://www.thedailystar.net/opinion/interviews/news/revolutionary-change-needed-existing-systems-1938785,‘Revolutionary change needed in existing systems’
emran-mahfuz-0,1,https://www.thedailystar.net/opinion/news/torchbearer-our-generation-1918785,A torchbearer of our generation
emran-mahfuz-0,1,https://www.thedailystar.net/book-reviews/news/masud-ranagoes-court-1916117,‘Masud Rana’goes to court
emran-mahfuz-0,1,https://www.thedailystar.net/slow-reads/focus/news/eid-1971-forgotten-chapter-the-liberation-war-1828372,Eid in 1971: A forgotten chapter of the Liberation War
emran-mahfuz-0,1,https://www.thedailystar.net/star-youth/news/participating-bangladesh-youth-delegation-india-1737853,Participating in Bangladesh Youth Delegation to India
emran-mahfuz-0,1,https://www.thedailystar.net/literature/news/congregation-dying-birds-1699483,A CONGREGATION OF DYING BIRDS
emran-mahfuz-0,1,https://www.thedailystar.net/opinion/perspective/news/awaiting-justice-the-boroitola-mass-killings-1678294,Awaiting justice for the Boroitola mass killings
emran-mahfuz-0,1,https://www.thedailystar.net/book-reviews/nirbachito-galpa-reflection-middle-class-lifestyle-1588522,Nirbachito Galpa: A Reflection of Middle-Class Lifestyle
emran-mahfuz-0,1,https://www.thedailystar.net/frontpage/unique-burial-ground-1971-1506007,Of a unique burial ground of 1971
emran-mahfuz-0,1,https://www.thedailystar.net/book-reviews/1971-new-horizon-history-1421401,1971: A New Horizon in History
emran-mahfuz-0,1,https://www.thedailystar.net/wide-angle/bangla-college-witness-the-1971-genocide-1380715,Bangla College: A Witness to the 1971 Genocide
emran-mahfuz-0,1,https://www.thedailystar.net/literature/news/abul-mansur-ahmad-versatile-genius-1377532,Abul Mansur Ahmad: A Versatile Genius
emran-mahfuz-0,1,https://www.thedailystar.net/wide-angle/lighthouse-undivided-india-1344763,A Lighthouse of Undivided India
emran-mahfuz-0,1,https://www.thedailystar.net/wide-angle/bangladesh/alamdanga-killing-field-could-have-more-say-1330783,Alamdanga killing field could have more to say
emran-mahfuz-0,1,https://www.thedailystar.net/in-focus/%E2%80%9Cpoetry-work-lifetime%E2%80%9D-110614,“Poetry is a work of a lifetime”
priyam-paul,0,https://www.thedailystar.net/star-multimedia/news/preparations-send-10000-workers-malaysia-no-cost-who-can-apply-4291846,"Preparations to send 10,000 workers to Malaysia at no cost: Who can apply?"
priyam-paul,0,https://www.thedailystar.net/star-multimedia/news/pakistans-weapons-us-intelligence-support-saudi-arabias-plan-against-houthis-4291841,"Pakistan’s weapons, US intelligence support: Saudi Arabia’s plan against Houthis"
priyam-paul,0,https://www.thedailystar.net/star-multimedia/news/writing-feet-dukhu-mia-builds-school-after-failing-find-job-4291836,Writing with feet: Dukhu Mia builds a school after failing to find a job
priyam-paul,0,https://www.thedailystar.net/slow-reads/focus/news/the-young-radicals-who-challenged-19th-century-bengal-4281051,The young radicals who challenged 19th-century Bengal
priyam-paul,0,https://www.thedailystar.net/slow-reads/focus/news/dadabhai-naoroji-the-man-who-exposed-the-economics-british-colonialism-4267121,Dadabhai Naoroji: The man who exposed the economics of British colonialism
priyam-paul,0,https://www.thedailystar.net/slow-reads/big-picture/news/what-six-south-asian-economists-taught-the-world-about-development-4252781,What six South Asian economists taught the world about development
priyam-paul,0,https://www.thedailystar.net/slow-reads/focus/news/feel-bengali-think-beyond-bengal-dipankar-gupta-conversation-4244591,"To feel Bengali, to think beyond Bengal: Dipankar Gupta in conversation"
priyam-paul,0,https://www.thedailystar.net/slow-reads/focus/news/beyond-kings-and-dynasties-rethinking-medieval-indian-history-4241551,In conversation with Harbans Mukhia / Beyond kings and dynasties: Rethinking medieval Indian history
priyam-paul,0,https://www.thedailystar.net/slow-reads/focus/news/the-blind-spots-bangladesh-studies-4238491,The blind spots of Bangladesh studies
priyam-paul,0,https://www.thedailystar.net/slow-reads/focus/news/modern-islam-has-always-been-secular-entity-4227616,Interview / Modern Islam has always been a 'secular' entity
priyam-paul,0,https://www.thedailystar.net/slow-reads/focus/news/bengals-forgotten-connections-nazi-germany-4223776,Bengal’s forgotten connections with Nazi Germany
priyam-paul,0,https://www.thedailystar.net/slow-reads/focus/news/how-the-mughal-legacy-continues-shape-south-asia-4199491,How the Mughal legacy continues to shape South Asia
priyam-paul,0,https://www.thedailystar.net/slow-reads/geopolitical-insights/news/the-making-indias-bengali-muslim-problem-4193191,The making of India’s Bengali Muslim problem
priyam-paul,0,https://www.thedailystar.net/slow-reads/big-picture/news/beyond-kaanta-taar-rethinking-life-the-bangladesh-india-border-4182226,Beyond kaanta-taar: Rethinking life at the Bangladesh–India border
priyam-paul,0,https://www.thedailystar.net/slow-reads/unheard-voices/news/why-the-haor-film-kura-pakkhir-shunye-ura-matters-today-4179596,Why the Haor film Kura Pakkhir Shunye Ura matters today
priyam-paul,0,https://www.thedailystar.net/slow-reads/focus/news/re-reading-nizamuddin-auliya-history-and-memory-4173191,Re-reading Nizamuddin Auliya in history and memory
priyam-paul,0,https://www.thedailystar.net/slow-reads/focus/news/the-untold-history-horses-south-asia-4160276,The untold history of horses in South Asia
priyam-paul,0,https://www.thedailystar.net/slow-reads/focus/news/hurt-sentiments-and-majoritarian-politics-south-asias-crisis-secularism-4156231,Hurt sentiments and majoritarian politics: South Asia’s crisis of secularism
priyam-paul,0,https://www.thedailystar.net/slow-reads/slow-reads-special/news/how-did-pahela-baishakh-become-public-celebration-3866386,How did Pahela Baishakh become a public celebration?
priyam-paul,0,https://www.thedailystar.net/slow-reads/focus/news/the-proclamation-gave-bangladesh-its-statehood-4148281,The proclamation that gave Bangladesh its statehood
priyam-paul,0,https://www.thedailystar.net/slow-reads/focus/news/islamisation-bengal-has-no-parallel-south-asia-4144576,'Islamisation in Bengal has no parallel in South Asia'
priyam-paul,0,https://www.thedailystar.net/slow-reads/big-picture/news/rethinking-secularism-south-asia-today-4142751,Rethinking secularism in South Asia today
priyam-paul,0,https://www.thedailystar.net/slow-reads/focus/news/does-south-asia-need-secularism-4138766,Does South Asia need secularism?
priyam-paul,0,https://www.thedailystar.net/slow-reads/focus/news/barisal-beyond-and-the-making-bengali-literary-modernity-4118316,"Barisal, beyond, and the making of Bengali literary modernity"
priyam-paul,0,https://www.thedailystar.net/slow-reads/big-picture/news/cry-liveable-city-4089721,A cry for a liveable city
priyam-paul,0,https://www.thedailystar.net/slow-reads/focus/news/we-must-not-lose-focus-real-political-barriers-3980181,'We must not lose focus from real political barriers'
priyam-paul,0,https://www.thedailystar.net/slow-reads/unheard-voices/news/indigenous-lives-screen-3973976,Indigenous Lives on Screen
priyam-paul,0,https://www.thedailystar.net/slow-reads/focus/news/christian-conversion-and-the-politics-faith-colonial-bengal-3965451,Christian conversion and the politics of faith in colonial Bengal
priyam-paul,0,https://www.thedailystar.net/slow-reads/unheard-voices/news/beyond-the-snake-charms-the-changing-lives-the-bedes-3963636,Beyond the snake charms: The changing lives of the Bedes
priyam-paul,1,https://www.thedailystar.net/slow-reads/unheard-voices/news/most-couldnt-say-what-home-looked-3958551,“Most couldn’t say what a home looked like”
priyam-paul,1,https://www.thedailystar.net/supplements/green-factory-award-2025/news/greener-factories-stronger-future-3957161,Greener factories stronger future
priyam-paul,1,https://www.thedailystar.net/slow-reads/focus/news/robust-democratic-environment-remains-fictitious-configuration-our-noisy-imagination-3955516,“Robust democratic environment remains a fictitious configuration of our noisy imagination”
priyam-paul,1,https://www.thedailystar.net/supplements/frozen-flavours/news/cold-rush-bangladeshs-ice-cream-boom-3949506,Cold rush Bangladesh’s ice cream boom
priyam-paul,1,https://www.thedailystar.net/slow-reads/unheard-voices/news/why-not-new-bangladesh-labourers-3947836,Why not a new Bangladesh for labourers?
priyam-paul,1,https://www.thedailystar.net/slow-reads/focus/news/tajuddins-place-history-should-be-seen-terms-his-wartime-leadership-3945551,‘Tajuddin’s place in history should be seen in terms of his wartime leadership’
priyam-paul,1,https://www.thedailystar.net/slow-reads/focus/news/self-and-society-tajuddins-formative-years-3945571,Self and Society: Tajuddin’s formative years
priyam-paul,1,https://www.thedailystar.net/slow-reads/focus/news/the-trial-the-jail-killing-case-should-be-reopened-3945756,‘The trial of the jail killing case should be reopened’
priyam-paul,1,https://www.thedailystar.net/slow-reads/focus/news/tajuddin-ahmad-seems-greek-tragic-hero-who-had-all-the-great-qualities-destiny-was-against-him-3945761,‘Tajuddin Ahmad seems like a Greek tragic hero who had all the great qualities but destiny was against him’
priyam-paul,1,https://www.thedailystar.net/slow-reads/focus/news/tajuddin-was-objective-fact-based-quite-unlike-many-other-awami-league-leaders-muyeedul-hasan-3945811,"‘Tajuddin was objective, fact-based — quite unlike many other Awami League leaders’: Muyeedul Hasan"
priyam-paul,1,https://www.thedailystar.net/supplements/property-guru/news/rehab-fair-exploring-homes-building-futures-3939076,"REHAB Fair: Exploring homes, building futures"
priyam-paul,1,https://www.thedailystar.net/ds/big-picture/news/how-you-shouldnt-study-bangladesh-3930026,How you shouldn't study Bangladesh
priyam-paul,1,https://www.thedailystar.net/supplements/paint-progress/news/brushing-bold-strokes-3928866,Brushing bold strokes
priyam-paul,1,https://www.thedailystar.net/supplements/cool-comfort/news/chilling-heat-inside-bangladeshs-booming-ac-market-3925846,Chilling the heat: Inside Bangladesh’s booming ac market
priyam-paul,1,https://www.thedailystar.net/supplements/beat-plastic-pollution/news/we-collect-much-plastic-we-use-bangladesh-3910876,We collect as much plastic as we use in Bangladesh
priyam-paul,1,https://www.thedailystar.net/supplements/beat-plastic-pollution/news/plastic-isnt-cheap-were-all-paying-it-3910931,Plastic isn’t cheap: We’re all paying for it
priyam-paul,2,https://www.thedailystar.net/supplements/banked-assurance/news/bancassurance-breakthrough-bangladesh-3906201,The bancassurance breakthrough in Bangladesh
priyam-paul,2,https://www.thedailystar.net/opinion/views/news/rebel-poet-who-foretold-planetary-crisis-3902756,The rebel poet who foretold planetary crisis
priyam-paul,2,https://www.thedailystar.net/supplements/smart-living/news/smart-home-appliances-revolutionising-home-comfort-3894876,Smart home appliances: Revolutionising home comfort
priyam-paul,2,https://www.thedailystar.net/supplements/smart-savings/news/saving-wise-building-strong-3883686,"Saving Wise, Building Strong"
priyam-paul,2,https://www.thedailystar.net/supplements/glow-economy/news/bangladeshs-cosmetics-industry-the-rise-3881771,Bangladesh’s Cosmetics Industry on the rise
priyam-paul,2,https://www.thedailystar.net/opinion/geopolitical-insights/news/israels-main-mission-not-combating-terrorism-destroying-gaza-3880496,"‘Israel's main mission is not combating terrorism, but destroying Gaza’"
priyam-paul,2,https://www.thedailystar.net/opinion/views/news/the-proclamation-independence-was-beacon-bangladesh-3872661,The Proclamation of Independence was a beacon for Bangladesh
priyam-paul,2,https://www.thedailystar.net/slow-reads/focus/news/the-legacy-thomas-bata-bengal-3868136,The Legacy of Thomas Bata in Bengal
priyam-paul,2,https://www.thedailystar.net/supplements/independence-day-special-2025/news/between-bullets-and-borders-fleeing-the-rajshahi-massacre-3857846,Between bullets and borders Fleeing the Rajshahi massacre
priyam-paul,2,https://www.thedailystar.net/supplements/independence-day-special-2025/news/the-truths-written-blood-cannot-be-erased-lies-3857806,‘The truths written in blood cannot be erased by lies’
priyam-paul,2,https://www.thedailystar.net/supplements/independence-day-special-2025/news/1971-fiction-literary-dilemma-3857836,1971 in Fiction: A Literary Dilemma
priyam-paul,2,https://www.thedailystar.net/supplements/summer-saviour/news/the-coolest-ac-deals-summer-3856696,The coolest AC deals this summer
priyam-paul,2,https://www.thedailystar.net/supplements/swipe-celebrate/news/festive-finances-embracing-cashless-payments-eid-3852996,Festive finances: Embracing cashless payments for Eid
priyam-paul,2,https://www.thedailystar.net/supplements/your-property-guru/news/legal-checks-you-buy-smart-move-3845626,Legal checks before you buy a smart move
priyam-paul,2,https://www.thedailystar.net/supplements/your-property-guru/news/shifting-commercial-tides-whats-next-motijheel-3849166,Shifting commercial tides: What’s Next for Motijheel?
priyam-paul,2,https://www.thedailystar.net/supplements/your-property-guru/news/we-do-not-have-critical-culture-architecture-3849221,‘We do not have a critical culture in architecture’
priyam-paul,2,https://www.thedailystar.net/supplements/international-womens-day-2025/news/women-making-their-mark-3842106,Women making their mark
priyam-paul,2,https://www.thedailystar.net/supplements/climate-heroes/news/palki-motors-driving-green-driving-smart-3837231,"Palki Motors: Driving green, driving smart"
priyam-paul,2,https://www.thedailystar.net/supplements/anniversary-supplement-2025/reform-and-rebuild/news/fair-and-transparent-trial-necessary-ensure-accountability-3834721,A fair and transparent trial is necessary to ensure accountability
priyam-paul,2,https://www.thedailystar.net/supplements/anniversary-supplement-2025/reform-and-rebuild/news/democratic-reforms-must-begin-political-parties-3834731,Democratic reforms must begin with political parties
priyam-paul,3,https://www.thedailystar.net/supplements/anniversary-supplement-2025/reform-and-rebuild/news/we-need-permanent-health-commission-3835016,We need a permanent health commission
priyam-paul,3,https://www.thedailystar.net/supplements/anniversary-supplement-2025/towards-equality/news/the-hard-truths-about-bangladeshs-food-security-3831771,The hard truths about Bangladesh’s food security
priyam-paul,3,https://www.thedailystar.net/supplements/anniversary-supplement-2025/towards-equality/news/revive-our-rivers-securing-flow-and-stopping-pollution-3832926,Revive our rivers by securing flow and stopping pollution
priyam-paul,3,https://www.thedailystar.net/slow-reads/focus/news/bangla-language-and-literature-after-47-3829641,Bangla language and literature after ‘47
priyam-paul,3,https://www.thedailystar.net/opinion/views/news/akhteruzzaman-elias-thought-novel-writing-bengali-literature-3822511,Akhteruzzaman Elias’ thought on novel writing in Bengali literature
priyam-paul,3,https://www.thedailystar.net/supplements/future-ready/news/choosing-excellence-private-universities-are-leading-the-way-3814066,Choosing Excellence: Private Universities Are Leading the Way
priyam-paul,3,https://www.thedailystar.net/supplements/2000-crore-club/news/fantastic-5-banks-surpassing-tk-2000-crore-operating-profit-3811891,"Fantastic 5 banks surpassing Tk 2,000 crore in operating profit"
priyam-paul,3,https://www.thedailystar.net/supplements/better-banking-together/news/transforming-the-banking-landscape-through-mfs-3810286,Transforming the Banking Landscape through MFS
priyam-paul,3,https://www.thedailystar.net/supplements/safety-first/news/safe-lifts-setup-ongoing-maintenance-3808411,Safe lifts: From setup to ongoing maintenance
priyam-paul,3,https://www.thedailystar.net/opinion/interviews/news/when-government-refuses-go-people-accept-it-until-they-dont-3807441,"‘When a government refuses to go, people accept it until they don’t’"
priyam-paul,3,https://www.thedailystar.net/supplements/your-property-guru/news/housing-boom-along-the-padma-bridge-3784131,Housing boom along the Padma bridge
priyam-paul,3,https://www.thedailystar.net/supplements/your-property-guru/news/handover-troubles-act-wisely-3785306,Handover troubles? Act wisely
priyam-paul,3,https://www.thedailystar.net/supplements/youth-banking/news/unlocking-international-pathways-3782471,Unlocking International Pathways
priyam-paul,3,https://www.thedailystar.net/supplements/victory-day-special-2024/news/71-24-people-united-justice-3777321,From ‘71 to ‘24: A People United for Justice
priyam-paul,3,https://www.thedailystar.net/martyred-intellectuals-day-2024/news/martyrs-freedom-3775576,Martyrs of Freedom
priyam-paul,3,https://www.thedailystar.net/supplements/oils-and-wellbeing/news/the-flavour-change-edible-oils-bangladeshi-kitchens-3766431,The flavour of change: Edible Oils in Bangladeshi Kitchens
priyam-paul,3,https://www.thedailystar.net/supplements/your-partner-financial-wellbeing/news/bridging-gaps-building-trust-how-bangladeshs-banks-are-powering-progress-3765426,"Bridging Gaps, Building Trust: How Bangladesh’s Banks Are Powering Progress"
priyam-paul,3,https://www.thedailystar.net/slow-reads/big-picture/news/the-faces-behind-made-bangladesh-3760881,The Faces behind  ‘Made in Bangladesh’
priyam-paul,4,https://www.thedailystar.net/slow-reads/focus/news/remembering-legacy-opposition-vision-independence-3754591,"Remembering a legacy of opposition, a vision of independence"
priyam-paul,4,https://www.thedailystar.net/supplements/islamic-banking-bangladesh/news/islamic-banking-bangladesh-3741051,Islamic Banking in Bangladesh
priyam-paul,4,https://www.thedailystar.net/supplements/detergent-dynamics/news/the-transformation-bangladeshs-detergent-market-3740111,The Transformation of Bangladesh’s Detergent Market
priyam-paul,4,https://www.thedailystar.net/supplements/chattogram-realty-trends/news/the-thriving-real-estate-landscape-chattogram-3738261,The Thriving Real Estate: Landscape of Chattogram
priyam-paul,4,https://www.thedailystar.net/slow-reads/focus/news/sultanate-mughal-the-architectural-legacy-bengal-3738301,From Sultanate to Mughal: The Architectural Legacy of Bengal
priyam-paul,4,https://www.thedailystar.net/supplements/the-great-wave/news/hijacking-history-1971-narratives-the-awami-leagues-reign-3728826,Hijacking History: 1971 narratives in the Awami League's reign
priyam-paul,4,https://www.thedailystar.net/supplements/clean-gains/news/washing-smart-the-rising-popularity-washing-machines-bangladesh-3721401,Washing smart: The rising popularity of washing machines in Bangladesh
priyam-paul,4,https://www.thedailystar.net/supplements/offshore-banking/news/shoring-resilience-harnessing-offshore-banking-strengthen-bangladeshs-financial-future-3715001,Shoring Up Resilience: Harnessing Offshore Banking to Strengthen Bangladesh’s Financial Future
priyam-paul,4,https://www.thedailystar.net/supplements/your-property-guru/news/dhakas-expanding-horizon-3703341,Dhaka’s expanding horizon
priyam-paul,4,https://www.thedailystar.net/supplements/your-property-guru/news/lifts-high-demand-local-manufacturers-redefining-the-elevator-market-3705656,Lifts in High Demand Local Manufacturers Redefining the Elevator Market
priyam-paul,4,https://www.thedailystar.net/supplements/global-education-home/news/malaysia-bangladesh-ucsis-journey-educational-excellence-3689266,From Malaysia to Bangladesh UCSI’s Journey of Educational Excellence
priyam-paul,4,https://www.thedailystar.net/supplements/sustainable-finance/news/financing-sustainability-shaping-bangladeshs-economic-future-3687351,Financing Sustainability: Shaping Bangladesh’s Economic Future
priyam-paul,4,https://www.thedailystar.net/supplements/personal-finance-wisdoms/news/turning-deposits-millionaire-dreams-3665871,Turning Deposits into Millionaire Dreams
priyam-paul,4,https://www.thedailystar.net/supplements-0/news/salt-your-walls-protect-smart-solution-3657161,Salt on your walls?  Protect with a smart solution
priyam-paul,4,https://www.thedailystar.net/supplements/msmes-day-2024/news/leveraging-the-power-smes-3642786,Leveraging the power of SMEs
priyam-paul,4,https://www.thedailystar.net/supplements/world-environment-day-2024/news/the-impact-green-finance-bangladesh-charting-greener-future-3626916,The Impact of Green Finance in Bangladesh Charting a Greener Future
priyam-paul,4,https://www.thedailystar.net/supplements/preparing-the-future/news/private-universities-the-evolving-job-market-3621646,Private universities & the evolving job market
priyam-paul,4,https://www.thedailystar.net/supplements/living-colour/news/colouring-progress-3619686,Colouring Progress
priyam-paul,4,https://www.thedailystar.net/supplements/nbfi-insights/news/non-bank-financial-institutions-bangladesh-unsung-financial-heroes-3618861,NBFIs in Bangladesh: Unsung Financial Heroes
priyam-paul,4,https://www.thedailystar.net/supplements/your-property-guru/news/tomorrows-dhaka-mega-projects-reshaping-the-capitals-housing-landscape-3609381,Tomorrow’s Dhaka: Mega projects reshaping the capital’s housing landscape
priyam-paul,5,https://www.thedailystar.net/supplements/your-property-guru/news/unlocking-potential-optimizing-home-loan-benefits-3609396,Unlocking Potential: Optimizing Home Loan Benefits
priyam-paul,5,https://www.thedailystar.net/supplements/your-property-guru/news/prioritize-larger-areas-over-individual-plots-3609466,“Prioritize Larger Areas over Individual Plots”
priyam-paul,5,https://www.thedailystar.net/slow-reads/focus/news/life-dedicated-cultural-activism-3604576,A life dedicated to cultural activism
priyam-paul,5,https://www.thedailystar.net/supplements/boosting-growth-agri-loans/news/cultivating-prosperity-3598696,Cultivating Prosperity
priyam-paul,5,https://www.thedailystar.net/supplements/cool-comfort-hot-offers-ac/news/ac-sales-heating-eid-and-summer-3580206,AC sales heating up for Eid and summer
priyam-paul,5,https://www.thedailystar.net/supplements/independence-day-special-2024/news/the-untold-story-jashores-resistance-during-the-liberation-war-3575086,The untold story of Jashore’s resistance during the Liberation War
priyam-paul,5,https://www.thedailystar.net/supplements/independence-day-special-2024/news/australias-response-the-1971-refugee-crisis-3575126,Australia’s Response to the 1971 Refugee Crisis
priyam-paul,5,https://www.thedailystar.net/supplements/cashless-shopping-dining-2024/news/embracing-digital-giving-3573671,Embracing digital giving
priyam-paul,5,https://www.thedailystar.net/supplements/invest-women/news/coding-new-path-3561801,Coding a new path
priyam-paul,5,https://www.thedailystar.net/supplements/national-insurance-day-2024/news/bangladeshs-insurance-landscape-progress-and-prospects-3556131,Bangladesh’s Insurance Landscape: Progress and Prospects
priyam-paul,5,https://www.thedailystar.net/supplements/victory-day-special-2023/news/due-lack-firsthand-experiences-the-writers-there-notable-absence-works-solely-dedicated-our-3495561,"“Due to a lack of firsthand experiences of the writers, there is a notable absence of works solely dedicated to our Liberation War”"
priyam-paul,5,https://www.thedailystar.net/supplements/dhaka-metro-connecting-city-centres/news/paradigm-shift-bangladeshs-transport-system-3460981,“A paradigm shift in Bangladesh’s transport system”
priyam-paul,5,https://www.thedailystar.net/supplements/dhaka-metro-connecting-city-centres/news/prevent-haphazard-development-around-the-metro-stations-3460986,“Prevent haphazard development around the metro stations”
priyam-paul,5,https://www.thedailystar.net/slow-reads/focus/news/the-struggle-justice-and-dignity-3308251,The Struggle for Justice and Dignity
priyam-paul,5,https://www.thedailystar.net/supplements/cashless-shopping-dining-2023/news/enjoy-ramadan-dining-cashless-offers-3292401,Enjoy Ramadan dining with cashless offers
priyam-paul,5,https://www.thedailystar.net/slow-reads/focus/news/bangladesh-needs-put-forward-the-transit-exchange-rivers-formula-the-framework-indo-bangladesh-3264146,“Bangladesh needs to put forward the ‘transit in exchange for rivers’ formula as the framework for Indo-Bangladesh negotiations”
priyam-paul,5,https://www.thedailystar.net/special-events/dhaka-metro-rail-opening/news/comprehensive-and-well-planned-metro-network-will-help-improve-mobility-and-access-transportation-3206811,“A comprehensive and well-planned metro network will help to improve mobility and access to transportation”
priyam-paul,6,https://www.thedailystar.net/supplements/oxfam-human-rights-day-special-magazine-2022/news/myanmar-army-could-be-interested-rohingya-repatriation-3193616,“Myanmar army could be interested in Rohingya repatriation”
priyam-paul,6,https://www.thedailystar.net/supplements/oxfam-human-rights-day-special-magazine-2022/news/prolonged-rohingya-crisis-will-affect-the-economy-3193686,“Prolonged Rohingya crisis will affect the economy”
priyam-paul,6,https://www.thedailystar.net/supplements-old/news/suborno-nagorik-foundation-beacon-hope-3157616,Suborno Nagorik Foundation: A beacon of hope
priyam-paul,6,https://www.thedailystar.net/supplements/world-heart-day-2022/news/hearts-sake-3130476,For heart’s sake
priyam-paul,6,https://www.thedailystar.net/daily-star-books/news/post-partition-period-books-prabhas-chandra-tajuddin-and-ahmed-kamal-offer-testimonies-3095681,"Post-Partition period in books: Prabhas Chandra, Tajuddin, and Ahmed Kamal offer testimonies"
priyam-paul,6,https://www.thedailystar.net/supplements/the-daily-star-plus-padma-bridge/news/transformational-infrastructure-3055816,“A transformational infrastructure”
priyam-paul,6,https://www.thedailystar.net/supplements/world-environment-day-special-2022/news/rooftop-gardening-making-our-living-space-greener-3039696,Rooftop gardening: Making our living space greener
priyam-paul,6,https://www.thedailystar.net/supplements/celebrating-51-years-independence/news/if-pakistan-acknowledges-what-its-army-did-1971-it-will-do-favour-itself-2990476,"'If Pakistan acknowledges what its Army did in 1971, it will do a favour to itself'"
priyam-paul,6,https://www.thedailystar.net/slow-reads/focus/news/most-the-commentators-are-unaware-the-importance-the-events-between-1948-and-1952-2966776,“Most of the commentators are unaware of the importance of the events between 1948 and 1952.”
priyam-paul,6,https://www.thedailystar.net/nrb/migration/remittance/news/decent-work-and-migration-the-path-towards-sustainable-remittance-growth-2902096,Decent work and migration: The path towards sustainable remittance growth
mofidul-hoque,0,https://www.thedailystar.net/star-multimedia/news/preparations-send-10000-workers-malaysia-no-cost-who-can-apply-4291846,"Preparations to send 10,000 workers to Malaysia at no cost: Who can apply?"
mofidul-hoque,0,https://www.thedailystar.net/star-multimedia/news/pakistans-weapons-us-intelligence-support-saudi-arabias-plan-against-houthis-4291841,"Pakistan’s weapons, US intelligence support: Saudi Arabia’s plan against Houthis"
mofidul-hoque,0,https://www.thedailystar.net/star-multimedia/news/writing-feet-dukhu-mia-builds-school-after-failing-find-job-4291836,Writing with feet: Dukhu Mia builds a school after failing to find a job
mofidul-hoque,0,https://www.thedailystar.net/opinion/tribute/news/mustafa-monwar-the-geppetto-our-time-4213556,Mustafa Monwar: The Geppetto of our time
mofidul-hoque,0,https://www.thedailystar.net/slow-reads/focus/news/tajuddin-ahmad-man-who-shaped-history-3945746,Tajuddin Ahmad man who shaped history
mofidul-hoque,0,https://www.thedailystar.net/opinion/views/news/sanjida-khatun-different-and-defiant-3860261,Sanjida Khatun: Different and defiant
mofidul-hoque,0,https://www.thedailystar.net/opinion/views/news/matia-chowdhury-when-personality-surpasses-politics-3730746,Matia Chowdhury: When personality surpasses politics
mofidul-hoque,0,https://www.thedailystar.net/supplements/victory-day-special-2023/news/the-finale-the-bangladesh-battle-3495586,The Finale of the Bangladesh Battle
mofidul-hoque,0,https://www.thedailystar.net/supplements/national-mourning-day-2023/news/who-killed-mujib-narrative-difference-3394366,“Who Killed Mujib?” A Narrative with a Difference
mofidul-hoque,0,https://www.thedailystar.net/supplements/national-mourning-day-2022/news/manuscripts-do-not-burn-mikhail-bulgakov-and-shiekh-mujibur-rahman-3095376,“Manuscripts do not burn”: Mikhail Bulgakov and Shiekh Mujibur Rahman
mofidul-hoque,0,https://www.thedailystar.net/opinion/news/amir-ahmed-chowdhury-unsung-hero-2021805,Amir Ahmed Chowdhury: An unsung hero
mofidul-hoque,0,https://www.thedailystar.net/opinion/news/secularism-past-secularism-present-2012001,"Secularism past, secularism present"
mofidul-hoque,0,https://www.thedailystar.net/opinion/tribute/news/freedom-fighter-tariq-ali-man-great-heart-1963657,Freedom fighter Tariq Ali: A man of great heart
mofidul-hoque,0,https://www.thedailystar.net/opinion/society/news/looking-back-the-50-years-bangladesh-mahila-parishad-1889242,Looking back at the 50 years of Bangladesh Mahila Parishad
mofidul-hoque,0,https://www.thedailystar.net/supplements/victory-day-special-2019/news/bangabandhu-and-bangladesh-breaking-the-shackles-post-colonial-order-1840588,Bangabandhu and Bangladesh: Breaking the shackles of post-colonial order
mofidul-hoque,0,https://www.thedailystar.net/supplements/martyred-intellectuals-day-2017/news/why-were-they-targeted-1672987,Why were they targeted?
mofidul-hoque,0,https://www.thedailystar.net/frontpage/blueprint-genocide-1553011,Blueprint for genocide
mofidul-hoque,0,https://www.thedailystar.net/opinion/perspective/bangabandhu-sheikh-mujibur-rahman-on-historic-speech-march-7-1971-now-part-of-world-heritage-1544338,Now a part of world heritage
mofidul-hoque,0,https://www.thedailystar.net/supplements/martyred-intellectuals-day-2017/the-killing-intellectuals-the-shadow-henry-kissinger-1504447,The Killing of Intellectuals in the Shadow of Henry Kissinger
mofidul-hoque,0,https://www.thedailystar.net/supplements/how-february-21-became-ekushey-1364308,How February 21 became 'Ekushey'
mahbub-uddin-ahmed-bir-bikram,0,https://www.thedailystar.net/star-multimedia/news/preparations-send-10000-workers-malaysia-no-cost-who-can-apply-4291846,"Preparations to send 10,000 workers to Malaysia at no cost: Who can apply?"
mahbub-uddin-ahmed-bir-bikram,0,https://www.thedailystar.net/star-multimedia/news/pakistans-weapons-us-intelligence-support-saudi-arabias-plan-against-houthis-4291841,"Pakistan’s weapons, US intelligence support: Saudi Arabia’s plan against Houthis"
mahbub-uddin-ahmed-bir-bikram,0,https://www.thedailystar.net/star-multimedia/news/writing-feet-dukhu-mia-builds-school-after-failing-find-job-4291836,Writing with feet: Dukhu Mia builds a school after failing to find a job
mahbub-uddin-ahmed-bir-bikram,0,https://www.thedailystar.net/slow-reads/focus/news/the-night-unspeakable-horror-survivors-account-3462816,The night of unspeakable horror: A survivor’s account
mahbub-uddin-ahmed-bir-bikram,0,https://www.thedailystar.net/opinion/focus/news/honouring-mujibnagar-heroes-3298761,Honouring Mujibnagar heroes
mahbub-uddin-ahmed-bir-bikram,0,https://www.thedailystar.net/opinion/views/news/bangabandhu-miracle-history-3273786,Bangabandhu: A miracle of history
mahbub-uddin-ahmed-bir-bikram,0,https://www.thedailystar.net/supplements/victory-day-special-2022/news/mukti-bahini-the-real-heroes-liberation-war-3197061,Mukti Bahini: The Real Heroes of Liberation War
mahbub-uddin-ahmed-bir-bikram,0,https://www.thedailystar.net/opinion/online-exclusive/news/remembering-the-oath-taking-mujibnagar-government-3006526,Remembering the oath-taking of Mujibnagar government
mahbub-uddin-ahmed-bir-bikram,0,https://www.thedailystar.net/views/in-focus/news/bangladesh-liberation-war-memories-untold-story-2950696,Bangladesh liberation war memories: An Untold Story
mahbub-uddin-ahmed-bir-bikram,0,https://www.thedailystar.net/supplements/victory-day-special-2021/news/tales-courage-and-patriotism-2917981,Tales of courage and patriotism
mahbub-uddin-ahmed-bir-bikram,0,https://www.thedailystar.net/views/opinion/news/jail-killing-day-how-the-horrors-november-3-transpired-2220626,Jail Killing Day: How the horrors of November 3 transpired
mahbub-uddin-ahmed-bir-bikram,0,https://www.thedailystar.net/slow-reads/focus/news/battle-ground-baliadanga-milestone-our-liberation-war-2205411,Battle Ground Baliadanga- A milestone in our liberation war
mahbub-uddin-ahmed-bir-bikram,0,https://www.thedailystar.net/in-focus/news/remembering-the-battle-bhomra-2110329,Remembering the Battle of Bhomra
lt-col-retd-quazi-sajjad-ali-zahir-bir-protik,0,https://www.thedailystar.net/star-multimedia/news/preparations-send-10000-workers-malaysia-no-cost-who-can-apply-4291846,"Preparations to send 10,000 workers to Malaysia at no cost: Who can apply?"
lt-col-retd-quazi-sajjad-ali-zahir-bir-protik,0,https://www.thedailystar.net/star-multimedia/news/pakistans-weapons-us-intelligence-support-saudi-arabias-plan-against-houthis-4291841,"Pakistan’s weapons, US intelligence support: Saudi Arabia’s plan against Houthis"
lt-col-retd-quazi-sajjad-ali-zahir-bir-protik,0,https://www.thedailystar.net/star-multimedia/news/writing-feet-dukhu-mia-builds-school-after-failing-find-job-4291836,Writing with feet: Dukhu Mia builds a school after failing to find a job
lt-col-retd-quazi-sajjad-ali-zahir-bir-protik,0,https://www.thedailystar.net/supplements/tale-torture-rape-and-dehumanisation-188029,"A tale of torture, rape and dehumanisation"
lt-col-retd-quazi-sajjad-ali-zahir-bir-protik,0,https://www.thedailystar.net/supplements/remembering-shaheed-captain-aftab-qader-bir-uttam-188017,BATTLE OF MAHALCHORI / Remembering Shaheed Captain Aftab Qader Bir Uttam
lt-col-retd-quazi-sajjad-ali-zahir-bir-protik,0,https://www.thedailystar.net/supplements/independence-day-special-2015/killing-the-best-bengali-pilots-pia-73760,INDEPENDENCE DAY SPECIAL 2015 / Killing of the best Bengali pilots of PIA
mirza-shakil,0,https://www.thedailystar.net/star-multimedia/news/preparations-send-10000-workers-malaysia-no-cost-who-can-apply-4291846,"Preparations to send 10,000 workers to Malaysia at no cost: Who can apply?"
mirza-shakil,0,https://www.thedailystar.net/star-multimedia/news/pakistans-weapons-us-intelligence-support-saudi-arabias-plan-against-houthis-4291841,"Pakistan’s weapons, US intelligence support: Saudi Arabia’s plan against Houthis"
mirza-shakil,0,https://www.thedailystar.net/star-multimedia/news/writing-feet-dukhu-mia-builds-school-after-failing-find-job-4291836,Writing with feet: Dukhu Mia builds a school after failing to find a job
mirza-shakil,0,https://www.thedailystar.net/culture/entertainment/news/nazrul-barsho-cultural-competition-begins-tangail-4261256,Nazrul Barsho cultural competition begins in Tangail
mirza-shakil,0,https://www.thedailystar.net/business/economy/news/madhupur-pineapple-prices-crash-rain-flood-dampen-demand-4234986,"Madhupur pineapple prices crash as rain, flood dampen demand"
mirza-shakil,0,https://www.thedailystar.net/news/politics/news/direct-line-the-mp-4221756,A direct line to the MP
mirza-shakil,0,https://www.thedailystar.net/news/bangladesh/news/elenga-flyover-construction-rain-fears-raise-eid-travel-concerns-jamuna-highway-4177171,"Elenga flyover construction, rain fears raise Eid travel concerns on Jamuna highway"
mirza-shakil,0,https://www.thedailystar.net/news/bangladesh/news/tangail-sarees-draw-eid-shoppers-designs-and-comfort-4132546,Tangail sarees draw Eid shoppers with designs and comfort
mirza-shakil,0,https://www.thedailystar.net/news/bangladesh/news/tk-4cr-bridge-lies-unused-5-years-tangail-4126576,Tk 4cr bridge lies unused for 5 years in Tangail
mirza-shakil,0,https://www.thedailystar.net/news/bangladesh/transport/news/eid-journey-slow-progress-elenga-flyover-threatens-severe-congestion-4121976,Eid journey: Slow progress on Elenga flyover threatens severe congestion
mirza-shakil,0,https://www.thedailystar.net/news/national-election-2026/news/pintu-and-tuku-brothers-win-big-bnp-tangail-4105206,Pintu and Tuku: Brothers win big from BNP in Tangail
mirza-shakil,0,https://www.thedailystar.net/news/bangladesh/news/rickety-bridge-puts-locals-risk-4044511,Rickety bridge puts locals at risk
mirza-shakil,0,https://www.thedailystar.net/news/bangladesh/education/news/tangail-shoal-teachers-suffer-amid-transport-woes-4015191,Tangail Shoal teachers suffer amid transport woes
mirza-shakil,0,https://www.thedailystar.net/news/bangladesh/news/last-shital-pati-makers-4003521,Last of the shital pati makers
mirza-shakil,0,https://www.thedailystar.net/health/healthcare/hospitals/news/tangail-hospital-crippled-manpower-crisis-4001921,Tangail hospital crippled by manpower crisis
mirza-shakil,0,https://www.thedailystar.net/news/bangladesh/news/encroachment-waste-dumping-push-burai-beel-brink-3988546,"Encroachment, waste dumping push Burai Beel to the brink"
mirza-shakil,0,https://www.thedailystar.net/news/bangladesh/news/encroachment-waste-dumping-push-burai-beel-brink-3988181,"Encroachment, waste dumping push Burai Beel to the brink"
mirza-shakil,0,https://www.thedailystar.net/news/air-force-jet-crash/news/tangail-mourns-two-milestone-plane-crash-victims-laid-rest-3945216,Tangail mourns as two Milestone plane crash victims laid to rest
mirza-shakil,0,https://www.thedailystar.net/news/bangladesh/news/people-suffer-bridge-lacks-approach-roads-3945016,People suffer as bridge lacks approach roads
mirza-shakil,0,https://www.thedailystar.net/news/bangladesh/transport/news/battered-tangail-road-takes-toll-locals-3943911,Battered Tangail road  takes toll on locals
mirza-shakil,0,https://www.thedailystar.net/news/bangladesh/news/two-canals-recovered-encroachment-3930241,Two canals recovered from encroachment
mirza-shakil,0,https://www.thedailystar.net/news/bangladesh/news/jamunas-erosion-sparks-panic-among-locals-3901011,Jamuna’s erosion sparks panic among locals
mirza-shakil,0,https://www.thedailystar.net/news/bangladesh/news/most-roads-tangail-town-dilapidated-3894836,Most roads in Tangail town dilapidated
mirza-shakil,0,https://www.thedailystar.net/news/bangladesh/news/ghatail-upazila-tangail-people-suffer-due-stalled-road-work-3891726,Ghatail upazila in Tangail: People suffer due to stalled road work
mirza-shakil,0,https://www.thedailystar.net/news/bangladesh/news/tangail-embankment-under-threat-3890146,Tangail embankment under threat
mirza-shakil,0,https://www.thedailystar.net/news/bangladesh/news/health-service-limps-due-manpower-shortage-3882526,Health service limps due to manpower shortage
mirza-shakil,0,https://www.thedailystar.net/news/bangladesh/news/locals-take-it-upon-themselves-repair-road-3879686,Locals take it upon themselves to repair road
mirza-shakil,0,https://www.thedailystar.net/news/bangladesh/news/3-years-past-deadline-bridge-still-incomplete-3876986,"3 years past deadline, bridge still incomplete"
mirza-shakil,0,https://www.thedailystar.net/news/bangladesh/news/weaving-bird-nests-weaving-hope-3873696,"Weaving bird nests, weaving hope"
mirza-shakil,0,https://www.thedailystar.net/news/bangladesh/transport/news/3-years-4-key-bridges-remain-incomplete-3866101,"3 years on, 4 key bridges remain incomplete"
mirza-shakil,0,https://www.thedailystar.net/news/bangladesh/news/shahjahan-ali-war-heros-commitment-community-3857911,Shahjahan Ali: A war hero's commitment to community
mirza-shakil,1,https://www.thedailystar.net/news/bangladesh/transport/news/eid-travel-thru-jamuna-bridge-authorities-gear-prevent-hassles-3854466,Eid travel thru Jamuna Bridge: Authorities gear up to prevent hassles
mirza-shakil,1,https://www.thedailystar.net/news/bangladesh/news/chemically-treated-pineapples-raise-health-concerns-3850971,Chemically-treated pineapples raise health concerns
mirza-shakil,1,https://www.thedailystar.net/news/bangladesh/news/lax-monitoring-lets-industrial-waste-pollute-waterbodies-3849996,Lax monitoring lets industrial waste pollute waterbodies
mirza-shakil,1,https://www.thedailystar.net/top-news/news/tangail-municipality-lack-animal-screening-threaten-public-health-3849191,Tangail municipality: Lack of animal screening threaten public health
mirza-shakil,1,https://www.thedailystar.net/news/bangladesh/news/decades-struggle-bridge-3838066,Decades of struggle for a bridge
mirza-shakil,1,https://www.thedailystar.net/news/bangladesh/agriculture/news/low-price-frustrates-peanut-growers-tangail-3828386,Low price frustrates peanut growers in Tangail
mirza-shakil,1,https://www.thedailystar.net/news/bangladesh/education/news/akalu-govt-primary-school-playground-turned-construction-site-3813266,Akalu Govt Primary School: Playground turned into  a construction site
mirza-shakil,1,https://www.thedailystar.net/news/bangladesh/news/upazila-health-complex-construction-new-buildings-stalled-20yrs-3813256,Upazila Health Complex: Construction of new buildings stalled for 20yrs
mirza-shakil,1,https://www.thedailystar.net/news/bangladesh/news/kalihati-upazila-tangail-locals-suffer-key-road-lies-incomplete-3808191,Kalihati upazila in Tangail: Locals suffer as key road lies incomplete
mirza-shakil,1,https://www.thedailystar.net/news/districts/news/shawl-makers-struggle-amid-high-production-costs-3801956,Shawl makers struggle amid high production costs
mirza-shakil,1,https://www.thedailystar.net/news/bangladesh/news/the-wonder-guerilla-warfare-1971-3778801,The wonder of guerilla warfare in 1971
mirza-shakil,1,https://www.thedailystar.net/culture/news/diversification-shital-pati-tangail-craftsmen-preserve-ancestral-profession-3774291,Diversification of Shital Pati: Tangail craftsmen preserve ancestral profession
mirza-shakil,1,https://www.thedailystar.net/news/bangladesh/news/the-day-tangail-tasted-freedom-3773336,The day Tangail tasted freedom
mirza-shakil,1,https://www.thedailystar.net/news/bangladesh/news/garbage-piles-front-health-centre-3756846,Garbage piles up in front of health centre
mirza-shakil,1,https://www.thedailystar.net/news/bangladesh/news/garbage-piles-front-health-centre-3756566,Garbage piles up in front of health centre
mirza-shakil,1,https://www.thedailystar.net/news/bangladesh/news/tangails-santosh-bhasani-memorabilia-lie-neglected-3754306,Tangail’s Santosh: Bhasani memorabilia lie neglected
mirza-shakil,1,https://www.thedailystar.net/news/bangladesh/agriculture/news/himels-mixed-orchard-becomes-local-inspiration-3749381,Himel's mixed orchard becomes a local inspiration
mirza-shakil,1,https://www.thedailystar.net/news/bangladesh/news/tangail-struggles-waste-management-3745706,Tangail struggles with waste management
mirza-shakil,1,https://www.thedailystar.net/news/bangladesh/news/tangail-struggles-waste-management-3745521,Tangail struggles with waste management
mirza-shakil,1,https://www.thedailystar.net/news/bangladesh/news/pollution-louhajang-river-continues-3733306,Pollution of Louhajang river continues
mirza-shakil,2,https://www.thedailystar.net/news/bangladesh/news/forest-choking-fumes-3731621,A forest choking on fumes
mirza-shakil,2,https://www.thedailystar.net/news/bangladesh/news/pineapple-growers-face-losses-3725006,Pineapple growers face losses
mirza-shakil,2,https://www.thedailystar.net/news/bangladesh/news/traffic-congestion-worsens-tangail-3716586,Traffic congestion worsens in Tangail
mirza-shakil,2,https://www.thedailystar.net/news/bangladesh/crime-justice/news/family-loses-beloved-son-and-nation-patriot-3711201,Family loses beloved son and nation a patriot
mirza-shakil,2,https://www.thedailystar.net/news/bangladesh/news/he-was-just-boy-why-did-police-shoot-him-3688981,"‘He was just a boy, why did police shoot him?’"
mirza-shakil,2,https://www.thedailystar.net/news/bangladesh/news/emons-battle-life-ends-after-14-days-3680891,Emon’s battle for life ends after 14 days
mirza-shakil,2,https://www.thedailystar.net/news/bangladesh/news/they-shot-my-son-the-chest-3668136,'They shot my son in the chest'
mirza-shakil,2,https://www.thedailystar.net/news/bangladesh/news/people-suffer-battered-roads-3657731,People suffer for battered roads
mirza-shakil,2,https://www.thedailystar.net/environment/climate-crisis/natural-disaster/news/swelling-rivers-worsen-flood-victims-plight-3655331,Swelling rivers worsen flood victims’ plight
mirza-shakil,2,https://www.thedailystar.net/news/bangladesh/news/encroachment-pollution-killing-burai-beel-3648386,"Encroachment, pollution killing Burai beel"
mirza-shakil,2,https://www.thedailystar.net/news/bangladesh/news/sal-forest-shrinking-fast-3637191,Sal forest shrinking fast
mirza-shakil,2,https://www.thedailystar.net/news/bangladesh/news/death-lurks-tangail-rail-tracks-3623291,Death lurks on Tangail rail tracks
mirza-shakil,2,https://www.thedailystar.net/news/bangladesh/news/three-pillars-3-years-3616526,Three pillars in 3 years!
mirza-shakil,2,https://www.thedailystar.net/news/bangladesh/news/illegal-sand-lifting-poses-erosion-threat-3609801,Illegal sand lifting poses erosion threat
mirza-shakil,2,https://www.thedailystar.net/news/bangladesh/news/tangails-only-gym-rab-camp-18-years-3589506,Tangail’s only gym a Rab camp for 18 years
mirza-shakil,2,https://www.thedailystar.net/news/bangladesh/news/release-mv-abdullah-eid-comes-three-days-later-families-crewmen-3587961,Release of MV Abdullah: Eid comes three days later for families of crewmen
mirza-shakil,2,https://www.thedailystar.net/business/news/handlooms-fall-silent-weavers-see-profits-shrink-3579106,Handlooms fall silent as weavers see profits shrink
mirza-shakil,2,https://www.thedailystar.net/news/bangladesh/news/unique-alternative-plastic-3579271,A unique alternative to plastic
mirza-shakil,2,https://www.thedailystar.net/news/bangladesh/news/drive-recover-louhajang-river-continues-3577726,Drive to recover Louhajang river continues
mirza-shakil,2,https://www.thedailystar.net/news/bangladesh/news/timeless-tradition-3575811,A timeless tradition
mirza-shakil,3,https://www.thedailystar.net/news/bangladesh/news/gridlock-feared-near-bangabandhu-bridge-3574266,Gridlock feared near Bangabandhu Bridge
mirza-shakil,3,https://www.thedailystar.net/news/bangladesh/news/hidden-gem-tangail-3571461,A hidden gem of Tangail
mirza-shakil,3,https://www.thedailystar.net/news/bangladesh/agriculture/news/little-initiative-significant-outcome-3568396,"Little initiative, significant outcome"
mirza-shakil,3,https://www.thedailystar.net/news/bangladesh/crime-justice/news/al-leader-blamed-lifting-sand-jamuna-3568471,AL leader blamed for lifting sand from Jamuna
mirza-shakil,3,https://www.thedailystar.net/sports/more-sports/news/battling-real-life-odds-the-ring-dreams-3561966,Battling real-life odds in the ring of dreams
mirza-shakil,3,https://www.thedailystar.net/news/bangladesh/news/couple-find-success-mushrooms-3545001,Couple find success with mushrooms
mirza-shakil,3,https://www.thedailystar.net/news/bangladesh/news/tangail-sari-collective-apathy-blame-gi-fiasco-3536331,Tangail Sari: Collective apathy to blame for GI fiasco
mirza-shakil,3,https://www.thedailystar.net/news/bangladesh/news/bridge-left-incomplete-three-years-3535731,Bridge left incomplete for three years
mirza-shakil,3,https://www.thedailystar.net/environment/news/our-rivers-lay-dying-3533516,As our rivers lay dying
mirza-shakil,3,https://www.thedailystar.net/news/bangladesh/news/waste-management-far-cry-tangail-3532566,Waste management a far cry in Tangail
mirza-shakil,3,https://www.thedailystar.net/news/bangladesh/news/when-the-hills-cry-help-3531726,When the hills cry for help
mirza-shakil,3,https://www.thedailystar.net/news/bangladesh/news/cold-takes-toll-children-3524991,Cold takes a toll on children
mirza-shakil,3,https://www.thedailystar.net/environment/natural-resources/wildlife/news/madhupur-sal-forest-deforestation-and-vanishing-wildlife-3524396,Madhupur Sal Forest: Of deforestation and vanishing wildlife
mirza-shakil,3,https://www.thedailystar.net/news/bangladesh/news/spending-tk-138cr-vain-3523611,Spending Tk 1.38cr in vain
mirza-shakil,3,https://www.thedailystar.net/election-2024/news/news/siddique-brothers-latif-wins-big-defeating-former-protege-3514561,Siddique brothers: Latif wins big defeating former protégé
mirza-shakil,3,https://www.thedailystar.net/environment/pollution/water-pollution/news/tangail-no-one-seems-care-about-canals-3500356,"In Tangail, no one seems to care about canals"
mirza-shakil,3,https://www.thedailystar.net/news/bangladesh/news/doer-knows-no-barrier-3472366,A doer knows no barrier
mirza-shakil,3,https://www.thedailystar.net/news/bangladesh/news/fortune-favours-the-farmer-3454616,Fortune favours the farmer
mirza-shakil,3,https://www.thedailystar.net/news/bangladesh/crime-justice/news/century-old-tangail-eidgah-shambles-3447151,Century-old Tangail Eidgah in a shambles
mirza-shakil,3,https://www.thedailystar.net/news/bangladesh/news/villages-artisans-3428946,Villages of artisans
mirza-shakil,4,https://www.thedailystar.net/news/bangladesh/agriculture/news/turning-the-page-3423771,Turning the page
mirza-shakil,4,https://www.thedailystar.net/news/bangladesh/agriculture/news/low-price-high-labour-cost-frustrate-jute-growers-3412801,"Low price, high labour cost frustrate jute growers"
mirza-shakil,4,https://www.thedailystar.net/news/bangladesh/news/need-embankment-not-relief-3395271,"‘Need embankment, not relief’"
mirza-shakil,4,https://www.thedailystar.net/news/bangladesh/agriculture/news/good-yield-better-prices-delight-tangail-banana-growers-3383251,"Good yield, better prices delight Tangail banana growers"
mirza-shakil,4,https://www.thedailystar.net/news/bangladesh/news/people-suffer-delay-bridge-work-3382381,People suffer for delay in bridge work
mirza-shakil,4,https://www.thedailystar.net/news/bangladesh/news/work-left-incomplete-months-3360331,Work left incomplete for months
mirza-shakil,4,https://www.thedailystar.net/news/bangladesh/news/jamuna-erosion-intensifies-tangail-3359636,Jamuna erosion intensifies in Tangail
mirza-shakil,4,https://www.thedailystar.net/news/bangladesh/news/banned-fishing-traps-threat-native-fish-species-3354871,Banned Fishing Traps: A threat to native fish species
mirza-shakil,4,https://www.thedailystar.net/business/economy/news/growers-beam-joy-season-watermelons-fetch-higher-prices-3345646,Growers beam with joy as off-season watermelons fetch higher prices
mirza-shakil,4,https://www.thedailystar.net/news/bangladesh/news/bridge-tilted-inauguration-not-repaired-5yrs-3340546,Bridge tilted before inauguration not repaired in 5yrs
mirza-shakil,4,https://www.thedailystar.net/news/bangladesh/news/tangail-aricha-highway-2379-trees-felled-road-expansion-3338686,"Tangail-Aricha highway: 2,379 trees felled for road expansion"
mirza-shakil,4,https://www.thedailystar.net/news/bangladesh/news/the-tragic-demise-tangails-waterbodies-3337951,The tragic demise of Tangail’s waterbodies
mirza-shakil,4,https://www.thedailystar.net/news/bangladesh/news/tale-neglect-and-sufferings-3328026,A tale of neglect and sufferings
mirza-shakil,4,https://www.thedailystar.net/news/bangladesh/news/market-the-cost-ponds-3319286,Market at the cost of ponds
mirza-shakil,4,https://www.thedailystar.net/business/economy/news/better-pineapple-yield-brings-cheers-farmers-3316671,Better pineapple yield brings cheers for farmers
mirza-shakil,4,https://www.thedailystar.net/news/bangladesh/news/homes-lost-families-displaced-3315786,"Homes lost, families displaced"
mirza-shakil,4,https://www.thedailystar.net/news/bangladesh/news/illegal-sand-lifting-poses-erosion-threat-3312036,Illegal sand lifting poses erosion threat
mirza-shakil,4,https://www.thedailystar.net/news/bangladesh/news/death-the-lone-childrens-park-3307501,Death of the lone children’s park
mirza-shakil,4,https://www.thedailystar.net/news/bangladesh/news/town-protection-embankment-riverside-villages-face-erosion-threat-3300336,"Town protection embankment, riverside villages face erosion threat"
mirza-shakil,4,https://www.thedailystar.net/business/economy/news/oilseed-cultivation-spreading-quickly-3298651,Oilseed cultivation spreading quickly
mirza-shakil,5,https://www.thedailystar.net/news/bangladesh/transport/news/eid-journey-bangabandhu-bridge-new-eid-same-old-fear-gridlocks-3296676,"Eid journey via Bangabandhu bridge: New Eid, same old fear of gridlocks"
mirza-shakil,5,https://www.thedailystar.net/news/bangladesh/news/commuters-suffering-inevitable-sirajganj-highway-during-eid-3292321,Commuters’ suffering inevitable on Sirajganj highway during Eid
mirza-shakil,5,https://www.thedailystar.net/news/bangladesh/news/growing-medicinal-plants-sees-bright-prospects-3288101,Growing medicinal plants sees bright prospects
mirza-shakil,5,https://www.thedailystar.net/news/bangladesh/news/plying-the-roads-despite-hc-ban-3286356,Plying the roads despite HC ban
mirza-shakil,5,https://www.thedailystar.net/news/bangladesh/news/tangails-mass-killing-ground-get-due-recognition-3284976,Tangail’s mass-killing ground to get due recognition
mirza-shakil,5,https://www.thedailystar.net/business/economy/news/tangail-sari-makers-see-low-turnout-wholesale-buyers-3281626,Tangail sari makers see low turnout of wholesale buyers
mirza-shakil,5,https://www.thedailystar.net/news/bangladesh/news/century-old-craft-under-threat-3280636,Century-old craft under threat
mirza-shakil,5,https://www.thedailystar.net/health/healthcare/hospitals/news/tangail-general-hospital-lone-x-ray-machine-inoperative-5yrs-3278331,Tangail general hospital: Lone X-ray machine inoperative for 5yrs
mirza-shakil,5,https://www.thedailystar.net/news/bangladesh/news/towns-main-kitchen-market-shabby-state-3276601,Town’s main kitchen market in a shabby state
mirza-shakil,5,https://www.thedailystar.net/news/bangladesh/news/staff-shortage-hampers-healthcare-3275691,Staff shortage hampers healthcare
mirza-shakil,5,https://www.thedailystar.net/news/bangladesh/agriculture/news/mulching-method-gaining-popularity-among-farmers-3274816,Mulching method gaining popularity among farmers
mirza-shakil,5,https://www.thedailystar.net/business/economy/news/cultivation-potato-maize-same-land-sees-success-3272481,"Cultivation of potato, maize on same land sees success"
mirza-shakil,5,https://www.thedailystar.net/news/bangladesh/news/killing-century-old-canal-turning-it-drain-3250716,Killing century-old canal by turning it into a drain
mirza-shakil,5,https://www.thedailystar.net/news/bangladesh/news/good-initiative-falls-short-goal-3244426,A good initiative falls short of goal
mirza-shakil,5,https://www.thedailystar.net/entertainment/tv-film/news/end-era-last-cinema-hall-tangail-town-demolished-3244101,End of an era: Last cinema hall in Tangail town demolished
mirza-shakil,5,https://www.thedailystar.net/environment/news/the-death-tangails-red-hillocks-3243691,The death of Tangail’s red hillocks
mirza-shakil,5,https://www.thedailystar.net/news/bangladesh/news/no-bridge-even-two-years-after-deadline-3239241,No bridge even two years after deadline
mirza-shakil,5,https://www.thedailystar.net/business/economy/news/coloured-cauliflower-showing-bright-prospects-3231646,Coloured cauliflower showing bright prospects
mirza-shakil,5,https://www.thedailystar.net/news/bangladesh/news/topus-jute-tea-gaining-popularity-3224021,Topu’s jute tea gaining popularity
mirza-shakil,5,https://www.thedailystar.net/news/bangladesh/news/no-sweet-yield-tangail-beekeepers-3221246,No sweet yield for Tangail beekeepers
mirza-shakil,6,https://www.thedailystar.net/news/bangladesh/news/too-many-patients-too-few-beds-3216046,"Too many patients, too few beds"
mirza-shakil,6,https://www.thedailystar.net/news/bangladesh/news/tangail-town-traffic-jams-3210606,"Tangail, a town of traffic jams"
mirza-shakil,6,https://www.thedailystar.net/news/bangladesh/news/dr-samads-green-heaven-3206846,Dr Samad’s ‘green heaven’
mirza-shakil,6,https://www.thedailystar.net/news/bangladesh/news/well-oiled-operation-lift-sand-illegally-3205166,A well-oiled operation to lift sand illegally
mirza-shakil,6,https://www.thedailystar.net/news/bangladesh/news/tangail-city-no-waste-management-3201221,"Tangail, a city with no waste management"
mirza-shakil,6,https://www.thedailystar.net/news/bangladesh/news/hill-cutting-spree-tangail-3198811,Hill-cutting spree in Tangail
mirza-shakil,6,https://www.thedailystar.net/news/bangladesh/news/no-place-study-3198006,No place to study
mirza-shakil,6,https://www.thedailystar.net/news/bangladesh/news/crossing-the-river-still-ordeal-them-3191831,Crossing the river still an ordeal for them
mirza-shakil,6,https://www.thedailystar.net/business/economy/news/cassava-cultivation-catching-hilly-areas-tangail-3189401,Cassava cultivation catching on in hilly areas of Tangail
mirza-shakil,6,https://www.thedailystar.net/news/bangladesh/news/rice-mill-pollutes-air-damages-crops-3189531,"Rice mill pollutes air, damages crops"
mirza-shakil,6,https://www.thedailystar.net/news/bangladesh/politics/news/dhaka-rally-bnp-men-tangail-leaving-homes-fear-arrests-3185556,Dhaka rally: BNP men in Tangail leaving homes in fear of arrests
mirza-shakil,6,https://www.thedailystar.net/business/economy/news/poor-infrastructure-failing-tangail-bscic-estate-3163141,Poor infrastructure failing Tangail BSCIC estate
mirza-shakil,6,https://www.thedailystar.net/news/bangladesh/news/these-were-schools-once-3159331,These were schools once
mirza-shakil,6,https://www.thedailystar.net/news/bangladesh/news/save-us-erosion-3144691,‘Save us from erosion’
mirza-shakil,6,https://www.thedailystar.net/news/bangladesh/news/crops-washed-away-overnight-3143766,‘Crops washed away overnight’
mirza-shakil,6,https://www.thedailystar.net/business/economy/news/tangail-sari-sales-get-durga-puja-boost-3129731,Tangail sari sales get  Durga Puja boost
mirza-shakil,6,https://www.thedailystar.net/news/bangladesh/news/when-authorities-remain-inactive-3119791,When authorities remain inactive
mirza-shakil,6,https://www.thedailystar.net/business/economy/news/rising-demand-price-jute-entice-farmers-3117766,"Rising demand, price of jute entice farmers"
mirza-shakil,6,https://www.thedailystar.net/news/bangladesh/news/development-what-cost-3108921,"Development, but at what cost?"
mirza-shakil,6,https://www.thedailystar.net/business/economy/news/sugarcane-production-the-decline-3104581,Sugarcane production on the decline
mirza-shakil,7,https://www.thedailystar.net/news/bangladesh/news/the-end-its-the-children-who-suffer-3098701,"In the end, it’s the children who suffer"
mirza-shakil,7,https://www.thedailystar.net/news/bangladesh/agriculture/news/chemically-tainted-pineapples-the-farmers-perspective-3092926,Chemically-tainted pineapples: The farmers’ perspective
mirza-shakil,7,https://www.thedailystar.net/environment/news/hills-lost-greed-3092206,Hills lost to greed
mirza-shakil,7,https://www.thedailystar.net/news/bangladesh/crime-justice/news/gang-rape-robbery-moving-bus-witness-recounts-horror-3087826,"Gang-rape, robbery on moving bus: Witness recounts horror"
mirza-shakil,7,https://www.thedailystar.net/business/economy/news/slow-progress-breb-solar-pump-project-3081541,Slow progress in BREB solar pump project
mirza-shakil,7,https://www.thedailystar.net/news/bangladesh/news/ashrayan-project-2-ill-invite-the-pm-our-home-3075381,Ashrayan Project -2: ‘I’ll invite the PM to our home!’
mirza-shakil,7,https://www.thedailystar.net/news/bangladesh/news/spreading-light-remote-area-3071226,Spreading light in remote area
mirza-shakil,7,https://www.thedailystar.net/news/bangladesh/news/jamuna-devours-1000-homes-tangail-3067286,"Jamuna devours 1,000 homes in Tangail"
mirza-shakil,7,https://www.thedailystar.net/news/bangladesh/news/tangails-madhupur-foresters-garo-people-odds-over-land-3067461,"Tangail’s madhupur: Foresters, Garo people at odds over land"
mirza-shakil,7,https://www.thedailystar.net/business/economy/news/poor-eid-sales-frustrate-tangail-sari-traders-3064936,Poor Eid sales frustrate Tangail sari traders
mirza-shakil,7,https://www.thedailystar.net/business/economy/news/pineapple-prices-frustrate-farmers-3050746,Pineapple prices  frustrate farmers
mirza-shakil,7,https://www.thedailystar.net/news/bangladesh/news/sowing-knowledge-gaining-yields-3025241,A young agro enthusiast helping farmers in Tangail
mirza-shakil,7,https://www.thedailystar.net/news/bangladesh/news/grabbers-feast-tangail-hillocks-3023831,Grabbers feast on Tangail hillocks
mirza-shakil,7,https://www.thedailystar.net/news/bangladesh/news/endangered-red-sandalwood-tree-found-tangails-madhupur-forest-3016506,Endangered red sandalwood tree found in Tangail’s Madhupur forest
mirza-shakil,7,https://www.thedailystar.net/news/bangladesh/news/made-tangail-3015471,Made In Tangail: Sari makers in overdrive
mirza-shakil,7,https://www.thedailystar.net/news/bangladesh/transport/news/congestion-around-bangabandhu-bridge-eid-journey-north-may-be-long-3008086,Congestion around Bangabandhu Bridge: Gridlocks await northbound Eid journey
mirza-shakil,7,https://www.thedailystar.net/news/bangladesh/news/once-there-was-river-3001031,Once there was a river
mirza-shakil,7,https://www.thedailystar.net/weekend-read/news/entertainment-the-cost-cropland-3001226,‘Entertainment’ at the cost of cropland
mirza-shakil,7,https://www.thedailystar.net/business/economy/news/peanut-emerging-major-cash-crop-2988416,Peanut emerging as a major cash crop
mirza-shakil,7,https://www.thedailystar.net/news/bangladesh/news/413-year-old-atia-mosque-needs-urgent-renovation-2986956,413-year-old Atia Mosque needs urgent renovation
mirza-shakil,8,https://www.thedailystar.net/business/economy/news/bscic-fair-tangail-fails-live-expectations-2986316,BSCIC fair in Tangail fails to live up to expectations
mirza-shakil,8,https://www.thedailystar.net/news/bangladesh/news/sumis-suffer-silence-2977991,Sumis suffer in silence
mirza-shakil,8,https://www.thedailystar.net/news/bangladesh/news/tangail-water-tank-mute-witness-1971-massacre-2972621,Tangail water tank: Mute witness to 1971 massacre
mirza-shakil,8,https://www.thedailystar.net/business/economy/news/long-awaited-project-complete-finally-2967611,Long-awaited project  to complete finally
mirza-shakil,8,https://www.thedailystar.net/business/economy/news/rains-ruin-raw-bricks-2962281,Rains ruin raw bricks
mirza-shakil,8,https://www.thedailystar.net/news/bangladesh/news/river-filled-canals-lost-2962316,"River filled, canals lost"
mirza-shakil,8,https://www.thedailystar.net/news/bangladesh/news/louhajang-dying-2945976,Louhajang is dying
mirza-shakil,8,https://www.thedailystar.net/news/bangladesh/news/encroachment-pollution-ruin-sundaris-charm-2935286,"Encroachment, pollution ruin Sundari’s charm"
mirza-shakil,8,https://www.thedailystar.net/news/bangladesh/agriculture/news/beekeepers-welcome-sweet-yield-2933386,Beekeepers welcome a sweet yield
mirza-shakil,8,https://www.thedailystar.net/news/bangladesh/news/pictures-kader-siddique-and-his-kaderia-bahini-during-liberation-war-2916496,In pictures: Kader Siddique and his ‘Kaderia Bahini’ during Liberation War
mirza-shakil,8,https://www.thedailystar.net/news/bangladesh/news/rozinas-footstep-all-men-2906861,Rozina’s footstep in an all-men
mirza-shakil,8,https://www.thedailystar.net/news/bangladesh/news/bhasani-memorabilia-left-decay-2234756,Bhasani memorabilia left to decay
mirza-shakil,8,https://www.thedailystar.net/youth/education/news/little-efforts-big-dream-2197836,"‘Little’ efforts, big dream: Tangail youths run schools for slum children"
mirza-shakil,8,https://www.thedailystar.net/news/bangladesh/news/tangail-drum-makers-busy-durga-puja-draws-closer-2192741,Tangail drum makers busy as Durga Puja draws closer
mirza-shakil,8,https://www.thedailystar.net/business/economy/news/higher-yield-prices-bring-cheer-jute-growers-2171746,"Higher yield, prices bring cheer to jute growers"
mirza-shakil,8,https://www.thedailystar.net/news/bangladesh/news/she-speaks-through-tears-2155876,She speaks through tears
mirza-shakil,8,https://www.thedailystar.net/business/economy/news/rising-demand-blessing-madhupur-pineapple-farmers-2145991,Rising demand a blessing for Madhupur pineapple farmers
mirza-shakil,8,https://www.thedailystar.net/news/bangladesh/news/pandemic-muffles-the-music-musicians-2146086,Pandemic muffles the music of musicians
mirza-shakil,8,https://www.thedailystar.net/youth/young-icons/inspiration/news/embracing-life-it-2136441,Embracing life as it is
mirza-shakil,8,https://www.thedailystar.net/business/economy/news/farmers-pickle-unsold-cattle-blame-pandemic-low-demand-2132626,Farmers in a pickle with unsold cattle: Blame pandemic for low demand
mirza-shakil,9,https://www.thedailystar.net/country/news/panic-grips-riverside-villages-2119569,Panic grips riverside villages
mirza-shakil,9,https://www.thedailystar.net/backpage/news/pineapples-madhupur-tainted-excessive-chemicals-2118797,Pineapples of Madhupur: Tainted with excessive chemicals
mirza-shakil,9,https://www.thedailystar.net/business/news/tangail-brush-makers-losing-out-lockdowns-2115681,Tangail brush makers losing out for lockdowns
mirza-shakil,9,https://www.thedailystar.net/country/news/once-turbulent-dhaleswari-now-cropland-2112657,Once turbulent Dhaleswari now cropland
mirza-shakil,9,https://www.thedailystar.net/frontpage/news/tangail-sal-forest-two-thirds-gone-greed-play-2111705,Tangail Sal Forest: Two-thirds gone as greed at play
mirza-shakil,9,https://www.thedailystar.net/country/news/nightmare-668-metres-long-2111053,A nightmare 668 metres long
mirza-shakil,9,https://www.thedailystar.net/country/news/the-road-collective-turnaround-2109881,On the road to collective turnaround
mirza-shakil,9,https://www.thedailystar.net/star-youth/news/the-orchard-hope-brothers-change-family-fortune-2108941,The orchard of hope: Brothers change family fortune
mirza-shakil,9,https://www.thedailystar.net/frontpage/news/world-environment-day-today-tangail-rivers-peril-2104973,World Environment Day Today: Tangail rivers in peril
mirza-shakil,9,https://www.thedailystar.net/country/news/curtains-down-46-cinema-halls-tangail-shut-down-15yrs-2099521,Curtains down: 46 cinema halls in Tangail shut down in 15yrs
mirza-shakil,9,https://www.thedailystar.net/business/news/tangails-lemon-growers-cash-covid-19-2094681,Tangail’s lemon growers cash in on Covid-19
mirza-shakil,9,https://www.thedailystar.net/arts-entertainment/arts/news/curtains-down-46-cinema-halls-tangail-closed-down-15-years-2092921,Curtains down: 46 cinema halls in Tangail closed down in 15 years
mirza-shakil,9,https://www.thedailystar.net/country/news/201-domed-tangail-mosque-set-guinness-world-record-2091869,201-domed Tangail mosque to set Guinness World Record
mirza-shakil,9,https://www.thedailystar.net/country/news/inmates-kandapara-red-light-quarter-living-hunger-pangs-2084949,Inmates of Kandapara red-light quarter living in hunger pangs
mirza-shakil,9,https://www.thedailystar.net/business/news/home-stays-turned-advantage-2078325,Home stays turned into an advantage
mirza-shakil,9,https://www.thedailystar.net/country/news/doing-more-ringing-bell-2075657,‘Doing more than ringing bell’
mirza-shakil,9,https://www.thedailystar.net/business/news/shital-pati-makers-the-verge-extinction-2072233,Shital pati makers on the verge of extinction
mirza-shakil,9,https://www.thedailystar.net/country/news/operation-jahajmara-turning-point-the-liberation-war-history-2067061,Operation Jahajmara: A turning point in the Liberation War history
mirza-shakil,9,https://www.thedailystar.net/star-youth/news/torchbearer-our-farmers-2063301,A torchbearer for our farmers
mirza-shakil,9,https://www.thedailystar.net/country/news/batighar-adarsha-library-spreading-light-silence-2060721,Batighar Adarsha Library: Spreading light in silence
mirza-shakil,10,https://www.thedailystar.net/country/news/education-insts-closure-hits-small-traders-hard-tangail-2056157,Education insts’ closure hits small traders hard in Tangail
mirza-shakil,10,https://www.thedailystar.net/business/news/tangail-farmers-enjoy-bumper-mustard-yield-better-prices-2052229,"Tangail farmers enjoy bumper mustard yield, better prices"
mirza-shakil,10,https://www.thedailystar.net/country/news/tangails-canals-disappearing-fast-grabbers-filling-it-2050289,Tangail’s canals disappearing fast as grabbers filling it up
mirza-shakil,10,https://www.thedailystar.net/country/news/where-baby-girls-hailed-princess-2032889,Where baby girls hailed as princess
mirza-shakil,10,https://www.thedailystar.net/business/news/pandemic-leaves-tangails-sari-industry-tatters-2026221,Pandemic leaves Tangail’s sari industry in tatters
mirza-shakil,10,https://www.thedailystar.net/country/news/won-the-war-lost-the-battle-living-2021537,"Won in the war, lost in the battle for living"
mirza-shakil,10,https://www.thedailystar.net/backpage/news/farming-after-floods-battered-they-keep-trying-2011513,"Farming After Floods: Battered, they keep on trying"
mirza-shakil,10,https://www.thedailystar.net/country/news/gopalpur-bus-terminal-nightmare-passengers-1983945,Gopalpur Bus Terminal: A nightmare for passengers
mirza-shakil,10,https://www.thedailystar.net/country/news/tangail-kitchen-market-sees-no-development-33-years-1972681,Tangail kitchen market sees no development in 33 years
mirza-shakil,10,https://www.thedailystar.net/business/news/tangail-fish-farmers-suffer-tk-25cr-losses-floods-1955625,Tangail fish farmers suffer Tk 25cr losses for floods
mirza-shakil,10,https://www.thedailystar.net/business/news/flood-destroys-tk-141cr-worth-crops-tangail-1949417,Flood destroys Tk 141cr worth of  crops in Tangail
mirza-shakil,10,https://www.thedailystar.net/business/news/weavers-tangail-struck-down-pandemic-and-flood-1947969,Weavers in Tangail struck down by pandemic and flood
mirza-shakil,10,https://www.thedailystar.net/country/news/seasonal-rawhide-traders-upset-prices-drop-amid-lack-buyers-1944173,Seasonal rawhide traders upset as prices drop amid lack of buyers
mirza-shakil,10,https://www.thedailystar.net/country/news/low-hanging-electric-lines-flooded-areas-pose-life-risk-1942469,Low-hanging electric lines in flooded areas pose life risk
mirza-shakil,10,https://www.thedailystar.net/country/news/famous-madhupur-pineapples-getting-back-taste-and-flavour-1940361,Famous Madhupur pineapples getting back taste and flavour
mirza-shakil,10,https://www.thedailystar.net/country/news/work-water-treatment-plant-not-completed-after-5yrs-1932465,Work on water treatment plant not completed after 5yrs
mirza-shakil,10,https://www.thedailystar.net/country/news/bridge-condition-precarious-earth-displaced-approach-road-1928757,Bridge condition precarious as earth displaced from approach road
mirza-shakil,10,https://www.thedailystar.net/country/news/jahanaras-battle-silence-1925757,Jahanara’s battle of silence
mirza-shakil,10,https://www.thedailystar.net/country/news/tangail-small-traders-pass-hard-days-sales-drop-1925305,Coronavirus: Tangail small traders pass hard days as sales drop
mirza-shakil,10,https://www.thedailystar.net/country/news/risk-free-medical-service-safety-chamber-1923809,‘Risk-free’ medical service from safety chamber
mirza-shakil,11,https://www.thedailystar.net/country/news/parlour-plantation-1922205,From parlour to plantation
mirza-shakil,11,https://www.thedailystar.net/country/news/boro-harvest-tangail-limping-amid-labourer-shortage-1908501,Boro harvest in Tangail limping amid labourer shortage
mirza-shakil,11,https://www.thedailystar.net/backpage/news/bananas-rotting-orchards-1899556,Bananas rotting in orchards
mirza-shakil,11,https://www.thedailystar.net/country/news/over-1-lakh-tangail-sari-weavers-need-urgent-aid-1895377,Covid-19 Fallout: Over 1 lakh Tangail sari weavers need urgent aid
mirza-shakil,11,https://www.thedailystar.net/country/news/three-crumbling-bridges-posing-threat-community-1893781,Three crumbling bridges posing threat to community
mirza-shakil,11,https://www.thedailystar.net/backpage/news/tangail-transport-workers-suffering-1892719,Tangail transport workers suffering
mirza-shakil,11,https://www.thedailystar.net/business/news/earning-leftovers-1889098,Earning from leftovers
mirza-shakil,11,https://www.thedailystar.net/country/news/plan-child-dev-centres-limbo-1886413,Plan for child dev centres in limbo
mirza-shakil,11,https://www.thedailystar.net/country/news/illegal-kitchen-market-tangail-bscic-plots-1885102,Illegal kitchen market on Tangail BSCIC plots
mirza-shakil,11,https://www.thedailystar.net/country/news/tangails-traditional-sal-forest-shrinking-fast-1883134,Tangail’s traditional sal forest shrinking fast
mirza-shakil,11,https://www.thedailystar.net/country/news/illegal-sand-traders-causing-havoc-bhuapur-1880998,Illegal sand traders causing havoc in Bhuapur
mirza-shakil,11,https://www.thedailystar.net/country/news/open-waste-dumping-nuisance-tangail-town-1879705,Open waste dumping a nuisance in Tangail town
mirza-shakil,11,https://www.thedailystar.net/business/news/sakhipur-eel-farmers-land-hot-water-coronavirus-1878196,Sakhipur eel farmers land in hot water for coronavirus
mirza-shakil,11,https://www.thedailystar.net/backpage/news/road-love-toil-1867042,"The Daily Star Awardee: Road of love, toil"
mirza-shakil,11,https://www.thedailystar.net/country/news/aminurs-cost-effective-mobile-duck-farm-pays-1865677,Aminur’s cost-effective ‘mobile’ duck farm pays off
mirza-shakil,11,https://www.thedailystar.net/backpage/news/beekeepers-dealt-bitter-blow-1850527,Beekeepers dealt bitter blow
mirza-shakil,11,https://www.thedailystar.net/backpage/news/taking-where-baker-left-1834954,Picking up where Baker left off
mirza-shakil,11,https://www.thedailystar.net/country/news/peoples-safety-sufferings-being-neglected-1830103,"People’s safety, sufferings being neglected"
mirza-shakil,11,https://www.thedailystar.net/country/news/meat-consumers-health-risks-ignored-tangail-town-1825924,Meat consumers’ health risks ignored in Tangail town
mirza-shakil,11,https://www.thedailystar.net/country/news/shaky-bailey-bridges-pose-risk-tangail-aricha-road-1823728,Shaky Bailey bridges pose risk on Tangail-Aricha road
mirza-shakil,12,https://www.thedailystar.net/arts-entertainment/news/solo-painting-exhibition-ismail-hossain-selim-1819615,Solo painting exhibition by Ismail Hossain Selim
mirza-shakil,12,https://www.thedailystar.net/country/news/sumon-shines-fruit-cultivation-1809091,Sumon shines in fruit cultivation
mirza-shakil,12,https://www.thedailystar.net/country/news/simple-beautiful-1802560,Simple but beautiful
mirza-shakil,12,https://www.thedailystar.net/country/news/risky-movement-ramshackle-bridge-1795174,Risky movement on ramshackle bridge
mirza-shakil,12,https://www.thedailystar.net/country/news/education-hampered-flood-damaged-schools-bhuapur-1792060,Education hampered at flood damaged schools in Bhuapur
mirza-shakil,12,https://www.thedailystar.net/business/news/tangail-rawhide-traders-stare-losses-1790209,Tangail rawhide traders stare at losses
mirza-shakil,12,https://www.thedailystar.net/country/news/highways-roads-clogging-without-truck-terminal-1789243,"Highways, roads clogging up without truck terminal"
mirza-shakil,12,https://www.thedailystar.net/country/tangail-mob-beating-victims-family-struggling-make-ends-meet-1784995,Tangail mob beating victim’s family struggling to make ends meet
mirza-shakil,12,https://www.thedailystar.net/frontpage/eid-ul-adha-2019-bangladesh-homegoers-plight-just-wont-let-1784905,Homegoers’ plight just won’t let up
mirza-shakil,12,https://www.thedailystar.net/country/news/lack-safety-barrier-leaves-room-train-vehicle-collision-1779019,Lack of safety barrier leaves room for train-vehicle collision
mirza-shakil,12,https://www.thedailystar.net/country/news/buses-clog-major-thoroughfare-town-1776730,Buses clog up major thoroughfare in town
mirza-shakil,12,https://www.thedailystar.net/frontpage/news/farmer-lays-road-his-village-1766902,Change maker: Farmer lays a road for his village
mirza-shakil,12,https://www.thedailystar.net/business/news/sari-weavers-face-bleak-future-1762891,Sari weavers face bleak future
mirza-shakil,12,https://www.thedailystar.net/country/news/traveller-sufferings-likely-during-eid-holidays-1752790,Traveller sufferings likely during Eid holidays
mirza-shakil,12,https://www.thedailystar.net/country/news/bangabandhu-bridge-eco-park-sorry-state-1747144,Bangabandhu Bridge Eco Park in sorry state
mirza-shakil,12,https://www.thedailystar.net/country/news/sand-lifting-puts-villages-along-jamuna-under-threat-1740853,Sand lifting puts villages along Jamuna under threat
mirza-shakil,12,https://www.thedailystar.net/backpage/news/louhajang-river-palette-pollution-1738819,Louhajang River: Palette of pollution
mirza-shakil,12,https://www.thedailystar.net/backpage/news/heritage-site-shambles-1730221,Heritage site in a shambles
mirza-shakil,12,https://www.thedailystar.net/frontpage/dhaka-fire-pray-me-1722319,'Pray for me'
mirza-shakil,12,https://www.thedailystar.net/sports/football/news/using-sport-against-child-marriage-1712029,Using sport against child marriage
mirza-shakil,13,https://www.thedailystar.net/backpage/news/schools-excellence-1700842,Schools with excellence
mirza-shakil,13,https://www.thedailystar.net/backpage/news/homemaker-trendsetter-1699870,Homemaker to trendsetter
mirza-shakil,13,https://www.thedailystar.net/country/news/swapans-enterprise-keep-age-old-art-alive-1691959,Swapan's enterprise to keep age-old art alive
mirza-shakil,13,https://www.thedailystar.net/country/news/voters-enthused-kuri-siddiquis-campaign-1675090,Voters enthused with Kuri Siddiqui's campaign
mirza-shakil,13,https://www.thedailystar.net/country/news/tangail-tastes-freedom-day-1671859,Tangail tastes freedom on this day
mirza-shakil,13,https://www.thedailystar.net/country/news/painted-train-draw-students-1660108,Painted like train to draw students
mirza-shakil,13,https://www.thedailystar.net/country/news/frying-pan-burning-fire-1651906,From frying pan to burning fire
mirza-shakil,13,https://www.thedailystar.net/city/news/oasis-the-sand-1640539,Oasis in the sand
mirza-shakil,13,https://www.thedailystar.net/news/business/seasonal-rawhide-traders-left-limbo-1625098,Seasonal rawhide traders left in limbo
mirza-shakil,13,https://www.thedailystar.net/news/backpage/wired-development-1624594,Wired for development
mirza-shakil,13,https://www.thedailystar.net/news/country/poor-sale-tangail-sari-upsets-traders-1622881,Poor sale of Tangail sari upsets traders
mirza-shakil,13,https://www.thedailystar.net/news/arts-entertainment/event/madhupur-commemorates-world-indigenous-peoples-day-1618969,Madhupur commemorates World Indigenous Peoples' Day
mirza-shakil,13,https://www.thedailystar.net/news/backpage/yields-high-prices-low-1619101,"Yields high, prices low"
mirza-shakil,13,https://www.thedailystar.net/country/ramshackle-community-clinics-risky-patients-1609009,Ramshackle community clinics risky to patients
mirza-shakil,13,https://www.thedailystar.net/country/problem-ridden-health-complex-1607494,Problem-ridden health complex
mirza-shakil,13,https://www.thedailystar.net/country/sorry-state-park-market-tangail-town-1603765,Sorry state of Park Market in Tangail town
mirza-shakil,13,https://www.thedailystar.net/country/encroachment-pollution-wreak-havoc-tangail-rivers-1587130,"Encroachment, pollution wreak  havoc on Tangail rivers"
mirza-shakil,13,https://www.thedailystar.net/country/erosion-jamuna-turns-serious-1582978,Erosion by Jamuna turns serious
mirza-shakil,13,https://www.thedailystar.net/country/the-sub-jail-failed-start-30-years-1579254,The sub-jail that failed to start in 30 years
mirza-shakil,13,https://www.thedailystar.net/country/sorry-state-traditional-market-ghatail-1577932,Sorry state of a traditional market in Ghatail
mirza-shakil,14,https://www.thedailystar.net/country/risky-road-crossing-1564312,Risky road crossing
mirza-shakil,14,https://www.thedailystar.net/country/regional-roads-bad-shape-1563436,Regional roads in bad shape
mirza-shakil,14,https://www.thedailystar.net/country/valour-three-teenage-freedom-fighters-1553341,Valour of three teenage freedom fighters
mirza-shakil,14,https://www.thedailystar.net/backpage/tribute-big-difference-1552978,Tribute with a big difference
mirza-shakil,14,https://www.thedailystar.net/frontpage/four-get-death-rupa-rape-murder-1533850,"Four get death for Rupa rape, murder"
mirza-shakil,14,https://www.thedailystar.net/country/honey-production-may-fall-year-1531033,Honey production may fall this year
mirza-shakil,14,https://www.thedailystar.net/backpage/saving-crops-pest-1525807,Saving crops from pests
mirza-shakil,14,https://www.thedailystar.net/country/welcome-back-birds-1518673,Welcome back birds
mirza-shakil,14,https://www.thedailystar.net/country/many-struggle-unemployment-1515040,Many struggle with unemployment
mirza-shakil,14,https://www.thedailystar.net/city/riverside-land-under-threat-1510420,Farmland under threat
mirza-shakil,14,https://www.thedailystar.net/country/the-good-others-1507441,For the good of others
mirza-shakil,14,https://www.thedailystar.net/city/senior-citizen-runs-cause-1498393,Senior citizen runs for cause
mirza-shakil,14,https://www.thedailystar.net/country/maulana-bhasani-memorabilia-1492282,Maulana Bhasani memorabilia
mirza-shakil,14,https://www.thedailystar.net/country/one-man-show-1491877,One man show
mirza-shakil,14,https://www.thedailystar.net/backpage/tale-turkeys-1490323,A tale of turkeys
mirza-shakil,14,https://www.thedailystar.net/backpage/torchbearer-madhupur-1489102,Torchbearer of Madhupur
mirza-shakil,14,https://www.thedailystar.net/country/indomitable-samrat-1487596,Indomitable Samrat
mirza-shakil,14,https://www.thedailystar.net/frontpage/change-maker-crime-den-safe-park-1485718,Change Maker: From crime den to a safe park
mirza-shakil,14,https://www.thedailystar.net/country/beauty-lost-1481713,BEAUTY LOST
mirza-shakil,14,https://www.thedailystar.net/backpage/the-hungry-tide-1473160,The hungry tide
mirza-shakil,15,https://www.thedailystar.net/country/nine-old-risky-bridges-bhuapur-1471615,Nine old risky bridges in Bhuapur
mirza-shakil,15,https://www.thedailystar.net/country/impact-tangail-flood-1471111,Impact of Tangail flood
mirza-shakil,15,https://www.thedailystar.net/backpage/free-food-the-poor-1467322,Free food for the poor
mirza-shakil,15,https://www.thedailystar.net/country/jamuna-devours-embankment-1456993,Jamuna devours embankment
mirza-shakil,15,https://www.thedailystar.net/backpage/death-dream-1456543,Death of a dream
mirza-shakil,15,https://www.thedailystar.net/country/gridlocks-make-commuters-suffer-rasulpur-elenga-stretch-1453744,Gridlocks make commuters suffer at Rasulpur-Elenga stretch
mirza-shakil,15,https://www.thedailystar.net/city/fatal-train-trip-averted-locals-step-1451686,A fatal train trip averted as locals step in
mirza-shakil,15,https://www.thedailystar.net/backpage/cattle-hotels-1448251,Cattle hotels!
mirza-shakil,15,https://www.thedailystar.net/city/bridge-boat-1436887,From bridge to boat
mirza-shakil,15,https://www.thedailystar.net/backpage/two-kms-two-hours-1436419,Two kms in two hours
mirza-shakil,15,https://www.thedailystar.net/country/canal-filled-widen-tangail-highway-1429432,Canal filled to widen Tangail highway
mirza-shakil,15,https://www.thedailystar.net/backpage/desperation-1427974,In desperation
mirza-shakil,15,https://www.thedailystar.net/country/hospital-generator-lying-packed-9yrs-1427371,Hospital generator lying packed for 9yrs
mirza-shakil,15,https://www.thedailystar.net/country/who-cares-1425025,Who cares?
mirza-shakil,15,https://www.thedailystar.net/country/katakhali-almost-dead-1424131,Katakhali almost dead
mirza-shakil,15,https://www.thedailystar.net/backpage/small-mistake-damage-large-1418917,"Small mistake, big damage"
mirza-shakil,15,https://www.thedailystar.net/backpage/jamdani-weavers-busy-eyeing-eid-market-1417084,Jamdani weavers busy eyeing Eid market
mirza-shakil,15,https://www.thedailystar.net/environment/world-environment-day-2017-plundering-of-tress-same-old-story-tangail-sal-forest-1415722,Same old story at Tangail Sal forest
mirza-shakil,15,https://www.thedailystar.net/country/ive-retired-job-not-teaching-1413871,"I've retired from job, not teaching"
mirza-shakil,15,https://www.thedailystar.net/country/toxic-wastes-pollute-two-rivers-1412236,Toxic wastes pollute two rivers
mirza-shakil,16,https://www.thedailystar.net/country/tale-dedicated-mother-1411771,Tale of a dedicated mother
mirza-shakil,16,https://www.thedailystar.net/country/heyday-patnipara-kula-makers-1403356,Heyday for Patnipara kula makers
mirza-shakil,16,https://www.thedailystar.net/backpage/nature-quest-haven-bats-1391128,Nature Quest: A haven for bats
mirza-shakil,16,https://www.thedailystar.net/country/tale-spoilt-youth-1386004,Tale of a spoilt youth
mirza-shakil,16,https://www.thedailystar.net/backpage/change-maker-the-brush-makers-who-changed-many-lives-1386082,Change Maker: The brush makers who changed many lives
mirza-shakil,16,https://www.thedailystar.net/city/35-yr-old-deer-breeding-centre-still-limping-1384162,"35 years on, deer breeding centre still limping"
mirza-shakil,16,https://www.thedailystar.net/bangladeshcricket/barisal-out-259-1380433,Barisal out for 259
mirza-shakil,16,https://www.thedailystar.net/backpage/change-maker-villagers-unite-create-dream-village-1379974,Change Maker: Villagers unite to create a 'dream village'
mirza-shakil,16,https://www.thedailystar.net/country/parvin-cherishes-husbands-memory-thru-floriculture-1377253,Parvin cherishes husband's memory thru' floriculture
mirza-shakil,16,https://www.thedailystar.net/backpage/happy-my-dignified-life-1374466,'Happy with my dignified life'
mirza-shakil,16,https://www.thedailystar.net/country/liya-battles-justice-1372159,Liya battles for justice
mirza-shakil,16,https://www.thedailystar.net/backpage/over-1600-trees-felled-day-1343020,"Over 1,600 trees cut down in a day"
mirza-shakil,16,https://www.thedailystar.net/country/news/untold-story-war-ravaged-mother-1330657,Untold story of a war-ravaged mother
mirza-shakil,16,https://www.thedailystar.net/country/news/disability-no-barrier-1318000,Disability is no barrier
mirza-shakil,16,https://www.thedailystar.net/sports/krishnas-success-turning-the-tide-1284841,Krishna's success turning the tide
mirza-shakil,16,https://www.thedailystar.net/backpage/wildlife-faces-food-crisis-1275556,Nature Quest: Wildlife faces food crisis
mirza-shakil,16,https://www.thedailystar.net/country/news/farewell-philanthropist-1270438,Farewell to a philanthropist
mirza-shakil,16,https://www.thedailystar.net/backpage/health-hazards-ignored-profiteering-1241437,Health hazards ignored for profiteering
mirza-shakil,16,https://www.thedailystar.net/backpage/man-behind-miracle-1220953,Man behind a miracle
mirza-shakil,16,https://www.thedailystar.net/frontpage/cautious-yet-he-could-not-survive-1217824,"Hindu tailor murder in Tangail: Cautious, yet Nikhil could not survive"
mirza-shakil,17,https://www.thedailystar.net/country/news/al-faces-20-rebel-candidates-10-13-unions-expels-9-792364,"AL faces 20 rebel candidates in 10 of 13 unions, expels 9"
mirza-shakil,17,https://www.thedailystar.net/country/news/families-mourn-death-dear-ones-787273,Families mourn death of dear ones
mirza-shakil,17,https://www.thedailystar.net/country/news/mixed-gardening-sees-success-madhupur-411493,Mixed gardening sees  success in Madhupur
mirza-shakil,17,https://www.thedailystar.net/country/news/they-build-road-wooden-bridge-their-own-200878,"They build road, wooden bridge on their own"
mirza-shakil,17,https://www.thedailystar.net/country/news/aloe-vera-plant-herbal-qualities-188515,"Aloe vera, a plant with herbal qualities"
mirza-shakil,17,https://www.thedailystar.net/country/news/quail-farming-brings-him-solvency-185521,Quail farming brings him solvency
mirza-shakil,17,https://www.thedailystar.net/backpage/doctor-the-poor-no-more-136396,Doctor for the poor no more
mirza-shakil,17,https://www.thedailystar.net/country/news/grabbers-choke-louhajang-river-tangail-105082,Grabbers choke Louhajang River in Tangail
mirza-shakil,17,https://www.thedailystar.net/country/news/forestland-illegally-occupied-hatchery-owner-99505,Forestland illegally occupied by hatchery owner
mirza-shakil,17,https://www.thedailystar.net/country/news/trafficked-8-tangail-men-indian-jail-9-months-88540,"Trafficked, 8 Tangail men in Indian jail for 9 months"
wasim-bin-habib,0,https://www.thedailystar.net/star-multimedia/news/preparations-send-10000-workers-malaysia-no-cost-who-can-apply-4291846,"Preparations to send 10,000 workers to Malaysia at no cost: Who can apply?"
wasim-bin-habib,0,https://www.thedailystar.net/star-multimedia/news/pakistans-weapons-us-intelligence-support-saudi-arabias-plan-against-houthis-4291841,"Pakistan’s weapons, US intelligence support: Saudi Arabia’s plan against Houthis"
wasim-bin-habib,0,https://www.thedailystar.net/star-multimedia/news/writing-feet-dukhu-mia-builds-school-after-failing-find-job-4291836,Writing with feet: Dukhu Mia builds a school after failing to find a job
wasim-bin-habib,0,https://www.thedailystar.net/news/environment/climate-change/news/salinity-creeps-deeper-southwest-4234376,Climate / Salinity creeps deeper inland
wasim-bin-habib,0,https://www.thedailystar.net/business/bangladesh-budget-2026-27/news/shital-pati-ott-4196786,From ‘shital pati’ to OTT
wasim-bin-habib,0,https://www.thedailystar.net/news/bangladesh/news/100-days-bnp-govt-bright-start-despite-grim-inheritance-4184761,100 Days of BNP govt: Bright start despite grim inheritance
wasim-bin-habib,0,https://www.thedailystar.net/business/economy/national-budget/news/next-years-budget-may-cross-tk-900000cr-4148101,"Next year’s budget may cross Tk 9,00,000cr"
wasim-bin-habib,0,https://www.thedailystar.net/news/bangladesh/news/bangladesh-eyes-16b-adb-financing-4137091,Bangladesh eyes $1.6b ADB financing
wasim-bin-habib,0,https://www.thedailystar.net/news/bangladesh/news/prof-rehman-sobhan-turns-91-life-devoted-economic-justice-4127106,Tribute / Prof Rehman Sobhan turns 91: A life devoted to economic justice
wasim-bin-habib,0,https://www.thedailystar.net/opinion/views/news/keep-politics-out-school-textbooks-4124066,Keep politics out of school textbooks
wasim-bin-habib,0,https://www.thedailystar.net/news/bangladesh/news/sworn-still-missing-govt-portals-4119041,"Sworn in, still missing from govt portals"
wasim-bin-habib,0,https://www.thedailystar.net/news/bangladesh/news/govt-aims-gradually-issue-2cr-family-cards-4114296,Govt aims to gradually issue 2cr family cards
wasim-bin-habib,0,https://www.thedailystar.net/news/bangladesh/news/tarique-takes-the-reins-4108806,Tarique takes the reins
wasim-bin-habib,0,https://www.thedailystar.net/news/national-election-2026/news/tarique-pulls-stunning-sweep-4105591,Tarique pulls off a stunning sweep
wasim-bin-habib,0,https://www.thedailystar.net/news/national-election-2026/news/campaigning-draws-close-4102516,Campaigning draws to a close
wasim-bin-habib,0,https://www.thedailystar.net/news/bangladesh/news/bangladeshs-coastal-belt-families-pushed-migration-debt-traps-4057051,"Bangladesh’s coastal belt: Families pushed into migration, debt traps"
wasim-bin-habib,0,https://www.thedailystar.net/news/bangladesh/agriculture/news/how-salinity-sank-satkhira-farmers-harvests-4049271,How salinity sank Satkhira farmers' harvests
wasim-bin-habib,0,https://www.thedailystar.net/news/bangladesh/news/salt-their-wounds-4045966,The salt in their wounds
wasim-bin-habib,0,https://www.thedailystar.net/news/bangladesh/news/daily-battle-every-drop-4041886,A daily battle for every drop
wasim-bin-habib,0,https://www.thedailystar.net/news/bangladesh/news/salinity-puts-lives-livelihoods-risk-the-south-4040376,"Salinity puts lives, livelihoods at risk in the South"
wasim-bin-habib,0,https://www.thedailystar.net/news/bangladesh/news/draft-law-seeks-death-penalty-trafficking-syndicate-members-4039861,Draft law seeks death penalty for trafficking syndicate members
wasim-bin-habib,0,https://www.thedailystar.net/news/bangladesh/education/news/only-44-make-it-class-10-after-primary-4038281,Only 44% make it to class 10 after primary
wasim-bin-habib,0,https://www.thedailystar.net/news/bangladesh/news/govt-debt-tops-tk-21-trillion-4035051,Govt debt tops Tk 21 trillion
wasim-bin-habib,0,https://www.thedailystar.net/news/bangladesh/news/bangladesh-bank-seeks-legal-overhaul-full-autonomy-4023971,Bangladesh Bank seeks legal overhaul for full autonomy
wasim-bin-habib,0,https://www.thedailystar.net/environment/pollution/air-pollution/news/over-27-lakh-deaths-linked-air-pollution-2023-4015786,Over 2.7 lakh deaths linked to air pollution in 2023
wasim-bin-habib,0,https://www.thedailystar.net/supplements/international-day-girl-child-2025/news/girl-raising-her-father-4006741,To the girl raising her father
wasim-bin-habib,0,https://www.thedailystar.net/opinion/views/news/when-governance-fails-people-pay-price-4004056,"When governance fails, people pay the price"
wasim-bin-habib,0,https://www.thedailystar.net/supplements/world-teachers-day-2025/news/architects-tomorrow-overlooked-today-4001796,Architects of tomorrow overlooked today
wasim-bin-habib,0,https://www.thedailystar.net/environment/climate-change/news/eastern-coast-sinking-faster-sea-level-rises-4001051,Eastern coast sinking faster as sea level rises
wasim-bin-habib,0,https://www.thedailystar.net/health/disease/news/dengue-deaths-families-left-behind-pick-pieces-3995591,Dengue deaths: Families left behind to pick up the pieces
wasim-bin-habib,0,https://www.thedailystar.net/news/bangladesh/news/new-condition-55b-loan-imf-limits-bangladeshs-foreign-loan-intake-3995576,New condition for $5.5B loan: IMF limits Bangladesh’s foreign loan intake
wasim-bin-habib,1,https://www.thedailystar.net/news/bangladesh/news/total-literacy-elusive-after-tk-4000cr-spent-3981391,"Total literacy elusive after Tk 4,000cr spent"
wasim-bin-habib,1,https://www.thedailystar.net/news/bangladesh/news/bangladesh-tops-asias-bad-loan-charts-3978881,Bangladesh tops Asia’s bad loan charts
wasim-bin-habib,1,https://www.thedailystar.net/news/bangladesh/education/news/primary-schools-dropouts-after-14-years-decline-3974541,Primary schools: Dropouts up after 14 years of decline
wasim-bin-habib,1,https://www.thedailystar.net/news/bangladesh/news/tk-707cr-spent-9yrs-dengue-still-ravages-dhaka-3965686,"Tk 707cr spent in 9yrs, dengue still ravages Dhaka"
wasim-bin-habib,1,https://www.thedailystar.net/opinion/views/news/now-teachers-adore-me-3963806,'Now the teachers adore me'
wasim-bin-habib,1,https://www.thedailystar.net/news/air-force-jet-crash/news/chirps-silence-3945581,From chirps to silence
wasim-bin-habib,1,https://www.thedailystar.net/news/bangladesh/accidents-fires/news/jet-slams-school-kills-22-mostly-children-3944991,Air Force jet crashes into Milestone College
wasim-bin-habib,1,https://www.thedailystar.net/business/economy/news/bangladeshs-banking-sector-reforms-adb-provide-1b-budget-support-3932451,Bangladesh’s banking sector reforms: ADB to provide $1b in budget support
wasim-bin-habib,1,https://www.thedailystar.net/business/economy/news/imf-conditions-govt-pledges-track-graft-tax-admin-3927206,IMF conditions: Govt pledges to track graft in tax admin
wasim-bin-habib,1,https://www.thedailystar.net/news/bangladesh/news/520b-economy-next-fiscal-year-3906991,$520b economy by next fiscal year
wasim-bin-habib,1,https://www.thedailystar.net/news/bangladesh/transport/news/how-much-longer-must-south-dhaka-suffer-3904746,How much longer must south Dhaka suffer?
wasim-bin-habib,1,https://www.thedailystar.net/slow-reads/big-picture/news/the-kajoli-model-learning-laughter-growing-joy-3901706,"The Kajoli model: Learning with laughter, growing with joy"
wasim-bin-habib,1,https://www.thedailystar.net/business/news/aid-allocation-be-trimmed-next-budget-3882546,Aid allocation to be trimmed in next budget
wasim-bin-habib,1,https://www.thedailystar.net/news/bangladesh/politics/news/reform-proposals-bnp-opposes-two-term-cap-prime-minister-3856046,Reform proposals: BNP opposes two-term cap on prime minister
wasim-bin-habib,1,https://www.thedailystar.net/news/bangladesh/news/theres-no-need-constituent-assembly-3845551,There’s no need for  constituent assembly
wasim-bin-habib,1,https://www.thedailystar.net/news/bangladesh/news/why-wash-dirty-linen-public-3837661,Why wash dirty linen in public?
wasim-bin-habib,1,https://www.thedailystar.net/news/bangladesh/elections/news/election-schedule-likely-oct-3828736,Election schedule likely by Oct
wasim-bin-habib,1,https://www.thedailystar.net/news/bangladesh/news/transport-reforms-pressing-need-3826841,Transport reforms a pressing need
wasim-bin-habib,1,https://www.thedailystar.net/news/bangladesh/news/no-room-politics-under-al-name-ideology-3813926,"‘No room for politics under AL name, ideology’"
wasim-bin-habib,2,https://www.thedailystar.net/news/bangladesh/news/nation-sees-tectonic-shifts-politics-3788286,Nation sees tectonic shifts in politics
wasim-bin-habib,2,https://www.thedailystar.net/news/bangladesh/news/fate-62-asps-whos-calling-the-shots-3734961,Fate of 62 ASPs: Who’s calling the shots?
wasim-bin-habib,2,https://www.thedailystar.net/business/economy/news/spending-education-falls-short-expectations-3627631,Spending on education falls short of expectations
wasim-bin-habib,2,https://www.thedailystar.net/business/economy/news/falling-healthcare-budget-forces-people-spend-more-out-pocket-3626071,Falling healthcare budget forces people to spend more out of pocket
wasim-bin-habib,2,https://www.thedailystar.net/news/bangladesh/education/news/are-schools-open-simple-issue-unnecessarily-complicated-3600176,Are schools open? Simple issue unnecessarily complicated
wasim-bin-habib,2,https://www.thedailystar.net/news/bangladesh/news/reverse-migration-rises-twentyfold-five-years-3575681,Reverse migration rises twentyfold in five years
wasim-bin-habib,2,https://www.thedailystar.net/news/bangladesh/transport/news/funding-another-metro-confirmed-3535511,Funding for Gabtoli-Dasherkandi metro line confirmed
wasim-bin-habib,2,https://www.thedailystar.net/election-2024/news/news/who-will-sit-opposition-benches-3514611,Who will sit on opposition benches?
wasim-bin-habib,2,https://www.thedailystar.net/election-2024/news/news/vote-today-the-outcome-long-known-3512806,"Vote today, the outcome long known"
wasim-bin-habib,2,https://www.thedailystar.net/news/bangladesh/news/year-shuttling-between-hope-and-despair-3507621,A year shuttling between hope and despair
wasim-bin-habib,2,https://www.thedailystar.net/news/bangladesh/politics/news/plot-thickens-prospects-talks-dim-3471616,Plot thickens as prospects for talks dim
wasim-bin-habib,2,https://www.thedailystar.net/news/bangladesh/news/spare-the-students-please-3462111,Spare the students please
wasim-bin-habib,2,https://www.thedailystar.net/opinion/news/will-the-roadblocks-road-safety-ever-be-removed-3449826,Will the roadblocks to road safety ever be removed?
wasim-bin-habib,2,https://www.thedailystar.net/opinion/news/one-minute-silence-the-solution-3444011,Is a one-minute silence the solution?
wasim-bin-habib,2,https://www.thedailystar.net/opinion/views/news/the-dread-dengue-has-taken-over-3409436,The dread of dengue has taken over
wasim-bin-habib,2,https://www.thedailystar.net/news/bangladesh/news/news-analysis-road-safety-pipe-dream-3376776,News Analysis: Road safety a pipe dream?
wasim-bin-habib,2,https://www.thedailystar.net/news/bangladesh/crime-justice/news/7-years-holey-artisan-attack-revisiting-the-horror-3358886,7 Years of holey artisan attack: Revisiting the horror
wasim-bin-habib,2,https://www.thedailystar.net/news/bangladesh/7-years-holey-artisan-attack/news/revisiting-the-horror-3358526,Revisiting the horror
wasim-bin-habib,2,https://www.thedailystar.net/news/bangladesh/crime-justice/news/sagar-runi-murder-probe-deadline-deferrals-100-times-and-counting-3352486,Sagar-Runi murder probe deadline deferrals: 100 times and counting
wasim-bin-habib,2,https://www.thedailystar.net/special-events/national-budget-2023-24/news/safety-net-budget-fy-2023-24-spending-just-101pc-gdp-not-252pc-3336841,"Safety Net Budget Fy 2023-24: Spending just 1.01pc  of GDP, not 2.52pc"
wasim-bin-habib,3,https://www.thedailystar.net/special-events/national-budget-2023-24/news/little-cushion-people-against-inflation-3335526,Little cushion for people against inflation
wasim-bin-habib,3,https://www.thedailystar.net/news/bangladesh/news/blogging-bangladesh-caught-between-rock-and-hard-place-3235271,Blogging in Bangladesh: Caught between a rock and a hard place
wasim-bin-habib,3,https://www.thedailystar.net/opinion/views/news/new-textbooks-same-old-errors-3226841,"New textbooks, same old errors"
wasim-bin-habib,3,https://www.thedailystar.net/news/bangladesh/transport/news/metro-rail-opens-public-3208241,Metro rail opens to public
wasim-bin-habib,3,https://www.thedailystar.net/special-events/dhaka-metro-rail-opening/news/cant-believe-metro-rail-journey-was-so-smooth-fast-3207941,"‘Can't believe metro rail journey was so smooth, fast’"
wasim-bin-habib,3,https://www.thedailystar.net/special-events/dhaka-metro-rail-opening/news/metro-dream-rolls-reality-3207566,Metro dream rolls into reality
wasim-bin-habib,3,https://www.thedailystar.net/news/bangladesh/transport/news/metro-moment-finally-here-3206686,Metro moment is finally here
wasim-bin-habib,3,https://www.thedailystar.net/special-events/dhaka-metro-rail-opening/news/bangladesh-ushers-new-era-commuting-3206801,Bangladesh ushers in a new era of commuting
wasim-bin-habib,3,https://www.thedailystar.net/special-events/dhaka-metro-rail-opening/news/mrt-line-6-twist-and-turns-3206966,MRT Line-6: Twist and turns
wasim-bin-habib,3,https://www.thedailystar.net/news/bangladesh/politics/news/all-eyes-glued-golapbagh-3191936,All eyes glued to Golapbagh
wasim-bin-habib,3,https://www.thedailystar.net/supplements/oxfam-human-rights-day-special-magazine-2022/news/the-rohingya-refugee-crisis-throughout-the-years-3193611,The Rohingya refugee crisis throughout the years
wasim-bin-habib,3,https://www.thedailystar.net/news/bangladesh/news/choking-the-lifeblood-democracy-3184281,Choking the lifeblood of democracy
wasim-bin-habib,3,https://www.thedailystar.net/news/bangladesh/news/free-speech-the-collateral-damage-covid-bangladesh-3148846,Free speech the collateral damage of Covid in Bangladesh
wasim-bin-habib,3,https://www.thedailystar.net/supplements/world-heart-day-2022/news/cardiovascular-diseases-rising-concern-young-people-3130526,Cardiovascular diseases: A rising concern for young people
wasim-bin-habib,3,https://www.thedailystar.net/news/bangladesh/rights/news/victimising-journalists-decades-long-tradition-denying-justice-3097161,Victimising journalists: A decades-long tradition of denying justice
wasim-bin-habib,3,https://www.thedailystar.net/news/news/series-delayed-justice-3059326,A series of delayed justice
wasim-bin-habib,3,https://www.thedailystar.net/news/bangladesh/transport/news/home-never-felt-so-close-3057081,‘Home never felt so close’
wasim-bin-habib,3,https://www.thedailystar.net/news/bangladesh/transport/news/the-man-who-steered-project-thru-tough-times-3055636,The man who steered Padma Bridge project through tough times
wasim-bin-habib,3,https://www.thedailystar.net/news/bangladesh/transport/news/new-dawn-bangladesh-3055651,A new dawn for Bangladesh
wasim-bin-habib,3,https://www.thedailystar.net/views/opinion/news/what-does-padma-bridge-mean-southerner-3055591,What does Padma Bridge mean to a southerner?
wasim-bin-habib,4,https://www.thedailystar.net/views/opinion/news/cheaper-polythene-bags-spell-disaster-the-environment-3047486,Cheaper polythene bags spell disaster for the environment
wasim-bin-habib,4,https://www.thedailystar.net/business/economy/national-budget/news/social-safety-net-allocations-approach-same-old-3043901,Social safety net: Approach not a good fit for multiple crises
wasim-bin-habib,4,https://www.thedailystar.net/views/opinion/news/the-roads-death-3042681,The roads of death
wasim-bin-habib,4,https://www.thedailystar.net/views/opinion/news/democracy-crushed-under-bcls-boots-3036371,Democracy crushed under BCL’s boots?
wasim-bin-habib,4,https://www.thedailystar.net/views/opinion/news/our-health-sector-needs-urgent-healing-3034091,Our health sector needs urgent healing
wasim-bin-habib,4,https://www.thedailystar.net/news/bangladesh/news/trapped-legal-web-24-years-3020081,Trial drags on for 24 years: Man has no strength left for legal battle
wasim-bin-habib,4,https://www.thedailystar.net/news/bangladesh/news/news-analysis-uncle-please-stop-the-work-childrens-pleas-fall-deaf-ears-3013136,"News Analysis: ‘Uncle, please stop the work’ – Children's pleas fall on deaf ears"
wasim-bin-habib,4,https://www.thedailystar.net/news/bangladesh/crime-justice/news/news-analysis-loved-ones-lost-trust-justice-too-3009656,"News analysis: Loved ones lost, trust in justice too"
wasim-bin-habib,4,https://www.thedailystar.net/health/disease/coronavirus/fallouts-fightback/vaccine/news/covid-19-vaccination-bangladesh-role-model-3000961,Covid-19 vaccination: Bangladesh a role model
wasim-bin-habib,4,https://www.thedailystar.net/news/bangladesh/news/citys-mess-2994336,Unlivable? Why is Dhaka such a mess?
wasim-bin-habib,4,https://www.thedailystar.net/news/bangladesh/news/fiscals-project-revisions-could-make-another-padma-bridge-2956731,Amount hiked for projects this FY could make another Padma bridge
wasim-bin-habib,4,https://www.thedailystar.net/supplements/world-cancer-day-2022/news/state-cancer-care-bangladesh-2953926,State of cancer care in Bangladesh
wasim-bin-habib,4,https://www.thedailystar.net/supplements/world-cancer-day-2022/news/managing-cancer-care-during-the-covid-19-pandemic-2953931,Managing cancer care during the Covid-19 pandemic
wasim-bin-habib,4,https://www.thedailystar.net/news/bangladesh/news/people-higher-living-expenses-2952321,People in for higher living expenses
wasim-bin-habib,4,https://www.thedailystar.net/news/bangladesh/politics/news/ec-formation-law-search-committee-getting-legal-cover-2941226,EC formation law: Search committee getting legal cover
wasim-bin-habib,4,https://www.thedailystar.net/news/bangladesh/news/automated-traffic-signal-money-thrown-down-the-drain-2939261,Automated Traffic Signal: Money thrown down the drain
wasim-bin-habib,4,https://www.thedailystar.net/environment/news/cso-sustainability-index-environment-continues-worsen-2919881,CSO Sustainability Index: Environment continues to worsen
wasim-bin-habib,4,https://www.thedailystar.net/news/bangladesh/news/50-years-victory-mind-fearless-head-held-high-2918796,"50 years of Victory: Mind fearless, head held high"
wasim-bin-habib,4,https://www.thedailystar.net/news/bangladesh/news/martyred-intellectuals-day-loss-not-entirely-personal-2916891,Martyred Intellectuals Day: A loss not entirely personal
wasim-bin-habib,4,https://www.thedailystar.net/news/bangladesh/politics/news/al-spot-bother-2912086,AL in a spot of bother
wasim-bin-habib,5,https://www.thedailystar.net/supplements/future-education/news/coping-covid-19-2905336,Coping with Covid-19
wasim-bin-habib,5,https://www.thedailystar.net/supplements-old/news/access-diabetes-care-bangladesh-2229046,Access to diabetes care in Bangladesh
wasim-bin-habib,5,https://www.thedailystar.net/rohingya-influx/news/rohingya-camps-its-all-sinister-after-sundown-2205626,Rohingya Camps: It’s all sinister after sundown
wasim-bin-habib,5,https://www.thedailystar.net/health/disease/coronavirus/fallouts-fightback/vaccine/news/budget-boosted-jab-campaign-2188621,Budget boosted for jab campaign
wasim-bin-habib,5,https://www.thedailystar.net/supplements/world-heart-day-2021/news/harnessing-the-power-digital-health-improve-heart-care-2186111,Harnessing the power of digital health to improve heart care
wasim-bin-habib,5,https://www.thedailystar.net/health/news/covid-19-kept-cardiac-patients-bay-2186131,Covid-19 kept cardiac patients at bay
wasim-bin-habib,5,https://www.thedailystar.net/news/bangladesh/news/dawn-darker-night-2152271,A dawn darker than night
wasim-bin-habib,5,https://www.thedailystar.net/health/disease/coronavirus/news/implementation-mass-vaccination-plan-govt-needs-37b-next-2-years-2140221,Implementation of Mass Vaccination Plan: Govt needs $3.7b in next 2 years
wasim-bin-habib,5,https://www.thedailystar.net/youth/education/news/ssc-hsc-likely-nov-dec-2131051,"Shortened versions of SSC, HSC exams likely in Nov, Dec"
wasim-bin-habib,5,https://www.thedailystar.net/news/bangladesh/news/get-us-out-here-please-help-2126081,‘Get us out of here. Please help!’
wasim-bin-habib,5,https://www.thedailystar.net/news/bangladesh/news/faith-mankind-reaffirmed-2121473,Faith in mankind reaffirmed
wasim-bin-habib,5,https://www.thedailystar.net/news/bangladesh/news/darkness-befalls-road-79-2121493,Darkness Befalls: Road 79
wasim-bin-habib,5,https://www.thedailystar.net/frontpage/news/social-safety-net-spending-it-097pc-gdp-not-31pc-2112385,Social Safety Net Spending: Big slice goes to non-poor
wasim-bin-habib,5,https://www.thedailystar.net/frontpage/news/new-safety-net-funds-poor-2104469,New safety net funds for poor
wasim-bin-habib,5,https://www.thedailystar.net/frontpage/news/social-safety-net-widen-2102421,Social safety net to widen
wasim-bin-habib,5,https://www.thedailystar.net/frontpage/news/left-out-their-hour-need-2092181,Left out in their hour of need
wasim-bin-habib,5,https://www.thedailystar.net/frontpage/news/pandemic-be-budget-mainstay-2091621,Pandemic to be budget mainstay
wasim-bin-habib,5,https://www.thedailystar.net/frontpage/news/lockdown-fallout-city-poor-barely-govts-mind-2084981,Lockdown Fallout: City poor barely on govt’s mind
wasim-bin-habib,5,https://www.thedailystar.net/frontpage/news/35-lakh-families-get-cash-assistance-2078153,35 lakh families  to get cash aid
wasim-bin-habib,5,https://www.thedailystar.net/frontpage/news/news-analysis-have-we-learnt-any-lesson-2073833,News Analysis: Have we learnt any lesson?
wasim-bin-habib,6,https://www.thedailystar.net/frontpage/news/news-analysis-slow-response-brings-us-here-2072669,News Analysis: Slow response brings us here
wasim-bin-habib,6,https://www.thedailystar.net/frontpage/news/covid-19-vaccination-effective-also-economic-term-2069809,Covid-19 Vaccination: Effective also in economic terms
wasim-bin-habib,6,https://www.thedailystar.net/frontpage/news/news-analysis-are-we-doing-our-part-2069813,News Analysis: Are we doing our part?
wasim-bin-habib,6,https://www.thedailystar.net/news/bangladesh/news/operation-searchlight-never-seen-so-many-bodies-2066229,Operation Searchlight: Never seen so many bodies
wasim-bin-habib,6,https://www.thedailystar.net/frontpage/news/birth-centenary-the-shepherd-independence-2061773,Birth Centenary: The shepherd of independence
wasim-bin-habib,6,https://www.thedailystar.net/frontpage/news/forex-now-dev-projects-2061141,Forex now for dev projects
wasim-bin-habib,6,https://www.thedailystar.net/business/news/agrani-bank-sole-supplier-forex-padma-bridge-2061309,Agrani Bank sole supplier of forex for Padma bridge
wasim-bin-habib,6,https://www.thedailystar.net/coronavirus-deadly-new-threat/news/year-living-the-pandemic-2056893,A year of living with the pandemic
wasim-bin-habib,6,https://www.thedailystar.net/frontpage/news/test-relief-food-work-its-now-cash-work-2053873,"Test Relief, Food for Work: It’s now cash  for work"
wasim-bin-habib,6,https://www.thedailystar.net/backpage/news/covid-widens-disparity-education-2034465,Covid widens  disparity in  education
wasim-bin-habib,6,https://www.thedailystar.net/frontpage/news/cottage-industry-smes-tk-2700cr-fresh-stimulus-unveiled-2029481,"Cottage Industry, SMEs: Tk 2,700cr fresh stimulus unveiled"
wasim-bin-habib,6,https://www.thedailystar.net/frontpage/news/oxford-astrazeneca-confusion-reigns-over-vaccine-price-2027281,Oxford-Astrazeneca: Confusion reigns over vaccine price
wasim-bin-habib,6,https://www.thedailystar.net/frontpage/news/graduation-ldc-govt-seeks-5-year-transition-period-2026073,Graduation From LDC:  Govt seeks 5-year transition period
wasim-bin-habib,6,https://www.thedailystar.net/frontpage/news/oxford-university-astrazeneca-vaccine-bangladesh-okays-it-emergency-use-2022405,Oxford University-Astrazeneca Vaccine: Bangladesh okays it for emergency use
wasim-bin-habib,6,https://www.thedailystar.net/frontpage/news/oxford-university-astrazeneca-vaccine-bangladesh-okays-it-emergency-use-2022381,Oxford University-Astrazeneca vaccine: Bangladesh okays it for emergency use
wasim-bin-habib,6,https://www.thedailystar.net/frontpage/news/2020-the-year-pandemic-heartbreaks-heartland-2021853,"2020, the Year of Pandemic: Heartbreaks in heartland"
wasim-bin-habib,6,https://www.thedailystar.net/frontpage/news/covid-time-education-new-approach-old-disparity-2019229,"Covid-time Education: New approach,  old disparity"
wasim-bin-habib,6,https://www.thedailystar.net/frontpage/news/food-security-still-not-all-2014517,Food security still not for all
wasim-bin-habib,6,https://www.thedailystar.net/frontpage/news/graduation-ldc-un-projections-show-high-hope-2011425,Graduation from LDC: UN projections show high hope
wasim-bin-habib,7,https://www.thedailystar.net/padma-bridge/news/mission-impossible-accomplished-2009509,Mission Impossible accomplished
wasim-bin-habib,7,https://www.thedailystar.net/frontpage/news/grit-and-glory-2009317,Grit and glory
wasim-bin-habib,7,https://www.thedailystar.net/frontpage/news/tk-121353cr-stimulus-packages-39pc-disbursed-six-months-2002193,"Tk 1,21,353Cr Stimulus Packages: 39pc disbursed  in six months"
wasim-bin-habib,7,https://www.thedailystar.net/frontpage/news/winter-watch-2001693,A winter to watch
wasim-bin-habib,7,https://www.thedailystar.net/frontpage/news/probable-vaccine-recipients-frontliners-be-first-line-2001185,Probable Vaccine Recipients: Frontliners to be first in line
wasim-bin-habib,7,https://www.thedailystar.net/frontpage/news/graduation-ldc-status-hope-brightens-1998373,Graduation from LDC Status:  Hope brightens
wasim-bin-habib,7,https://www.thedailystar.net/backpage/news/covid-fallout-package-let-barriers-be-removed-1997945,Covid Fallout Package: Let barriers be removed
wasim-bin-habib,7,https://www.thedailystar.net/frontpage/news/preventing-second-wave-govt-words-not-reflected-action-1988885,Preventing Second Wave: Govt words not reflected in action
wasim-bin-habib,7,https://www.thedailystar.net/frontpage/news/vaccine-all-free-cost-1984693,"Vaccine for all, free of cost"
wasim-bin-habib,7,https://www.thedailystar.net/frontpage/news/dream-coming-true-bit-bit-1981477,Dream coming true bit by bit
wasim-bin-habib,7,https://www.thedailystar.net/frontpage/news/double-trouble-the-poor-amid-pandemic-1978741,Double trouble for the poor amid pandemic
wasim-bin-habib,7,https://www.thedailystar.net/frontpage/news/lagging-behind-vaccine-race-1978129,Lagging behind  in vaccine race
wasim-bin-habib,7,https://www.thedailystar.net/frontpage/news/1-10-dhaka-may-have-been-infected-1974737,1 in 10 in Dhaka may have been infected: WB report
wasim-bin-habib,7,https://www.thedailystar.net/frontpage/news/covid-19-stimulus-package-disparity-disbursement-1969109,Covid-19 Stimulus Package: Disparity in disbursement
wasim-bin-habib,7,https://www.thedailystar.net/frontpage/news/brace-yourself-second-wave-1965253,Brace yourself for second wave
wasim-bin-habib,7,https://www.thedailystar.net/frontpage/news/students-amid-closure-walled-uncertainties-1962541,Students Amid Closure: Walled in by uncertainties
wasim-bin-habib,7,https://www.thedailystar.net/frontpage/news/curbs-public-movement-go-1953769,Curbs on public movement go
wasim-bin-habib,7,https://www.thedailystar.net/frontpage/news/complaints-against-cops-floodgates-flung-open-1944653,Complaints Against Cops: Floodgates flung open
wasim-bin-habib,7,https://www.thedailystar.net/frontpage/news/extra-judicial-killings-deaths-custody-no-case-probe-most-cases-1941549,"EXTRA-JUDICIAL KILLINGS, DEATHS IN CUSTODY: No case, probe in most cases"
wasim-bin-habib,7,https://www.thedailystar.net/coronavirus-deadly-new-threat/news/number-tests-keeps-dropping-1937249,Number of tests keeps dropping
wasim-bin-habib,8,https://www.thedailystar.net/frontpage/news/no-visible-plan-4-months-outbreak-1936733,No visible plan 4 months into outbreak
wasim-bin-habib,8,https://www.thedailystar.net/top-news/news/653cr-bangladeshis-need-assistance-un-1935693,6.53cr Bangladeshis need assistance: UN
wasim-bin-habib,8,https://www.thedailystar.net/frontpage/news/reality-doesnt-bear-out-his-claim-1935297,Reality doesn’t  bear out his claim
wasim-bin-habib,8,https://www.thedailystar.net/frontpage/news/govt-going-dghs-shake-1934709,Govt going for DGHS shake-up
wasim-bin-habib,8,https://www.thedailystar.net/frontpage/news/dghs-ministry-rift-over-regent-itll-frustrate-virus-efforts-1929985,DGHS-ministry rift over Regent Hospital:  'It’ll frustrate virus efforts'
wasim-bin-habib,8,https://www.thedailystar.net/frontpage/news/deal-regent-hospital-dghs-ministry-take-refuge-blame-game-1929457,"Deal with Regent Hospital: DGHS, ministry take refuge in blame game"
wasim-bin-habib,8,https://www.thedailystar.net/frontpage/news/fake-covid-certificates-public-health-countrys-image-abroad-stake-1927393,"Fake Covid Certificates: Public health, country’s image abroad at stake"
wasim-bin-habib,8,https://www.thedailystar.net/frontpage/news/regent-hospital-gone-rogue-they-allowed-it-now-out-disown-it-1927397,"Regent: A Hospital Gone Rogue - They allowed it, now out to disown it"
wasim-bin-habib,8,https://www.thedailystar.net/frontpage/news/committees-tackle-pandemic-too-much-hype-little-outcome-1924313,"Committees to Tackle Pandemic: Too much hype, little outcome"
wasim-bin-habib,8,https://www.thedailystar.net/frontpage/news/light-ethical-business-goes-out-1923761,LIGHT of ethical business goes out
wasim-bin-habib,8,https://www.thedailystar.net/frontpage/news/night-horror-1923093,4 years of Holey Artisan Café attack: recalling the night of horror
wasim-bin-habib,8,https://www.thedailystar.net/frontpage/news/testing-fee-whose-benefit-1923105,Testing fee for whose benefit?
wasim-bin-habib,8,https://www.thedailystar.net/frontpage/news/covid-19-hospitals-icu-beds-lie-unused-1920629,Covid-19 Hospitals: ICU beds lie unused
wasim-bin-habib,8,https://www.thedailystar.net/frontpage/news/denial-treatment-hospitals-defy-govt-warnings-1919517,Denial of Treatment: Hospitals defy govt warnings
wasim-bin-habib,8,https://www.thedailystar.net/frontpage/news/containment-zones-incoordination-behind-fiasco-1918953,Containment Zones: Incoordination behind fiasco
wasim-bin-habib,8,https://www.thedailystar.net/frontpage/news/expert-recommendations-gone-mostly-unheeded-1916849,Expert Recommendations: Gone mostly unheeded
wasim-bin-habib,8,https://www.thedailystar.net/frontpage/news/zone-based-lockdown-confusion-reigns-supreme-1915241,Confusion reigns supreme
wasim-bin-habib,8,https://www.thedailystar.net/frontpage/news/one-rung-the-grim-ladder-1914053,One rung up on the grim ladder
wasim-bin-habib,8,https://www.thedailystar.net/frontpage/news/not-enough-even-when-its-pandemic-1913013,Not enough when it’s a pandemic
wasim-bin-habib,8,https://www.thedailystar.net/frontpage/news/not-so-good-news-the-jobless-1913089,Not so good news for the jobless
wasim-bin-habib,9,https://www.thedailystar.net/frontpage/news/public-hospitals-central-oxygen-supply-elusive-1908613,Public Hospitals: Central oxygen supply elusive
wasim-bin-habib,9,https://www.thedailystar.net/frontpage/news/cases-may-double-month-end-1908161,Cases may double by month-end
wasim-bin-habib,9,https://www.thedailystar.net/frontpage/news/containment-zones-planned-1907593,Containment zones planned
wasim-bin-habib,9,https://www.thedailystar.net/frontpage/news/curbs-loosen-noose-tightens-1907164,"Curbs loosen, noose tightens"
wasim-bin-habib,9,https://www.thedailystar.net/frontpage/news/night-howling-winds-1904971,A night with howling winds
wasim-bin-habib,9,https://www.thedailystar.net/frontpage/news/test-rate-still-very-low-1901827,Test rate still very low
wasim-bin-habib,9,https://www.thedailystar.net/coronavirus-deadly-new-threat/news/reopening-shopping-malls-other-businesses-could-lead-further-spread-1899859,"Reopening shopping malls, other businesses could lead to further spread"
wasim-bin-habib,9,https://www.thedailystar.net/frontpage/news/no-clue-when-the-outbreak-may-peak-1899607,No clue when the  outbreak may peak
wasim-bin-habib,9,https://www.thedailystar.net/frontpage/news/rmg-workers-thousands-rush-raise-fear-spread-1898155,"RMG Workers: Thousands rush in, raise fear of spread"
wasim-bin-habib,9,https://www.thedailystar.net/frontpage/news/private-hospitals-doctors-left-unprotected-1897516,Private Hospitals: Doctors left unprotected
wasim-bin-habib,9,https://www.thedailystar.net/frontpage/news/things-better-us-europe-1896262,"‘Things better than in US, Europe’"
wasim-bin-habib,9,https://www.thedailystar.net/frontpage/news/outbreak-may-be-approaching-peak-1895542,Outbreak may be approaching peak
wasim-bin-habib,9,https://www.thedailystar.net/frontpage/news/medical-frontliners-suffering-the-brunt-1895140,Medical frontliners suffering the brunt
wasim-bin-habib,9,https://www.thedailystar.net/frontpage/news/surge-deaths-rings-alarm-1894105,Surge in deaths rings alarm
wasim-bin-habib,9,https://www.thedailystar.net/frontpage/news/no-festivities-resolve-defeat-ills-1892752,No festivities but resolve to defeat ills
wasim-bin-habib,9,https://www.thedailystar.net/frontpage/news/outlook-grim-bangladesh-1892404,Outlook is grim for Bangladesh
wasim-bin-habib,9,https://www.thedailystar.net/frontpage/news/govt-response-mired-missteps-1892023,Govt Response: Mired in MISSTEPS
wasim-bin-habib,9,https://www.thedailystar.net/frontpage/news/grim-picture-keeps-unfurling-1890781,A grim picture keeps unfurling
wasim-bin-habib,9,https://www.thedailystar.net/backpage/news/covid-19-outbreak-callousness-few-puts-many-lives-risk-1889950,Covid-19 Outbreak: Callousness of a few puts many lives at risk
wasim-bin-habib,9,https://www.thedailystar.net/frontpage/news/coronavirus-outbreak-low-test-rate-may-be-belying-reality-1888327,Coronavirus Outbreak: Low test rate may  be belying reality
wasim-bin-habib,10,https://www.thedailystar.net/frontpage/news/know-true-extent-know-it-now-1887580,"Coronavirus: Know true extent, know it now"
wasim-bin-habib,10,https://www.thedailystar.net/frontpage/news/helping-the-poor-govt-needs-do-more-faster-1886887,"Helping The Poor: Govt needs to do more, faster"
wasim-bin-habib,10,https://www.thedailystar.net/frontpage/news/stillness-shutdown-1886455,In stillness of shutdown
wasim-bin-habib,10,https://www.thedailystar.net/city/news/eerie-calm-1886002,An eerie calm
wasim-bin-habib,10,https://www.thedailystar.net/frontpage/news/home-rush-ups-fear-spread-1885459,Homebound rush raises fear of coronavirus spread
wasim-bin-habib,10,https://www.thedailystar.net/frontpage/news/no-lockdown-sadullapur-1884490,Sadullapur’s UNO panel for lockdown
wasim-bin-habib,10,https://www.thedailystar.net/coronavirus-deadly-new-threat/news/no-lockdown-gaibandhas-sadullapur-dc-clarifies-1884367,No lockdown in Gaibandha’s Sadullapur: DC clarifies
wasim-bin-habib,10,https://www.thedailystar.net/frontpage/news/govt-should-ramp-contact-tracing-1883557,Govt should ramp up contact tracing
wasim-bin-habib,10,https://www.thedailystar.net/frontpage/news/coronavirus-bangladesh-first-death-amid-slack-readiness-1882642,Coronavirus in Bangladesh: First death amid sloppy response
wasim-bin-habib,10,https://www.thedailystar.net/frontpage/news/his-legacy-our-beacon-hope-1881685,Bangabandhu’s birth centenary today: His legacy is our beacon of hope
wasim-bin-habib,10,https://www.thedailystar.net/frontpage/news/some-guidelines-schools-not-all-realistic-1880473,Coronavirus: Some guidelines for schools not at all realistic
wasim-bin-habib,10,https://www.thedailystar.net/frontpage/coronavirus-hit-countries-expats-lose-jobs-face-bleak-future-1880476,"Coronavirus-hit countries: Expats lose jobs,  face bleak future"
wasim-bin-habib,10,https://www.thedailystar.net/frontpage/news/covid-19-patients-only-govt-readying-six-hospitals-1879492,For Covid-19 Patients Only: Govt readying 6 hospitals
wasim-bin-habib,10,https://www.thedailystar.net/frontpage/news/now-wasa-water-gets-dearer-1874284,Wasa water to cost more
wasim-bin-habib,10,https://www.thedailystar.net/supplements/amar-ekushey-2020/news/rowshon-ara-bachchu-the-grounds-salam-barkat-and-rafiq-1871041,"Rowshon Ara Bachchu: On the grounds with Salam, Barkat and Rafiq"
wasim-bin-habib,10,https://www.thedailystar.net/frontpage/news/blaze-over-not-danger-1870456,"1 year of Chawkbazar tragedy: blaze over, not danger"
wasim-bin-habib,10,https://www.thedailystar.net/frontpage/news/uniform-admission-test-ugc-all-set-4-major-univs-undecided-1867057,Uniform Admission Test: UGC all set; 4 major univs  still undecided
wasim-bin-habib,10,https://www.thedailystar.net/backpage/coronavirus-screening-measures-dhaka-airport-still-found-wanting-1863556,Coronavirus Screening: Measures at airport still not enough
wasim-bin-habib,10,https://www.thedailystar.net/frontpage/dhaka-city-election-laminated-posters-disposal-challenge-1862740,"The uphill battle to remove, recycle laminated posters"
wasim-bin-habib,10,https://www.thedailystar.net/frontpage/news/al-bnp-battle-it-out-dhaka-city-polls-1861915,"AL, BNP face off as Dhaka goes to polls"
wasim-bin-habib,11,https://www.thedailystar.net/city/news/system-flawed-design-1862020,A system flawed by design
wasim-bin-habib,11,https://www.thedailystar.net/backpage/news/public-universities-uniform-entry-test-next-academic-year-1858258,Public Universities: Uniform entry test from next academic year
wasim-bin-habib,11,https://www.thedailystar.net/frontpage/news/wb-funded-projectsprogrammes-2016-20-only-half-the-targets-met-1856455,WB-Funded Projects/Programmes 2016-20: Only half the  targets met
wasim-bin-habib,11,https://www.thedailystar.net/frontpage/mujib-borsho-2020-bangabandhu-speaks-to-the-world-1850977,Bangabandhu speaks to the world
wasim-bin-habib,11,https://www.thedailystar.net/frontpage/bangabandhu-homecoming-day-2020-liberation-leader-walks-free-1850548,Liberation Leader walks free
wasim-bin-habib,11,https://www.thedailystar.net/supplements/news/lpg-growing-demand-1846648,LPG growing  in demand
wasim-bin-habib,11,https://www.thedailystar.net/supplements/news/lpg-industry-tough-spot-1846651,LPG industry in a tough spot
wasim-bin-habib,11,https://www.thedailystar.net/frontpage/news/it-was-death-trap-1839589,It was a death trap
wasim-bin-habib,11,https://www.thedailystar.net/frontpage/no-mercy-dhaka-cafe-attack-perpetrators-1832821,NO MERCY for café attack perpetrators
wasim-bin-habib,11,https://www.thedailystar.net/frontpage/dhaka-gulshan-cafe-attack-unforgiven-1832326,UNFORGIVABLE: The mindless massacre at  Gulshan café
wasim-bin-habib,11,https://www.thedailystar.net/frontpage/news/road-transport-act-enforcement-stiff-challenge-1828588,Road Transport Act: Enforcement a  stiff challenge
wasim-bin-habib,11,https://www.thedailystar.net/frontpage/news/leg-broken-she-cries-different-pain-1826782,"Legs broken, but she cries in different pain"
wasim-bin-habib,11,https://www.thedailystar.net/frontpage/news/many-faces-train-tragedy-1826443,Many faces of train tragedy
wasim-bin-habib,11,https://www.thedailystar.net/frontpage/news/the-wide-murky-world-al-fronts-1823227,"The wide, murky world of AL ‘FRONTS’"
wasim-bin-habib,11,https://www.thedailystar.net/frontpage/news/inspiration-will-last-forever-1818352,Inspiration that will last forever
wasim-bin-habib,11,https://www.thedailystar.net/frontpage/news/where-my-failure-1814269,Where is my failure?
wasim-bin-habib,11,https://www.thedailystar.net/frontpage/buet-students-wednesday-nightmare-to-face-torture-harassment-by-bcl-men-1811209,Wednesday NIGHTMARE
wasim-bin-habib,11,https://www.thedailystar.net/backpage/international-literacy-day-2019-literacy-project-loses-its-way-1797061,Int’l Literacy Day: Literacy project heads nowhere
wasim-bin-habib,11,https://www.thedailystar.net/frontpage/horror-all-they-can-retrace-1791592,Horror is all they can recount
wasim-bin-habib,11,https://www.thedailystar.net/frontpage/news/close-shave-1788166,A CLOSE SHAVE
wasim-bin-habib,12,https://www.thedailystar.net/frontpage/news/dengue-outbreak-faster-spread-feared-during-eid-holiday-1779541,Dengue Outbreak: Faster spread feared during Eid holiday
wasim-bin-habib,12,https://www.thedailystar.net/frontpage/news/pass-rate-good-show-english-1773064,Pass rate up on good show in English
wasim-bin-habib,12,https://www.thedailystar.net/frontpage/news/mpo-spending-tops-tk-15000cr-1766506,"MPO spending tops Tk 15,000cr"
wasim-bin-habib,12,https://www.thedailystar.net/frontpage/rohingya-volunteers-working%20for-the-good-the-community-1760626,For the good of the community
wasim-bin-habib,12,https://www.thedailystar.net/bangladesh-national-budget-2019-20/little-the-jobless-1756870,A little for the jobless
wasim-bin-habib,12,https://www.thedailystar.net/frontpage/bangladesh-budget-2019-20-less-ambitious-more-realistic-1755688,"Less ambitious, more realistic"
wasim-bin-habib,12,https://www.thedailystar.net/backpage/air-pollution-in-dhaka-city-hard-get-fresh-breath-1753093,Hard to get fresh air
wasim-bin-habib,12,https://www.thedailystar.net/frontpage/news/9-yr-wait-mpo-over-1747630,9-year wait for  MPO set to end
wasim-bin-habib,12,https://www.thedailystar.net/frontpage/bangladesh-national-university-graduates-lagging-behind-job-market-1741825,National University Graduates: Lagging behind in job market
wasim-bin-habib,12,https://www.thedailystar.net/backpage/news/sayedabad-water-treatment-plant-phase-iii-delayed-over-pipeline-1733305,Sayedabad Water Treatment Plant: Phase-III delayed over pipeline
wasim-bin-habib,12,https://www.thedailystar.net/business/news/airbus-sets-sights-bangladesh-market-1732774,Airbus sets sights on Bangladesh market
wasim-bin-habib,12,https://www.thedailystar.net/frontpage/news/secondary-school-enrolment-girls-ahead-boys-63-dists-1732396,Secondary School Enrolment: Girls ahead of boys in 63 dists
wasim-bin-habib,12,https://www.thedailystar.net/frontpage/news/making-car-interior-components-jute-fibre-shows-huge-potential-1728256,Making Car Interior Components: Jute fibre shows huge potential
wasim-bin-habib,12,https://www.thedailystar.net/frontpage/news/wireless-mans-war-1719991,WIRELESS MAN'S WAR
wasim-bin-habib,12,https://www.thedailystar.net/frontpage/ducsu-election-2019-concerns-come-true-1713847,Quota leader shocks BCL
wasim-bin-habib,12,https://www.thedailystar.net/frontpage/news/chawkbazar-fire-tragedy-old-dhaka-grave-fire-risk-1709428,Old Dhaka at grave fire risk
wasim-bin-habib,12,https://www.thedailystar.net/frontpage/news/dhaka-fire-impunity-lies-root-1706425,Impunity lies at root
wasim-bin-habib,12,https://www.thedailystar.net/city/news/flammable-chemicals-fuelled-chawkbazar-fire-1705864,Chemicals fed the fire
wasim-bin-habib,12,https://www.thedailystar.net/city/news/dhaka-fire-tragedy-first-the-line-fire-1705792,The first responders
wasim-bin-habib,12,https://www.thedailystar.net/frontpage/news/saudi-invest-30-big-projects-1704205,Saudi to invest in 30 big projects
wasim-bin-habib,13,https://www.thedailystar.net/frontpage/news/cancer-treatment-far-beyond-poors-reach-1697641,Cancer treatment far beyond poor's reach
wasim-bin-habib,13,https://www.thedailystar.net/business/news/bb-files-case-ny-court-over-cyber-heist-1696027,Legal battle begins
wasim-bin-habib,13,https://www.thedailystar.net/top-news/bangladesh-ranks-121st-in-economic-freedom-index-2019-1694419,"Poor infrastructure, graft key obstacle"
wasim-bin-habib,13,https://www.thedailystar.net/frontpage/news/talent-competitiveness-bangladesh-bottom-10-1692655,Talent Competitiveness: Bangladesh in bottom 10
wasim-bin-habib,13,https://www.thedailystar.net/city/news/festive-atmosphere-indeed-1679821,Festive atmosphere indeed!
wasim-bin-habib,13,https://www.thedailystar.net/country/jsc-result-2018-girls-fare-far-better-than-boys-1678186,"Girls outshine boys in PECE, JSC exams"
wasim-bin-habib,13,https://www.thedailystar.net/bangladesh-national-election-2018/bangladesh-army-deployment-389-upazilas-navy-18-upazilas-tomorrow-1677805,Army starts polls duty
wasim-bin-habib,13,https://www.thedailystar.net/frontpage/news/victory-day-written-hand-driven-heart-1674328,"Victory Day: Written by hand, driven by heart"
wasim-bin-habib,13,https://www.thedailystar.net/frontpage/news/cold-killing-design-1673488,"MARTYRED INTELLECTUALS DAY TODAY: COLD, KILLING DESIGN"
wasim-bin-habib,13,https://www.thedailystar.net/politics/news/al-election-manifesto-dec-15-obaidul-1667326,"AL Election Manifesto: Focus on dev, future plans"
wasim-bin-habib,13,https://www.thedailystar.net/frontpage/news/al-bnp-race-obstacles-theyve-overcome-1667680,"AL, BNP in Race: Obstacles they've to overcome"
wasim-bin-habib,13,https://www.thedailystar.net/frontpage/news/candidates-major-alliances-discords-delay-finalising-lists-1666249,Candidates of Major Alliances: Discords delay finalising lists
wasim-bin-habib,13,https://www.thedailystar.net/js-polls-2018/news/the-knots-yet-unravel-1664509,The knots yet to unravel
wasim-bin-habib,13,https://www.thedailystar.net/frontpage/news/oikyafront-eyes-al-allies-seats-1661653,Oikyafront eyes AL allies' seats
wasim-bin-habib,13,https://www.thedailystar.net/js-polls-2018/news/bnp-gets-khaledas-nod-1658155,BNP 'gets Khaleda's nod'
wasim-bin-habib,13,https://www.thedailystar.net/js-polls-2018/news/saga-failed-talks-1657675,The chronicle of failed dialogues
wasim-bin-habib,13,https://www.thedailystar.net/frontpage/news/hefajat-then-and-now-1656370,Hefajat : Then  and now
wasim-bin-habib,13,https://www.thedailystar.net/backpage/news/cigarette-butts-cause-1355pc-fire-incidents-1646275,Cigarette butts cause 13.55pc fire incidents
wasim-bin-habib,13,https://www.thedailystar.net/frontpage/news/disaster-looms-fire-safety-ignored-1646401,Disaster looms as fire safety ignored
wasim-bin-habib,13,https://www.thedailystar.net/august-21-carnage/news/war-expertise-used-blast-1646029,War expertise used in blast
wasim-bin-habib,14,https://www.thedailystar.net/frontpage/news/revisiting-horrors-1645504,A close shave
wasim-bin-habib,14,https://www.thedailystar.net/august-21-carnage/21-august-grenade-attack-verdict-tarique-rahman-awarded-life-1645090,'State-backed crime' punished
wasim-bin-habib,14,https://www.thedailystar.net/frontpage/news/ruckus-outage-courtroom-1645456,"Ruckus, outage in courtroom"
wasim-bin-habib,14,https://www.thedailystar.net/august-21-carnage/news/bid-make-al-leaderless-1645489,A bid to make AL leaderless
wasim-bin-habib,14,https://www.thedailystar.net/politics/false-case-against-bnp-top-leader-bnp-slams-government-filing-1641649,BNP in Run-up to Polls: Case-spree hints at a rough ride
wasim-bin-habib,14,https://www.thedailystar.net/backpage/news/were-not-vote-bank-any-party-1639786,'We're not vote bank of any party'
wasim-bin-habib,14,https://www.thedailystar.net/news/frontpage/haunted-forever-1620997,Haunted forever
wasim-bin-habib,14,https://www.thedailystar.net/backpage/uniformed-admission-test-distant-dream-1608781,Uniformed Admission Test: A distant dream?
wasim-bin-habib,14,https://www.thedailystar.net/frontpage/11-year-low-1608295,11-year low
wasim-bin-habib,14,https://www.thedailystar.net/business/global-business/turkish-airlines-may-expand-operations-1590949,Turkish Airlines may expand operations
wasim-bin-habib,14,https://www.thedailystar.net/frontpage/bangladesh-national-budget-2018-19-education-outlay-not-enough-1588219,Education lacks due attention
wasim-bin-habib,14,https://www.thedailystar.net/frontpage/bangla-women-also-forefront-1537777,"For Bangla, women too were at the forefront"
wasim-bin-habib,14,https://www.thedailystar.net/backpage/vip-lane-what-about-peoples-1530451,VIP LANE? What about people's?
wasim-bin-habib,14,https://www.thedailystar.net/frontpage/jdc-and-jsc-exam-result-2017-bangladesh-bd-english-math-exams-lack-quality-teachers-behind-poor-show-1513198,"English, Math Exams: Lack of quality teachers behind poor show"
wasim-bin-habib,14,https://www.thedailystar.net/frontpage/jdc-and-jsc-exam-result-2017-bangladesh-bd-comilla-pulls-all-boards-down-1512700,Comilla pulls all boards down
wasim-bin-habib,14,https://www.thedailystar.net/frontpage/2nd-padma-bridge-17-other-projects-govt-seeking-japanese-fund-1509418,"2ND PADMA BRIDGE, 17 OTHER PROJECTS: Govt seeking Japanese fund"
wasim-bin-habib,14,https://www.thedailystar.net/frontpage/victory-day-tribute-the-legend-jagatjyoti-1505617,Victory day tribute: The legend of Jagatjyoti
wasim-bin-habib,14,https://www.thedailystar.net/frontpage/martyred-intellectuals-still-not-war-heroes-1504669,Martyred Intellectuals: Still not war heroes
wasim-bin-habib,14,https://www.thedailystar.net/frontpage/infrastructure-projects-bangladesh-tokyo-invest-under-new-arrangement-1503049,Infrastructure Projects in Bangladesh: Tokyo to invest under new arrangement
wasim-bin-habib,14,https://www.thedailystar.net/frontpage/4-senior-positions-bureaucracy-president-can-hire-10pc-outside-1500268,4 Senior Positions in Bureaucracy: 10pc can be hired from outside admin
wasim-bin-habib,15,https://www.thedailystar.net/frontpage/gallows-glut-just-1497349,Gallows only recourse
wasim-bin-habib,15,https://www.thedailystar.net/frontpage/revisiting-bdr-carnage-shots-ring-out-hell-descends-1497364,"Revisiting BDR Carnage: Shots ring out, hell descends"
wasim-bin-habib,15,https://www.thedailystar.net/frontpage/hc-judges-observation-bdr-mutiny-plot-destabilise-country-govt-1496896,"HC Judge's Observation on BDR Mutiny: Plot to destabilise country, govt"
wasim-bin-habib,15,https://www.thedailystar.net/frontpage/public-university-admission-ugc-written-test-along-mcq-1495792,Written test along with MCQ
wasim-bin-habib,15,https://www.thedailystar.net/frontpage/bcl-now-moves-have-school-units-1495186,BCL now moves to have school units
wasim-bin-habib,15,https://www.thedailystar.net/frontpage/mistakes-reign-supreme-1494634,Mistakes reign
wasim-bin-habib,15,https://www.thedailystar.net/frontpage/uniform-admission-test-after-7-years-it-starts-partially-next-year-1484617,"Uniform Admission Test: After 7 years, it starts partially next year"
wasim-bin-habib,15,https://www.thedailystar.net/backpage/lifting-pry-education-level-bitter-tale-2-ministries-1474591,Lifting Pry Education Level: A bitter tale of 2 ministries
wasim-bin-habib,15,https://www.thedailystar.net/frontpage/mayanmar-rohingya-refugee-crisis-sliding-void-1470700,Staring at a bleak future
wasim-bin-habib,15,https://www.thedailystar.net/frontpage/mayanmar-rohingya-refugee-crisis-weighed-down-age-anguish-1470133,"Weighed down by age, anguish"
wasim-bin-habib,15,https://www.thedailystar.net/frontpage/mayanmar-rohingya-refugee-crisis-voyage-safety-ends-tragedy-1469821,Voyage for safety ends in tragedy
wasim-bin-habib,15,https://www.thedailystar.net/frontpage/mayanmar-rohingya-refugee-crisis-they-pour-thru-rain-rough-water-1469236,"They pour in, through rain, rough water"
wasim-bin-habib,15,https://www.thedailystar.net/frontpage/mayanmar-rohingya-refugee-crisis-heat-unsafe-water-taking-toll-kids-1468780,"Heat, unsafe water take toll on kids"
wasim-bin-habib,15,https://www.thedailystar.net/backpage/mayanmar-rohingya-refugee-crisis-hindus-displaced-rakhine-no-puja-them-time-1468813,Hindus Displaced from Rakhine: No puja for them this time
wasim-bin-habib,15,https://www.thedailystar.net/backpage/long-wait-get-buses-1455577,Long wait to get buses
wasim-bin-habib,15,https://www.thedailystar.net/news/bangladesh/august-21-grenade-attack/news/ride-death-return-life-1451569,"Ride to death, return to life"
wasim-bin-habib,15,https://www.thedailystar.net/frontpage/42nd-death-anniversary-of-bangabandhu-sheikh-mujibur-rahman-pain-anger-1448716,"In pain, in anger"
wasim-bin-habib,15,https://www.thedailystar.net/frontpage/all-eyes-court-1447780,All eyes on court
wasim-bin-habib,15,https://www.thedailystar.net/frontpage/photo-she-hides-daughter-1447783,Photo she hides from daughter
wasim-bin-habib,15,https://www.thedailystar.net/frontpage/parents-cry-the-very-mention-bishwajit-1444180,Parents cry at the very mention of Bishwajit
wasim-bin-habib,16,https://www.thedailystar.net/frontpage/sunken-capital-deluged-incessant-rain-1439377,SUNKEN
wasim-bin-habib,16,https://www.thedailystar.net/city/resentment-govt-decides-cut-more-salaries-1432849,MPO teachers resent govt move
wasim-bin-habib,16,https://www.thedailystar.net/frontpage/dhaka-cafe-attack-the-night-the-horror-struck-1426561,The night the horror struck
wasim-bin-habib,16,https://www.thedailystar.net/frontpage/education-mirage-them-1426573,Education a mirage for them
wasim-bin-habib,16,https://www.thedailystar.net/frontpage/adult-literacy-rate-hits-12-year-high-1425082,Adult literacy rate hits 12-year high
wasim-bin-habib,16,https://www.thedailystar.net/frontpage/holidaymakers-hit-highways-1423633,Holidaymakers hit highways
wasim-bin-habib,16,https://www.thedailystar.net/backpage/fight-militancy-stronger-prosecution-1422187,Fight militancy with stronger prosecution
wasim-bin-habib,16,https://www.thedailystar.net/backpage/no-thanks-15pc-vat-1421626,No thanks to 15pc VAT
wasim-bin-habib,16,https://www.thedailystar.net/frontpage/rough-ride-ahead-1421323,Rough ride ahead
wasim-bin-habib,16,https://www.thedailystar.net/environment/solar-smile-farmers-1415731,Solar smile for farmers
wasim-bin-habib,16,https://www.thedailystar.net/Bangladesh-Budget-2017-18/backpage/english-medium-schools-vat-proposed-despite-court-ruling-against-it-1414243,English Medium Schools: VAT proposed despite court ruling against it
wasim-bin-habib,16,https://www.thedailystar.net/Bangladesh-Budget-2017-18/frontpage/still-not-enough-quality-education-1414294,Problem in Education: Quality not priority
wasim-bin-habib,16,https://www.thedailystar.net/frontpage/job-opportunity-higher-degree-lesser-scope-1412233,"Job Opportunity: Higher degree, lesser scope"
wasim-bin-habib,16,https://www.thedailystar.net/frontpage/26-lakh-youths-jobless-1411804,26 lakh jobless
wasim-bin-habib,16,https://www.thedailystar.net/frontpage/english-medium-schools-session-fees-illegal-hc-1410943,English medium schools' session fees illegal: HC
wasim-bin-habib,16,https://www.thedailystar.net/frontpage/mother-35-children-1404808,Of a mother of 40 children
wasim-bin-habib,16,https://www.thedailystar.net/frontpage/16b-plan-education-quality-1403260,$16b plan to up education quality
wasim-bin-habib,16,https://www.thedailystar.net/frontpage/ssc-evaluation-system-results-prove-much-needed-reform-worked-1401433,SSC Evaluation System: Results prove much-needed reform worked
wasim-bin-habib,16,https://www.thedailystar.net/frontpage/ssc-results-big-fall-pass-rate-1400764,SSC Results: Big fall in pass rate
wasim-bin-habib,16,https://www.thedailystar.net/frontpage/niko-signed-bribery-deals-1387600,NIKO signed  bribery deals
wasim-bin-habib,17,https://www.thedailystar.net/frontpage/my-name-could-have-been-list-dead-1381123,‘My name could have been on list of dead'
wasim-bin-habib,17,https://www.thedailystar.net/frontpage/breaking-the-barriers-1370617,Breaking the barriers
wasim-bin-habib,17,https://www.thedailystar.net/frontpage/whos-blame-public-suffering-1368952,Who's to blame for public suffering?
wasim-bin-habib,17,https://www.thedailystar.net/frontpage/gas-price-hike-sparks-protest-1366819,Gas price hike sparks protest
wasim-bin-habib,17,https://www.thedailystar.net/frontpage/warning-reckless-drivers-1365661,A warning for reckless drivers
wasim-bin-habib,17,https://www.thedailystar.net/frontpage/far-and-wide-love-bangla-1364551,From far and wide for love of Bangla
wasim-bin-habib,17,https://www.thedailystar.net/frontpage/45000-teachers-posts-vacant-1363006,Teacher shortage hits pry schools
wasim-bin-habib,17,https://www.thedailystar.net/frontpage/toddler-survives-crash-only-pass-away-hours-later-1360333,Toddler survives crash only to pass away hours later
wasim-bin-habib,17,https://www.thedailystar.net/frontpage/textbook-blunders-editors-panel-the-dark-about-changes-1345195,Textbook Blunders: Editors' panel kept in the dark about changes
wasim-bin-habib,17,https://www.thedailystar.net/frontpage/new-books-new-years-day-1338127,New books on New Year's Day
wasim-bin-habib,17,https://www.thedailystar.net/frontpage/the-making-blockade-1328776,The making of 'Blockade'
wasim-bin-habib,17,https://www.thedailystar.net/backpage/survey-shows-grim-picture-1278055,Survey shows grim picture
wasim-bin-habib,17,https://www.thedailystar.net/frontpage/cheers-riding-english-1272136,Cheers riding on English
wasim-bin-habib,17,https://www.thedailystar.net/backpage/holidaymaking-abroad-1250461,Holidaymaking abroad
wasim-bin-habib,17,https://www.thedailystar.net/city/roadside-shops-resort-ordinary-people-1249900,Roadside shops resort  for ordinary people
wasim-bin-habib,17,https://www.thedailystar.net/frontpage/education-gets-big-boost-1233796,Education gets a big boost
wasim-bin-habib,17,https://www.thedailystar.net/frontpage/mathematics-the-key-1222420,Mathematics the key
wasim-bin-habib,17,https://www.thedailystar.net/frontpage/children-cancer-1220311,For children with cancer
wasim-bin-habib,17,https://www.thedailystar.net/special-events/rana-plaza-tragedy/news/time-yet-heal-rana-plaza-victims-families-1214311,Time yet to heal Rana Plaza victims' families
wasim-bin-habib,17,https://www.thedailystar.net/frontpage/jail-fine-pvt-tuition-1205437,"Jail, fine for pvt tuition"
wasim-bin-habib,18,https://www.thedailystar.net/backpage/creative-method-still-ineffective-784417,Creative method still ineffective
wasim-bin-habib,18,https://www.thedailystar.net/backpage/7-schools-hiked-fees-11-100pc-209137,7 schools hiked fees 11-100pc
wasim-bin-habib,18,https://www.thedailystar.net/backpage/education-now-global-201661,Education now global
wasim-bin-habib,18,https://www.thedailystar.net/frontpage/new-books-big-smiles-195736,"New books, big smiles"
wasim-bin-habib,18,https://www.thedailystar.net/frontpage/junior-school-exams-195391,Junior school exams
wasim-bin-habib,18,https://www.thedailystar.net/backpage/half-books-not-ready-yet-185692,Half of books not ready yet for distribution in Bangladesh
wasim-bin-habib,18,https://www.thedailystar.net/city/news/digitalisation-ends-hassle-lottery-anxiety-hovers-181093,Digitalisation ends hassle  but lottery anxiety hovers
wasim-bin-habib,18,https://www.thedailystar.net/backpage/chinese-town-reborn-ashes-quake-172096,Chinese town reborn from ashes of quake
wasim-bin-habib,18,https://www.thedailystar.net/frontpage/news/mixed-progress-textbook-printing-161932,Mixed progress in Bangladesh’s textbook printing
wasim-bin-habib,18,https://www.thedailystar.net/frontpage/news/now-govt-hire-teachers-157249,Now govt to hire teachers for non-govt institutions in Bangladesh
wasim-bin-habib,18,https://www.thedailystar.net/frontpage/teachers-continue-protest-152059,Some 4.5 lakh teachers in Bangladesh continue protest
wasim-bin-habib,18,https://www.thedailystar.net/backpage/muhith-nahid-discuss-teachers-demands-147019,"Muhith, Nahid discuss teachers' demands"
wasim-bin-habib,18,https://www.thedailystar.net/frontpage/news/teachers-agitation-hurts-education-145510,Agitation by Bangladesh’s teachers hurts education
wasim-bin-habib,18,https://www.thedailystar.net/frontpage/news/demo-hits-education-140581,Unrest hits universities across Bangladesh
wasim-bin-habib,18,https://www.thedailystar.net/backpage/100pc-literacy-rate-hard-achieve-139600,100pc literacy rate hard to achieve for Bangladesh
wasim-bin-habib,18,https://www.thedailystar.net/frontpage/news/old-dhaka-schools-shambles-132025,Old Dhaka schools in a shambles
wasim-bin-habib,18,https://www.thedailystar.net/frontpage/news/no-college-over-2-lakh-yet-109624,2 lakh Bangladeshi students have no college to get admitted yet
wasim-bin-habib,18,https://www.thedailystar.net/frontpage/news/hsc-admission-shambles-106018,Bangladesh’s college admission in a shambles
wasim-bin-habib,18,https://www.thedailystar.net/backpage/pay-high-price-higher-education-92332,Pay more for education
wasim-bin-habib,18,https://www.thedailystar.net/business/allocation-education-still-inadequate-92479,Allocation for education still inadequate
wasim-bin-habib,19,https://www.thedailystar.net/frontpage/news/ssc-results-slide-politics-math-90052,"SSC results slide for politics, math"
wasim-bin-habib,19,https://www.thedailystar.net/backpage/victims-struggle-rebuild-life-79310,Victims' struggle  on to rebuild life
wasim-bin-habib,19,https://www.thedailystar.net/frontpage/news/not-forgotten-not-forgiven-79151,"Victim families yet to forgive,  forget the pains two years after   Rana Plaza tragedy"
wasim-bin-habib,19,https://www.thedailystar.net/frontpage/news/common-people-tight-corner-5412,Common people in a tight corner
wasim-bin-habib,19,https://www.thedailystar.net/frontpage/news/no-case-sees-verdict-4655,No case sees verdict
wasim-bin-habib,19,https://www.thedailystar.net/frontpage/news/tip-iceberg-4338,Tip of iceberg
wasim-bin-habib,19,https://www.thedailystar.net/frontpage/news/the-cobweb-gold-rackets-4188,Into the cobweb of gold rackets
wasim-bin-habib,19,https://www.thedailystar.net/too-many-cooks-spoil-the-broth-41745,Too many cooks spoil the broth
tuhin-shubhra-adhikary,0,https://www.thedailystar.net/star-multimedia/news/preparations-send-10000-workers-malaysia-no-cost-who-can-apply-4291846,"Preparations to send 10,000 workers to Malaysia at no cost: Who can apply?"
tuhin-shubhra-adhikary,0,https://www.thedailystar.net/star-multimedia/news/pakistans-weapons-us-intelligence-support-saudi-arabias-plan-against-houthis-4291841,"Pakistan’s weapons, US intelligence support: Saudi Arabia’s plan against Houthis"
tuhin-shubhra-adhikary,0,https://www.thedailystar.net/star-multimedia/news/writing-feet-dukhu-mia-builds-school-after-failing-find-job-4291836,Writing with feet: Dukhu Mia builds a school after failing to find a job
tuhin-shubhra-adhikary,0,https://www.thedailystar.net/news/bangladesh/news/hospitals-told-add-beds-amid-dengue-surge-4291526,Hospitals told to add beds amid dengue surge
tuhin-shubhra-adhikary,0,https://www.thedailystar.net/news/bangladesh/news/over-half-cholera-patients-under-5-4288486,Over half of cholera patients under 5
tuhin-shubhra-adhikary,0,https://www.thedailystar.net/news/bangladesh/news/bangladesh-ages-support-systems-fall-behind-4287531,"International day of older persons / As Bangladesh ages, support systems fall behind"
tuhin-shubhra-adhikary,0,https://www.thedailystar.net/health/news/bangladesh-cholera-vaccination-826-coverage-852-lakh-miss-first-dose-4286111,"Bangladesh cholera vaccination: 82.6% coverage, 8.52 lakh miss first dose"
tuhin-shubhra-adhikary,0,https://www.thedailystar.net/news/bangladesh/news/govt-puts-rush-filling-35000-health-posts-4285666,"Govt puts a rush on filling 35,000 health posts"
tuhin-shubhra-adhikary,0,https://www.thedailystar.net/news/bangladesh/news/measles-makes-sharp-comeback-sept-4284781,Measles makes sharp comeback in September
tuhin-shubhra-adhikary,0,https://www.thedailystar.net/news/bangladesh/news/promising-medical-career-cut-short-dengue-4284651,Promising medical career cut short by dengue
tuhin-shubhra-adhikary,0,https://www.thedailystar.net/news/healthcare/disease/news/medical-career-the-rise-marriage-just-begun-dengue-claims-dr-anchals-life-30-4284226,"A medical career on the rise, a marriage just begun: Dengue claims Dr Anchal's life at 30"
tuhin-shubhra-adhikary,0,https://www.thedailystar.net/news/bangladesh/news/contraceptive-use-dips-fertility-rate-edges-4283046,"Contraceptive use dips, fertility rate edges up"
tuhin-shubhra-adhikary,0,https://www.thedailystar.net/news/bangladesh/news/first-govt-moves-regulate-ambulance-services-4282546,"In a first, govt moves to regulate ambulance services"
tuhin-shubhra-adhikary,0,https://www.thedailystar.net/news/healthcare/news/fill-vacant-posts-intensify-family-planning-js-body-directs-health-ministry-4281301,"Fill vacant posts, intensify family planning, JS body directs health ministry"
tuhin-shubhra-adhikary,0,https://www.thedailystar.net/news/bangladesh/news/dengues-sept-toll-surpasses-january-august-total-4280691,Dengue’s Sept toll surpasses January-August total
tuhin-shubhra-adhikary,0,https://www.thedailystar.net/news/healthcare/news/tk-50-lakh-liver-transplant-abroad-seemed-out-reach-josna-begum-got-one-bangladesh-4279846,A Tk 50 lakh liver transplant abroad seemed out of reach. Josna Begum got one in Bangladesh
tuhin-shubhra-adhikary,0,https://www.thedailystar.net/news/bangladesh/news/measles-outbreak-children-left-vulnerable-even-after-recovery-4278421,Measles outbreak: Children left vulnerable even after recovery
tuhin-shubhra-adhikary,0,https://www.thedailystar.net/news/healthcare/news/govt-plans-tk-4039cr-drive-against-tb-hiv-malaria-4273956,"Govt plans Tk 4,039cr drive against TB, HIV, malaria"
tuhin-shubhra-adhikary,0,https://www.thedailystar.net/news/bangladesh/news/measles-shots-children-govt-now-plans-catch-drive-4273146,Measles shots for children: Govt now plans ‘catch-up’ drive
tuhin-shubhra-adhikary,0,https://www.thedailystar.net/news/bangladesh/news/1000-mothers-mourn-empty-arms-4269246,"1,000 mothers mourn empty arms"
tuhin-shubhra-adhikary,0,https://www.thedailystar.net/news/bangladesh/news/get-serious-about-dengue-4267581,Get serious about dengue
tuhin-shubhra-adhikary,0,https://www.thedailystar.net/news/bangladesh/news/3-key-health-agencies-severely-understaffed-4265081,3 key health agencies severely understaffed
tuhin-shubhra-adhikary,0,https://www.thedailystar.net/news/bangladesh/news/govt-expand-cancer-screening-kidney-care-4264546,"Govt to expand cancer screening, kidney care"
tuhin-shubhra-adhikary,0,https://www.thedailystar.net/news/healthcare/news/the-health-ministry-merger-still-new-appointments-raise-fresh-questions-4263181,Is the health ministry merger still on? New appointments raise fresh questions
tuhin-shubhra-adhikary,0,https://www.thedailystar.net/news/bangladesh/news/measles-resurges-august-4262696,Measles resurges in August
tuhin-shubhra-adhikary,0,https://www.thedailystar.net/news/bangladesh/news/health-protection-act-stuck-decade-4259071,Health Protection Act stuck for a decade
tuhin-shubhra-adhikary,0,https://www.thedailystar.net/news/healthcare/news/malaria-free-goal-pushed-back-four-years-4254401,Malaria-free goal pushed back four years
tuhin-shubhra-adhikary,0,https://www.thedailystar.net/news/healthcare/disease/news/dengue-cases-surpass-last-years-figure-the-same-period-4254176,Dengue cases surpass last year’s figure for the same period
tuhin-shubhra-adhikary,0,https://www.thedailystar.net/news/bangladesh/news/struggling-measles-let-alone-much-else-4251261,"Struggling with measles, let alone much else"
tuhin-shubhra-adhikary,0,https://www.thedailystar.net/health/news/we-expect-visible-changes-health-sector-within-one-one-and-half-years-4250836,‘We expect visible changes in health sector within one to one-and-a-half years’
tuhin-shubhra-adhikary,0,https://www.thedailystar.net/news/bangladesh/news/plug-measles-jab-gaps-urgently-4250286,Plug measles jab gaps urgently
tuhin-shubhra-adhikary,1,https://www.thedailystar.net/news/healthcare/news/upazila-hospitals-set-even-bigger-upgrade-4248641,Upazila hospitals set for even bigger upgrade
tuhin-shubhra-adhikary,1,https://www.thedailystar.net/news/bangladesh/news/measles-deaths-cross-900-4248661,Measles deaths cross 900
tuhin-shubhra-adhikary,1,https://www.thedailystar.net/news/bangladesh/news/govt-extends-licence-2yrs-4244881,Govt extends licence for 2yrs
tuhin-shubhra-adhikary,1,https://www.thedailystar.net/news/bangladesh/news/population-council-asleep-16-years-4245001,Population council asleep for 16 years
tuhin-shubhra-adhikary,1,https://www.thedailystar.net/health/news/private-medical-facilities-licence-validity-extended-2yrs-hurdles-remain-4244676,"Private medical facilities: Licence validity extended for 2yrs, but hurdles remain"
tuhin-shubhra-adhikary,1,https://www.thedailystar.net/news/healthcare/hospitals/news/attendance-public-hospitals-govt-use-gps-monitor-staffers-4239586,Attendance at public hospitals: Govt to use GPS to monitor staffers
tuhin-shubhra-adhikary,1,https://www.thedailystar.net/news/bangladesh/news/after-measles-debt-crushes-the-poor-4238801,"After measles, debt crushes the poor"
tuhin-shubhra-adhikary,1,https://www.thedailystar.net/news/bangladesh/news/measles-shots-mop-drive-does-lot-better-4238791,Measles shots: Mop-up drive does a lot better
tuhin-shubhra-adhikary,1,https://www.thedailystar.net/news/bangladesh/news/measles-outbreak-record-1415-kids-hospitalised-day-4234431,"Measles outbreak: Record 1,415 kids hospitalised in a day"
tuhin-shubhra-adhikary,1,https://www.thedailystar.net/news/healthcare/hospitals/news/public-hospitals-stretched-far-beyond-capacity-4232436,Public hospitals stretched far beyond capacity
tuhin-shubhra-adhikary,1,https://www.thedailystar.net/news/bangladesh/news/wait-affordable-dialysis-gets-longer-4230276,Wait for affordable dialysis gets longer
tuhin-shubhra-adhikary,1,https://www.thedailystar.net/news/bangladesh/news/measles-rages-amid-vaccination-gap-4229566,Measles rages on amid vaccination gap
tuhin-shubhra-adhikary,1,https://www.thedailystar.net/news/bangladesh/news/make-sure-doctors-dont-skip-work-4228796,Make sure doctors don’t skip work
tuhin-shubhra-adhikary,1,https://www.thedailystar.net/news/bangladesh/news/418-upazila-hospitals-set-expansion-4225761,418 upazila hospitals set for expansion
tuhin-shubhra-adhikary,1,https://www.thedailystar.net/news/bangladesh/news/fixed-pay-structure-the-cards-private-doctors-4224991,Fixed pay structure on the cards for private doctors
tuhin-shubhra-adhikary,1,https://www.thedailystar.net/news/bangladesh/news/public-hospitals-have-more-1000-new-beds-4224011,"Public hospitals to have more than 1,000 new beds"
tuhin-shubhra-adhikary,1,https://www.thedailystar.net/news/bangladesh/news/fertility-u-turn-may-imperil-economy-healthcare-4220961,"Fertility U-turn may imperil economy, healthcare"
tuhin-shubhra-adhikary,1,https://www.thedailystar.net/news/bangladesh/news/decentralised-care-cancer-kidney-heart-still-elusive-4216911,"Decentralised care for cancer, kidney, heart still elusive"
tuhin-shubhra-adhikary,1,https://www.thedailystar.net/news/healthcare/news/nearly-40-lakh-fewer-children-got-measles-jab-4214681,Nearly 40 lakh fewer children got measles jab
tuhin-shubhra-adhikary,1,https://www.thedailystar.net/news/bangladesh/news/hospitals-toil-measles-dengue-4213781,"Hospitals toil with measles, dengue"
tuhin-shubhra-adhikary,2,https://www.thedailystar.net/news/bangladesh/news/bmu-hospital-set-corporate-model-4209906,BMU hospital set for corporate model
tuhin-shubhra-adhikary,2,https://www.thedailystar.net/news/bangladesh/news/vitamin-target-far-exceeds-measles-drive-4208556,Vitamin A target far exceeds measles drive
tuhin-shubhra-adhikary,2,https://www.thedailystar.net/news/bangladesh/news/national-health-hotline-going-cold-4207746,National health hotline going cold
tuhin-shubhra-adhikary,2,https://www.thedailystar.net/news/bangladesh/news/hospital-beds-doctors-still-missing-4204846,"Hospital beds up, doctors still missing"
tuhin-shubhra-adhikary,2,https://www.thedailystar.net/news/bangladesh/news/private-medical-colleges-foreign-student-enrolment-drops-over-past-3-years-4203101,Private Medical Colleges: Foreign student enrolment drops over past 3 years
tuhin-shubhra-adhikary,2,https://www.thedailystar.net/news/bangladesh/news/measles-outbreak-confirmed-suspected-cases-cross-1-lakh-4202616,"Measles outbreak: Confirmed, suspected cases cross 1 lakh"
tuhin-shubhra-adhikary,2,https://www.thedailystar.net/news/bangladesh/news/vitamin-campaign-resume-after-one-year-4199956,Vitamin A+ campaign to resume after one year
tuhin-shubhra-adhikary,2,https://www.thedailystar.net/news/bangladesh/news/another-health-minister-another-medical-college-hometown-4199001,"Another health minister, another medical college for hometown"
tuhin-shubhra-adhikary,2,https://www.thedailystar.net/business/bangladesh-budget-2026-27/news/health-gets-biggest-boost-4196891,Health gets biggest boost
tuhin-shubhra-adhikary,2,https://www.thedailystar.net/news/bangladesh/news/shishu-hospital-get-106-more-beds-5-new-ots-4195046,"Shishu Hospital to get 106 more beds, 5 new OTs"
tuhin-shubhra-adhikary,2,https://www.thedailystar.net/news/bangladesh/news/ad-din-hospital-chain-failures-killed-the-six-newborns-4191016,Ad-din hospital: Chain of failures killed the six newborns
tuhin-shubhra-adhikary,2,https://www.thedailystar.net/news/healthcare/hospitals/news/why-did-6-healthy-newborns-die-ad-din-hospital-what-the-dghs-probe-found-4190726,Why did 6 healthy newborns die at Ad-din Hospital? What the DGHS probe found
tuhin-shubhra-adhikary,2,https://www.thedailystar.net/news/bangladesh/news/measles-cases-rise-after-eid-lull-4189256,Measles cases rise after Eid lull
tuhin-shubhra-adhikary,2,https://www.thedailystar.net/news/bangladesh/news/cities-fight-dengue-blind-4189376,Cities to fight dengue blind
tuhin-shubhra-adhikary,2,https://www.thedailystar.net/news/bangladesh/news/they-were-gone-he-could-even-name-them-4187661,They were gone before he could even name them
tuhin-shubhra-adhikary,2,https://www.thedailystar.net/news/bangladesh/news/ad-din-newborn-deaths-poor-airflow-and-management-likely-blame-4187681,Ad-din newborn deaths: Poor airflow and management likely to blame
tuhin-shubhra-adhikary,2,https://www.thedailystar.net/health/news/adp-health-doubles-delivery-still-concern-4187691,"ADP for health doubles, delivery still a concern"
tuhin-shubhra-adhikary,2,https://www.thedailystar.net/health/news/ad-din-father-lost-the-twins-he-was-waiting-name-4187386,"At Ad-din, a father lost the twins he was waiting to name"
tuhin-shubhra-adhikary,2,https://www.thedailystar.net/news/bangladesh/news/nitor-sees-post-eid-patient-surge-4186556,NITOR sees post‑Eid patient surge
tuhin-shubhra-adhikary,2,https://www.thedailystar.net/news/bangladesh/news/no-eid-children-measles-4186111,No Eid for children with measles
tuhin-shubhra-adhikary,3,https://www.thedailystar.net/news/accidents-fires/news/ad-din-hospital-six-newborns-die-2-hours-4185711,Ad-Din Hospital: Six newborns die in 2 hours
tuhin-shubhra-adhikary,3,https://www.thedailystar.net/news/bangladesh/news/govt-couldve-done-better-save-more-lives-4184776,Govt could’ve done better to save more lives
tuhin-shubhra-adhikary,3,https://www.thedailystar.net/news/bangladesh/news/deaths-measles-symptoms-cross-500-4183131,"Deaths from measles, symptoms cross 500"
tuhin-shubhra-adhikary,3,https://www.thedailystar.net/news/healthcare/news/dghs-revises-data-measles-outbreak-again-4183196,DGHS revises data on measles outbreak again
tuhin-shubhra-adhikary,3,https://www.thedailystar.net/health/disease/news/dghs-revises-measles-data-again-4182766,DGHS revises measles data again
tuhin-shubhra-adhikary,3,https://www.thedailystar.net/news/bangladesh/news/new-med-college-despite-struggles-older-ones-4180031,New med college despite struggles of older ones
tuhin-shubhra-adhikary,3,https://www.thedailystar.net/news/bangladesh/news/govt-restart-icus-10-district-hospitals-4179131,Govt to restart ICUs at 10 district hospitals
tuhin-shubhra-adhikary,3,https://www.thedailystar.net/news/bangladesh/news/costs-stents-dialysis-may-drop-4178286,"Costs of stents, dialysis may drop"
tuhin-shubhra-adhikary,3,https://www.thedailystar.net/news/healthcare/news/the-hidden-pandemic-dhakas-homes-children-glued-screens-4175936,The hidden pandemic in Dhaka's homes: Children glued to screens
tuhin-shubhra-adhikary,3,https://www.thedailystar.net/news/bangladesh/news/measles-unseen-toll-the-poor-4174466,Measles’ unseen toll on the poor
tuhin-shubhra-adhikary,3,https://www.thedailystar.net/news/bangladesh/news/confirmed-measles-deaths-half-the-children-were-too-young-shots-4173661,Confirmed measles deaths: Half the children were too young for shots
tuhin-shubhra-adhikary,3,https://www.thedailystar.net/news/bangladesh/news/care-gaps-push-patients-crowd-dhaka-hospitals-4172696,Care gaps push patients to crowd Dhaka hospitals
tuhin-shubhra-adhikary,3,https://www.thedailystar.net/news/bangladesh/news/measles-deaths-more-reported-4169621,Measles deaths more than reported
tuhin-shubhra-adhikary,3,https://www.thedailystar.net/news/bangladesh/news/urban-primary-healthcare-moves-dghs-4169646,Urban primary healthcare moves to DGHS
tuhin-shubhra-adhikary,3,https://www.thedailystar.net/health/news/measles-the-numbers-317-children-lost-preventable-disease-4169046,Measles by the numbers: 317 children lost to a preventable disease
tuhin-shubhra-adhikary,3,https://www.thedailystar.net/health/news/fund-crunch-squeezes-free-medicines-poor-4168826,Fund crunch squeezes free medicines for poor
tuhin-shubhra-adhikary,3,https://www.thedailystar.net/news/bangladesh/news/deadliest-day-measles-outbreak-4167856,Deadliest day in measles outbreak
tuhin-shubhra-adhikary,3,https://www.thedailystar.net/health/news/unicef-message-was-not-measles-outbreak-warning-prof-sayedur-tells-star-4167141,Unicef message was not a measles outbreak warning: Prof Sayedur tells Star
tuhin-shubhra-adhikary,3,https://www.thedailystar.net/news/bangladesh/news/interim-govts-missteps-behind-measles-crisis-4167041,Interim govt’s missteps behind measles crisis
tuhin-shubhra-adhikary,3,https://www.thedailystar.net/business/economy/news/novo-nordisk-eyes-bangladesh-insulin-hub-4164181,Novo Nordisk eyes Bangladesh as an insulin hub
tuhin-shubhra-adhikary,4,https://www.thedailystar.net/news/bangladesh/news/dcs-proposals-expose-health-sector-ills-4162446,DCs’ proposals expose health sector ills
tuhin-shubhra-adhikary,4,https://www.thedailystar.net/news/bangladesh/news/no-measles-let-mid-may-4160721,No measles let-up before mid-May
tuhin-shubhra-adhikary,4,https://www.thedailystar.net/news/politics/news/bnp-walks-back-its-tobacco-control-promises-4156651,BNP walks back on its tobacco control promises
tuhin-shubhra-adhikary,4,https://www.thedailystar.net/health/news/zero-malaria-death-next-year-stiff-challenge-now-4154921,Zero malaria death by next year a stiff challenge now
tuhin-shubhra-adhikary,4,https://www.thedailystar.net/news/bangladesh/news/expansion-higher-medical-education-stalled-project-delay-4153551,Expansion of higher medical education stalled by project delay
tuhin-shubhra-adhikary,4,https://www.thedailystar.net/health/news/tk-506cr-new-unit-remains-idle-lack-manpower-neurosciences-hospital-4149521,Tk 506cr new unit remains idle for lack of manpower at Neurosciences Hospital
tuhin-shubhra-adhikary,4,https://www.thedailystar.net/news/bangladesh/news/vitamin-deworming-campaigns-hold-over-year-4148166,"Vitamin A, deworming campaigns on hold for over a year"
tuhin-shubhra-adhikary,4,https://www.thedailystar.net/news/bangladesh/news/measles-outbreak-parents-keep-vigil-thru-restless-nights-4146281,Measles Outbreak: Parents keep vigil thru restless nights
tuhin-shubhra-adhikary,4,https://www.thedailystar.net/news/bangladesh/news/measles-outbreak-year-elimination-target-4145451,Measles outbreak in year of elimination target
tuhin-shubhra-adhikary,4,https://www.thedailystar.net/health/disease/news/94-deaths-19-days-govt-4142801,94 deaths in 19 days: govt
tuhin-shubhra-adhikary,4,https://www.thedailystar.net/news/bangladesh/news/measles-has-spread-56-64-dists-4142271,Measles has spread to 56 of 64 dists
tuhin-shubhra-adhikary,4,https://www.thedailystar.net/news/bangladesh/news/eid-vacation-270-road-crash-victims-arrived-nitor-daily-4141196,Eid vacation: 270 road crash victims arrived at NITOR daily
tuhin-shubhra-adhikary,4,https://www.thedailystar.net/health/news/special-vaccine-drive-measles-vaccine-age-lowered-six-months-4139631,Special vaccine drive: Measles vaccine age lowered to six months
tuhin-shubhra-adhikary,4,https://www.thedailystar.net/news/bangladesh/news/govt-moves-lift-ban-e-cigarettes-4139491,Govt moves to lift ban on e-cigarettes
tuhin-shubhra-adhikary,4,https://www.thedailystar.net/news/bangladesh/news/least-38-children-dead-measles-outbreak-4138831,At least 38 children dead in measles outbreak
tuhin-shubhra-adhikary,4,https://www.thedailystar.net/news/bangladesh/news/dghs-drive-opens-can-worms-4135766,DGHS drive opens can of worms
tuhin-shubhra-adhikary,4,https://www.thedailystar.net/health/news/health-ministry-orders-nationwide-inspections-curb-irregularities-private-facilities-4135341,Health ministry orders nationwide inspections to curb irregularities at private facilities
tuhin-shubhra-adhikary,4,https://www.thedailystar.net/news/bangladesh/news/eid-holidays-capital-patient-influx-strains-understaffed-hospitals-4134961,Eid Holidays in capital: Patient influx strains understaffed hospitals
tuhin-shubhra-adhikary,4,https://www.thedailystar.net/health/news/dghs-cracks-down-errant-clinics-diagnostic-centres-4134886,"DGHS cracks down on errant clinics, diagnostic centres"
tuhin-shubhra-adhikary,4,https://www.thedailystar.net/news/bangladesh/accidents-fires/news/eid-day-sees-surge-motorcycle-crash-victims-dhakas-nitor-4133501,Eid day sees surge in motorcycle crash victims at Dhaka’s NITOR
tuhin-shubhra-adhikary,5,https://www.thedailystar.net/news/bangladesh/news/surge-measles-overwhelms-hospital-4131251,Surge in measles overwhelms hospital
tuhin-shubhra-adhikary,5,https://www.thedailystar.net/health/news/infants-death-prompts-move-reopen-icu-dhakas-infectious-diseases-hospital-4131026,Infant’s death prompts move to reopen ICU at Dhaka’s Infectious Diseases Hospital
tuhin-shubhra-adhikary,5,https://www.thedailystar.net/environment/pollution/air-pollution/news/air-pollution-driving-respiratory-diseases-4128196,Air pollution driving up respiratory diseases
tuhin-shubhra-adhikary,5,https://www.thedailystar.net/news/bangladesh/news/us-israel-war-iran-govt-moves-ensure-power-hospitals-4126826,US-Israel war on Iran: Govt moves to ensure power for hospitals
tuhin-shubhra-adhikary,5,https://www.thedailystar.net/news/bangladesh/news/world-kidney-day-when-dialysis-means-distress-4125891,World Kidney Day: When dialysis means distress
tuhin-shubhra-adhikary,5,https://www.thedailystar.net/news/bangladesh/accidents-fires/news/survival-odds-grim-victims-gas-fires-4122481,Survival odds grim for victims of gas fires
tuhin-shubhra-adhikary,5,https://www.thedailystar.net/news/governance/news/e-health-card-what-it-and-how-will-it-benefit-you-4120806,e-Health Card: What is it and how will it benefit you?
tuhin-shubhra-adhikary,5,https://www.thedailystar.net/news/bangladesh/news/contraceptive-shortage-turns-alarming-4116761,Contraceptive shortage turns alarming
tuhin-shubhra-adhikary,5,https://www.thedailystar.net/news/bangladesh/news/surge-mosquitos-health-ministry-test-insecticide-effectiveness-4114336,Surge in mosquitos: Health ministry to test insecticide effectiveness
tuhin-shubhra-adhikary,5,https://www.thedailystar.net/health/disease/news/amid-mosquito-surge-health-ministry-test-insecticide-effectiveness-4113951,"Amid mosquito surge, health ministry to test insecticide effectiveness"
tuhin-shubhra-adhikary,5,https://www.thedailystar.net/news/bangladesh/news/no-new-vehicle-registration-without-scrapping-old-one-4107891,No new vehicle registration without scrapping old one
tuhin-shubhra-adhikary,5,https://www.thedailystar.net/news/bangladesh/news/new-guideline-regulate-posting-transfer-doctors-4102241,"New guideline to regulate posting, transfer of doctors"
tuhin-shubhra-adhikary,5,https://www.thedailystar.net/business/economy/news/inefficiency-poor-planning-waste-80-health-budget-4102366,"Inefficiency, poor planning waste 80% of health budget"
tuhin-shubhra-adhikary,5,https://www.thedailystar.net/news/bangladesh/news/health-gets-priority-many-plans-unrealistic-4101506,"Health gets priority, many plans unrealistic"
tuhin-shubhra-adhikary,5,https://www.thedailystar.net/news/bangladesh/news/tobacco-major-driver-cancer-4098511,Tobacco major driver of cancer
tuhin-shubhra-adhikary,5,https://www.thedailystar.net/health/healthcare/hospitals/news/3200-doctors-join-field-services-10-days-4095391,"3,200 doctors to join field services in 10 days"
tuhin-shubhra-adhikary,5,https://www.thedailystar.net/news/bangladesh/news/ecnec-clears-tk-45191cr-spending-just-polls-4090496,"Ecnec clears Tk 45,191cr spending just before polls"
tuhin-shubhra-adhikary,5,https://www.thedailystar.net/news/news/china-backed-hospital-boost-healthcare-north-4089656,China-backed hospital to boost healthcare in north
tuhin-shubhra-adhikary,5,https://www.thedailystar.net/news/merger-health-divisions-focus-now-mid-field-level-integration-4086506,"Merger of health divisions: Focus now on mid-, field-level integration"
tuhin-shubhra-adhikary,5,https://www.thedailystar.net/news/merger-health-divisions-focus-now-mid-field-level-integration-4086146,"Merger of health divisions: Focus now on mid-, field-level integration"
tuhin-shubhra-adhikary,6,https://www.thedailystar.net/news/affordable-care-must-be-next-govts-focus-say-health-experts-4083536,Affordable care must be next govt’s focus: Say health experts
tuhin-shubhra-adhikary,6,https://www.thedailystar.net/news/step-towards-improving-medical-education-quality-4082026,A step towards improving medical education quality
tuhin-shubhra-adhikary,6,https://www.thedailystar.net/news/city-kitchens-go-cold-amid-gas-crisis-4077886,City kitchens go cold amid gas crisis
tuhin-shubhra-adhikary,6,https://www.thedailystar.net/news/80-health-facilities-lie-idle-18-districts-4077256,80 health facilities lie idle in 18 districts
tuhin-shubhra-adhikary,6,https://www.thedailystar.net/health/news/govt-approves-new-medical-college-munshiganj-amid-nationwide-seat-cuts-4070841,Govt approves new medical college in Munshiganj amid nationwide seat cuts
tuhin-shubhra-adhikary,6,https://www.thedailystar.net/news/bangladesh/news/year-disruptions-health-sector-4069776,A year of disruptions for health sector
tuhin-shubhra-adhikary,6,https://www.thedailystar.net/news/bangladesh/news/cold-brings-misery-little-ones-4069041,Cold brings misery for little ones
tuhin-shubhra-adhikary,6,https://www.thedailystar.net/news/bangladesh/news/contraceptive-shortage-puts-family-planning-stake-4066351,Contraceptive shortage puts family planning at stake
tuhin-shubhra-adhikary,6,https://www.thedailystar.net/news/bangladesh/news/govt-passes-stricter-tobacco-ordinance-4065786,Govt passes stricter tobacco ordinance
tuhin-shubhra-adhikary,6,https://www.thedailystar.net/news/bangladesh/crime-justice/news/jail-term-be-scrapped-prescribing-banned-drugs-4057771,Jail term to be scrapped for prescribing banned drugs
tuhin-shubhra-adhikary,6,https://www.thedailystar.net/news/bangladesh/news/tobacco-use-costs-society-tk-87544cr-4054871,"Tobacco use costs  society Tk 87,544cr"
tuhin-shubhra-adhikary,6,https://www.thedailystar.net/news/bangladesh/news/child-deaths-higher-among-poor-little-care-mothers-4052211,"Child deaths higher among the poor, little care for mothers"
tuhin-shubhra-adhikary,6,https://www.thedailystar.net/news/bangladesh/news/healthcare-workers-demo-disrupts-vaccination-medical-services-4049291,"Healthcare workers’ demo disrupts vaccination, medical services"
tuhin-shubhra-adhikary,6,https://www.thedailystar.net/news/bangladesh/news/country-sees-sharp-rise-hiv-cases-4048506,Country sees sharp rise in HIV cases
tuhin-shubhra-adhikary,6,https://www.thedailystar.net/news/bangladesh/education/news/only-44-make-it-class-10-after-primary-4038281,Only 44% make it to class 10 after primary
tuhin-shubhra-adhikary,6,https://www.thedailystar.net/news/bangladesh/news/govt-shelves-several-key-health-reform-measures-4035101,Govt shelves several key health reform measures
tuhin-shubhra-adhikary,6,https://www.thedailystar.net/news/bangladesh/news/unhealthy-lifestyle-stress-fuelling-diabetes-surge-4034391,"Unhealthy lifestyle, stress fuelling diabetes surge"
tuhin-shubhra-adhikary,6,https://www.thedailystar.net/news/bangladesh/elections/news/prescription-power-4033646,Prescription for power
tuhin-shubhra-adhikary,6,https://www.thedailystar.net/news/bangladesh/politics/news/prescription-power-doctors-lining-parliament-4033206,Prescription for power: Doctors lining up for parliament
tuhin-shubhra-adhikary,6,https://www.thedailystar.net/news/bangladesh/news/medical-college-seats-cut-572-4032086,Medical college seats cut by 572
tuhin-shubhra-adhikary,7,https://www.thedailystar.net/news/bangladesh/news/shortage-contraceptives-medicine-may-end-soon-4031236,"Shortage of contraceptives, medicine may end soon"
tuhin-shubhra-adhikary,7,https://www.thedailystar.net/business/news/govt-approves-philip-morris-nicotine-pouch-factory-4022591,Govt approves Philip Morris nicotine pouch factory
tuhin-shubhra-adhikary,7,https://www.thedailystar.net/news/bangladesh/transport/news/metro-mishap-exposes-legal-void-victim-compensation-4021716,Metro mishap exposes legal void in victim compensation
tuhin-shubhra-adhikary,7,https://www.thedailystar.net/news/bangladesh/transport/news/investigators-digging-documents-4020736,Investigators digging into documents
tuhin-shubhra-adhikary,7,https://www.thedailystar.net/news/bangladesh/accidents-fires/news/metros-2nd-pad-fall-rings-alarm-4019806,Metro’s 2nd pad fall rings alarm
tuhin-shubhra-adhikary,7,https://www.thedailystar.net/environment/pollution/air-pollution/news/over-27-lakh-deaths-linked-air-pollution-2023-4015786,Over 2.7 lakh deaths linked to air pollution in 2023
tuhin-shubhra-adhikary,7,https://www.thedailystar.net/news/bangladesh/news/roads-deadly-committees-silent-4015816,"Roads deadly, committees silent"
tuhin-shubhra-adhikary,7,https://www.thedailystar.net/news/bangladesh/accidents-fires/news/airport-fire-aftermath-rmg-pharma-fear-snag-production-4015791,"Airport fire aftermath: RMG, pharma fear snag in production"
tuhin-shubhra-adhikary,7,https://www.thedailystar.net/news/bangladesh/accidents-fires/news/66-die-injuries-roads-day-4014991,66 die from injuries on roads a day
tuhin-shubhra-adhikary,7,https://www.thedailystar.net/news/bangladesh/news/govt-drafts-2-laws-protect-patients-healthcare-workers-4013331,"Govt drafts 2 laws to protect patients, healthcare workers"
tuhin-shubhra-adhikary,7,https://www.thedailystar.net/news/bangladesh/accidents-fires/news/burn-injuries-claim-four-lives-day-govt-report-4011181,Burn injuries claim four lives a day: govt report
tuhin-shubhra-adhikary,7,https://www.thedailystar.net/health/disease/who/news/some-critical-antibiotics-now-show-79-97-resistance-4010276,Some critical antibiotics now show 79-97% resistance
tuhin-shubhra-adhikary,7,https://www.thedailystar.net/news/bangladesh/news/govt-merge-2-divisions-under-health-ministry-4008326,Govt to merge 2 divisions under health ministry
tuhin-shubhra-adhikary,7,https://www.thedailystar.net/news/bangladesh/news/hope-rekindled-bone-marrow-unit-resumes-dmch-4007686,Hope rekindled as bone marrow unit resumes at DMCH
tuhin-shubhra-adhikary,7,https://www.thedailystar.net/news/bangladesh/crime-justice/news/tobacco-use-drops-still-above-regional-average-4003681,"Tobacco use drops, still above regional average"
tuhin-shubhra-adhikary,7,https://www.thedailystar.net/health/disease/news/anthrax-cases-spread-gaibandha-4001816,Anthrax cases spread to Gaibandha
tuhin-shubhra-adhikary,7,https://www.thedailystar.net/health/disease/news/dengue-fight-faltering-3999751,Dengue fight faltering
tuhin-shubhra-adhikary,7,https://www.thedailystar.net/health/disease/news/world-heart-day-drug-shortage-risks-hypertension-control-effort-3997151,World heart day: Drug shortage risks hypertension control effort
tuhin-shubhra-adhikary,7,https://www.thedailystar.net/health/disease/news/dengue-deaths-families-left-behind-pick-pieces-3995591,Dengue deaths: Families left behind to pick up the pieces
tuhin-shubhra-adhikary,8,https://www.thedailystar.net/news/bangladesh/news/country-sees-rise-hiv-infections-deaths-3995006,"Country sees rise in HIV infections, deaths"
tuhin-shubhra-adhikary,8,https://www.thedailystar.net/health/news/dengue-infection-rate-81-higher-last-year-3990986,Dengue infection rate 81% higher than last year
tuhin-shubhra-adhikary,8,https://www.thedailystar.net/health/news/9-upazila-health-complexes-expansion-okayed-without-solving-manpower-crisis-3988681,9 Upazila health complexes: Expansion okayed without solving manpower crisis
tuhin-shubhra-adhikary,8,https://www.thedailystar.net/news/bangladesh/news/funding-uncertainty-stalls-post-crash-response-plan-3984566,Funding uncertainty stalls post-crash response plan
tuhin-shubhra-adhikary,8,https://www.thedailystar.net/news/bangladesh/accidents-fires/news/only-5-road-crash-victims-get-compensation-3973766,Only 5% road crash victims get compensation
tuhin-shubhra-adhikary,8,https://www.thedailystar.net/news/bangladesh/news/medical-devices-neonatal-units-unicef-pull-plug-maintenance-support-3971781,Medical devices in neonatal units: Unicef to pull plug on maintenance support
tuhin-shubhra-adhikary,8,https://www.thedailystar.net/news/bangladesh/news/healthcare-reform-begins-service-yet-improve-3968586,"Healthcare reform begins, service yet to improve"
tuhin-shubhra-adhikary,8,https://www.thedailystar.net/news/bangladesh/news/influenza-wave-grips-nation-3966356,Influenza wave grips the nation
tuhin-shubhra-adhikary,8,https://www.thedailystar.net/news/bangladesh/news/health-sector-reform-33-proposals-set-implementation-3964871,Health sector reform: 33 proposals set for implementation
tuhin-shubhra-adhikary,8,https://www.thedailystar.net/news/bangladesh/news/academic-activities-stalled-over-month-amid-protests-3961311,Academic activities stalled for over a month amid protests
tuhin-shubhra-adhikary,8,https://www.thedailystar.net/news/bangladesh/news/three-more-divisions-hit-dengue-surge-3959266,Three more divisions hit by dengue surge
tuhin-shubhra-adhikary,8,https://www.thedailystar.net/health/news/govt-finally-begins-work-health-reforms-3953906,Govt finally begins work on health reforms
tuhin-shubhra-adhikary,8,https://www.thedailystar.net/news/bangladesh/news/govt-moves-revise-essential-drug-list-price-3952926,"Govt moves to revise essential drug list, price"
tuhin-shubhra-adhikary,8,https://www.thedailystar.net/news/bangladesh/transport/news/road-crashes-deaths-unabated-laws-guidelines-ignored-3949346,"Road crashes, deaths unabated as laws, guidelines ignored"
tuhin-shubhra-adhikary,8,https://www.thedailystar.net/news/air-force-jet-crash/news/nation-mourns-lost-children-3945586,Nation mourns lost children
tuhin-shubhra-adhikary,8,https://www.thedailystar.net/news/bangladesh/accidents-fires/news/hospital-corridors-echo-grief-and-groans-3944781,Hospital corridors echo with grief and groans
tuhin-shubhra-adhikary,8,https://www.thedailystar.net/news/bangladesh/news/hospitals-set-fever-flu-corners-3944306,"Hospitals to set up ‘fever, flu corners’"
tuhin-shubhra-adhikary,8,https://www.thedailystar.net/news/bangladesh/news/atrocities-during-july-uprising-pellets-and-lost-eyesight-3942766,Atrocities during July uprising: Of pellets and lost eyesight
tuhin-shubhra-adhikary,9,https://www.thedailystar.net/news/bangladesh/transport/news/hunt-outdated-vehicles-sunday-3942296,Hunt for outdated vehicles from Sunday
tuhin-shubhra-adhikary,9,https://www.thedailystar.net/news/bangladesh/news/wider-dengue-spread-sparks-concerns-3935236,Wider dengue spread sparks concerns
tuhin-shubhra-adhikary,9,https://www.thedailystar.net/news/bangladesh/news/life-saving-care-hampered-25-govt-hospitals-3932446,Life-saving care hampered in 25 govt hospitals
tuhin-shubhra-adhikary,9,https://www.thedailystar.net/news/bangladesh/news/act-now-or-hospitals-may-get-overrun-experts-3929531,Act now or hospitals may get overrun: experts
tuhin-shubhra-adhikary,9,https://www.thedailystar.net/news/bangladesh/news/dengue-outbreak-patients-outside-swarm-city-hospitals-3924116,Dengue outbreak: Patients from outside swarm city hospitals
tuhin-shubhra-adhikary,9,https://www.thedailystar.net/news/bangladesh/news/chikungunya-resurfaces-adds-health-woes-3920626,"Chikungunya resurfaces, adds to health woes"
tuhin-shubhra-adhikary,9,https://www.thedailystar.net/news/bangladesh/news/aging-population-urban-surge-warrant-healthcare-overhaul-3918891,"Aging population, urban surge warrant healthcare overhaul"
tuhin-shubhra-adhikary,9,https://www.thedailystar.net/news/bangladesh/news/govt-hospitals-not-ready-yet-covid-testing-3917856,Govt hospitals not ready yet for Covid testing
tuhin-shubhra-adhikary,9,https://www.thedailystar.net/news/bangladesh/news/covid-19-testing-six-hospitals-tomorrow-3915701,Covid-19 testing at six hospitals from tomorrow
tuhin-shubhra-adhikary,9,https://www.thedailystar.net/news/bangladesh/news/natl-eye-institute-thousands-denied-treatment-over-two-weeks-3914936,Nat’l Eye Institute : Thousands denied treatment over two weeks
tuhin-shubhra-adhikary,9,https://www.thedailystar.net/news/bangladesh/news/overflowing-emergency-and-lingering-waits-3914336,Of overflowing emergency and lingering waits
tuhin-shubhra-adhikary,9,https://www.thedailystar.net/news/bangladesh/news/govt-expand-covid-testing-facilities-3914226,Govt to expand Covid testing facilities
tuhin-shubhra-adhikary,9,https://www.thedailystar.net/news/bangladesh/news/eid-evening-pongu-hospital-overflowing-emergency-lingering-waits-3913186,"An Eid evening at Pongu Hospital: overflowing emergency, lingering waits"
tuhin-shubhra-adhikary,9,https://www.thedailystar.net/news/bangladesh/news/eid-rush-begins-3911776,Eid rush begins
tuhin-shubhra-adhikary,9,https://www.thedailystar.net/business/bangladesh-budget-2025-26/news/education-health-outlays-see-slight-rise-3909861,"Education, health outlays see slight rise"
tuhin-shubhra-adhikary,9,https://www.thedailystar.net/news/bangladesh/news/anti-tobacco-law-amendment-revenue-gets-priority-over-public-health-3907551,Anti-tobacco law amendment: Revenue gets priority over public health
tuhin-shubhra-adhikary,9,https://www.thedailystar.net/news/bangladesh/news/dev-budget-expenditure-health-ministry-puts-poor-show-again-3907501,Dev budget expenditure: Health ministry puts up poor show again
tuhin-shubhra-adhikary,9,https://www.thedailystar.net/news/bangladesh/news/govt-creates-5089-supernumerary-posts-3905936,"Govt creates 5,089 supernumerary posts"
tuhin-shubhra-adhikary,9,https://www.thedailystar.net/news/bangladesh/news/commission-csr-driven-health-fund-expat-bond-3895701,"Commission for CSR-driven health fund, expat bond"
tuhin-shubhra-adhikary,9,https://www.thedailystar.net/news/bangladesh/news/civil-surgeons-seek-limited-magistracy-powers-3892561,Civil surgeons to seek limited magistracy powers
tuhin-shubhra-adhikary,10,https://www.thedailystar.net/news/bangladesh/news/health-reform-commission-proposes-four-national-health-support-networks-3891771,Health reform: Commission proposes four national health support networks
tuhin-shubhra-adhikary,10,https://www.thedailystar.net/news/bangladesh/news/hospitals-diagnostic-centres-95-pvt-facilities-running-without-renewed-licences-3890846,"Hospitals, diagnostic centres: 95% pvt facilities running without renewed licences"
tuhin-shubhra-adhikary,10,https://www.thedailystar.net/news/bangladesh/news/regulate-diagnostic-costs-launch-social-health-insurance-3888416,"Regulate diagnostic costs, launch social health insurance"
tuhin-shubhra-adhikary,10,https://www.thedailystar.net/news/bangladesh/news/make-primary-healthcare-free-everyone-3887171,Make primary healthcare free for everyone
tuhin-shubhra-adhikary,10,https://www.thedailystar.net/news/bangladesh/news/first-ever-civil-surgeon-conference-may-12-13-3873751,First-ever civil surgeon conference on May 12-13
tuhin-shubhra-adhikary,10,https://www.thedailystar.net/news/bangladesh/news/lifesaver-the-meghna-floating-hospital-brings-hope-char-people-chandpur-3868521,Lifesaver on the Meghna: Floating hospital brings hope to char people in Chandpur
tuhin-shubhra-adhikary,10,https://www.thedailystar.net/news/bangladesh/news/health-sector-acc-seeks-work-order-details-salmans-entities-3866091,Health sector: ACC seeks work order details for Salman’s entities
tuhin-shubhra-adhikary,10,https://www.thedailystar.net/news/bangladesh/news/maternal-neonatal-care-still-challenge-3865311,"Maternal, neonatal care still a challenge"
tuhin-shubhra-adhikary,10,https://www.thedailystar.net/news/bangladesh/crime-justice/news/patients-suffer-understaffed-dhaka-hospitals-amid-eid-3862411,Patients suffer at understaffed Dhaka hospitals amid Eid
tuhin-shubhra-adhikary,10,https://www.thedailystar.net/news/bangladesh/accidents-fires/news/holiday-trip-turns-tragic-3862386,Holiday trip turns tragic
tuhin-shubhra-adhikary,10,https://www.thedailystar.net/news/bangladesh/news/easy-ride-home-3860611,Easy ride home
tuhin-shubhra-adhikary,10,https://www.thedailystar.net/news/bangladesh/transport/news/dhaka-sylhet-highway-tk-17000cr-project-falls-short-road-safety-3859786,"Dhaka-Sylhet highway: Tk 17,000cr project falls short on road safety"
tuhin-shubhra-adhikary,10,https://www.thedailystar.net/news/bangladesh/transport/news/ac-bus-operators-overcharging-rampant-ahead-eid-3857601,AC bus operators: Overcharging rampant ahead of Eid
tuhin-shubhra-adhikary,10,https://www.thedailystar.net/news/bangladesh/news/northerners-may-hit-snags-roads-eid-holiday-3856701,Northerners may hit snags on roads this Eid holiday
tuhin-shubhra-adhikary,10,https://www.thedailystar.net/news/bangladesh/news/tuberculosis-incidence-bangladesh-whos-2025-targets-remain-far-cry-3855961,Tuberculosis incidence in Bangladesh: WHO’s 2025 targets remain a far cry
tuhin-shubhra-adhikary,10,https://www.thedailystar.net/news/bangladesh/news/kidney-cases-far-outstrip-doctors-and-facilities-3846536,Kidney cases far outstrip doctors and facilities
tuhin-shubhra-adhikary,10,https://www.thedailystar.net/news/bangladesh/transport/news/jamuna-rail-bridge-cost-passengers-extra-3843436,Jamuna Rail Bridge to cost passengers extra
tuhin-shubhra-adhikary,10,https://www.thedailystar.net/news/bangladesh/news/doctors-awaiting-promotions-govt-creating-7000-supernumerary-posts-3842856,"Doctors awaiting promotions: Govt creating 7,000 supernumerary posts"
tuhin-shubhra-adhikary,10,https://www.thedailystar.net/news/bangladesh/news/more-trips-coaches-and-digital-payment-under-consideration-new-metro-rail-chief-3841406,"More trips, coaches and digital payment under consideration: new metro rail chief"
tuhin-shubhra-adhikary,10,https://www.thedailystar.net/news/bangladesh/education/news/teacher-crisis-plagues-public-med-colleges-3841496,Teacher crisis plagues public medical colleges
tuhin-shubhra-adhikary,11,https://www.thedailystar.net/business/news/india-funded-projects-will-continue-salehuddin-3840696,India-funded projects will continue: Salehuddin
tuhin-shubhra-adhikary,11,https://www.thedailystar.net/news/bangladesh/news/govt-shifts-one-route-due-owners-resistance-3832816,Govt shifts to one route due to owners’ resistance
tuhin-shubhra-adhikary,11,https://www.thedailystar.net/news/bangladesh/transport/news/how-will-cops-file-video-cases-speeding-3819206,But how will cops file 'video cases' for speeding?
tuhin-shubhra-adhikary,11,https://www.thedailystar.net/news/bangladesh/politics/news/allegiance-shifts-so-do-faces-the-helm-3812576,"Allegiance shifts, so do faces at the helm"
tuhin-shubhra-adhikary,11,https://www.thedailystar.net/business/economy/news/11-wb-funded-projects-govt-set-repurpose-670m-loans-3807656,11 WB funded projects: Govt set to repurpose  $670m loans
tuhin-shubhra-adhikary,11,https://www.thedailystar.net/news/bangladesh/news/fatalities-rise-initiatives-ineffective-3798781,Fatalities rise as initiatives ineffective
tuhin-shubhra-adhikary,11,https://www.thedailystar.net/news/bangladesh/transport/news/mrt-1-unlikely-be-ready-2030-3796501,MRT-1 unlikely to be ready before 2030
tuhin-shubhra-adhikary,11,https://www.thedailystar.net/news/bangladesh/news/vehicle-registration-declines-again-2024-3790571,Vehicle registration declines again in 2024
tuhin-shubhra-adhikary,11,https://www.thedailystar.net/news/bangladesh/accidents-fires/news/mawa-expressway-crash-everything-was-wrong-the-bus-3786701,Mawa expressway crash: Everything was wrong with the bus
tuhin-shubhra-adhikary,11,https://www.thedailystar.net/news/bangladesh/accidents-fires/news/no-fitness-no-route-permit-3786391,"No fitness, no route permit"
tuhin-shubhra-adhikary,11,https://www.thedailystar.net/news/bangladesh/transport/news/brt-service-finally-begins-dec-16-5-yr-old-brtc-buses-3770776,BRT service: Finally begins on Dec 16 but with 5-yr-old BRTC buses
tuhin-shubhra-adhikary,11,https://www.thedailystar.net/news/bangladesh/transport/news/project-cost-shoot-80pc-3770006,Project cost to shoot up by 80pc
tuhin-shubhra-adhikary,11,https://www.thedailystar.net/news/bangladesh/transport/news/fears-grow-more-disruptions-train-services-3768466,Fears grow for more disruptions in train services
tuhin-shubhra-adhikary,11,https://www.thedailystar.net/news/bangladesh/transport/news/nine-bridges-six-districts-no-one-paying-any-tolls-august-5-3758896,Nine bridges in six districts: No one paying any tolls since August 5
tuhin-shubhra-adhikary,11,https://www.thedailystar.net/news/bangladesh/news/govt-amend-metro-rail-act-3757871,Govt to amend Metro Rail Act
tuhin-shubhra-adhikary,11,https://www.thedailystar.net/news/bangladesh/transport/news/environmental-impact-assessment-its-now-mandatory-all-rhd-projects-3756976,Environmental impact assessment: It’s now mandatory for all RHD projects
tuhin-shubhra-adhikary,11,https://www.thedailystar.net/news/bangladesh/transport/news/compensation-remains-elusive-most-road-traffic-victims-3754456,Compensation remains elusive for most road traffic victims
tuhin-shubhra-adhikary,11,https://www.thedailystar.net/news/bangladesh/news/hope-revives-br-resumes-studies-designs-3751376,"Hope revives as BR resumes studies, designs"
tuhin-shubhra-adhikary,11,https://www.thedailystar.net/news/bangladesh/transport/news/train-ops-dhaka-jashore-route-padma-likely-dec-1-3751316,Train ops on Dhaka-Jashore route via Padma likely from Dec 1
tuhin-shubhra-adhikary,11,https://www.thedailystar.net/news/bangladesh/transport/news/bridge-year-full-benefits-not-2030-3750666,"Bridge this year, full benefits not before 2030"
tuhin-shubhra-adhikary,12,https://www.thedailystar.net/news/bangladesh/news/railway-cancels-lease-24-privately-run-trains-3750631,Railway cancels lease of 24 privately-run trains
tuhin-shubhra-adhikary,12,https://www.thedailystar.net/news/bangladesh/news/rhd-issues-directives-again-will-they-be-enforced-3746626,"RHD issues directives again, but will they be enforced?"
tuhin-shubhra-adhikary,12,https://www.thedailystar.net/news/bangladesh/transport/news/kalurghat-road-rail-bridge-ministry-decides-review-cost-17-days-after-approval-3743951,Kalurghat road-rail bridge: Ministry decides  to review cost 17 days after approval
tuhin-shubhra-adhikary,12,https://www.thedailystar.net/news/bangladesh/transport/news/dhaka-city-running-short-buses-3742436,Dhaka city running short of buses
tuhin-shubhra-adhikary,12,https://www.thedailystar.net/news/bangladesh/news/dhaka-sylhet-highway-expansion-works-delay-22-schools-await-relocation-3740741,Dhaka-Sylhet Highway: Expansion works delay as 22 schools await relocation
tuhin-shubhra-adhikary,12,https://www.thedailystar.net/news/bangladesh/transport/news/br-plans-expansion-services-khulna-jashore-3739771,"BR plans expansion of services to Khulna, Jashore"
tuhin-shubhra-adhikary,12,https://www.thedailystar.net/news/bangladesh/news/govt-phase-out-outdated-vehicles-3734991,Govt to phase out outdated vehicles
tuhin-shubhra-adhikary,12,https://www.thedailystar.net/news/bangladesh/news/deaths-crashes-rising-roads-remain-unsafe-3733401,Deaths in crashes rising as roads remain unsafe
tuhin-shubhra-adhikary,12,https://www.thedailystar.net/news/bangladesh/news/mirpur-10-metro-station-likely-reopen-mid-october-3722876,Mirpur-10 metro station likely to reopen by mid-October
tuhin-shubhra-adhikary,12,https://www.thedailystar.net/news/bangladesh/news/adb-funded-projects-face-fresh-hurdles-3721446,ADB-funded projects face fresh hurdles
tuhin-shubhra-adhikary,12,https://www.thedailystar.net/business/news/india-funded-projects-hit-impasse-3711456,India-funded projects  hit an impasse
tuhin-shubhra-adhikary,12,https://www.thedailystar.net/news/bangladesh/news/banned-forgery-contractors-pressurise-rhd-withdraw-ban-3683296,Banned for Forgery: Contractors pressurise RHD to withdraw ban
tuhin-shubhra-adhikary,12,https://www.thedailystar.net/news/bangladesh/crime-justice/news/contractors-pressurise-rhd-withdraw-ban-over-forgery-3683121,Contractors pressurise RHD to withdraw ban over forgery
tuhin-shubhra-adhikary,12,https://www.thedailystar.net/news/bangladesh/crime-justice/news/cases-after-violence-over-2-lakh-accused-dhaka-city-3664161,Cases after violence: Over 2 lakh accused in Dhaka city
tuhin-shubhra-adhikary,12,https://www.thedailystar.net/news/bangladesh/transport/news/bus-train-services-may-take-days-normalise-3661366,"Bus, train services may take days to normalise"
tuhin-shubhra-adhikary,12,https://www.thedailystar.net/news/bangladesh/news/all-brta-services-remain-halted-3661681,All BRTA services remain halted
tuhin-shubhra-adhikary,12,https://www.thedailystar.net/business/economy/news/bus-operators-stare-losses-3660331,Bus operators stare at losses
tuhin-shubhra-adhikary,12,https://www.thedailystar.net/news/bangladesh/crime-justice/news/dhaka-gazipur-brt-line-arson-chars-22-escalators-project-may-get-delayed-3660561,"Dhaka to Gazipur BRT Line: Arson chars 22 escalators, project may get delayed"
tuhin-shubhra-adhikary,12,https://www.thedailystar.net/business/news/what-does-the-traffic-disruption-the-dhaka-ctg-highway-mean-the-economy-3660076,What does the traffic disruption on the Dhaka-Ctg highway mean for the economy?
tuhin-shubhra-adhikary,12,https://www.thedailystar.net/news/bangladesh/news/wait-direct-rail-line-gets-longer-3653011,Wait for direct rail line gets longer
tuhin-shubhra-adhikary,13,https://www.thedailystar.net/news/bangladesh/transport/news/promised-chinese-loans-transport-sector-projects-fare-poorly-3650541,Promised Chinese Loans: Transport sector projects fare poorly
tuhin-shubhra-adhikary,13,https://www.thedailystar.net/news/bangladesh/transport/news/rajbari-tungipara-lone-train-operating-tk-2110cr-line-3646751,"Rajbari-Tungipara: A lone train operating on Tk 2,110cr line!"
tuhin-shubhra-adhikary,13,https://www.thedailystar.net/news/bangladesh/news/project-see-light-day-after-nearly-decade-3640861,Project to see light of day after nearly a decade
tuhin-shubhra-adhikary,13,https://www.thedailystar.net/business/news/adb-lend-208b-bangladesh-four-years-3639996,ADB to lend $20.8b to Bangladesh over four years
tuhin-shubhra-adhikary,13,https://www.thedailystar.net/news/bangladesh/diplomacy/news/dhaka-delhi-may-sign-rail-transit-deal-3637816,"Dhaka, Delhi  may sign rail transit deal"
tuhin-shubhra-adhikary,13,https://www.thedailystar.net/news/bangladesh/transport/news/eid-journey-home-northbound-people-suffer-3635511,Eid Journey Home: Northbound people suffer
tuhin-shubhra-adhikary,13,https://www.thedailystar.net/news/bangladesh/news/eid-journey-may-not-be-hassle-free-3632646,Eid journey may not be hassle free
tuhin-shubhra-adhikary,13,https://www.thedailystar.net/news/bangladesh/transport/news/road-rail-bridge-sectors-allocation-cut-may-hamper-projects-3630261,"Road, Rail, Bridge Sectors: Allocation cut may hamper projects"
tuhin-shubhra-adhikary,13,https://www.thedailystar.net/news/bangladesh/news/2-more-projects-dropped-3626191,2 more projects dropped
tuhin-shubhra-adhikary,13,https://www.thedailystar.net/news/bangladesh/transport/news/railway-track-3625266,Railway off track
tuhin-shubhra-adhikary,13,https://www.thedailystar.net/news/bangladesh/news/progress-slow-still-tk-2912cr-more-sought-3625456,"Progress slow, still Tk 2,912cr more sought"
tuhin-shubhra-adhikary,13,https://www.thedailystar.net/news/bangladesh/news/bangabandhu-bridge-set-largest-maintenance-opening-3624696,Bangabandhu Bridge set for largest maintenance since opening
tuhin-shubhra-adhikary,13,https://www.thedailystar.net/news/bangladesh/news/mongla-port-set-be-connected-rail-june-1-3622496,Mongla port set to be connected by rail on June 1
tuhin-shubhra-adhikary,13,https://www.thedailystar.net/news/bangladesh/transport/news/feasibility-study-mrt-line-4-begins-june-3621566,Feasibility study for MRT Line-4 begins in June
tuhin-shubhra-adhikary,13,https://www.thedailystar.net/news/bangladesh/transport/news/bangabandhu-shilpa-nagar-rhd-turn-10km-road-4-lane-3618871,Bangabandhu Shilpa Nagar: RHD to turn 10km road into 4-lane
tuhin-shubhra-adhikary,13,https://www.thedailystar.net/news/bangladesh/transport/news/2-mrt-lines-may-miss-deadline-3617851,2 MRT lines may miss deadline
tuhin-shubhra-adhikary,13,https://www.thedailystar.net/news/bangladesh/transport/news/govt-mulling-taxi-service-revival-3614221,Govt mulling taxi service revival
tuhin-shubhra-adhikary,13,https://www.thedailystar.net/news/bangladesh/transport/news/metro-railway-tussle-over-yard-kamalapur-3613126,"Metro, railway tussle over yard at Kamalapur"
tuhin-shubhra-adhikary,13,https://www.thedailystar.net/news/bangladesh/transport/news/dhaka-sylhet-tamabil-highway-crucial-projects-held-back-land-issues-3610096,Dhaka-Sylhet-Tamabil Highway: Crucial projects held back by land issues
tuhin-shubhra-adhikary,13,https://www.thedailystar.net/news/bangladesh/accidents-fires/news/road-crashes-april-deadliest-16-months-3606496,Road Crashes: This April deadliest in 16 months
tuhin-shubhra-adhikary,14,https://www.thedailystar.net/news/bangladesh/transport/news/brta-advisory-council-maiden-meeting-comes-7-years-after-inception-3605326,BRTA Advisory Council: Maiden meeting comes 7 years after inception
tuhin-shubhra-adhikary,14,https://www.thedailystar.net/news/bangladesh/transport/news/speed-limit-set-all-types-vehicles-3604456,Speed limit set for all types of vehicles
tuhin-shubhra-adhikary,14,https://www.thedailystar.net/news/bangladesh/news/why-cant-road-crashes-be-curbed-3603746,Why can’t road crashes be curbed?
tuhin-shubhra-adhikary,14,https://www.thedailystar.net/news/bangladesh/news/updating-transport-papers-govt-caves-yet-again-waives-delay-fine-3602911,"Updating Transport Papers: Govt caves in yet again, waives delay fine"
tuhin-shubhra-adhikary,14,https://www.thedailystar.net/news/bangladesh/transport/news/dhaka-jashore-rail-line-opening-july-full-benefits-far-3602051,Dhaka-Jashore Rail Line: Opening in July but full benefits far off
tuhin-shubhra-adhikary,14,https://www.thedailystar.net/news/bangladesh/transport/news/road-surface-melting-bargain-bitumen-failing-bear-extreme-heat-3596901,Road Surface Melting:  Bargain bitumen failing to bear extreme heat
tuhin-shubhra-adhikary,14,https://www.thedailystar.net/news/bangladesh/transport/news/road-condition-survey-fearful-flak-rhd-wont-publish-entire-reports-3594706,"Road Condition Survey: Fearful of flak, RHD won’t publish entire reports"
tuhin-shubhra-adhikary,14,https://www.thedailystar.net/news/bangladesh/news/rhd-expand-2-major-roads-around-dhaka-3593966,RHD to expand 2 major roads around Dhaka
tuhin-shubhra-adhikary,14,https://www.thedailystar.net/news/bangladesh/news/why-do-you-need-tk-176921cr-consultancy-3593196,"Why do you need Tk 1,769.21cr for consultancy?"
tuhin-shubhra-adhikary,14,https://www.thedailystar.net/news/bangladesh/transport/news/fares-long-distance-train-journeys-set-rise-may-4-3592636,Fares of long-distance train journeys set to rise from May 4
tuhin-shubhra-adhikary,14,https://www.thedailystar.net/news/bangladesh/transport/news/ensuring-road-safety-lowest-outcome-highest-committees-3590221,Ensuring Road Safety: Lowest outcome from highest committees
tuhin-shubhra-adhikary,14,https://www.thedailystar.net/news/bangladesh/transport/news/road-safety-maladies-every-step-the-way-3589316,Road Safety: Maladies every step of the way
tuhin-shubhra-adhikary,14,https://www.thedailystar.net/news/bangladesh/transport/news/old-unfit-vehicles-running-amok-3588566,"Old, unfit vehicles running amok"
tuhin-shubhra-adhikary,14,https://www.thedailystar.net/news/bangladesh/accidents-fires/news/faridpur-bus-pickup-collision-the-law-violations-led-13-deaths-3588221,Faridpur bus-pickup collision: The law violations that led to 13 deaths
tuhin-shubhra-adhikary,14,https://www.thedailystar.net/news/bangladesh/news/eid-rush-padma-bridge-sees-1625pc-increase-traffic-year-3586576,Eid rush: Padma Bridge sees 16.25pc increase in traffic this year
tuhin-shubhra-adhikary,14,https://www.thedailystar.net/top-news/news/family-wiped-out-eid-day-3586376,A family wiped out on Eid day
tuhin-shubhra-adhikary,14,https://www.thedailystar.net/news/bangladesh/accidents-fires/news/snapped-mooring-line-kills-5-sadarghat-5-held-3586301,Snapped mooring line kills 5 at Sadarghat; 5 held
tuhin-shubhra-adhikary,14,https://www.thedailystar.net/news/bangladesh/transport/news/road-crashes-fatalities-rise-steeply-january-3584501,"Road crashes, fatalities rise steeply from January"
tuhin-shubhra-adhikary,14,https://www.thedailystar.net/news/bangladesh/transport/news/elenga-rangpur-four-lane-conversion-more-time-more-money-required-3583696,"Elenga-Rangpur Four-Lane Conversion: More time, more  money required"
tuhin-shubhra-adhikary,14,https://www.thedailystar.net/news/bangladesh/transport/news/safety-audit-ignored-road-projects-3583011,Safety audit ignored in road projects
tuhin-shubhra-adhikary,15,https://www.thedailystar.net/news/bangladesh/transport/news/bus-rapid-transit-two-chinese-firms-banned-project-over-fraud-3579971,Bus Rapid Transit: Two Chinese firms banned from project over ‘fraud’
tuhin-shubhra-adhikary,15,https://www.thedailystar.net/news/bangladesh/transport/news/test-train-reaches-jashore-bhanga-hour-3578411,Test train reaches Jashore from Bhanga in an hour
tuhin-shubhra-adhikary,15,https://www.thedailystar.net/news/bangladesh/transport/news/road-transport-act-2018-changes-afoot-protect-vehicles-workers-mobs-3574256,"Road Transport Act 2018: Changes afoot to protect vehicles, workers from mobs"
tuhin-shubhra-adhikary,15,https://www.thedailystar.net/news/bangladesh/transport/news/bangladesh-japan-joint-initiative-ppp-projects-caught-myriad-problems-3569051,Bangladesh-Japan Joint Initiative: PPP projects caught up in myriad problems
tuhin-shubhra-adhikary,15,https://www.thedailystar.net/news/bangladesh/transport/news/bhanga-kuakata-rail-route-plan-revived-lay-214km-track-3567021,Bhanga-Kuakata rail route: Plan revived to lay 214km track
tuhin-shubhra-adhikary,15,https://www.thedailystar.net/news/bangladesh/transport/news/public-transport-services-uniform-ticketing-cards-3562181,Public transport services: Uniform ticketing on cards
tuhin-shubhra-adhikary,15,https://www.thedailystar.net/news/bangladesh/transport/news/padma-rail-link-chinese-firm-resumes-work-after-25-days-3561636,Padma Rail Link: Chinese firm resumes work after 25 days
tuhin-shubhra-adhikary,15,https://www.thedailystar.net/news/bangladesh/transport/news/dhaka-ashulia-elevated-expressway-huge-interchange-keep-traffic-flowing-3560646,Dhaka-Ashulia Elevated Expressway: Huge interchange to keep traffic flowing
tuhin-shubhra-adhikary,15,https://www.thedailystar.net/news/bangladesh/accidents-fires/news/it-was-bomb-waiting-go-3556626,It was a bomb waiting to go off
tuhin-shubhra-adhikary,15,https://www.thedailystar.net/news/bangladesh/transport/news/govt-plans-collect-tolls-4-highways-3543091,Govt plans to collect tolls on 4 highways
tuhin-shubhra-adhikary,15,https://www.thedailystar.net/news/bangladesh/transport/news/rail-bogged-down-six-projects-3542376,Rail bogged down by six projects
tuhin-shubhra-adhikary,15,https://www.thedailystar.net/news/bangladesh/news/rhd-reluctant-give-ferries-shipping-ministry-3534156,RHD reluctant to give up ferries to shipping ministry
tuhin-shubhra-adhikary,15,https://www.thedailystar.net/news/bangladesh/news/it-was-sabotage-dont-know-who-did-it-3531721,"‘It was sabotage, but don’t know who did it’"
tuhin-shubhra-adhikary,15,https://www.thedailystar.net/news/bangladesh/accidents-fires/news/wheels-motion-new-road-safety-act-3529861,Wheels in motion for new road safety act
tuhin-shubhra-adhikary,15,https://www.thedailystar.net/news/bangladesh/elections/news/election-code-breakers-go-unpunished-3486041,Election code breakers go unpunished
tuhin-shubhra-adhikary,15,https://www.thedailystar.net/news/bangladesh/politics/news/tainted-yet-given-awami-league-ticket-3480601,"Tainted, yet given Awami League ticket"
tuhin-shubhra-adhikary,15,https://www.thedailystar.net/news/bangladesh/transport/news/4-more-bridges-planned-over-buriganga-3478716,4 more bridges planned over Buriganga
tuhin-shubhra-adhikary,15,https://www.thedailystar.net/news/bangladesh/elections/news/26-parties-mostly-small-ones-polls-3477951,"26 parties, mostly small ones, in polls"
tuhin-shubhra-adhikary,15,https://www.thedailystar.net/news/bangladesh/politics/news/kings-parties-rounded-polls-3476446,‘King’s parties’ rounded up for polls
tuhin-shubhra-adhikary,15,https://www.thedailystar.net/news/bangladesh/politics/news/al-bnp-offices-distance-16km-mood-poles-apart-3472981,"AL, BNP offices: Distance 1.6km, mood poles apart"
tuhin-shubhra-adhikary,16,https://www.thedailystar.net/news/bangladesh/transport/news/explained-why-new-section-running-only-5-hours-3470196,Explained: Why new section is running for only 5 hours
tuhin-shubhra-adhikary,16,https://www.thedailystar.net/news/bangladesh/news/metro-starts-710am-uttara-today-3464311,Metro starts at 7:10am from Uttara today
tuhin-shubhra-adhikary,16,https://www.thedailystar.net/news/bangladesh/transport/news/metro-start-operating-710am-uttara-tomorrow-3464006,Metro to start operating at 7:10am from Uttara tomorrow
tuhin-shubhra-adhikary,16,https://www.thedailystar.net/news/bangladesh/politics/countrywide-blockade/news/blockade-long-route-buses-ignore-home-ministers-call-3463141,Blockade: Long-route buses ignore home minister's call
tuhin-shubhra-adhikary,16,https://www.thedailystar.net/news/bangladesh/transport/news/coxs-bazar-3-more-dists-get-new-trains-3462701,"Cox’s Bazar, 3 more dists to get new trains"
tuhin-shubhra-adhikary,16,https://www.thedailystar.net/supplements/dhaka-metro-connecting-city-centres/news/the-future-dhakas-metro-rail-network-exploring-upcoming-lines-3460991,The Future of Dhaka’s Metro Rail Network:  Exploring Upcoming Lines
tuhin-shubhra-adhikary,16,https://www.thedailystar.net/supplements/dhaka-metro-connecting-city-centres/news/uttara-motijheel-just-31-minutes-3460996,Uttara to motijheel in just 31 minutes!
tuhin-shubhra-adhikary,16,https://www.thedailystar.net/news/bangladesh/transport/news/we-want-protection-compensation-3459496,"‘We want protection, compensation’"
tuhin-shubhra-adhikary,16,https://www.thedailystar.net/news/bangladesh/transport/news/national-road-safety-day-transport-leaders-still-the-stumbling-block-3449401,National Road Safety Day: Transport leaders still  the stumbling block
tuhin-shubhra-adhikary,16,https://www.thedailystar.net/news/bangladesh/transport/news/road-transport-get-big-push-3445421,Road transport to get big push
tuhin-shubhra-adhikary,16,https://www.thedailystar.net/news/bangladesh/accidents-fires/news/road-accident-first-162-get-compensation-3445341,"Road Accident: In a first, 162 to get compensation"
tuhin-shubhra-adhikary,16,https://www.thedailystar.net/news/bangladesh/news/brt-3-not-year-3444626,BRT-3 not this year
tuhin-shubhra-adhikary,16,https://www.thedailystar.net/news/bangladesh/transport/news/checking-unfit-outdated-vehicles-govt-failure-lets-air-pollution-rise-3442381,"Checking Unfit, Outdated Vehicles:  Govt failure lets air pollution rise"
tuhin-shubhra-adhikary,16,https://www.thedailystar.net/news/bangladesh/transport/news/13-railway-projects-cost-overrun-260pc-time-95-years-3433246,"13 railway projects: Cost overrun up to 260pc, time 9.5 years"
tuhin-shubhra-adhikary,16,https://www.thedailystar.net/supplements/dhaka-elevated-expressway-0/news/dhakas-expressway-dream-comes-true-3408996,Dhaka’s Expressway  Dream Comes True
tuhin-shubhra-adhikary,16,https://www.thedailystar.net/news/bangladesh/transport/news/railway-e-ticketing-17yrs-gone-only-18pc-stations-covered-3405461,"Railway E-Ticketing: 17yrs gone, only 18pc stations covered"
tuhin-shubhra-adhikary,16,https://www.thedailystar.net/news/bangladesh/transport/news/4000-acre-rail-land-locked-litigation-3403706,"4,000 Acre Rail Land:  Locked in litigation"
tuhin-shubhra-adhikary,16,https://www.thedailystar.net/news/bangladesh/news/finally-road-crash-victims-get-compensation-3399251,"Finally, road crash victims to get compensation"
tuhin-shubhra-adhikary,16,https://www.thedailystar.net/news/bangladesh/transport/news/faridpur-barishal-highway-expansion-land-acquisition-cost-likely-skyrocket-3399831,Faridpur-Barishal Highway Expansion: Land acquisition cost likely to skyrocket
tuhin-shubhra-adhikary,16,https://www.thedailystar.net/news/bangladesh/transport/news/dhaka-bhanga-rail-line-likely-open-late-sept-3396666,Dhaka-Bhanga Rail Line: Likely to open in late Sept
tuhin-shubhra-adhikary,17,https://www.thedailystar.net/news/bangladesh/transport/news/mrt-line-6-agargaon-motijheel-section-open-after-october-15-3388191,MRT Line-6: Agargaon-Motijheel section to open after October 15
tuhin-shubhra-adhikary,17,https://www.thedailystar.net/business/global-economy/indian/news/big-drop-indian-goods-arrival-train-3385086,Big drop in Indian goods arrival by train
tuhin-shubhra-adhikary,17,https://www.thedailystar.net/news/bangladesh/news/pmo-orders-campaign-showcasing-dev-work-3383116,PMO orders campaign showcasing dev work
tuhin-shubhra-adhikary,17,https://www.thedailystar.net/news/bangladesh/accidents-fires/news/road-safety-movement-2018-infrastructure-improves-safety-worsens-3381036,"Road Safety Movement 2018: Infrastructure improves, safety worsens"
tuhin-shubhra-adhikary,17,https://www.thedailystar.net/news/bangladesh/news/dhaka-nganj-rail-route-operation-resumes-aug-1-wont-be-smooth-2026-3378771,"Dhaka-N’ganj Rail Route: Operation resumes Aug 1, but won’t be smooth before 2026"
tuhin-shubhra-adhikary,17,https://www.thedailystar.net/news/bangladesh/transport/news/long-stride-rail-connectivity-3377621,A long stride for rail connectivity
tuhin-shubhra-adhikary,17,https://www.thedailystar.net/news/bangladesh/transport/news/road-accidents-casualties-keep-mounting-indiscipline-3375831,Road Accidents: Casualties keep mounting for indiscipline
tuhin-shubhra-adhikary,17,https://www.thedailystar.net/news/bangladesh/transport/news/runway-the-sea-be-active-december-3374401,Runway in the sea to be active by December
tuhin-shubhra-adhikary,17,https://www.thedailystar.net/news/bangladesh/transport/news/mega-leap-transport-3371631,A mega leap for transport
tuhin-shubhra-adhikary,17,https://www.thedailystar.net/news/bangladesh/transport/news/dhaka-chattogram-highway-maintenance-take-more-time-money-3368576,"Dhaka-Chattogram Highway: Maintenance to take more time, money"
tuhin-shubhra-adhikary,17,https://www.thedailystar.net/news/bangladesh/transport/news/saidpur-railway-workshop-much-needed-initiative-the-works-3367751,Saidpur Railway Workshop: A much-needed initiative in the works
tuhin-shubhra-adhikary,17,https://www.thedailystar.net/news/bangladesh/transport/news/faridpur-magura-rail-link-poor-monitoring-blame-slow-pace-3365091,Faridpur-Magura Rail Link: Poor monitoring to blame for slow pace
tuhin-shubhra-adhikary,17,https://www.thedailystar.net/news/bangladesh/transport/news/the-long-wait-end-september-3364276,The long wait to end  this September
tuhin-shubhra-adhikary,17,https://www.thedailystar.net/news/bangladesh/transport/news/railway-expansion-project-riddled-anomalies-3363561,Railway expansion project riddled with anomalies
tuhin-shubhra-adhikary,17,https://www.thedailystar.net/news/bangladesh/news/relocating-kamalapur-icd-forever-stuck-quagmire-3362021,Relocating Kamalapur ICD: Forever stuck in quagmire
tuhin-shubhra-adhikary,17,https://www.thedailystar.net/news/bangladesh/transport/news/metro-line-dhaka-aricha-route-rhd-fears-itll-create-chaos-highway-3361046,Metro Line On Dhaka-Aricha Route: RHD fears it’ll  create chaos on highway
tuhin-shubhra-adhikary,17,https://www.thedailystar.net/news/bangladesh/transport/news/sylhet-tamabil-highway-expansion-work-begin-after-three-years-3359506,Sylhet-Tamabil Highway: Expansion work to begin after three years
tuhin-shubhra-adhikary,17,https://www.thedailystar.net/supplements/celebrating-one-year-the-padma-bridge/news/bridge-prosperity-3355056,A bridge to prosperity
tuhin-shubhra-adhikary,17,https://www.thedailystar.net/news/bangladesh/news/indian-train-operations-bangladesh-track-india-wants-trial-br-seeks-clear-proposal-3354046,"Indian train operations on Bangladesh track: India wants trial, BR seeks clear proposal"
tuhin-shubhra-adhikary,17,https://www.thedailystar.net/news/bangladesh/transport/news/rhd-bridges-roads-govt-officials-exploit-172yr-old-law-avoid-tolls-3353441,"RHD Bridges, Roads: Govt officials exploit 172yr-old law, avoid tolls"
tuhin-shubhra-adhikary,18,https://www.thedailystar.net/news/bangladesh/politics/news/letting-jamaat-return-will-be-suicidal-the-nation-3346431,‘Letting jamaat return’: Will be suicidal for the nation
tuhin-shubhra-adhikary,18,https://www.thedailystar.net/news/bangladesh/transport/news/eid-journey-those-bound-north-may-face-hassle-3345546,Eid Journey: Those bound for north may face hassle
tuhin-shubhra-adhikary,18,https://www.thedailystar.net/news/bangladesh/transport/news/unfit-buses-rule-city-streets-3341291,Unfit buses rule city streets
tuhin-shubhra-adhikary,18,https://www.thedailystar.net/news/bangladesh/transport/news/roads-now-worse-year-ago-3339891,Roads now worse than a year ago
tuhin-shubhra-adhikary,18,https://www.thedailystar.net/news/bangladesh/transport/news/commercial-vehicles-74000-set-go-under-crushers-3331896,"Commercial Vehicles: 74,000 set to go under crushers"
tuhin-shubhra-adhikary,18,https://www.thedailystar.net/news/bangladesh/transport/news/failed-procurement-locomotives-cost-more-double-now-3325146,Failed Procurement: Locomotives to cost more than double now
tuhin-shubhra-adhikary,18,https://www.thedailystar.net/news/bangladesh/transport/news/underpass-link-everything-airport-area-3323731,Underpass to link everything in airport area
tuhin-shubhra-adhikary,18,https://www.thedailystar.net/news/bangladesh/transport/news/old-buses-trucks-be-sent-the-scrap-yards-3322796,"Old buses, trucks to be sent to the scrap yards"
tuhin-shubhra-adhikary,18,https://www.thedailystar.net/news/bangladesh/transport/news/dhaka-coxs-bazar-rail-link-opening-sept-bottlenecks-stay-till-2028-3321826,Dhaka-Cox’s Bazar Rail Link: Opening this Sept but bottlenecks to stay till 2028
tuhin-shubhra-adhikary,18,https://www.thedailystar.net/news/bangladesh/news/vehicle-registration-declines-8-year-low-3320381,Vehicle registration declines to 8-year low
tuhin-shubhra-adhikary,18,https://www.thedailystar.net/news/bangladesh/transport/news/first-contractor-mrt-5-north-picked-3316731,First contractor for MRT-5 north picked
tuhin-shubhra-adhikary,18,https://www.thedailystar.net/news/bangladesh/transport/news/brtc-expand-its-fleet-3316811,BRTC to expand its fleet
tuhin-shubhra-adhikary,18,https://www.thedailystar.net/news/bangladesh/transport/news/locomotive-crisis-deepen-further-3312841,Locomotive crisis to deepen further
tuhin-shubhra-adhikary,18,https://www.thedailystar.net/news/bangladesh/transport/news/brt-3-may-stretch-beyond-dhaka-airport-3311276,BRT-3 may stretch beyond Dhaka airport
tuhin-shubhra-adhikary,18,https://www.thedailystar.net/news/bangladesh/transport/news/expanding-dhk-ctg-highway-impasse-finally-clearing-3310366,Expanding Dhk-Ctg Highway: Impasse finally clearing up
tuhin-shubhra-adhikary,18,https://www.thedailystar.net/news/bangladesh/transport/news/metro-line-2-4-japan-s-korea-wb-show-interests-3308321,"Metro Line-2, -4: Japan, S Korea, WB show interests"
tuhin-shubhra-adhikary,18,https://www.thedailystar.net/news/bangladesh/transport/news/necessary-expensive-expansion-3306196,A necessary but expensive expansion
tuhin-shubhra-adhikary,18,https://www.thedailystar.net/news/bangladesh/transport/news/bangabandhu-tunnel-delayed-decision-delays-opening-3305261,Bangabandhu tunnel: Delayed decision delays opening
tuhin-shubhra-adhikary,18,https://www.thedailystar.net/news/bangladesh/transport/news/rail-operation-likely-resume-next-week-3304456,Rail operation likely to resume next week
tuhin-shubhra-adhikary,18,https://www.thedailystar.net/news/bangladesh/news/eid-journey-largely-trouble-free-3301151,Eid journey largely trouble-free
tuhin-shubhra-adhikary,19,https://www.thedailystar.net/news/bangladesh/news/eid-trip-north-gets-expensive-3296526,Eid trip to north gets expensive
tuhin-shubhra-adhikary,19,https://www.thedailystar.net/news/bangladesh/transport/news/give-us-road-crash-data-publishing-brta-asks-road-safety-orgs-3295651,"Give us road crash data before publishing, BRTA asks road safety orgs"
tuhin-shubhra-adhikary,19,https://www.thedailystar.net/news/bangladesh/transport/news/construction-kewatkhali-bridge-begin-august-3295636,Construction of Kewatkhali bridge to begin in August
tuhin-shubhra-adhikary,19,https://www.thedailystar.net/news/bangladesh/transport/news/road-crash-casualties-even-brta-police-figures-dont-tally-3293901,"Road Crash, Casualties: Even BRTA, police figures don’t tally"
tuhin-shubhra-adhikary,19,https://www.thedailystar.net/news/bangladesh/transport/news/electric-vehicles-govt-finally-makes-guideline-registration-operation-3289851,"Electric Vehicles: Govt finally makes guideline for registration, operation"
tuhin-shubhra-adhikary,19,https://www.thedailystar.net/news/bangladesh/transport/news/biggest-road-safety-project-concern-rising-over-fate-wb-fund-3287986,Biggest Road Safety Project: Concern rising over fate of WB fund
tuhin-shubhra-adhikary,19,https://www.thedailystar.net/news/bangladesh/transport/news/new-kalurghat-bridge-cost-tk-14000cr-now-3287056,"New Kalurghat bridge to cost Tk 14,000cr now"
tuhin-shubhra-adhikary,19,https://www.thedailystar.net/news/bangladesh/transport/news/2nd-dhaka-nganj-rail-line-br-project-runs-more-trouble-3283991,2nd Dhaka-N’ganj Rail Line: BR project runs  into more trouble
tuhin-shubhra-adhikary,19,https://www.thedailystar.net/news/bangladesh/transport/news/ctg-coxs-bazar-highway-rhd-moves-get-rid-bottlenecks-3283086,Ctg-Cox’s Bazar Highway: RHD moves to get rid of bottlenecks
tuhin-shubhra-adhikary,19,https://www.thedailystar.net/news/bangladesh/news/sonamasjid-land-port-be-brought-under-rail-network-3282351,Sonamasjid land port to be brought under rail network
tuhin-shubhra-adhikary,19,https://www.thedailystar.net/business/economy/news/bike-sales-drop-30-two-months-3281646,Bike sales drop 30% in two months
tuhin-shubhra-adhikary,19,https://www.thedailystar.net/news/bangladesh/transport/news/demerit-point-drivers-govt-agencies-dragging-foot-enforcement-3281316,Demerit Point For Drivers: Govt agencies dragging foot on enforcement
tuhin-shubhra-adhikary,19,https://www.thedailystar.net/news/bangladesh/transport/news/bhanga-jashore-benapole-highway-funding-snag-holds-project-3280606,Bhanga-Jashore-Benapole Highway: Funding snag holds off project
tuhin-shubhra-adhikary,19,https://www.thedailystar.net/news/bangladesh/transport/news/improve-safety-2000-level-crossings-3279766,"Improve safety at  2,000 level crossings"
tuhin-shubhra-adhikary,19,https://www.thedailystar.net/news/bangladesh/transport/news/bhanga-payra-port-rail-line-chinese-firm-keen-invest-build-it-3279086,"Bhanga-Payra Port Rail Line: Chinese firm keen to invest, build it"
tuhin-shubhra-adhikary,19,https://www.thedailystar.net/news/bangladesh/transport/news/vehicle-fitness-mockery-the-cost-life-and-limb-3276396,Vehicle fitness: A mockery at the cost of life and limb
tuhin-shubhra-adhikary,19,https://www.thedailystar.net/news/bangladesh/transport/news/43km-sylhet-sheola-road-dual-carriageway-boost-regional-links-3272246,43Km Sylhet-Sheola Road: Dual carriageway to boost regional links
tuhin-shubhra-adhikary,19,https://www.thedailystar.net/news/bangladesh/transport/news/transport-master-plan-violated-will-3270471,Transport master plan violated at will
tuhin-shubhra-adhikary,19,https://www.thedailystar.net/news/bangladesh/news/brta-set-12-more-vehicle-tracking-stations-3269781,BRTA to set up 12 more vehicle tracking stations
tuhin-shubhra-adhikary,19,https://www.thedailystar.net/news/bangladesh/transport/news/road-crashes-funds-there-victims-yet-get-compensation-3267301,"Road Crashes: Funds there, victims yet to get compensation"
tuhin-shubhra-adhikary,20,https://www.thedailystar.net/news/bangladesh/news/it-should-be-realistic-not-imposed-3264226,"‘It should be realistic, not imposed’"
tuhin-shubhra-adhikary,20,https://www.thedailystar.net/news/bangladesh/transport/news/facilitating-work-metro-gabtoli-terminal-be-relocated-year-and-half-3260736,Facilitating Work of Metro: Gabtoli terminal  to be relocated in  a year and half
tuhin-shubhra-adhikary,20,https://www.thedailystar.net/life-living/travel/news/mixed-reactions-br-starts-implementing-new-ticketing-system-3260221,Mixed reactions as BR starts implementing new ticketing system
tuhin-shubhra-adhikary,20,https://www.thedailystar.net/news/bangladesh/transport/news/mrt-line-5-construction-southern-route-cost-35pc-higher-northern-3258166,Mrt Line-5 Construction: Southern route to cost 35pc higher than northern
tuhin-shubhra-adhikary,20,https://www.thedailystar.net/news/bangladesh/transport/news/mrt-5-northern-route-alignment-rhd-metro-rail-authority-odds-3256396,"Mrt-5 Northern Route Alignment:  RHD, metro rail authority at odds"
tuhin-shubhra-adhikary,20,https://www.thedailystar.net/news/bangladesh/transport/news/casualties-road-crashes-campaigners-question-govts-low-numbers-3246986,Casualties in Road Crashes:  Campaigners question govt’s low numbers
tuhin-shubhra-adhikary,20,https://www.thedailystar.net/news/bangladesh/transport/news/4-key-railway-lines-likely-open-polls-3246086,4 key railway lines likely to open before polls
tuhin-shubhra-adhikary,20,https://www.thedailystar.net/news/bangladesh/transport/news/joydebpur-ishwardi-double-line-not-2028-3245196,Joydebpur-Ishwardi double line not before 2028
tuhin-shubhra-adhikary,20,https://www.thedailystar.net/news/bangladesh/transport/news/concrete-paving-potential-game-changer-road-construction-3241846,Concrete paving: Potential game changer in road construction
tuhin-shubhra-adhikary,20,https://www.thedailystar.net/news/bangladesh/transport/news/no-licence-no-bike-3238281,"No licence, no bike"
tuhin-shubhra-adhikary,20,https://www.thedailystar.net/news/bangladesh/news/fitness-sham-impounded-during-robbery-attempt-vehicle-gets-brta-clearance-3236586,"Fitness sham: Impounded during robbery attempt, vehicle gets BRTA clearance"
tuhin-shubhra-adhikary,20,https://www.thedailystar.net/news/bangladesh/transport/news/bangabandhu-railway-bridge-minister-optimistic-challenges-aplenty-3234711,"Bangabandhu Railway Bridge: Minister optimistic, challenges aplenty"
tuhin-shubhra-adhikary,20,https://www.thedailystar.net/news/bangladesh/news/2-mega-projects-set-kick-3232231,2 mega projects set to kick off
tuhin-shubhra-adhikary,20,https://www.thedailystar.net/news/bangladesh/news/slumber-whirr-machines-3229611,From slumber to whirr of machines
tuhin-shubhra-adhikary,20,https://www.thedailystar.net/news/bangladesh/transport/news/padma-bridge-get-costlier-3225496,Padma Bridge to get costlier
tuhin-shubhra-adhikary,20,https://www.thedailystar.net/news/bangladesh/transport/news/brt-line-3-promises-falling-flat-3223786,BRT line-3: Promises falling flat
tuhin-shubhra-adhikary,20,https://www.thedailystar.net/news/bangladesh/transport/news/underground-metro-rail-construction-starts-jan-26-3222271,Underground metro rail construction starts Jan 26
tuhin-shubhra-adhikary,20,https://www.thedailystar.net/news/bangladesh/transport/news/dhaka-ctg-rail-link-project-cards-build-chord-line-3218606,Dhaka-Ctg Rail Link: Project on cards to build chord line
tuhin-shubhra-adhikary,20,https://www.thedailystar.net/news/bangladesh/news/metro-network-unlikely-2030-3213521,Metro network unlikely by 2030
tuhin-shubhra-adhikary,20,https://www.thedailystar.net/news/bangladesh/news/govt-all-set-jack-fees-vehicles-3211986,Govt all set to jack up fees for vehicles
tuhin-shubhra-adhikary,21,https://www.thedailystar.net/news/bangladesh/transport/news/small-vehicles-shoot-so-do-accidents-3211216,"Small vehicles shoot up, so do accidents"
tuhin-shubhra-adhikary,21,https://www.thedailystar.net/news/bangladesh/transport/news/compensation-death-injury-road-crash-victims-can-now-legally-claim-it-3210396,"Compensation For Death, Injury: Road crash victims can now legally claim it"
tuhin-shubhra-adhikary,21,https://www.thedailystar.net/news/bangladesh/transport/news/metro-rail-opens-public-3208241,Metro rail opens to public
tuhin-shubhra-adhikary,21,https://www.thedailystar.net/special-events/dhaka-metro-rail-opening/news/cant-believe-metro-rail-journey-was-so-smooth-fast-3207941,"‘Can't believe metro rail journey was so smooth, fast’"
tuhin-shubhra-adhikary,21,https://www.thedailystar.net/special-events/dhaka-metro-rail-opening/news/metro-dream-rolls-reality-3207566,Metro dream rolls into reality
tuhin-shubhra-adhikary,21,https://www.thedailystar.net/news/bangladesh/transport/news/metro-moment-finally-here-3206686,Metro moment is finally here
tuhin-shubhra-adhikary,21,https://www.thedailystar.net/special-events/dhaka-metro-rail-opening/news/bangladesh-ushers-new-era-commuting-3206801,Bangladesh ushers in a new era of commuting
tuhin-shubhra-adhikary,21,https://www.thedailystar.net/special-events/dhaka-metro-rail-opening/news/mrt-line-6-twist-and-turns-3206966,MRT Line-6: Twist and turns
tuhin-shubhra-adhikary,21,https://www.thedailystar.net/news/bangladesh/transport/news/dhaka-metro-rail-dmp-ensure-security-until-dedicated-force-formed-3205086,Dhaka Metro Rail: DMP to ensure security until dedicated force formed
tuhin-shubhra-adhikary,21,https://www.thedailystar.net/news/bangladesh/transport/news/metro-rail-tickets-go-sale-after-pms-trip-3199771,Metro Rail: Tickets to go on sale after PM’s trip
tuhin-shubhra-adhikary,21,https://www.thedailystar.net/news/bangladesh/news/50-double-decker-buses-provide-shuttle-service-3198891,50 double-decker buses to provide shuttle service
tuhin-shubhra-adhikary,21,https://www.thedailystar.net/news/bangladesh/transport/news/br-goes-massive-recruitment-3197896,BR goes for massive recruitment
tuhin-shubhra-adhikary,21,https://www.thedailystar.net/news/bangladesh/news/now-100-roads-set-open-3195471,Now 100 roads set to open
tuhin-shubhra-adhikary,21,https://www.thedailystar.net/news/bangladesh/transport/news/bhanga-jashore-benapole-highway-estimated-outlay-jumps-project-approval-3193776,Bhanga-Jashore-Benapole Highway: Estimated outlay jumps before project approval
tuhin-shubhra-adhikary,21,https://www.thedailystar.net/news/bangladesh/transport/news/dhaka-ctg-high-speed-railway-project-china-firm-seeks-build-own-operate-3191901,Dhaka-Ctg high speed railway project: China firm seeks to ‘build-own-operate’
tuhin-shubhra-adhikary,21,https://www.thedailystar.net/news/bangladesh/transport/news/dhk-syl-highway-expansion-rhd-hire-firms-poor-record-3190236,DHK-SYL highway expansion: RHD to hire firms with poor record
tuhin-shubhra-adhikary,21,https://www.thedailystar.net/news/bangladesh/transport/news/manpower-carriage-shortage-br-99-out-361-trains-left-inoperative-3188521,"Manpower, carriage shortage in BR: 99 out of 361 trains left inoperative"
tuhin-shubhra-adhikary,21,https://www.thedailystar.net/news/bangladesh/transport/news/all-behind-schedule-3185741,All behind schedule
tuhin-shubhra-adhikary,21,https://www.thedailystar.net/news/bangladesh/transport/news/dhaka-narayanganj-route-no-rail-operations-3-months-3183076,Dhaka-Narayanganj route: No rail operations for 3 months
tuhin-shubhra-adhikary,21,https://www.thedailystar.net/news/bangladesh/news/br-seeking-more-foreign-funds-projects-3175931,BR seeking more foreign funds for projects
tuhin-shubhra-adhikary,22,https://www.thedailystar.net/news/bangladesh/news/japan-bangladesh-venture-develop-mrt-1-depot-3175071,Japan-Bangladesh venture to develop MRT-1 depot
tuhin-shubhra-adhikary,22,https://www.thedailystar.net/news/bangladesh/news/brtc-bring-all-city-buses-under-e-ticketing-december-3169581,BRTC to bring all city buses under e-ticketing by December
tuhin-shubhra-adhikary,22,https://www.thedailystar.net/news/bangladesh/transport/news/road-safety-council-meeting-bike-ban-highways-action-plan-agenda-3168821,"NRSC meeting: Bike ban on highways, action plan on agenda"
tuhin-shubhra-adhikary,22,https://www.thedailystar.net/news/bangladesh/news/coordinated-speed-limits-all-major-roads-3168681,Coordinated speed limits for all major roads
tuhin-shubhra-adhikary,22,https://www.thedailystar.net/news/bangladesh/transport/news/brt-line-3-operation-people-have-wait-least-another-year-3162306,BRT line-3 operation: Wait extends by at least another year
tuhin-shubhra-adhikary,22,https://www.thedailystar.net/news/bangladesh/transport/news/paying-attention-timely-need-3159296,Paying attention to a timely need
tuhin-shubhra-adhikary,22,https://www.thedailystar.net/news/bangladesh/transport/news/new-addition-promote-tourism-3158396,A new addition to promote tourism
tuhin-shubhra-adhikary,22,https://www.thedailystar.net/news/bangladesh/transport/news/panchagarh-now-the-rail-capital-3157296,Panchagarh now the rail capital!
tuhin-shubhra-adhikary,22,https://www.thedailystar.net/news/bangladesh/news/brtc-provide-shuttle-services-passengers-3156581,Metro rail: BRTC to provide shuttle services for passengers
tuhin-shubhra-adhikary,22,https://www.thedailystar.net/news/bangladesh/transport/news/how-many-meetings-till-things-change-3153231,How many meetings till things change?
tuhin-shubhra-adhikary,22,https://www.thedailystar.net/news/bangladesh/accidents-fires/news/deaths-rising-roads-3148751,Deaths rising on roads
tuhin-shubhra-adhikary,22,https://www.thedailystar.net/news/bangladesh/transport/news/vehicles-seeking-fitness-clearance-drops-7-year-low-3147071,Vehicles seeking fitness clearance drops to a 7-year low
tuhin-shubhra-adhikary,22,https://www.thedailystar.net/news/bangladesh/transport/news/100-new-bridges-opening-once-3146286,100 new bridges opening at once
tuhin-shubhra-adhikary,22,https://www.thedailystar.net/news/bangladesh/transport/news/first-underground-metro-work-finally-starts-dec-3144446,First underground metro: Work finally starts in Dec
tuhin-shubhra-adhikary,22,https://www.thedailystar.net/news/bangladesh/transport/news/will-dhaka-finally-be-free-faulty-buses-3143856,Will Dhaka finally be free of faulty buses?
tuhin-shubhra-adhikary,22,https://www.thedailystar.net/news/bangladesh/transport/news/dhaka-joydebpur-rail-expansion-3yr-project-now-take-15-cost-four-times-more-3142206,Dhaka-Joydebpur rail expansion: 3yr project now to take 15; cost rises fourfold
tuhin-shubhra-adhikary,22,https://www.thedailystar.net/news/bangladesh/news/100-buses-2-more-routes-tomorrow-3140526,Nagar Paribahan: 100 buses on 2 more routes from tomorrow
tuhin-shubhra-adhikary,22,https://www.thedailystar.net/news/bangladesh/transport/news/third-shitalakkhya-bridge-opens-tomorrow-3138401,Third shitalakkhya bridge: 3-year project finally done in 12 years
tuhin-shubhra-adhikary,22,https://www.thedailystar.net/news/bangladesh/transport/news/bhanga-benapole-highway-smoother-link-not-so-soon-3137711,Bhanga-Benapole highway: Smoother link not so soon
tuhin-shubhra-adhikary,22,https://www.thedailystar.net/news/bangladesh/development/news/modhumoti-3rd-shitalakhhya-bridges-improve-communication-and-beyond-3136661,"Modhumoti, 3rd Shitalakhhya bridges to improve internal road link and beyond"
tuhin-shubhra-adhikary,23,https://www.thedailystar.net/news/bangladesh/transport/news/mrt-2-physical-work-funding-setback-may-delay-the-start-3135956,MRT-2 physical work: Funding setback may delay the start
tuhin-shubhra-adhikary,23,https://www.thedailystar.net/news/bangladesh/news/dhaka-sylhet-4-lane-highway-physical-work-set-begin-after-7-years-3130581,Dhaka-Sylhet 4-lane highway: Physical work set to begin after 7 years
tuhin-shubhra-adhikary,23,https://www.thedailystar.net/news/bangladesh/transport/news/trade-india-rail-can-rev-it-3129636,Rail can rev up trade with India
tuhin-shubhra-adhikary,23,https://www.thedailystar.net/news/bangladesh/news/all-expenses-paid-mp-aide-going-abroad-inspect-road-equipment-3128031,"All expenses paid: MP, aide going abroad to inspect road equipment"
tuhin-shubhra-adhikary,23,https://www.thedailystar.net/news/bangladesh/transport/news/brt-construction-work-resumes-3116946,BRT construction work resumes
tuhin-shubhra-adhikary,23,https://www.thedailystar.net/news/bangladesh/news/first-rest-spot-truckers-almost-ready-3116116,First rest areas for truckers almost ready
tuhin-shubhra-adhikary,23,https://www.thedailystar.net/news/bangladesh/transport/news/br-again-seeks-locomotives-india-3113721,BR again seeks locomotives from India
tuhin-shubhra-adhikary,23,https://www.thedailystar.net/news/bangladesh/accidents-fires/news/bus-crash-kills-8-exposes-irregularities-3111896,"Bus crash kills 8, exposes irregularities"
tuhin-shubhra-adhikary,23,https://www.thedailystar.net/news/bangladesh/transport/news/safety-brt-line-3-tk-557cr-goes-down-the-drain-3111051,Ensuring safety at BRT Line-3: Planning Commission questions implementing agency’s role
tuhin-shubhra-adhikary,23,https://www.thedailystar.net/news/bangladesh/transport/news/khulna-mongla-rail-line-not-opening-year-3106256,Khulna-Mongla rail line: Not opening this year
tuhin-shubhra-adhikary,23,https://www.thedailystar.net/news/bangladesh/news/project-buy-carriages-after-6-years-it-now-needs-fresh-start-3105456,"Project to buy carriages: After 6 years, it now needs a fresh start"
tuhin-shubhra-adhikary,23,https://www.thedailystar.net/news/bangladesh/transport/news/brt-set-miss-new-deadline-3103876,BRT set to miss new deadline
tuhin-shubhra-adhikary,23,https://www.thedailystar.net/news/bangladesh/transport/news/2-railway-projects-consultants-come-4-months-deadlines-expire-3103231,2 Railway projects: Consultants come 4 months before deadlines end
tuhin-shubhra-adhikary,23,https://www.thedailystar.net/news/bangladesh/development/news/8th-bangladesh-china-friendship-bridge-pirojpur-set-open-sep-4-3102981,8th Bangladesh-China Friendship Bridge in Pirojpur to open on Sep 4
tuhin-shubhra-adhikary,23,https://www.thedailystar.net/news/bangladesh/transport/news/illegal-rail-crossings-mushrooming-despite-rising-fatalities-3100121,Illegal rail crossings: Mushrooming despite rising fatalities
tuhin-shubhra-adhikary,23,https://www.thedailystar.net/news/bangladesh/news/dhaka-jashore-rail-project-hits-snag-3099596,Dhaka-Jashore rail project hits a snag
tuhin-shubhra-adhikary,23,https://www.thedailystar.net/news/bangladesh/transport/news/safety-issues-focus-last-3098071,"Safety issues in focus, at last"
tuhin-shubhra-adhikary,23,https://www.thedailystar.net/news/bangladesh/accidents-fires/news/top-officials-asked-explain-girder-accident-3097381,Top officials asked to explain girder accident
tuhin-shubhra-adhikary,23,https://www.thedailystar.net/news/bangladesh/accidents-fires/news/work-brt-halted-3096516,Work of BRT project halted
tuhin-shubhra-adhikary,23,https://www.thedailystar.net/news/bangladesh/accidents-fires/news/festivity-turns-tragic-newly-weds-involved-crash-their-fate-still-unknown-3095696,Festivity turns tragic as newly-weds end up in hospital following fatal crash
tuhin-shubhra-adhikary,24,https://www.thedailystar.net/news/bangladesh/transport/news/safe-level-crossings-br-lged-asked-give-suggestions-september-30-3092911,"Safe Level Crossings: BR, LGED asked to give suggestions by September 30"
tuhin-shubhra-adhikary,24,https://www.thedailystar.net/news/bangladesh/transport/news/operation-cost-rises-70-says-bus-owners-send-letter-re-adjusting-fare-3089036,"Operation cost rises by 70%, say bus owners; want fare readjusted"
tuhin-shubhra-adhikary,24,https://www.thedailystar.net/news/bangladesh/transport/news/negotiations-resume-after-erd-intervention-3084491,Akhaura-Sylhet rail project: Negotiations resume after ERD intervention
tuhin-shubhra-adhikary,24,https://www.thedailystar.net/news/bangladesh/transport/news/road-safety-movement-four-years-road-fatalities-keep-rising-3082106,"Road safety movement: Four years on, road fatalities keep rising"
tuhin-shubhra-adhikary,24,https://www.thedailystar.net/news/bangladesh/crime-justice/news/killer-truck-gets-fitness-impound-without-inspection-3077601,Fitness farce
tuhin-shubhra-adhikary,24,https://www.thedailystar.net/news/bangladesh/news/1543-govt-projects-over-third-missed-deadline-last-fiscal-year-3075391,"Over a third of 1,543 govt projects missed deadline last fiscal"
tuhin-shubhra-adhikary,24,https://www.thedailystar.net/news/bangladesh/news/wait-brt-service-gets-longer-3073866,Dhaka Bus Rapid Transit likely to be functional from July 2023
tuhin-shubhra-adhikary,24,https://www.thedailystar.net/news/bangladesh/transport/news/metro-now-set-cost-50pc-more-3072816,Dhaka Metro Rail now set to cost 50% more
tuhin-shubhra-adhikary,24,https://www.thedailystar.net/news/bangladesh/transport/news/pmo-steps-find-ways-ease-tailback-3072001,PMO steps in to find ways to ease tailback
tuhin-shubhra-adhikary,24,https://www.thedailystar.net/news/bangladesh/transport/news/china-proposes-10-projects-all-br-3070426,China looks to invest more in Bangladesh Railway
tuhin-shubhra-adhikary,24,https://www.thedailystar.net/news/bangladesh/transport/news/eid-journeys-unfit-vehicles-crashes-caused-the-most-pain-3068881,"Eid journeys: Unfit vehicles, crashes caused the most pain"
tuhin-shubhra-adhikary,24,https://www.thedailystar.net/news/bangladesh/transport/news/three-new-bridges-usher-new-hope-3068826,Three new bridges usher in new hope
tuhin-shubhra-adhikary,24,https://www.thedailystar.net/news/bangladesh/transport/news/journey-south-easier-north-still-hassle-3066521,"Journey south easier, north still a hassle"
tuhin-shubhra-adhikary,24,https://www.thedailystar.net/news/bangladesh/transport/news/bhulta-flyover-poor-planning-jacked-cost-47-percent-3064751,Bhulta Flyover: Poor planning jacked up cost by 47%
tuhin-shubhra-adhikary,24,https://www.thedailystar.net/nrb/departure-arrival/airlines-more/news/hsia-airport-station-govt-plans-underpass-travellers-3063931,HSIA to Airport Station: Govt plans ‘underpass’ for travellers
tuhin-shubhra-adhikary,24,https://www.thedailystar.net/news/bangladesh/transport/news/china-wants-build-dhaka-ctg-expressway-3062921,China wants to build Dhaka-Ctg expressway
tuhin-shubhra-adhikary,24,https://www.thedailystar.net/news/bangladesh/transport/news/dhaka-mawa-bhanga-tollway-manual-system-proving-be-nuisance-3062101,"Dhaka-Mawa-Bhanga tollway: Modern road, manual operation"
tuhin-shubhra-adhikary,24,https://www.thedailystar.net/news/bangladesh/transport/news/staying-kamalapur-station-buy-advance-train-tickets-3061876,Staying a day at Kamalapur station to buy advance tickets
tuhin-shubhra-adhikary,24,https://www.thedailystar.net/news/bangladesh/transport/news/brta-directs-ride-sharing-apps-not-allow-bikes-long-routes-eid-3060631,BRTA directs ride-sharing apps to not allow bikes on long-routes before Eid
tuhin-shubhra-adhikary,24,https://www.thedailystar.net/news/bangladesh/transport/news/bus-fare-15-routes-dhaka-mawa-bhanga-expressway-go-3060461,Bus fare on 15 routes via Dhaka-Mawa Expressway to go up from tomorrow
tuhin-shubhra-adhikary,25,https://www.thedailystar.net/news/bangladesh/transport/news/toll-use-dhaka-mawa-bhanga-expressway-july-1-3057716,Toll on Dhaka-Mawa-Bhanga Expressway from July 1
tuhin-shubhra-adhikary,25,https://www.thedailystar.net/news/bangladesh/transport/news/home-never-felt-so-close-3057081,‘Home never felt so close’
tuhin-shubhra-adhikary,25,https://www.thedailystar.net/news/bangladesh/transport/news/she-has-done-it-3056281,She’s done it!
tuhin-shubhra-adhikary,25,https://www.thedailystar.net/news/bangladesh/transport/news/the-man-who-steered-project-thru-tough-times-3055636,The man who steered Padma Bridge project through tough times
tuhin-shubhra-adhikary,25,https://www.thedailystar.net/news/bangladesh/transport/news/new-dawn-bangladesh-3055651,A new dawn for Bangladesh
tuhin-shubhra-adhikary,25,https://www.thedailystar.net/supplements/the-daily-star-plus-padma-bridge/news/massive-shot-railways-arm-3055781,Massive shot in railway’s arm
tuhin-shubhra-adhikary,25,https://www.thedailystar.net/news/bangladesh/transport/news/leap-asian-connectivity-3054961,Padma Bridge: A leap for Asian connectivity
tuhin-shubhra-adhikary,25,https://www.thedailystar.net/news/bangladesh/transport/news/natl-highways-should-be-limits-bikes-3051516,Nat’l highways should be off limits to bikes
tuhin-shubhra-adhikary,25,https://www.thedailystar.net/news/bangladesh/news/all-set-grand-opening-3051731,All set for grand opening
tuhin-shubhra-adhikary,25,https://www.thedailystar.net/environment/climate-crisis/natural-disaster/news/communication-sylhet-air-rail-gone-road-can-go-days-3050591,"Communication with Sylhet: Air, rail gone, road too may go soon"
tuhin-shubhra-adhikary,25,https://www.thedailystar.net/news/bangladesh/transport/news/bus-operators-expanding-services-southwest-3049246,Bus operators expanding services in southwest
tuhin-shubhra-adhikary,25,https://www.thedailystar.net/news/bangladesh/transport/news/2100km-roads-need-repair-3048706,"2,100km roads in need of repair"
tuhin-shubhra-adhikary,25,https://www.thedailystar.net/news/bangladesh/news/tk-2000cr-needed-new-rail-link-3047681,"Tk 2,000cr needed for new rail link"
tuhin-shubhra-adhikary,25,https://www.thedailystar.net/news/bangladesh/news/projects-delay-poor-preparations-coordination-3046631,"Projects delayed for poor preparations, coordination"
tuhin-shubhra-adhikary,25,https://www.thedailystar.net/news/bangladesh/news/trifecta-disaster-3045211,A trifecta of disaster
tuhin-shubhra-adhikary,25,https://www.thedailystar.net/business/economy/national-budget/news/mega-projects-start-giving-dividends-3043891,Fast-Track Projects: Debt repayment a worry now
tuhin-shubhra-adhikary,25,https://www.thedailystar.net/news/bangladesh/transport/news/high-speed-rail-network-china-seeks-mou-asap-3041786,High-speed rail network: China seeks MoU ASAP
tuhin-shubhra-adhikary,25,https://www.thedailystar.net/news/bangladesh/news/centralised-toll-system-the-offing-3042051,Centralised toll system in the offing
tuhin-shubhra-adhikary,25,https://www.thedailystar.net/news/bangladesh/news/brta-get-96-new-staffers-against-demand-2284-3041221,"BRTA to get 96 new staffers against demand for 2,282"
tuhin-shubhra-adhikary,25,https://www.thedailystar.net/news/bangladesh/transport/news/running-behind-schedule-3038376,Running behind schedule
tuhin-shubhra-adhikary,26,https://www.thedailystar.net/news/bangladesh/news/seeing-padma-bridge-father-fulfils-bedridden-sons-wish-3037471,Seeing Padma bridge: Father fulfils bedridden son’s wish
tuhin-shubhra-adhikary,26,https://www.thedailystar.net/news/bangladesh/transport/news/rail-transit-india-both-railways-agree-work-one-route-3036281,Rail transit for India thru’ Bangladesh: Railways of 2 countries to work on one route
tuhin-shubhra-adhikary,26,https://www.thedailystar.net/news/bangladesh/news/bangladesh-india-bus-service-likely-resume-june-10-3036506,Bangladesh-India bus service likely to resume June 10
tuhin-shubhra-adhikary,26,https://www.thedailystar.net/news/bangladesh/news/tk-717cr-toll-collection-maintenance-3036521,"Tk 717cr for toll collection, maintenance"
tuhin-shubhra-adhikary,26,https://www.thedailystar.net/news/bangladesh/transport/news/dhaka-mawa-bhanga-expressway-higher-toll-proposed-3035641,"Dhaka-Mawa-Bhanga Expressway: Higher toll proposed, collection from July 1"
tuhin-shubhra-adhikary,26,https://www.thedailystar.net/news/bangladesh/transport/news/new-rail-line-link-manikganj-dhaka-3032961,New rail line to link Manikganj to Dhaka
tuhin-shubhra-adhikary,26,https://www.thedailystar.net/news/bangladesh/transport/news/dhaka-ashulia-elevated-expressway-time-cost-gallop-even-work-starts-3031881,"Dhaka-Ashulia elevated expressway: Time, cost gallop even before work starts"
tuhin-shubhra-adhikary,26,https://www.thedailystar.net/news/bangladesh/transport/news/railway-research-dev-centre-chinese-firm-wants-joint-venture-br-3027341,"Railway research, dev centre: Chinese firm wants joint venture"
tuhin-shubhra-adhikary,26,https://www.thedailystar.net/news/bangladesh/transport/news/lockdown-china-hurting-3-mega-projects-3025776,Lockdown in China hurting 3 mega projects
tuhin-shubhra-adhikary,26,https://www.thedailystar.net/news/bangladesh/transport/news/introduce-new-app-eid-3022396,Railway e-ticket vendors asked to introduce new app before Eid
tuhin-shubhra-adhikary,26,https://www.thedailystar.net/news/bangladesh/transport/news/go-slow-subway-plan-3021671,Govt 'going slow' with subway plan
tuhin-shubhra-adhikary,26,https://www.thedailystar.net/news/bangladesh/news/welcome-change-3021021,A welcome change
tuhin-shubhra-adhikary,26,https://www.thedailystar.net/news/bangladesh/news/boom-unlicensed-bikers-3020251,Boom of unlicensed bikers
tuhin-shubhra-adhikary,26,https://www.thedailystar.net/news/bangladesh/transport/news/rail-projects-derailed-3017901,Rail projects derailed: 14 likely to miss deadline
tuhin-shubhra-adhikary,26,https://www.thedailystar.net/news/bangladesh/news/offshore-smart-city-self-serving-dubious-initiative-3014621,Offshore Smart City: Can a parliamentary committee recommend a project to PM without due diligence?
tuhin-shubhra-adhikary,26,https://www.thedailystar.net/news/bangladesh/transport/news/eid-home-rush-bottlenecks-look-ominous-3013126,Eid home rush: Bottlenecks look ominous
tuhin-shubhra-adhikary,26,https://www.thedailystar.net/news/bangladesh/transport/news/the-future-almost-here-3009931,A peek into Uttara north metro rail station
tuhin-shubhra-adhikary,26,https://www.thedailystar.net/news/bangladesh/news/effort-ensure-efficiency-3003891,An effort to ensure efficiency
tuhin-shubhra-adhikary,26,https://www.thedailystar.net/news/bangladesh/news/no-decision-yet-3002476,Fixing fare for Dhaka metro rail: No decision yet
tuhin-shubhra-adhikary,26,https://www.thedailystar.net/news/bangladesh/transport/news/eid-during-covid-lulll-will-the-highways-be-ready-3001516,Eid during covid lull: Will the highways be ready?
tuhin-shubhra-adhikary,27,https://www.thedailystar.net/news/bangladesh/transport/news/gridlock-dhaka-nabinagar-highway-errant-bus-drivers-blame-3001096,Gridlock on Dhaka-Nabinagar highway: Errant bus  drivers  to blame
tuhin-shubhra-adhikary,27,https://www.thedailystar.net/news/bangladesh/transport/news/highway-management-set-improve-3000696,RHD to introduce country’s 1st road operation unit: Highway management set to improve
tuhin-shubhra-adhikary,27,https://www.thedailystar.net/news/bangladesh/transport/news/akhaura-agartala-link-series-never-ending-delays-2999761,Akhaura-Agartala Link: A series of never-ending delays
tuhin-shubhra-adhikary,27,https://www.thedailystar.net/news/bangladesh/transport/news/small-vehicles-big-problems-2998301,"Major reason for traffic jams? 70% registered vehicles in Dhaka motorbikes, pvt cars"
tuhin-shubhra-adhikary,27,https://www.thedailystar.net/news/bangladesh/news/new-rail-line-link-shariatpur-2997461,New rail line to link Shariatpur
tuhin-shubhra-adhikary,27,https://www.thedailystar.net/news/bangladesh/news/still-no-new-action-plan-road-safety-2996736,Still no new action plan for road safety
tuhin-shubhra-adhikary,27,https://www.thedailystar.net/news/bangladesh/news/44-rhd-projects-only-three-the-track-2995766,44 RHD projects: Only three on track
tuhin-shubhra-adhikary,27,https://www.thedailystar.net/news/bangladesh/transport/news/dhaka-ctg-connectivity-plans-going-nowhere-govt-keeps-flip-flopping-2995081,Dhaka-ctg connectivity plans: Going nowhere as govt keeps flip-flopping
tuhin-shubhra-adhikary,27,https://www.thedailystar.net/news/bangladesh/news/highways-set-get-smart-2992926,Highways set to get ‘smart’
tuhin-shubhra-adhikary,27,https://www.thedailystar.net/news/bangladesh/news/two-agencies-similar-work-2991441,Two agencies for similar work
tuhin-shubhra-adhikary,27,https://www.thedailystar.net/news/bangladesh/transport/news/tk-24cr-project-explore-electric-train-service-2989326,Tk 24cr project to explore electric train service
tuhin-shubhra-adhikary,27,https://www.thedailystar.net/news/bangladesh/transport/news/new-law-cards-2988511,Bus franchising system: New law on cards
tuhin-shubhra-adhikary,27,https://www.thedailystar.net/news/bangladesh/accidents-fires/news/accidents-waterways-numbers-casualties-continue-rise-2987666,"Accidents on waterways: Numbers, casualties continue to rise"
tuhin-shubhra-adhikary,27,https://www.thedailystar.net/news/bangladesh/news/any-means-necessary-2986451,BRT Line-3: By any means necessary
tuhin-shubhra-adhikary,27,https://www.thedailystar.net/news/bangladesh/transport/news/ambulance-service-trains-2985586,Railway to add 4 ambulance sleeper cars for the first time
tuhin-shubhra-adhikary,27,https://www.thedailystar.net/news/bangladesh/transport/news/mitali-express-may-begin-journey-month-2984556,Mitali Express may begin  journey this month
tuhin-shubhra-adhikary,27,https://www.thedailystar.net/news/bangladesh/news/adb-speeding-5-major-rhd-projects-2984031,Five upcoming RHD projects: ADB for speeding up preparatory works
tuhin-shubhra-adhikary,27,https://www.thedailystar.net/news/bangladesh/news/brs-struggle-continues-2983171,ADB uninterested in financing Bangladesh Railway’s procurement of 70 locomotives
tuhin-shubhra-adhikary,27,https://www.thedailystar.net/news/bangladesh/news/br-turns-adb-loans-again-2982476,Bangladesh Railway turns to ADB for loans again
tuhin-shubhra-adhikary,27,https://www.thedailystar.net/news/bangladesh/news/delays-rising-costs-show-no-sign-going-away-2981691,9 out of 12 ADB-funded transport sector projects revised; physical work of rest hasn't started
tuhin-shubhra-adhikary,28,https://www.thedailystar.net/news/bangladesh/development/news/scarcity-stones-hampering-rhd-projects-2980256,Scarcity of stones hampering RHD projects
tuhin-shubhra-adhikary,28,https://www.thedailystar.net/news/bangladesh/news/still-distant-dream-2978031,Women-friendly Public Transport in Dhaka: Still a distant dream
tuhin-shubhra-adhikary,28,https://www.thedailystar.net/news/bangladesh/news/tale-never-ending-deadlines-2977336,Bangladesh Railway's tale of never-ending deadlines
tuhin-shubhra-adhikary,28,https://www.thedailystar.net/news/bangladesh/accidents-fires/news/victims-administrative-topsy-turvy-2976636,Victims of administrative topsy-turvy
tuhin-shubhra-adhikary,28,https://www.thedailystar.net/news/bangladesh/transport/news/russia-keen-funding-three-rail-projects-2974341,Russia keen on funding  three rail projects
tuhin-shubhra-adhikary,28,https://www.thedailystar.net/news/bangladesh/transport/news/will-strict-measures-work-time-2974546,Will strict measures work this time?
tuhin-shubhra-adhikary,28,https://www.thedailystar.net/news/bangladesh/news/brta-sit-stakeholders-2973821,Road safety: BRTA to sit with stakeholders
tuhin-shubhra-adhikary,28,https://www.thedailystar.net/news/bangladesh/news/watch-out-these-20-zones-2972996,"What are the most accident-prone intersections, mid-blocks in Dhaka?"
tuhin-shubhra-adhikary,28,https://www.thedailystar.net/news/bangladesh/accidents-fires/news/are-they-above-the-law-2971461,Drivers often get nabbed while vehicle owners go scot-free after accidents
tuhin-shubhra-adhikary,28,https://www.thedailystar.net/business/economy/news/fast-track-projects-lag-making-info-public-2970111,Fast-track projects lag in making info public
tuhin-shubhra-adhikary,28,https://www.thedailystar.net/news/bangladesh/transport/news/bangladesh-railway-loss-continues-poor-show-too-2968916,Bangladesh railway: Losses and poor show continue
tuhin-shubhra-adhikary,28,https://www.thedailystar.net/news/bangladesh/transport/news/chinese-proposal-ctg-metro-rail-return-stake-smart-city-2968136,Chinese proposal for CTG: Metro rail in return for stake in ‘smart city’
tuhin-shubhra-adhikary,28,https://www.thedailystar.net/news/bangladesh/transport/news/unfit-vehicles-5-lakh-still-road-2962921,Unfit vehicles: 5 lakh still on the road
tuhin-shubhra-adhikary,28,https://www.thedailystar.net/business/economy/industries/ports-and-shipping/news/saif-powertec-invests-tk-1600cr-build-jetty-mongla-port-2962156,"Saif Powertec invests Tk 1,600cr  to build jetty at Mongla port"
tuhin-shubhra-adhikary,28,https://www.thedailystar.net/news/bangladesh/news/meetings-go-nothing-changes-2960676,"Meetings go on, nothing changes"
tuhin-shubhra-adhikary,28,https://www.thedailystar.net/news/bangladesh/news/they-want-it-they-get-it-2958381,DCs to oversee dev projects at district level
tuhin-shubhra-adhikary,28,https://www.thedailystar.net/news/bangladesh/crime-justice/news/the-road-3-years-illegally-2958411,On the road for 3 years illegally
tuhin-shubhra-adhikary,28,https://www.thedailystar.net/news/bangladesh/news/jhenaidah-jashore-highway-expansion-project-gains-pace-after-pms-ire-2952346,"Jhenaidah-Jashore highway expansion: Good start, but end still afar"
tuhin-shubhra-adhikary,28,https://www.thedailystar.net/news/bangladesh/news/professional-driving-licence-dope-tests-begin-today-hospitals-not-ready-2949991,Professional driving licence: Dope tests begin today; hospitals not ready yet
tuhin-shubhra-adhikary,28,https://www.thedailystar.net/news/bangladesh/transport/news/brs-poor-show-yet-again-2949381,BR’s poor show yet again
tuhin-shubhra-adhikary,29,https://www.thedailystar.net/weekend-read/news/how-be-vc-2949671,HOW TO BE A VC
tuhin-shubhra-adhikary,29,https://www.thedailystar.net/news/bangladesh/transport/news/metro-rail-milestone-2947316,Metro rail milestone: Entire 20.10km viaduct to be completed this month
tuhin-shubhra-adhikary,29,https://www.thedailystar.net/news/bangladesh/news/poor-data-frustrates-road-safety-measures-2945701,Poor data frustrates  road safety measures
tuhin-shubhra-adhikary,29,https://www.thedailystar.net/news/bangladesh/accidents-fires/news/road-crash-fatalities-jump-30pc-2943661,Road crash fatalities leap by 30 percent
tuhin-shubhra-adhikary,29,https://www.thedailystar.net/health/disease/coronavirus/fallouts-fightback/vaccine/news/vaccination-transport-workers-special-vaccination-drive-capital-today-2942056,For Transport Workers: Special vaccine drive in capital from today
tuhin-shubhra-adhikary,29,https://www.thedailystar.net/news/bangladesh/transport/news/buses-half-capacity-transport-lobby-prevails-again-2941236,Buses at half capacity: Transport lobby prevails again
tuhin-shubhra-adhikary,29,https://www.thedailystar.net/news/bangladesh/transport/news/rhd-road-safety-division-dropped-when-needed-most-2937966,Rhd road safety division: Dropped when needed most?
tuhin-shubhra-adhikary,29,https://www.thedailystar.net/news/bangladesh/transport/news/transport-half-capacity-owners-lobbying-get-order-withdrawn-2938021,Transport at half-capacity: Owners lobbying to get order withdrawn
tuhin-shubhra-adhikary,29,https://www.thedailystar.net/news/bangladesh/transport/news/metro-be-costlier-padma-bridge-2937196,Metro to be costlier than Padma bridge
tuhin-shubhra-adhikary,29,https://www.thedailystar.net/news/bangladesh/transport/news/bus-launch-fares-likely-go-2936516,"Bus, launch fares likely to go up"
tuhin-shubhra-adhikary,29,https://www.thedailystar.net/news/bangladesh/news/3-wheeler-accidents-triple-year-2936096,3-wheeler accidents triple in a year
tuhin-shubhra-adhikary,29,https://www.thedailystar.net/news/bangladesh/news/bike-numbers-risk-rising-2933936,"Bike numbers, risk rising"
tuhin-shubhra-adhikary,29,https://www.thedailystar.net/news/bangladesh/news/alternative-gateway-dhaka-2933516,An alternative gateway to Dhaka
tuhin-shubhra-adhikary,29,https://www.thedailystar.net/news/bangladesh/news/miles-forward-2932511,Miles forward
tuhin-shubhra-adhikary,29,https://www.thedailystar.net/news/bangladesh/accidents-fires/news/probe-committee-mv-abhijan-fire-recommends-abolishment-rotation-system-2932771,Probe committee on MV Abhijan fire recommends abolishment of ‘rotation system’
tuhin-shubhra-adhikary,29,https://www.thedailystar.net/news/bangladesh/accidents-fires/news/all-stakeholders-blame-probe-2931646,Abhijan-10 Launch Fire: Neglect of duty at every step
tuhin-shubhra-adhikary,29,https://www.thedailystar.net/news/bangladesh/news/road-safety-management-barely-held-accountable-2930916,Road safety management barely held accountable
tuhin-shubhra-adhikary,29,https://www.thedailystar.net/news/bangladesh/transport/news/another-rail-project-taking-forever-2927621,Another rail project taking forever
tuhin-shubhra-adhikary,29,https://www.thedailystar.net/news/bangladesh/transport/news/transport-sector-authorities-each-tragedy-exposes-their-incompetence-2926156,Transport Sector Authorities: Each tragedy exposes their incompetence
tuhin-shubhra-adhikary,29,https://www.thedailystar.net/news/bangladesh/accidents-fires/news/launch-fire-sugandha-river-everything-they-did-was-wrong-2925456,Launch Fire on Sugandha River: Everything they did  was wrong
tuhin-shubhra-adhikary,30,https://www.thedailystar.net/news/bangladesh/transport/news/akhaura-agartala-rail-link-project-another-deadline-likely-be-missed-2922711,Akhaura-Agartala Rail Link Project: Another deadline likely to be missed
tuhin-shubhra-adhikary,30,https://www.thedailystar.net/news/bangladesh/transport/news/licences-heavier-vehicles-another-win-transport-leaders-2921611,Licences for Heavier Vehicles: Another win for transport leaders
tuhin-shubhra-adhikary,30,https://www.thedailystar.net/news/bangladesh/news/ambitious-project-cut-travel-time-and-cost-2920041,RHD project to cut travel time and cost
tuhin-shubhra-adhikary,30,https://www.thedailystar.net/news/bangladesh/transport/news/faridpur-magura-rail-link-delayed-start-result-obvious-2916786,"Faridpur-Magura Rail Link: Delayed start, result obvious"
tuhin-shubhra-adhikary,30,https://www.thedailystar.net/news/bangladesh/news/better-hospitality-the-cards-2916316,Better hospitality on the cards?
tuhin-shubhra-adhikary,30,https://www.thedailystar.net/news/bangladesh/transport/news/br-seeks-funds-russia-5-projects-2915161,BR seeks funds from Russia for 5 projects
tuhin-shubhra-adhikary,30,https://www.thedailystar.net/news/bangladesh/crime-justice/news/buet-student-abrar-murder-verdict-20-students-get-death-2913011,BUET student abrar murder verdict: 20 students get death
tuhin-shubhra-adhikary,30,https://www.thedailystar.net/news/bangladesh/politics/news/al-spot-bother-2912086,AL in a spot of bother
tuhin-shubhra-adhikary,30,https://www.thedailystar.net/business/economy/news/govt-readies-rules-pave-way-electric-vehicles-2912346,Govt readies rules to pave way for electric vehicles
tuhin-shubhra-adhikary,30,https://www.thedailystar.net/news/bangladesh/transport/news/ctg-coxs-bazar-rail-link-meeting-target-major-challenge-2909016,Ctg-Cox’s Bazar Rail Link: Meeting target major challenge
tuhin-shubhra-adhikary,30,https://www.thedailystar.net/news/bangladesh/transport/news/regulating-public-transport-going-bad-worse-2908396,Regulating Public Transport: Going from bad to worse
tuhin-shubhra-adhikary,30,https://www.thedailystar.net/news/bangladesh/accidents-fires/news/danger-road-guaranteed-2902906,Danger on road guaranteed
tuhin-shubhra-adhikary,30,https://www.thedailystar.net/news/bangladesh/transport/news/bangladesh-railway-covid-hits-hard-losses-pile-2901171,"Bangladesh Railway: Covid strikes hard, losses pile up"
tuhin-shubhra-adhikary,30,https://www.thedailystar.net/news/bangladesh/news/subway-the-works-2900646,Subway in the works
tuhin-shubhra-adhikary,30,https://www.thedailystar.net/news/bangladesh/news/railway-search-investors-2235761,Railway in search for investors
tuhin-shubhra-adhikary,30,https://www.thedailystar.net/news/bangladesh/news/foreign-trip-spree-amid-pandemic-2234641,Foreign trip spree amid pandemic
tuhin-shubhra-adhikary,30,https://www.thedailystar.net/news/bangladesh/news/they-knew-all-along-2229466,They knew all along
tuhin-shubhra-adhikary,30,https://www.thedailystar.net/news/bangladesh/transport/news/railway-seek-expert-opinion-2227836,Installing tracks on Padma Bridge: Railway to seek expert opinion
tuhin-shubhra-adhikary,30,https://www.thedailystar.net/news/bangladesh/transport/news/unregulated-three-wheelers-banned-both-natl-regional-highways-2225991,"Regulating Three-Wheelers: Banned on nat’l, regional highways"
tuhin-shubhra-adhikary,30,https://www.thedailystar.net/news/bangladesh/transport/news/bus-fare-hike-dhaka-ctg-paper-28pc-reality-50pc-2225061,"Bus Fare Hike In Dhaka, Ctg: On paper 28pc on roads 50PC"
tuhin-shubhra-adhikary,31,https://www.thedailystar.net/news/bangladesh/transport/news/public-burden-even-heavier-2224346,Public burden heavier now
tuhin-shubhra-adhikary,31,https://www.thedailystar.net/news/bangladesh/news/transport-strike-sufferings-slow-govt-response-2223686,Transport Strike: Sufferings on for slow govt response
tuhin-shubhra-adhikary,31,https://www.thedailystar.net/news/bangladesh/news/impact-fuel-price-hikeliving-now-even-harsher-poor-2222276,Impact of Fuel Price Hike: Living now even harsher for poor
tuhin-shubhra-adhikary,31,https://www.thedailystar.net/news/bangladesh/news/worth-the-investment-2220981,Dhaka circular rail: Worth the investment?
tuhin-shubhra-adhikary,31,https://www.thedailystar.net/news/bangladesh/transport/news/financing-2-railway-projects-after-china-spurns-govt-options-2210951,"Financing 2 Railway Projects: After China spurns, govt up for options"
tuhin-shubhra-adhikary,31,https://www.thedailystar.net/news/bangladesh/transport/news/electric-train-service-nganj-dhaka-ctg-route-finally-the-right-track-2209076,Electric Train Service on N’ganj-Dhaka-Ctg Route: Finally on the right track
tuhin-shubhra-adhikary,31,https://www.thedailystar.net/news/bangladesh/transport/news/railway-projects-feasibility-study-starting-point-cascading-delay-2207986,Railway Projects’ Feasibility Study: Starting point of cascading delay
tuhin-shubhra-adhikary,31,https://www.thedailystar.net/news/bangladesh/news/govt-shelves-dhaka-ctg-expressway-plan-2200826,Dhaka-Ctg expressway  project shelved
tuhin-shubhra-adhikary,31,https://www.thedailystar.net/news/bangladesh/accidents-fires/news/road-crash-compensations-long-delayed-trustee-board-formed-finally-2196966,"Road Crash Compensations:  Long-delayed trustee board  formed, finally"
tuhin-shubhra-adhikary,31,https://www.thedailystar.net/news/bangladesh/transport/news/compromise-yet-again-2193181,"Transport sector: Govt compromises, yet again"
tuhin-shubhra-adhikary,31,https://www.thedailystar.net/health/healthcare/hospitals/news/kushtia-medical-college-hospital-project-delayed-100-months-2191511,Kushtia medical college hospital project: Delayed by 100 months
tuhin-shubhra-adhikary,31,https://www.thedailystar.net/business/economy/industries/tourism/news/bangladesh-tourism-corporation-the-throes-pandemic-2184811,Bangladesh Parjatan Corporation: In the throes of pandemic
tuhin-shubhra-adhikary,31,https://www.thedailystar.net/news/bangladesh/transport/news/dhaka-sylhet-tamabil-highway-tangles-root-the-mess-2183431,Dhaka-Sylhet-Tamabil Highway: Tangles at root of the mess
tuhin-shubhra-adhikary,31,https://www.thedailystar.net/news/bangladesh/transport/news/trains-coxs-bazar-dec-2022-2181981,Chattogram-Cox’s Bazar Rail Link: Trains to run from 2022 December
tuhin-shubhra-adhikary,31,https://www.thedailystar.net/news/bangladesh/transport/news/road-transport-sector-1-feud-2-strikes-same-demands-2181161,"Road Transport Sector: 1 feud, 2 strikes, same demands"
tuhin-shubhra-adhikary,31,https://www.thedailystar.net/news/bangladesh/news/the-great-paradox-2180656,"Public transport need of the hour, yet their numbers in decline"
tuhin-shubhra-adhikary,31,https://www.thedailystar.net/news/bangladesh/transport/news/road-transport-act-law-left-crippled-when-crashes-leap-2178436,Road Transport Act: Law left crippled when crashes leap
tuhin-shubhra-adhikary,31,https://www.thedailystar.net/news/bangladesh/transport/news/bangabandhu-bridge-45pc-bearings-problematic-2178526,Bangabandhu Bridge: 45pc bearings problematic
tuhin-shubhra-adhikary,31,https://www.thedailystar.net/news/bangladesh/transport/news/payra-bridge-cost-35-times-the-original-estimate-2176946,Payra Bridge: Cost 3.5 times the original estimate
tuhin-shubhra-adhikary,31,https://www.thedailystar.net/news/bangladesh/transport/news/detour-no-more-2175221,Detour no more
tuhin-shubhra-adhikary,32,https://www.thedailystar.net/news/bangladesh/transport/news/karnaphuli-tunnel-same-chinese-firm-do-maintenance-toll-collection-2175576,"Karnaphuli Tunnel: Same Chinese firm to do maintenance, toll collection"
tuhin-shubhra-adhikary,32,https://www.thedailystar.net/news/bangladesh/transport/news/deaths-roads-jump-40pc-2173766,Deaths on roads jump by 40pc
tuhin-shubhra-adhikary,32,https://www.thedailystar.net/news/bangladesh/transport/news/dhaka-ashulia-elevated-expressway-work-start-next-month-2171681,Dhaka-Ashulia Elevated Expressway: Work to start next month
tuhin-shubhra-adhikary,32,https://www.thedailystar.net/news/bangladesh/news/no-feasibility-studies-done-ministry-returns-4-br-project-proposals-2170081,No Feasibility Studies Done: Ministry returns 4 railway project proposals
tuhin-shubhra-adhikary,32,https://www.thedailystar.net/news/bangladesh/transport/news/road-reconstruction-rhd-asked-explain-cost-escalation-2168536,"Road Reconstruction: RHD asked to explain delays, cost escalation"
tuhin-shubhra-adhikary,32,https://www.thedailystar.net/news/bangladesh/transport/news/probe-recent-accidents-level-crossings-2165571,Probe recent accidents at level crossings
tuhin-shubhra-adhikary,32,https://www.thedailystar.net/news/bangladesh/transport/news/road-transport-act-2018-move-make-it-more-lenient-2164711,Road Transport Act 2018: Efforts for its weakening intensify
tuhin-shubhra-adhikary,32,https://www.thedailystar.net/news/bangladesh/transport/news/dhaka-metro-rail-rolling-out-the-open-sunday-2161776,Dhaka Metro Rail: Rolling out in the open on Sunday
tuhin-shubhra-adhikary,32,https://www.thedailystar.net/news/bangladesh/news/civil-administration-top-heavy-discriminatory-2160941,Civil administration: Top-Heavy ‘discriminatory’
tuhin-shubhra-adhikary,32,https://www.thedailystar.net/news/bangladesh/transport/news/railway-runs-rundown-engines-2160041,Railway runs with rundown engines
tuhin-shubhra-adhikary,32,https://www.thedailystar.net/news/bangladesh/news/upgraded-research-training-facility-rhd-the-way-2157606,"Upgraded research, training facility for RHD on the way"
tuhin-shubhra-adhikary,32,https://www.thedailystar.net/news/bangladesh/transport/news/br-wants-its-own-body-consult-projects-2153846,BR wants its own body to consult on projects
tuhin-shubhra-adhikary,32,https://www.thedailystar.net/news/bangladesh/transport/news/joydebpur-ishwardi-double-line-project-erd-urged-budge-china-funding-2153161,Joydebpur-Ishwardi Double-Line Project: ERD urged to budge China on funding
tuhin-shubhra-adhikary,32,https://www.thedailystar.net/news/bangladesh/news/contract-breach-over-10-locomotives-technical-body-recommends-accepting-those-2151171,Contract Breach Over 10 Locomotives: Technical body recommends accepting those
tuhin-shubhra-adhikary,32,https://www.thedailystar.net/news/bangladesh/transport/news/curbs-go-when-needed-most-2147951,Curbs to go when needed most
tuhin-shubhra-adhikary,32,https://www.thedailystar.net/health/disease/coronavirus/events-who/lockdown/news/factory-reopening-mess-hard-afford-2142466,Factory Reopening: A mess-up hard to afford
tuhin-shubhra-adhikary,32,https://www.thedailystar.net/news/bangladesh/governance/news/padma-bridge-pillar-hit-ferry-probe-body-recommends-shifting-terminals-2136801,Padma bridge pillar hit by ferry: Probe body recommends shifting terminals
tuhin-shubhra-adhikary,32,https://www.thedailystar.net/news/bangladesh/news/expired-development-projects-deadline-missed-even-when-asking-time-2136181,Expired Development Projects: Deadline missed even when asking for time
tuhin-shubhra-adhikary,32,https://www.thedailystar.net/news/bangladesh/accidents-fires/news/ferry-rams-bridge-probe-body-finds-two-employees-responsible-2136236,Ferry Rams Bridge: Probe body finds two employees responsible
tuhin-shubhra-adhikary,32,https://www.thedailystar.net/news/bangladesh/news/crucial-yet-left-without-care-2135516,Crucial yet left without care
tuhin-shubhra-adhikary,33,https://www.thedailystar.net/business/global-economy/news/imports-freight-trains-surge-2131316,Imports via freight trains surge
tuhin-shubhra-adhikary,33,https://www.thedailystar.net/news/bangladesh/governance/news/keeping-more-1-car-gets-costlier-2128646,Keeping more than 1 car gets costlier
tuhin-shubhra-adhikary,33,https://www.thedailystar.net/news/bangladesh/news/mid-year-adb-funded-projects-not-even-half-the-target-could-be-met-2127776,Mid-year: Not even half the target of ADB-funded projects could be met
tuhin-shubhra-adhikary,33,https://www.thedailystar.net/news/investigative-stories/news/28-axle-load-control-centres-crucial-rhd-project-runs-snag-2125471,28 Axle Load Control Centres: Crucial RHD project runs into snag
tuhin-shubhra-adhikary,33,https://www.thedailystar.net/news/bangladesh/news/7-new-bridges-northern-dists-havoc-rivers-faulty-designs-2123341,7 New Bridges in Northern Dists: Havoc on rivers for faulty designs
tuhin-shubhra-adhikary,33,https://www.thedailystar.net/news/bangladesh/governance/news/18-key-road-rail-projects-physical-work-go-amid-lockdown-2121746,"18 Key Road, Rail Projects: Physical work to go on amid lockdown"
tuhin-shubhra-adhikary,33,https://www.thedailystar.net/bangladesh/news/gas-leaks-4th-most-blamed-fires-2120013,Gas leaks 4th most blamed for fires
tuhin-shubhra-adhikary,33,https://www.thedailystar.net/bangladesh/news/over-3000kms-roads-poor-bad-or-very-bad-2119633,"Over 3,000kms of roads poor, bad or very bad"
tuhin-shubhra-adhikary,33,https://www.thedailystar.net/backpage/news/bangabandhu-bridge-toll-go-around-17pc-2117641,Bangabandhu Bridge: Toll to go up around 17pc
tuhin-shubhra-adhikary,33,https://www.thedailystar.net/backpage/news/dhaka-bypass-expressway-project-moves-ahead-finally-2115477,Dhaka Bypass Expressway Project: Moves ahead finally
tuhin-shubhra-adhikary,33,https://www.thedailystar.net/backpage/news/taskforce-road-crashes-most-decisions-unimplemented-2114201,Taskforce on Road Crashes: Most decisions unimplemented
tuhin-shubhra-adhikary,33,https://www.thedailystar.net/backpage/news/vehicles-operating-capital-govt-take-stock-them-2113129,Vehicles Operating in Capital: Govt to take stock of them
tuhin-shubhra-adhikary,33,https://www.thedailystar.net/frontpage/news/19-railway-projects-miss-deadline-2111033,19 Slow Moving Projects: Railway now seeks deadline extension
tuhin-shubhra-adhikary,33,https://www.thedailystar.net/backpage/news/service-life-commercial-vehicles-govt-finally-moves-set-limits-2110401,Service Life of Commercial Vehicles: Govt finally moves to set limits
tuhin-shubhra-adhikary,33,https://www.thedailystar.net/frontpage/news/doing-business-without-permission-govt-employees-flouting-rules-2108661,Doing Business Without Permission: Govt employees  flouting rules
tuhin-shubhra-adhikary,33,https://www.thedailystar.net/frontpage/news/two-rail-projects-face-uncertainty-2107933,Two rail projects face uncertainty
tuhin-shubhra-adhikary,33,https://www.thedailystar.net/backpage/news/uttara-agargaon-metro-rail-launch-now-aimed-dec-2022-2105609,Uttara-Agargaon Metro Rail: Launch now aimed at  Dec 2022
tuhin-shubhra-adhikary,33,https://www.thedailystar.net/backpage/news/big-push-mega-projects-2104501,Big push for mega projects
tuhin-shubhra-adhikary,33,https://www.thedailystar.net/backpage/news/payra-rail-link-cost-tk-40000cr-2103165,"Payra rail link to cost Tk 40,000cr"
tuhin-shubhra-adhikary,33,https://www.thedailystar.net/city/news/railways-two-minds-developing-infrastructure-now-future-electric-train-2102645,Railways in two minds on developing infrastructure now for future electric train
tuhin-shubhra-adhikary,34,https://www.thedailystar.net/backpage/news/electric-rail-feasibility-studyno-headway-six-years-2099469,Electric Rail Feasibility Study:No headway in six years
tuhin-shubhra-adhikary,34,https://www.thedailystar.net/city/news/project-authority-seeks-1yr-deadline-extension-2098989,Project authority seeks 1yr deadline extension
tuhin-shubhra-adhikary,34,https://www.thedailystar.net/frontpage/news/bangabandhu-bridge-vehicle-data-shows-futility-restrictions-2098277,Bangabandhu Bridge:  Vehicle data  shows futility  of restrictions
tuhin-shubhra-adhikary,34,https://www.thedailystar.net/frontpage/news/faridpur-magura-rail-line-work-finally-start-3-yrs-after-approval-2095897,Faridpur-Magura Rail Line: Work to start finally 3 yrs after approval
tuhin-shubhra-adhikary,34,https://www.thedailystar.net/backpage/news/kalurghat-bridge-fate-depends-new-study-2095333,Kalurghat Bridge: Fate depends on new study
tuhin-shubhra-adhikary,34,https://www.thedailystar.net/backpage/news/mawa-bhanga-expressway-govt-delays-toll-collection-start-2093413,Mawa-Bhanga Expressway: Govt delays toll collection start
tuhin-shubhra-adhikary,34,https://www.thedailystar.net/frontpage/news/metro-dream-whistles-reality-2092185,Metro dream whistles into a reality
tuhin-shubhra-adhikary,34,https://www.thedailystar.net/frontpage/news/metro-rail-trial-run-month-2091037,Metro rail test run likely this month
tuhin-shubhra-adhikary,34,https://www.thedailystar.net/backpage/news/faster-dhaka-ctg-rail-trip-work-delayed-wait-prolonged-2091133,"Faster Dhaka-Ctg Rail Trip: Work delayed, wait prolonged"
tuhin-shubhra-adhikary,34,https://www.thedailystar.net/frontpage/news/curbs-homegoing-directives-hard-enforce-2088981,Curbs on Homegoing: Directives hard to enforce
tuhin-shubhra-adhikary,34,https://www.thedailystar.net/backpage/news/padma-rail-link-line-laying-start-july-2088353,Padma Rail Link: Line laying to start in July
tuhin-shubhra-adhikary,34,https://www.thedailystar.net/frontpage/news/eid-covid-surge-india-worried-govt-now-plans-tough-steps-2086073,"Eid, Covid Surge in India: Worried, govt now plans tough steps"
tuhin-shubhra-adhikary,34,https://www.thedailystar.net/frontpage/news/austerity-during-pandemic-no-work-order-rest-fiscal-year-2084961,Austerity During Pandemic: No work order in rest of fiscal year
tuhin-shubhra-adhikary,34,https://www.thedailystar.net/backpage/news/hyundais-10-locomotives-now-being-used-2084293,Hyundai’s 10 locomotives now being used
tuhin-shubhra-adhikary,34,https://www.thedailystar.net/lifestyle/make-it-or-bake-it/news/pds-63-rhd-projects-changed-2080925,PDs of 63 RHD projects changed
tuhin-shubhra-adhikary,34,https://www.thedailystar.net/frontpage/news/railway-projects-falling-behind-2080237,Railway projects falling behind
tuhin-shubhra-adhikary,34,https://www.thedailystar.net/frontpage/news/extended-lockdown-be-stricter-2079729,Extended lockdown to be stricter
tuhin-shubhra-adhikary,34,https://www.thedailystar.net/news/bangladesh/transport/news/changes-road-transport-act-govt-caving-sectors-pressure-2078197,Changes to Road Transport Act: Govt caving in to sector’s pressure
tuhin-shubhra-adhikary,34,https://www.thedailystar.net/frontpage/news/govt-outlines-fresh-curbs-2076061,Govt outlines fresh curbs
tuhin-shubhra-adhikary,34,https://www.thedailystar.net/city/news/fast-track-projects-continue-amid-lockdown-2076129,Fast-track projects to continue amid lockdown
tuhin-shubhra-adhikary,35,https://www.thedailystar.net/frontpage/news/covid-restrictions-april-12-13-confusion-reigns-supreme-2075437,Covid restrictions on April 12-13: Confusion reigns supreme
tuhin-shubhra-adhikary,35,https://www.thedailystar.net/frontpage/news/lockdown-exists-only-paper-2073837,‘Lockdown’ exists  only on paper
tuhin-shubhra-adhikary,35,https://www.thedailystar.net/frontpage/news/buses-ply-11-cities-today-2073309,Buses to ply in 11 cities from today
tuhin-shubhra-adhikary,35,https://www.thedailystar.net/frontpage/news/rush-chaos-lockdown-eve-2072085,"Rush, chaos on ‘lockdown’ eve"
tuhin-shubhra-adhikary,35,https://www.thedailystar.net/backpage/news/gas-supply-disruption-city-titas-rhd-trade-blame-2065689,"Gas supply Disruption in City: Titas, RHD trade blame"
tuhin-shubhra-adhikary,35,https://www.thedailystar.net/backpage/news/high-speed-rail-ctg-have-one-station-pahartoli-2063077,High-Speed Rail: Ctg to have one station at Pahartoli
tuhin-shubhra-adhikary,35,https://www.thedailystar.net/frontpage/news/link-north-west-north-smooth-railway-traffic-not-soon-2059013,"Link to North-West, North: Smooth railway traffic not soon"
tuhin-shubhra-adhikary,35,https://www.thedailystar.net/backpage/news/high-speed-dhaka-ctg-train-2-chinese-firms-show-interest-2059061,High-Speed Dhaka-Ctg Train: 2 Chinese firms show interest
tuhin-shubhra-adhikary,35,https://www.thedailystar.net/backpage/news/dhaka-tangail-rangpur-highway-govt-turn-it-tolled-road-2056113,Dhaka-Tangail-Rangpur Highway: Govt to turn it into tolled road
tuhin-shubhra-adhikary,35,https://www.thedailystar.net/backpage/news/purchase-10-locomotives-ministry-probe-finds-breach-contract-2054473,Purchase of 10 Locomotives: Ministry probe finds breach of contract
tuhin-shubhra-adhikary,35,https://www.thedailystar.net/backpage/news/smart-driving-licence-jam-ease-2052369,Smart driving licence jam to ease
tuhin-shubhra-adhikary,35,https://www.thedailystar.net/frontpage/news/shahjalal-airport-operations-japanese-firm-keen-take-charge-2050001,Dhaka Airport Operations: Japanese firm keen to take charge
tuhin-shubhra-adhikary,35,https://www.thedailystar.net/backpage/news/17-project-directors-br-changed-2049505,17 project directors of BR changed
tuhin-shubhra-adhikary,35,https://www.thedailystar.net/backpage/news/road-transport-operators-place-flurry-demands-2047301,Road Transport: Operators place flurry of demands
tuhin-shubhra-adhikary,35,https://www.thedailystar.net/frontpage/news/ministry-shrugs-own-probe-findings-2046705,Covid Purchase Anomaly In Railway: Ministry shrugs off  own probe findings
tuhin-shubhra-adhikary,35,https://www.thedailystar.net/backpage/news/reducing-fatalities-roads-aim-gets-lowered-2046769,Reducing Fatalities on Roads: Aim gets lowered
tuhin-shubhra-adhikary,35,https://www.thedailystar.net/frontpage/news/padma-rail-link-poject-time-cost-may-draw-out-further-2042073,"Padma Rail Link Project: May cost even more, take even longer"
tuhin-shubhra-adhikary,35,https://www.thedailystar.net/frontpage/news/dhaka-mawa-bhanga-expressway-toll-collection-likely-start-july-2040869,Dhaka-Mawa-Bhanga Expressway: Toll collection likely to start from July
tuhin-shubhra-adhikary,35,https://www.thedailystar.net/frontpage/news/rhd-helps-officials-stay-project-sites-2038161,RHD helps officials stay off project sites
tuhin-shubhra-adhikary,35,https://www.thedailystar.net/frontpage/news/mongla-khulna-rail-link-project-only-gets-costlier-2036569,Mongla-Khulna Rail Link: A project that only gets costlier
tuhin-shubhra-adhikary,36,https://www.thedailystar.net/frontpage/news/demolition-iconic-kamalapur-station-plaza-pmo-gives-go-ahead-2036121,Demolition of Iconic Kamalapur Station Plaza: PMO gives go-ahead
tuhin-shubhra-adhikary,36,https://www.thedailystar.net/backpage/news/govt-eyes-expanded-circular-rail-2035089,Govt eyes expanded circular rail
tuhin-shubhra-adhikary,36,https://www.thedailystar.net/backpage/news/third-govt-owned-buses-broke-rules-2034445,A third of govt- owned buses  broke rules
tuhin-shubhra-adhikary,36,https://www.thedailystar.net/backpage/news/breach-contract-probe-lingers-locomotives-remain-idle-2033909,"‘Breach of Contract’: Probe lingers, locomotives remain idle"
tuhin-shubhra-adhikary,36,https://www.thedailystar.net/frontpage/news/dhaka-circular-rail-belated-bold-2028905,Dhaka Circular Rail:  Belated but bold
tuhin-shubhra-adhikary,36,https://www.thedailystar.net/backpage/news/electric-vehicles-guideline-talks-start-after-2-year-pause-2028977,Electric Vehicles: Guideline talks start after 2-year pause
tuhin-shubhra-adhikary,36,https://www.thedailystar.net/frontpage/news/underground-part-metro-1-physical-work-begin-june-2026721,First Underground Metro Rail: Physical work to begin in June
tuhin-shubhra-adhikary,36,https://www.thedailystar.net/backpage/news/level-crossings-be-safer-2025629,Level crossings to be ‘safer’
tuhin-shubhra-adhikary,36,https://www.thedailystar.net/city/news/vehicle-registration-sees-sharp-decline-2025069,Vehicle registration sees sharp decline
tuhin-shubhra-adhikary,36,https://www.thedailystar.net/backpage/news/3-br-officials-suspended-over-graft-2024353,3 BR officials suspended over graft
tuhin-shubhra-adhikary,36,https://www.thedailystar.net/frontpage/news/kushtia-medical-college-hospital-project-deadline-would-never-end-2022961,"Kushtia Medical College, Hospital Project: A deadline that  would never end"
tuhin-shubhra-adhikary,36,https://www.thedailystar.net/frontpage/news/breach-contract-supplier-br-stalls-operation-10-locomotives-2021289,10 New Locomotives from S Korea: ‘Breach of contract’  under scanner
tuhin-shubhra-adhikary,36,https://www.thedailystar.net/frontpage/news/dhaka-siliguri-direct-bus-service-the-cards-2020477,Dhaka-Siliguri:  Direct bus service on the cards
tuhin-shubhra-adhikary,36,https://www.thedailystar.net/frontpage/news/govt-plans-import-10-lakh-tonnes-rice-2019869,Govt plans to import 10 lakh tonnes of rice
tuhin-shubhra-adhikary,36,https://www.thedailystar.net/backpage/news/encroaching-highways-cabinet-okays-stern-punishment-2018737,Encroaching on Highways: Cabinet okays stern punishment
tuhin-shubhra-adhikary,36,https://www.thedailystar.net/backpage/news/road-crash-victims-compensation-claims-will-still-remain-pending-2017725,Road Crash Victims: Compensation claims will still remain pending
tuhin-shubhra-adhikary,36,https://www.thedailystar.net/frontpage/news/curbing-road-crashes-govt-steps-confined-talks-committees-2016213,"Curbing Road Crashes: Govt steps confined to talks, committees"
tuhin-shubhra-adhikary,36,https://www.thedailystar.net/backpage/news/railways-trouble-rescue-cranes-2015153,Railways in trouble with rescue cranes
tuhin-shubhra-adhikary,36,https://www.thedailystar.net/frontpage/news/train-rams-bus-rail-probe-blames-rhd-gateman-bus-driver-2014501,"Train Rams Bus: Rail probe blames RHD, gateman,  bus driver"
tuhin-shubhra-adhikary,36,https://www.thedailystar.net/city/news/govt-moves-set-metro-rail-port-city-2013745,Govt moves to set up metro rail in port city
tuhin-shubhra-adhikary,37,https://www.thedailystar.net/city/news/rhd-takes-measures-climate-resilient-roads-2012573,RHD takes measures for climate-resilient roads
tuhin-shubhra-adhikary,37,https://www.thedailystar.net/frontpage/news/new-rail-line-link-northern-tip-2011401,New rail line to link northern tip
tuhin-shubhra-adhikary,37,https://www.thedailystar.net/padma-bridge/news/mission-impossible-accomplished-2009509,Mission Impossible accomplished
tuhin-shubhra-adhikary,37,https://www.thedailystar.net/frontpage/news/grit-and-glory-2009317,Grit and glory
tuhin-shubhra-adhikary,37,https://www.thedailystar.net/padma-bridge/news/bridge-breathes-new-life-railway-2009393,Bridge breathes new life into railway
tuhin-shubhra-adhikary,37,https://www.thedailystar.net/frontpage/news/manpower-starved-railway-hiring-last-2008705,Manpower-starved railway hiring at last
tuhin-shubhra-adhikary,37,https://www.thedailystar.net/frontpage/news/padma-bridge-all-set-installation-the-last-span-today-2008729,Padma Bridge:  All set for installation of the last span today
tuhin-shubhra-adhikary,37,https://www.thedailystar.net/frontpage/news/padma-bridge-rail-route-plan-operate-electric-trains-2006989,Padma Bridge Rail Route: Plan to operate electric trains
tuhin-shubhra-adhikary,37,https://www.thedailystar.net/backpage/news/railway-mulls-anti-collision-system-2004305,Railway mulls anti-collision system
tuhin-shubhra-adhikary,37,https://www.thedailystar.net/backpage/news/highway-expansion-project-pd-appointed-just-5-days-after-pms-discontent-2003217,Highway Expansion Project: PD appointed in  just 5 days after  PM’s discontent
tuhin-shubhra-adhikary,37,https://www.thedailystar.net/frontpage/news/brtc-revival-plan-stumbles-2002165,BRTC revival plan stumbles
tuhin-shubhra-adhikary,37,https://www.thedailystar.net/frontpage/news/metro-extension-transport-hub-kamalapur-station-may-shift-northward-2000481,"Metro Extension, Transport Hub: Kamalapur station may shift northward"
tuhin-shubhra-adhikary,37,https://www.thedailystar.net/frontpage/news/locally-made-three-wheelers-bribes-keep-them-running-1997909,Locally Made Three-Wheelers: Bribes keep them running
tuhin-shubhra-adhikary,37,https://www.thedailystar.net/frontpage/news/day-remember-road-crash-victims-they-lose-hope-every-day-1994917,Day to Remember Road Crash Victims: They lose hope every day
tuhin-shubhra-adhikary,37,https://www.thedailystar.net/frontpage/news/hope-offered-highways-1994477,Hope offered to highways
tuhin-shubhra-adhikary,37,https://www.thedailystar.net/backpage/news/dope-test-drivers-brta-moves-implement-pms-directive-1993357,Dope Test for Drivers: BRTA moves to implement PM’s directive
tuhin-shubhra-adhikary,37,https://www.thedailystar.net/frontpage/news/metro-6-extension-kamalapur-change-plan-go-alternative-1993297,"MRT-6 Extension to Kamalapur:  Change plan, go  for alternative"
tuhin-shubhra-adhikary,37,https://www.thedailystar.net/city/news/only-plans-no-action-1991081,"Only plans, no action"
tuhin-shubhra-adhikary,37,https://www.thedailystar.net/frontpage/news/migrants-crisis-mishandled-1989469,Migrants’ crisis mishandled
tuhin-shubhra-adhikary,37,https://www.thedailystar.net/backpage/news/checking-vehicle-fitness-govt-hire-pvt-firm-first-time-1989569,Checking Vehicle Fitness: Govt to hire pvt firm for first time
tuhin-shubhra-adhikary,38,https://www.thedailystar.net/frontpage/news/dhaka-sylhet-highway-expansion-not-enough-overpasses-1987717,Dhaka-Sylhet Highway Expansion: Not enough overpasses
tuhin-shubhra-adhikary,38,https://www.thedailystar.net/city/news/chinese-contractor-will-compensate-it-1986645,‘Chinese contractor will compensate for it’
tuhin-shubhra-adhikary,38,https://www.thedailystar.net/frontpage/news/suv-mp-sticker-has-no-papers-1984689,SUV with MP sticker has  no papers!
tuhin-shubhra-adhikary,38,https://www.thedailystar.net/frontpage/news/news-analysis-promises-legislature-1982097,"News Analysis: Of promises, of legislature"
tuhin-shubhra-adhikary,38,https://www.thedailystar.net/frontpage/news/short-staffed-brta-failing-deliver-1982093,Short-staffed BRTA  failing to deliver
tuhin-shubhra-adhikary,38,https://www.thedailystar.net/frontpage/news/akhaura-laksham-expansion-rail-project-pd-be-removed-over-graft-1981021,Akhaura-Laksham Expansion: Rail project PD to be removed over graft
tuhin-shubhra-adhikary,38,https://www.thedailystar.net/frontpage/news/padma-rail-link-project-br-change-china-firms-representative-1978121,Padma Rail Link Project: BR for change  of China firm’s representative
tuhin-shubhra-adhikary,38,https://www.thedailystar.net/backpage/news/low-priority-projects-alter-decision-halt-fund-disbursement-1974225,‘Low Priority Projects’: Alter decision to halt fund disbursement
tuhin-shubhra-adhikary,38,https://www.thedailystar.net/backpage/news/7-railway-projects-slow-adp-fund-release-causing-more-delays-1973737,7 Railway Projects: Slow ADP fund release causing more delays
tuhin-shubhra-adhikary,38,https://www.thedailystar.net/frontpage/news/3-china-funded-rail-projects-pmo-review-plans-and-costs-1970865,3 China-Funded Rail Projects: PMO to review plans and costs
tuhin-shubhra-adhikary,38,https://www.thedailystar.net/frontpage/news/gallows-minni-5-other-accused-1970293,Sensational Rifat Murder Case: Gallows for Minni and 5 others
tuhin-shubhra-adhikary,38,https://www.thedailystar.net/business/news/korean-joint-venture-may-build-joydebpur-mymensingh-expressway-1970409,Korean joint venture may build Joydebpur-Mymensingh expressway
tuhin-shubhra-adhikary,38,https://www.thedailystar.net/frontpage/news/akhaura-sylhet-rail-line-project-whats-the-point-1969729,Akhaura-Sylhet rail line project: What’s the point?
tuhin-shubhra-adhikary,38,https://www.thedailystar.net/city/news/2-ministers-downplay-design-flaw-viaduct-1967233,Padma Bridge Rail Link: 2 ministers downplay design flaw of viaduct
tuhin-shubhra-adhikary,38,https://www.thedailystar.net/backpage/news/khulna-darshana-double-rail-track-half-project-period-gone-nothing-1965885,Khulna-Darshana Double Rail Track: Half of project period gone for nothing
tuhin-shubhra-adhikary,38,https://www.thedailystar.net/frontpage/news/brace-yourself-second-wave-1965253,Brace yourself for second wave
tuhin-shubhra-adhikary,38,https://www.thedailystar.net/frontpage/news/rare-and-welcome-instance-1964041,A rare and welcome instance
tuhin-shubhra-adhikary,38,https://www.thedailystar.net/frontpage/news/padma-bridge-rail-link-tweak-rail-design-let-tall-vehicles-pass-1963057,Padma Bridge Rail Link: Tweak rail design to let tall vehicles pass
tuhin-shubhra-adhikary,38,https://www.thedailystar.net/backpage/news/bangabandhu-railway-bridge-construction-finally-begins-1961989,Bangabandhu Railway Bridge: Construction finally begins
tuhin-shubhra-adhikary,38,https://www.thedailystar.net/frontpage/news/metro-not-next-year-1960853,Metro not by next year
tuhin-shubhra-adhikary,39,https://www.thedailystar.net/backpage/news/dhaka-tongi-rail-line-expansion-construction-take-more-time-money-1958865,"Dhaka-Tongi Rail Line Expansion: Construction to take more time, money"
tuhin-shubhra-adhikary,39,https://www.thedailystar.net/city/news/brta-allows-motorcycle-ride-sharing-areas-under-dtca-1955877,BRTA allows motorcycle ride sharing in areas under DTCA
tuhin-shubhra-adhikary,39,https://www.thedailystar.net/city/news/efforts-speed-metro-rail-work-1955721,Efforts on to speed up metro rail work
tuhin-shubhra-adhikary,39,https://www.thedailystar.net/frontpage/news/health-watchdog-deep-slumber-1954897,Health watchdog in deep slumber
tuhin-shubhra-adhikary,39,https://www.thedailystar.net/frontpage/news/lifting-restrictions-untimely-risky-1954921,"Lifting of Restrictions: Untimely, risky"
tuhin-shubhra-adhikary,39,https://www.thedailystar.net/backpage/news/metro-rail-link-extension-pmo-roped-settle-row-1954321,Metro Rail Link Extension: PMO roped in to settle row
tuhin-shubhra-adhikary,39,https://www.thedailystar.net/frontpage/news/curbs-public-movement-go-1953769,Curbs on public movement go
tuhin-shubhra-adhikary,39,https://www.thedailystar.net/frontpage/news/brt-be-linked-metro-rail-1953125,BRT to be linked to metro rail
tuhin-shubhra-adhikary,39,https://www.thedailystar.net/backpage/news/linking-bhola-barishal-japanese-firm-build-bridge-1952101,Linking Bhola with Barishal: Japanese firm to build bridge
tuhin-shubhra-adhikary,39,https://www.thedailystar.net/frontpage/news/padma-bridge-not-june-2022-1951561,Padma bridge not before June 2022
tuhin-shubhra-adhikary,39,https://www.thedailystar.net/frontpage/news/govt-moves-normalise-bus-service-1949793,Govt moves to normalise bus service
tuhin-shubhra-adhikary,39,https://www.thedailystar.net/backpage/news/new-road-transport-act-changes-likely-transport-lobbies-relentless-1947761,New Road Transport Act: Changes likely as transport lobbies relentless
tuhin-shubhra-adhikary,39,https://www.thedailystar.net/backpage/news/owners-want-run-buses-full-capacity-1947233,Owners want to run buses at full capacity
tuhin-shubhra-adhikary,39,https://www.thedailystar.net/backpage/news/please-take-us-back-1946701,"‘Please, take us back’"
tuhin-shubhra-adhikary,39,https://www.thedailystar.net/frontpage/news/complaints-against-cops-floodgates-flung-open-1944653,Complaints Against Cops: Floodgates flung open
tuhin-shubhra-adhikary,39,https://www.thedailystar.net/city/news/secy-denies-decision-minister-has-no-idea-1943409,"Secy denies decision, minister has no idea"
tuhin-shubhra-adhikary,39,https://www.thedailystar.net/frontpage/news/reducing-road-crashes-activities-aplenty-achievements-little-1942925,"Reducing Road Crashes: Activities aplenty, achievements little"
tuhin-shubhra-adhikary,39,https://www.thedailystar.net/frontpage/news/adp-implementation-6-yrs-health-ministry-fares-badly-1942029,ADP Implementation in 6 Yrs: Health ministry fares badly
tuhin-shubhra-adhikary,39,https://www.thedailystar.net/frontpage/news/extra-judicial-killings-deaths-custody-no-case-probe-most-cases-1941549,"EXTRA-JUDICIAL KILLINGS, DEATHS IN CUSTODY: No case, probe in most cases"
tuhin-shubhra-adhikary,40,https://www.thedailystar.net/backpage/news/dhaka-gets-first-tranche-1b-japanese-loan-1940481,Dhaka gets first tranche of $1b Japanese loan
tuhin-shubhra-adhikary,40,https://www.thedailystar.net/frontpage/news/tax-cheats-can-whiten-money-until-nov-30-1939969,Tax cheats can whiten money until Nov 30
tuhin-shubhra-adhikary,40,https://www.thedailystar.net/backpage/news/health-ministry-calls-meeting-private-medical-bodies-1937825,Health ministry calls meeting with private medical bodies
tuhin-shubhra-adhikary,40,https://www.thedailystar.net/frontpage/news/2-yrs-after-movement-roads-just-risky-1937905,2 yrs After Movement: Roads just as risky as before
tuhin-shubhra-adhikary,40,https://www.thedailystar.net/coronavirus-deadly-new-threat/news/number-tests-keeps-dropping-1937249,Number of tests keeps dropping
tuhin-shubhra-adhikary,40,https://www.thedailystar.net/backpage/news/hope-faster-trade-arrives-1936725,Hope for faster trade arrives
tuhin-shubhra-adhikary,40,https://www.thedailystar.net/frontpage/news/no-visible-plan-4-months-outbreak-1936733,No visible plan 4 months into outbreak
tuhin-shubhra-adhikary,40,https://www.thedailystar.net/frontpage/news/provide-list-errant-pvt-hospitals-test-centres-1935293,"Provide list  of errant pvt hospitals, test centres"
tuhin-shubhra-adhikary,40,https://www.thedailystar.net/city/news/roads-highways-sign-first-major-contract-virus-outbreak-1934661,Roads & Highways to sign first major contract since virus outbreak
tuhin-shubhra-adhikary,40,https://www.thedailystar.net/frontpage/news/23-lakh-marooned-and-it-can-get-worse-1933133,23 lakh marooned and it can get worse
tuhin-shubhra-adhikary,40,https://www.thedailystar.net/city/news/eid-rush-homebound-journey-south-could-be-choppy-1932573,Eid Rush: Homebound journey to south could be choppy
tuhin-shubhra-adhikary,40,https://www.thedailystar.net/backpage/news/railways-way-track-1931569,Railways way off track
tuhin-shubhra-adhikary,40,https://www.thedailystar.net/frontpage/news/virus-curbs-disarray-1931621,Virus curbs in disarray
tuhin-shubhra-adhikary,40,https://www.thedailystar.net/backpage/news/interview-media-four-brtc-bus-drivers-suspended-1931117,Interview to Media: Four BRTC bus drivers suspended
tuhin-shubhra-adhikary,40,https://www.thedailystar.net/city/news/metro-rail-project-24-thai-engineers-be-brought-charter-flight-1930485,Metro Rail Project: 24 Thai engineers to be brought in by charter flight
tuhin-shubhra-adhikary,40,https://www.thedailystar.net/frontpage/news/adb-funded-dev-bangladesh-40-projects-hit-pandemic-1930005,ADB-Funded Dev in Bangladesh: 40 projects hit by pandemic
tuhin-shubhra-adhikary,40,https://www.thedailystar.net/frontpage/news/deal-regent-hospital-dghs-ministry-take-refuge-blame-game-1929457,"Deal with Regent Hospital: DGHS, ministry take refuge in blame game"
tuhin-shubhra-adhikary,40,https://www.thedailystar.net/city/news/damage-dhaka-mawa-expressway-rhd-padma-bridge-rail-link-contractor-loggerheads-1928329,"Damage to Dhaka-Mawa Expressway: RHD, Padma Bridge rail link contractor at loggerheads"
tuhin-shubhra-adhikary,40,https://www.thedailystar.net/backpage/news/centralised-oxygen-supply-51-more-public-hospitals-have-the-system-soon-1927937,Centralised Oxygen Supply: 51 more public hospitals to have the system soon
tuhin-shubhra-adhikary,40,https://www.thedailystar.net/frontpage/news/fake-covid-certificates-public-health-countrys-image-abroad-stake-1927393,"Fake Covid Certificates: Public health, country’s image abroad at stake"
tuhin-shubhra-adhikary,41,https://www.thedailystar.net/frontpage/news/regent-hospital-gone-rogue-they-allowed-it-now-out-disown-it-1927397,"Regent: A Hospital Gone Rogue - They allowed it, now out to disown it"
tuhin-shubhra-adhikary,41,https://www.thedailystar.net/frontpage/news/20pc-roads-sorry-state-1926745,20pc roads in sorry state
tuhin-shubhra-adhikary,41,https://www.thedailystar.net/backpage/news/khulna-mongla-rail-project-sad-tale-delays-cost-escalation-1926261,"Khulna-Mongla Rail Project: Sad tale of delays, cost escalation"
tuhin-shubhra-adhikary,41,https://www.thedailystar.net/frontpage/news/rising-infections-among-frontliners-the-battle-gets-even-tougher-1926285,Rising Infections Among Frontliners: The battle gets even tougher
tuhin-shubhra-adhikary,41,https://www.thedailystar.net/frontpage/news/launch-capsize-two-masters-2-drivers-mayur-2-responsible-1926297,"Launch Capsize: Two masters, 2 drivers of Mayur-2 responsible"
tuhin-shubhra-adhikary,41,https://www.thedailystar.net/city/news/buriganga-launch-capsize-no-arrest-seven-days-1925717,Buriganga Launch Capsize: No arrest in seven days
tuhin-shubhra-adhikary,41,https://www.thedailystar.net/frontpage/news/dental-eye-ent-patients-suffer-1924841,"Dental, eye, ENT patients suffer"
tuhin-shubhra-adhikary,41,https://www.thedailystar.net/frontpage/news/committees-tackle-pandemic-too-much-hype-little-outcome-1924313,"Committees to Tackle Pandemic: Too much hype, little outcome"
tuhin-shubhra-adhikary,41,https://www.thedailystar.net/frontpage/news/32-perished-buriganga-steering-disaster-1922657,32 perished in Buriganga: Steering to disaster
tuhin-shubhra-adhikary,41,https://www.thedailystar.net/city/news/fitness-docs-outdated-10yrs-11000-vehicles-be-written-tomorrow-1922117,"Fitness Docs Outdated for 10yrs: 11,000 vehicles to be ‘written off’ tomorrow"
tuhin-shubhra-adhikary,41,https://www.thedailystar.net/frontpage/news/2-field-hospitals-the-metro-rail-workers-1921689,2 field hospitals for the metro rail workers
tuhin-shubhra-adhikary,41,https://www.thedailystar.net/frontpage/news/swiss-banks-deposits-bd-nationals-drop-1920613,Swiss Banks: Deposits by BD nationals drop
tuhin-shubhra-adhikary,41,https://www.thedailystar.net/frontpage/news/fallout-covid-19-loan-sharks-feast-slum-dwellers-1920625,Fallout From Covid-19: Loan sharks feast on slum dwellers
tuhin-shubhra-adhikary,41,https://www.thedailystar.net/frontpage/news/fast-track-projects-govt-moves-speed-work-amid-pandemic-1920029,Fast-Track Projects: Govt moves to speed up work amid pandemic
tuhin-shubhra-adhikary,41,https://www.thedailystar.net/frontpage/news/infection-control-ignored-1919497,Infection control ignored
tuhin-shubhra-adhikary,41,https://www.thedailystar.net/frontpage/news/denial-treatment-hospitals-defy-govt-warnings-1919517,Denial of Treatment: Hospitals defy govt warnings
tuhin-shubhra-adhikary,41,https://www.thedailystar.net/frontpage/news/2-govt-hospitals-given-central-oxygen-supply-1918921,2 govt hospitals given central oxygen supply
tuhin-shubhra-adhikary,41,https://www.thedailystar.net/frontpage/news/masses-left-the-wayside-1918345,Masses left by the wayside
tuhin-shubhra-adhikary,41,https://www.thedailystar.net/backpage/news/ride-hailing-services-brta-allows-only-the-ones-registered-run-1917841,Ride-Hailing Services: BRTA allows  registered cars to run
tuhin-shubhra-adhikary,41,https://www.thedailystar.net/backpage/news/resuming-service-amid-pandemic-uber-seeks-intervention-pmo-1916241,Resuming Service Amid Pandemic: Uber seeks intervention from PMO
tuhin-shubhra-adhikary,42,https://www.thedailystar.net/backpage/news/innovative-way-reduce-exposure-1915161,Innovative way to reduce exposure
tuhin-shubhra-adhikary,42,https://www.thedailystar.net/frontpage/news/amphan-damage-rhd-seeks-tk-250cr-repair-roads-1914541,Amphan Damage: RHD seeks Tk 250cr to repair roads
tuhin-shubhra-adhikary,42,https://www.thedailystar.net/backpage/news/sheikh-russel-gastro-liver-hospital-finally-starts-treating-covid-19-patients-1914013,Sheikh Russel Gastro Liver: Hospital finally starts treating Covid-19 patients
tuhin-shubhra-adhikary,42,https://www.thedailystar.net/frontpage/news/virus-strikes-frontline-docs-1913473,Virus strikes frontline docs
tuhin-shubhra-adhikary,42,https://www.thedailystar.net/frontpage/news/not-enough-even-when-its-pandemic-1913013,Not enough when it’s a pandemic
tuhin-shubhra-adhikary,42,https://www.thedailystar.net/frontpage/news/centralised-oxygen-supply-hospitals-three-dhaka-getting-it-days-1912405,Centralised Oxygen Supply at Hospitals: Three in Dhaka getting it in days
tuhin-shubhra-adhikary,42,https://www.thedailystar.net/how-reap-the-benefits-budgetary-allocation-healthcare-1912121,How to reap the benefits of budgetary allocation for healthcare
tuhin-shubhra-adhikary,42,https://www.thedailystar.net/backpage/news/consultancy-deal-mrt-5-be-signed-today-1911773,Consultancy deal for MRT-5 to be signed today
tuhin-shubhra-adhikary,42,https://www.thedailystar.net/backpage/news/less-experienced-drivers-drive-heavies-1911809,Less experienced drivers to drive heavies
tuhin-shubhra-adhikary,42,https://www.thedailystar.net/frontpage/news/metro-rail-project-pandemic-holds-back-progress-1911849,Metro Rail Project: Pandemic holds back progress
tuhin-shubhra-adhikary,42,https://www.thedailystar.net/cancel-registration-route-permits-if-vehicles-violate-health-codes-1911613,"Cancel registration, route permits if vehicles violate health codes: ministry to BRTA"
tuhin-shubhra-adhikary,42,https://www.thedailystar.net/frontpage/news/covid-19-red-zones-strict-rules-stay-home-1910813,Covid-19 Red Zones: Strict rules for stay at home
tuhin-shubhra-adhikary,42,https://www.thedailystar.net/frontpage/news/some-hotspots-go-total-lockdown-1910241,Some hotspots go into total lockdown
tuhin-shubhra-adhikary,42,https://www.thedailystar.net/frontpage/news/ride-hailing-services-not-resuming-soon-1910265,Ride-sharing services not resuming soon
tuhin-shubhra-adhikary,42,https://www.thedailystar.net/frontpage/news/coronavirus-impact-mega-projects-take-the-brunt-1909781,Coronavirus Impact: Mega projects  take the brunt
tuhin-shubhra-adhikary,42,https://www.thedailystar.net/frontpage/news/my-long-road-recovery-1908573,‘My long road to recovery’
tuhin-shubhra-adhikary,42,https://www.thedailystar.net/frontpage/news/public-hospitals-central-oxygen-supply-elusive-1908613,Public Hospitals: Central oxygen supply elusive
tuhin-shubhra-adhikary,42,https://www.thedailystar.net/city/news/red-light-ridesharing-1907203,Red light for ridesharing
tuhin-shubhra-adhikary,42,https://www.thedailystar.net/country/news/ride-sharing-services-remain-suspended-now-1906957,Ride-sharing services to remain suspended for now
tuhin-shubhra-adhikary,42,https://www.thedailystar.net/frontpage/news/public-plight-set-worsen-1906843,Public plight set to worsen
tuhin-shubhra-adhikary,43,https://www.thedailystar.net/frontpage/news/bus-owners-push-doubling-fares-1906513,Bus owners push for doubling fares
tuhin-shubhra-adhikary,43,https://www.thedailystar.net/city/news/treating-covid-19-patients-all-hospitals-experts-fear-wider-transmission-1906111,Treating Covid-19 patients at all hospitals: Experts fear wider transmission
tuhin-shubhra-adhikary,43,https://www.thedailystar.net/frontpage/news/risky-reopening-1906186,Reopening is risky: Govt health expert panel
tuhin-shubhra-adhikary,43,https://www.thedailystar.net/frontpage/news/thousands-leave-city-amid-relaxed-travel-curbs-1905244,Thousands leave city amid relaxed travel curbs
tuhin-shubhra-adhikary,43,https://www.thedailystar.net/frontpage/news/restrictions-they-do-not-heed-1904296,Restrictions they do not heed
tuhin-shubhra-adhikary,43,https://www.thedailystar.net/frontpage/news/heedless-risks-people-rush-home-1903951,"Heedless of risks, people rush home"
tuhin-shubhra-adhikary,43,https://www.thedailystar.net/frontpage/news/second-wave-if-mistake-repeated-1903666,Covid-19: Second wave if mistake repeated
tuhin-shubhra-adhikary,43,https://www.thedailystar.net/frontpage/news/shutdown-likely-stay-till-may-30-1902121,Shutdown likely to stay till May 30
tuhin-shubhra-adhikary,43,https://www.thedailystar.net/frontpage/news/tk-10-kg-rice-programme-extended-1901812,Tk 10 a kg rice programme extended
tuhin-shubhra-adhikary,43,https://www.thedailystar.net/frontpage/news/peak-3rd-or-last-week-1901212,Peak in 3rd or last week
tuhin-shubhra-adhikary,43,https://www.thedailystar.net/city/news/resume-transport-construction-work-1900609,Resume transport construction work
tuhin-shubhra-adhikary,43,https://www.thedailystar.net/city/news/dhaka-delhi-mull-resuming-rail-service-1900171,"Dhaka, Delhi mull resuming rail service"
tuhin-shubhra-adhikary,43,https://www.thedailystar.net/frontpage/news/they-too-join-tcb-queues-1900255,They too join TCB queues
tuhin-shubhra-adhikary,43,https://www.thedailystar.net/coronavirus-deadly-new-threat/news/reopening-shopping-malls-other-businesses-could-lead-further-spread-1899859,"Reopening shopping malls, other businesses could lead to further spread"
tuhin-shubhra-adhikary,43,https://www.thedailystar.net/frontpage/news/padma-bridge-deadline-may-be-pushed-back-least-6-months-1899604,Padma Bridge:  Deadline may be pushed back by at least 6 months
tuhin-shubhra-adhikary,43,https://www.thedailystar.net/country/news/private-medical-colleges-retract-previous-decision-cut-salary-doctors-1899340,Full salaries but no bonuses for staff of private medical colleges and hospitals
tuhin-shubhra-adhikary,43,https://www.thedailystar.net/frontpage/news/tengratila-blowouts-niko-liable-must-pay-damages-1899238,"Tengratila Blowouts: Niko liable, must pay damages"
tuhin-shubhra-adhikary,43,https://www.thedailystar.net/frontpage/news/shutdown-likely-stretch-till-may-16-1898863,Shutdown likely to stretch till May 16
tuhin-shubhra-adhikary,43,https://www.thedailystar.net/backpage/news/obstacles-they-scale-serve-1898485,Obstacles they scale to serve
tuhin-shubhra-adhikary,43,https://www.thedailystar.net/frontpage/news/rmg-workers-thousands-rush-raise-fear-spread-1898155,"RMG Workers: Thousands rush in, raise fear of spread"
tuhin-shubhra-adhikary,44,https://www.thedailystar.net/backpage/news/dengue-amid-covid-19-outbreak-rain-comes-risk-1897489,Dengue Amid Covid-19 Outbreak: With rain comes risk
tuhin-shubhra-adhikary,44,https://www.thedailystar.net/frontpage/news/private-hospitals-doctors-left-unprotected-1897516,Private Hospitals: Doctors left unprotected
tuhin-shubhra-adhikary,44,https://www.thedailystar.net/city/news/no-homecoming-frontline-heroes-1896790,No homecoming for frontline heroes
tuhin-shubhra-adhikary,44,https://www.thedailystar.net/frontpage/news/risks-lurk-reopen-move-1896268,Risks lurk in reopen move
tuhin-shubhra-adhikary,44,https://www.thedailystar.net/frontpage/news/make-people-stay-home-1895551,Make people stay at home
tuhin-shubhra-adhikary,44,https://www.thedailystar.net/frontpage/news/medical-frontliners-suffering-the-brunt-1895140,Medical frontliners suffering the brunt
tuhin-shubhra-adhikary,44,https://www.thedailystar.net/frontpage/news/worries-over-boro-harvest-flash-floods-may-deal-double-blow-1894810,Worries Over Boro Harvest: Flash floods may deal a double blow
tuhin-shubhra-adhikary,44,https://www.thedailystar.net/frontpage/news/theft-subsidized-food-rogue-dealers-political-links-blame-1894459,Theft of Subsidized Food: Rogue dealers with political links to blame
tuhin-shubhra-adhikary,44,https://www.thedailystar.net/frontpage/news/others-too-risking-it-all-1893742,Others too risking it all
tuhin-shubhra-adhikary,44,https://www.thedailystar.net/backpage/news/where-are-the-welfare-funds-1892722,Where are the welfare funds?
tuhin-shubhra-adhikary,44,https://www.thedailystar.net/frontpage/news/healthcare-professionals-the-front-line-true-their-oath-1892743,"Healthcare Professionals: On the front line,  true to their oath"
tuhin-shubhra-adhikary,44,https://www.thedailystar.net/frontpage/news/no-festivities-resolve-defeat-ills-1892752,No festivities but resolve to defeat ills
tuhin-shubhra-adhikary,44,https://www.thedailystar.net/frontpage/news/govt-response-mired-missteps-1892023,Govt Response: Mired in MISSTEPS
tuhin-shubhra-adhikary,44,https://www.thedailystar.net/frontpage/news/all-parjatan-hotels-now-free-the-health-staff-1892020,All Parjatan hotels now free for the health staff
tuhin-shubhra-adhikary,44,https://www.thedailystar.net/backpage/news/blood-banks-may-run-dry-1890727,Blood banks may run dry
tuhin-shubhra-adhikary,44,https://www.thedailystar.net/backpage/news/act-worth-replicating-1890367,RMG company in Gazipur gives workers two months’ wages before closure
tuhin-shubhra-adhikary,44,https://www.thedailystar.net/frontpage/news/helping-the-poor-shutdown-every-mp-still-not-board-1889737,Helping the poor in shutdown: Every MP still not on board
tuhin-shubhra-adhikary,44,https://www.thedailystar.net/frontpage/news/all-play-no-school-arhaans-bored-witless-1889080,"All play, no school, Arhaans bored witless"
tuhin-shubhra-adhikary,44,https://www.thedailystar.net/frontpage/news/10-day-shutdown-lax-enforcement-cause-worry-1888303,10-Day Shutdown: Lax enforcement a cause of worry
tuhin-shubhra-adhikary,44,https://www.thedailystar.net/frontpage/news/ambulance-drivers-fearful-1887958,Ambulance drivers fearful
tuhin-shubhra-adhikary,45,https://www.thedailystar.net/frontpage/news/shutdown-likely-be-week-longer-1888000,Shutdown likely to be a week longer
tuhin-shubhra-adhikary,45,https://www.thedailystar.net/frontpage/news/everything-was-good-then-came-coronavirus-1887556,"‘Everything was good, then came coronavirus’"
tuhin-shubhra-adhikary,45,https://www.thedailystar.net/frontpage/news/shutdown-excesses-police-admin-outrage-move-pull-the-reins-1887223,"Shutdown Excesses by Police, Admin: Outrage; move on to pull in the reins"
tuhin-shubhra-adhikary,45,https://www.thedailystar.net/city/news/brta-caught-napping-1886533,BRTA caught napping!
tuhin-shubhra-adhikary,45,https://www.thedailystar.net/backpage/news/madness-journey-home-1885909,A mad scramble to get home
tuhin-shubhra-adhikary,45,https://www.thedailystar.net/frontpage/news/closer-lockdown-1885474,Closer to lockdown
tuhin-shubhra-adhikary,45,https://www.thedailystar.net/backpage/news/govt-mulls-turning-87km-stretch-expressway-1884481,Govt mulls turning 87km stretch into expressway
tuhin-shubhra-adhikary,45,https://www.thedailystar.net/frontpage/news/no-lockdown-sadullapur-1884490,Sadullapur’s UNO panel for lockdown
tuhin-shubhra-adhikary,45,https://www.thedailystar.net/coronavirus-deadly-new-threat/news/no-lockdown-gaibandhas-sadullapur-dc-clarifies-1884367,No lockdown in Gaibandha’s Sadullapur: DC clarifies
tuhin-shubhra-adhikary,45,https://www.thedailystar.net/backpage/news/road-repair-fund-collection-move-stalled-years-1882600,Road Repair Fund Collection: Move stalled for years
tuhin-shubhra-adhikary,45,https://www.thedailystar.net/coronavirus-deadly-new-threat/news/youth-organisation-disinfecting-public-transport-capital-1882111,Youth organisation disinfecting public transport in capital
tuhin-shubhra-adhikary,45,https://www.thedailystar.net/business/news/coronavirus-leaves-tour-operators-distraught-1881904,Coronavirus leaves tour operators distraught
tuhin-shubhra-adhikary,45,https://www.thedailystar.net/frontpage/news/tourism-hit-hard-1881325,Tourism takes a beating
tuhin-shubhra-adhikary,45,https://www.thedailystar.net/frontpage/news/carriers-call-trips-india-1879894,Carriers call off trips to India
tuhin-shubhra-adhikary,45,https://www.thedailystar.net/business/news/coronavirus-sends-chills-down-bus-operators-spine-1880029,Coronavirus sends chills down bus operators’ spine
tuhin-shubhra-adhikary,45,https://www.thedailystar.net/frontpage/news/padma-bridge-rail-link-work-affected-1876444,"Padma bridge, rail link work affected"
tuhin-shubhra-adhikary,45,https://www.thedailystar.net/frontpage/news/bangabandhu-railway-bridge-project-cost-revised-goes-72pc-1876018,"Bangabandhu Railway Bridge Project: Cost revised, goes  up by 72pc"
tuhin-shubhra-adhikary,45,https://www.thedailystar.net/frontpage/news/abuzz-life-tinged-worry-too-1875133,"Padma bridge construction: Abuzz with life, tinged with worry over coronavirus"
tuhin-shubhra-adhikary,45,https://www.thedailystar.net/backpage/news/brta-drives-falter-1873768,BRTA drives falter
tuhin-shubhra-adhikary,45,https://www.thedailystar.net/frontpage/news/unwanted-obstruction-1872115,Private transport owners obstructing BRTC from launching new buses
tuhin-shubhra-adhikary,46,https://www.thedailystar.net/supplements/happy-birthday-japanese-emperor/news/dna-special-1871893,DNA is special
tuhin-shubhra-adhikary,46,https://www.thedailystar.net/backpage/news/crash-fatalities-bangladesh-good-trends-undermined-1871680,Accident fatalities in Bangladesh: Good trends ‘undermined’
tuhin-shubhra-adhikary,46,https://www.thedailystar.net/business/news/relocation-chemical-factories-old-dhaka-still-uncertain-1870924,Relocation of chemical factories from Old Dhaka still uncertain
tuhin-shubhra-adhikary,46,https://www.thedailystar.net/frontpage/news/road-accident-victims-families-cry-justice-1866643,Families of road accident victims demand justice
tuhin-shubhra-adhikary,46,https://www.thedailystar.net/frontpage/news/upgradation-joydevpur-elenga-highway-project-delayed-cost-doubles-1866181,"Upgrade of Joydevpur-Elenga Highway: Project delayed, cost doubles"
tuhin-shubhra-adhikary,46,https://www.thedailystar.net/backpage/news/construction-repair-6-bridges-tk-1400cr-saved-mega-project-meets-deadline-1865473,"Construction, repair of 6 bridges: Tk 1,400cr saved as mega project meets deadline"
tuhin-shubhra-adhikary,46,https://www.thedailystar.net/backpage/bangladesh-first-expressway-dhaka-to-bhanga-to-open-1863988,Dhaka-Bhanga expressway to open next month
tuhin-shubhra-adhikary,46,https://www.thedailystar.net/frontpage/news/transport-leaders-score-another-win-1863103,Transport leaders score another win
tuhin-shubhra-adhikary,46,https://www.thedailystar.net/frontpage/china-coronavirus-outbreak-hampered-bangladesh-mega-projects-1860439,Coronavirus Fallout: Mega projects may suffer for Chinese staff’s absence
tuhin-shubhra-adhikary,46,https://www.thedailystar.net/city/news/take-steps-stop-sand-lifting-near-bridges-1860046,Take steps to stop sand lifting near bridges
tuhin-shubhra-adhikary,46,https://www.thedailystar.net/backpage/bbin-motor-vehicle-agreement-deal-resume-soon-1857343,Talks on BBIN vehicle deal to resume
tuhin-shubhra-adhikary,46,https://www.thedailystar.net/frontpage/bangladesh-railway-rejects-metro-line-6-extension-proposal-1857355,Tussle over metro line-6 extension
tuhin-shubhra-adhikary,46,https://www.thedailystar.net/backpage/news/updating-transport-papers-govt-caves-waives-delay-fine-1856902,"Updating Transport Papers: Govt caves  in, waives delay fine"
tuhin-shubhra-adhikary,46,https://www.thedailystar.net/frontpage/news/vehicle-tracking-system-fees-taken-service-not-ensured-1855579,"Vehicle Tracking System: Fees taken,  service not  ensured"
tuhin-shubhra-adhikary,46,https://www.thedailystar.net/backpage/news/tolls-highways-rhd-start-infrastructure-assessment-1854628,Tolls on Highways: RHD to start  infrastructure assessment
tuhin-shubhra-adhikary,46,https://www.thedailystar.net/frontpage/padma-bridge-rail-link-project-land-acquisition-could-drive-cost-1854178,Padma Bridge Rail Link Project: Land acquisition could drive up cost
tuhin-shubhra-adhikary,46,https://www.thedailystar.net/frontpage/news/longest-bridge-link-bhola-barishal-1853794,"Longest bridge to link Bhola, Barishal"
tuhin-shubhra-adhikary,46,https://www.thedailystar.net/frontpage/news/vehicle-registration-drops-dhaka-1852414,Vehicle registration drops in Dhaka
tuhin-shubhra-adhikary,46,https://www.thedailystar.net/frontpage/rail-bridge-over-jamuna-river-work-yet-to-start-cost-up-by-33pc-1851970,"Dedicated Rail Bridge Over Jamuna: Work yet to start, cost up by 33pc"
tuhin-shubhra-adhikary,46,https://www.thedailystar.net/city/news/car-suv-microbus-get-fitness-clearance-2yrs-1851139,"Car, SUV, microbus to get fitness clearance for 2yrs"
tuhin-shubhra-adhikary,47,https://www.thedailystar.net/backpage/purchase-faulty-buses-trucks-bangladesh-road-transport-corporation-start-probe-soon-1850506,"Purchase of ‘Faulty’ Buses, Trucks: BRTC to start probe soon"
tuhin-shubhra-adhikary,47,https://www.thedailystar.net/backpage/news/professional-misconduct-ict-prosecutor-removed-3-yrs-after-suspension-1850194,Professional Misconduct: ICT prosecutor removed 4 yrs after suspension
tuhin-shubhra-adhikary,47,https://www.thedailystar.net/frontpage/dhaka-to-chittagong-train-service-journey-in-1-hour-1847917,Dhaka to Ctg in one hour!
tuhin-shubhra-adhikary,47,https://www.thedailystar.net/city/news/bringing-discipline-dhaka-roads-parking-policy-the-offing-1846747,Bringing Discipline on Dhaka Roads: Parking policy in the offing
tuhin-shubhra-adhikary,47,https://www.thedailystar.net/backpage/news/shuvadya-canal-rhd-frustrates-revival-effort-1845625,Shuvadya Canal: RHD frustrates revival effort
tuhin-shubhra-adhikary,47,https://www.thedailystar.net/backpage/news/metro-rail-project-installation-tracks-begins-jan-1-1844329,Metro Rail Project: Installation of tracks begins Jan 1
tuhin-shubhra-adhikary,47,https://www.thedailystar.net/city/news/intent-save-rivers-creates-row-between-biwta-railway-1843531,"Intent to save rivers creates row between BIWTA, railway"
tuhin-shubhra-adhikary,47,https://www.thedailystar.net/backpage/news/plan-waive-toll-pvt-ambulances-1843111,Move on to waive toll for pvt ambulances
tuhin-shubhra-adhikary,47,https://www.thedailystar.net/backpage/news/road-transport-workers-62pc-wage-hike-proposed-1842184,Road Transport Workers: 62pc wage hike proposed
tuhin-shubhra-adhikary,47,https://www.thedailystar.net/frontpage/victory-day-2019-blood-sweat-tears-1840861,"Blood, sweat, tears"
tuhin-shubhra-adhikary,47,https://www.thedailystar.net/city/news/metro-rail-monument-seven-japanese-holey-artisan-victims-1840132,Metro rail monument for seven Japanese  Holey Artisan victims
tuhin-shubhra-adhikary,47,https://www.thedailystar.net/backpage/news/sylhet-tamabil-road-work-dual-carriageway-start-next-year-1838806,Sylhet-Tamabil Road: Work on dual carriageway to start next year
tuhin-shubhra-adhikary,47,https://www.thedailystar.net/backpage/news/metro-line-6-link-kamalapur-1836388,Metro Line-6 to link Kamalapur
tuhin-shubhra-adhikary,47,https://www.thedailystar.net/frontpage/bangladesh-railway-poor-service-despite-huge-investment-1835461,Poor service despite huge investment
tuhin-shubhra-adhikary,47,https://www.thedailystar.net/frontpage/dhaka-hawker-eviction-drive-never-works-1834972,Hawker eviction drive never works
tuhin-shubhra-adhikary,47,https://www.thedailystar.net/frontpage/dia-rajib-killing-2-bus-driver-helper-get-life-term-1834507,"Killing of Dia, Rajib by Bus: Call for caution was ignored"
tuhin-shubhra-adhikary,47,https://www.thedailystar.net/backpage/news/goods-laden-vehicles-jamuna-bridge-weight-limit-cut-not-enough-yet-1834075,"Goods-laden Vehicles on Jamuna Bridge: Weight limit cut, not enough yet"
tuhin-shubhra-adhikary,47,https://www.thedailystar.net/frontpage/no-mercy-dhaka-cafe-attack-perpetrators-1832821,NO MERCY for café attack perpetrators
tuhin-shubhra-adhikary,47,https://www.thedailystar.net/frontpage/checking-bangladesh-road-accidents-committee-formed-for-action-plan-1831594,Checking Road Accidents: Long wait for effective steps
tuhin-shubhra-adhikary,47,https://www.thedailystar.net/backpage/news/checking-road-crashes-special-taskforce-hold-its-first-meet-tomorrow-1830760,Taskforce to meet Sunday amid rise in road crashes
tuhin-shubhra-adhikary,48,https://www.thedailystar.net/frontpage/news/road-transport-act-workers-stick-demand-changes-1830778,Road Transport Act: Workers stick to demand for changes
tuhin-shubhra-adhikary,48,https://www.thedailystar.net/backpage/news/driver-2-others-responsible-1828918,"Driver, 2 others responsible"
tuhin-shubhra-adhikary,48,https://www.thedailystar.net/frontpage/news/road-transport-act-enforcement-stiff-challenge-1828588,Road Transport Act: Enforcement a  stiff challenge
tuhin-shubhra-adhikary,48,https://www.thedailystar.net/frontpage/news/road-transport-act-execution-mobile-court-not-fully-equipped-1827307,Road Transport Act Execution: Mobile court not fully equipped
tuhin-shubhra-adhikary,48,https://www.thedailystar.net/frontpage/news/train-drivers-fault-takes-sixteen-lives-1826413,‘Train driver’s fault’ takes sixteen lives
tuhin-shubhra-adhikary,48,https://www.thedailystar.net/frontpage/news/new-road-law-implementation-transport-owners-want-month-more-1824988,New Road Law Implementation: Transport owners now want a month more
tuhin-shubhra-adhikary,48,https://www.thedailystar.net/frontpage/news/padma-bridge-wait-now-gets-even-longer-1821448,Padma Bridge: Wait now gets even longer
tuhin-shubhra-adhikary,48,https://www.thedailystar.net/frontpage/news/brta-out-its-depth-1820089,BRTA out of its depth
tuhin-shubhra-adhikary,48,https://www.thedailystar.net/frontpage/news/inspiration-will-last-forever-1818352,Inspiration that will last forever
tuhin-shubhra-adhikary,48,https://www.thedailystar.net/city/news/simulators-train-drivers-1818043,Simulators for train drivers
tuhin-shubhra-adhikary,48,https://www.thedailystar.net/frontpage/news/road-safety-stays-elusive-ever-1817050,Road safety remains as elusive as ever
tuhin-shubhra-adhikary,48,https://www.thedailystar.net/frontpage/train-face-delay-mainly-due-to-inadequate-capacity-of-railway-tracks-1816168,"More trains, longer delay"
tuhin-shubhra-adhikary,48,https://www.thedailystar.net/frontpage/news/good-news-tourists-1815787,Good news for tourists
tuhin-shubhra-adhikary,48,https://www.thedailystar.net/frontpage/news/dhaka-metro-rail-two-more-lines-cost-tk-93800cr-1813843,"Dhaka Metro Rail: Two more lines to cost Tk 93,800cr"
tuhin-shubhra-adhikary,48,https://www.thedailystar.net/frontpage/news/tolled-highways-long-trips-get-costlier-soon-1810321,Tolled highways: Long trips to get costlier soon
tuhin-shubhra-adhikary,48,https://www.thedailystar.net/frontpage/dhaka-chittagong-highway-expansion-example-wasting-public-money-1807072,Dhaka-Ctg Highway Expansion: Example of wasting public money
tuhin-shubhra-adhikary,48,https://www.thedailystar.net/backpage/news/preventing-road-crashes-month-gone-yet-no-gazette-taskforce-1807096,"Preventing Road crashes: A month gone, yet no gazette for taskforce"
tuhin-shubhra-adhikary,48,https://www.thedailystar.net/business/government-eyes-300mw-rooftop-solar-power-1801123,Govt eyes 300MW rooftop solar power
tuhin-shubhra-adhikary,48,https://www.thedailystar.net/frontpage/state-bridges-poor-data-collection-delays-rhd-database-1795702,"Database on Bridges, Culverts: Poor data collection delays RHD work"
tuhin-shubhra-adhikary,48,https://www.thedailystar.net/backpage/maitree-express-run-dhaka-to-kolkata-6-days-week-1795198,Maitree to run 6 days a week
tuhin-shubhra-adhikary,49,https://www.thedailystar.net/backpage/checking-vehicle-overloading-highways-get-21-more-weighbridges-1794574,Checking Vehicle Overloading: Highways to get 21 more weighbridges
tuhin-shubhra-adhikary,49,https://www.thedailystar.net/frontpage/news/over-1000km-roads-damaged-flood-1787584,"Over 1,000km roads damaged by flood"
tuhin-shubhra-adhikary,49,https://www.thedailystar.net/frontpage/eid-ul-adha-2019-bangladesh-homegoers-plight-just-wont-let-1784905,Homegoers’ plight just won’t let up
tuhin-shubhra-adhikary,49,https://www.thedailystar.net/backpage/news/eid-rush-begins-hiccups-1783219,Eid rush begins with hiccups
tuhin-shubhra-adhikary,49,https://www.thedailystar.net/city/news/2-out-12-companies-certified-so-far-1781875,2 out of 12 companies certified so far
tuhin-shubhra-adhikary,49,https://www.thedailystar.net/backpage/news/union-cng-auto-rickshaw-drivers-seek-raise-fare-1779070,Union of CNG auto-rickshaw drivers seek raise in fare
tuhin-shubhra-adhikary,49,https://www.thedailystar.net/frontpage/road-safety-demo-in-bangladesh-lofty-promises-little-action-1778512,"A Year Since Road Safety Demo: Lofty promises, little action"
tuhin-shubhra-adhikary,49,https://www.thedailystar.net/city/news/intl-crimes-tribunal-officials-constant-fear-accident-1777030,Int’l Crimes Tribunal officials in constant fear of accident
tuhin-shubhra-adhikary,49,https://www.thedailystar.net/backpage/news/214-km-dhaka-sylhet-highway-adb-fund-its-expansion-four-lanes-1776526,214km Dhaka-Sylhet Highway: ADB to fund its expansion into four lanes
tuhin-shubhra-adhikary,49,https://www.thedailystar.net/backpage/news/400kms-roads-wrecked-flood-1775410,400kms of roads  wrecked by flood
tuhin-shubhra-adhikary,49,https://www.thedailystar.net/supplements/news/10-mega-projects-five-pick-pace-finally-1774909,"10 Mega Projects: Five pick up pace, finally"
tuhin-shubhra-adhikary,49,https://www.thedailystar.net/frontpage/news/rising-rail-fatalities-unmanned-level-crossings-blame-1772479,Rising Rail Fatalities: Unmanned level crossings to blame
tuhin-shubhra-adhikary,49,https://www.thedailystar.net/backpage/news/sudden-move-trouble-commuters-1767688,Rickshaw Ban: Sudden move to trouble commuters
tuhin-shubhra-adhikary,49,https://www.thedailystar.net/frontpage/news/4200km-roads-bad-or-very-bad-1764895,"4,200km of roads in bad condition"
tuhin-shubhra-adhikary,49,https://www.thedailystar.net/frontpage/news/one-die-killing-ranada-prasad-shaha-1763497,Killer sought to eliminate community
tuhin-shubhra-adhikary,49,https://www.thedailystar.net/backpage/news/india-keen-delivering-20-locomotives-1761415,India keen on delivering 20 locomotives
tuhin-shubhra-adhikary,49,https://www.thedailystar.net/backpage/bangladesh-road-transport-authority-made-licence-mandatory-to-buy-a-bike-1761424,Want a bike? Get a licence
tuhin-shubhra-adhikary,49,https://www.thedailystar.net/backpage/bangladesh-ride-sharing-companies-registration-start-from-july-1-1759609,Ride-Sharing Companies: Registration to start July 1
tuhin-shubhra-adhikary,49,https://www.thedailystar.net/city/news/guideline-slow-moving-vehicles-the-cards-1757992,Guideline for slow-moving vehicles on the cards
tuhin-shubhra-adhikary,49,https://www.thedailystar.net/bangladesh-national-budget-2019-20/mega-slow-1756876,Mega but slow
tuhin-shubhra-adhikary,50,https://www.thedailystar.net/backpage/bailey-bridges-in-bangladesh-waiting-come-apart-1754263,Bailey Bridges: Waiting to come apart
tuhin-shubhra-adhikary,50,https://www.thedailystar.net/frontpage/govt-plans-to-allocate-tk-100cr-for-river-erosion-victims-in-bangladesh-1754266,River Erosion: Govt plans to allocate Tk 100cr for victims
tuhin-shubhra-adhikary,50,https://www.thedailystar.net/frontpage/eid-journey-2019-going-home-mostly-happy-1753120,"Going home, mostly happy"
tuhin-shubhra-adhikary,50,https://www.thedailystar.net/frontpage/eid-ul-fitr-2019-homegoers-may-face-less-hassle-this-year-1750312,"Trouble in Tongi, beyond"
tuhin-shubhra-adhikary,50,https://www.thedailystar.net/backpage/brta-misses-4-deadlines-for-drafting-bangladesh-road-transport-act-2018-1746979,Road Transport Law: BRTA misses 4 deadlines for drafting rules
tuhin-shubhra-adhikary,50,https://www.thedailystar.net/backpage/news/rickety-boats-putting-lives-risk-1746082,Rickety boats putting lives at risk
tuhin-shubhra-adhikary,50,https://www.thedailystar.net/backpage/news/new-bridges-ease-hassles-eid-homegoers-1745545,New bridges to ease hassles for Eid homegoers
tuhin-shubhra-adhikary,50,https://www.thedailystar.net/historical/back-page/news/new-highway-law-wider-scope-1743649,New highway law with wider scope
tuhin-shubhra-adhikary,50,https://www.thedailystar.net/frontpage/news/72pc-rail-engines-deathbed-1737406,72pc rail engines on deathbed
tuhin-shubhra-adhikary,50,https://www.thedailystar.net/backpage/news/un-road-safety-week-bangladesh-observe-it-first-time-1734334,UN Road Safety Week: Bangladesh to observe it for first time
tuhin-shubhra-adhikary,50,https://www.thedailystar.net/frontpage/news/digital-manual-1724692,From digital to manual
tuhin-shubhra-adhikary,50,https://www.thedailystar.net/frontpage/news/rajibs-death-race-buses-no-compensation-no-justice-yet-1724212,"Rajib's Death in Race of Buses: No compensation, no justice yet"
tuhin-shubhra-adhikary,50,https://www.thedailystar.net/frontpage/news/suprobhat-paribahan-90pc-buses-ran-without-papers-1723135,Suprobhat Paribahan: 90pc buses ran without papers
tuhin-shubhra-adhikary,50,https://www.thedailystar.net/frontpage/news/no-fitness-docs-yet-running-1719148,"No fitness docs, yet running"
tuhin-shubhra-adhikary,50,https://www.thedailystar.net/frontpage/news/road-crashes-rise-despite-govt-measures-1717696,Road crashes on rise despite govt measures
tuhin-shubhra-adhikary,50,https://www.thedailystar.net/backpage/news/polls-irregularities-protest-erupts-du-strike-today-1713781,Polls Irregularities: Protest erupts at DU; strike today
tuhin-shubhra-adhikary,50,https://www.thedailystar.net/frontpage/news/dhaka-have-circular-rails-1712545,Dhaka to have circular rails
tuhin-shubhra-adhikary,50,https://www.thedailystar.net/city/drive-against-chemical-factories-in-old-dhaka-protest-foils-1-mobile-court-1709473,Traders fume at chemical drive
tuhin-shubhra-adhikary,50,https://www.thedailystar.net/frontpage/news/dhaka-fire-chemical-warehouses-factories-crackdown-begins-old-town-1708999,"Chemical Warehouses, Factories: Crackdown begins in old town"
tuhin-shubhra-adhikary,50,https://www.thedailystar.net/frontpage/news/dhaka-fire-relocating-hazardous-old-town-chemical-industries-primary-stage-perennially-1706851,"Relocating Hazardous Old Town Industries: At primary stage, perennially"
tuhin-shubhra-adhikary,51,https://www.thedailystar.net/frontpage/news/nimtoli-chawkbazar-monument-built-no-lessons-learnt-1706395,"Nimtoli to Chawkbazar: Monument built, no lessons learnt"
tuhin-shubhra-adhikary,51,https://www.thedailystar.net/city/news/chawkbazar-fire-dmc-air-heavy-wails-1705768,Chawkbazar Fire: DMC air heavy with wails
tuhin-shubhra-adhikary,51,https://www.thedailystar.net/city/old-dhaka-fire-tragedy-this-my-brother-have-you-found-his-body-1705363,"‘This is my brother, have you found his body?’"
tuhin-shubhra-adhikary,51,https://www.thedailystar.net/city/dhaka-fire-job-seeker-anguish-cut-short-at-chawkbazar-incident-1705351,Chawkbazar Fire: A job seeker’s anguish cut short
tuhin-shubhra-adhikary,51,https://www.thedailystar.net/city/dhaka-chawkbazar-fire-dipu-spared-luck-not-his-family-1705342,"Dipu spared by luck, not his family"
tuhin-shubhra-adhikary,51,https://www.thedailystar.net/frontpage/news/first-indian-line-credit-8yrs-gone-only-51pc-utilised-1705219,"First Indian Line of Credit: 8yrs gone, only 51pc utilised"
tuhin-shubhra-adhikary,51,https://www.thedailystar.net/frontpage/news/unmanned-level-crossings-where-death-lies-wait-1702423,Unmanned Level Crossings: Where death lies in wait
tuhin-shubhra-adhikary,51,https://www.thedailystar.net/frontpage/news/eviction-drive-so-grabbing-1699876,"Eviction drive on, so is grabbing"
tuhin-shubhra-adhikary,51,https://www.thedailystar.net/frontpage/news/brtc-buses-doomed-early-demise-1699228,BRTC Buses: Doomed to early demise
tuhin-shubhra-adhikary,51,https://www.thedailystar.net/backpage/news/govt-shuts-door-outside-vehicles-1697077,Ride-Sharing Service in Capital: Govt to shut door on outside vehicles
tuhin-shubhra-adhikary,51,https://www.thedailystar.net/frontpage/news/underground-metro-first-line-2026-1696660,Underground Metro: First one by 2026
tuhin-shubhra-adhikary,51,https://www.thedailystar.net/frontpage/news/big-relief-june-1693426,Big relief by June
tuhin-shubhra-adhikary,51,https://www.thedailystar.net/frontpage/news/dream-comes-true-next-year-1692595,Dream comes true next year
tuhin-shubhra-adhikary,51,https://www.thedailystar.net/city/news/electricity-powered-vehicles-regulations-likely-see-further-delay-1690066,Electricity-Powered Vehicles: Regulations likely to see further delay
tuhin-shubhra-adhikary,51,https://www.thedailystar.net/city/brtc-bus-service-in-dhaka-staffers-go-strike-demand-arrears-1684615,BRTC in trouble over arrears
tuhin-shubhra-adhikary,51,https://www.thedailystar.net/bangladesh-national-election-2018/news/hasina-banks-fresh-blood-1684012,Hasina axes heavyweights
tuhin-shubhra-adhikary,51,https://www.thedailystar.net/backpage/news/better-hire-consultant-1682788,Better hire a consultant
tuhin-shubhra-adhikary,51,https://www.thedailystar.net/city/news/festive-atmosphere-indeed-1679821,Festive atmosphere indeed!
tuhin-shubhra-adhikary,51,https://www.thedailystar.net/country/jsc-result-2018-girls-fare-far-better-than-boys-1678186,"Girls outshine boys in PECE, JSC exams"
tuhin-shubhra-adhikary,51,https://www.thedailystar.net/backpage/news/licence-requirement-brta-caves-drivers-pressure-1678045,Licence Requirement: BRTA caves in to drivers' demand
tuhin-shubhra-adhikary,52,https://www.thedailystar.net/bangladesh-national-election-2018/news/bnp-campaign-hit-attacks-1676221,Jhalakathi: BNP campaign hurt by attacks
tuhin-shubhra-adhikary,52,https://www.thedailystar.net/bangladesh-national-election-2018/news/sayedees-son-puts-local-bnp-tight-spot-1675723,Sayedee's son puts local BNP in a tight spot
tuhin-shubhra-adhikary,52,https://www.thedailystar.net/bangladesh-national-election-2018/barishal-election-campaign-where-bnp-1674730,Where is BNP?
tuhin-shubhra-adhikary,52,https://www.thedailystar.net/bangladesh-national-election-2018/news/barishal-yet-catch-polls-fever-1674325,Barishal yet to catch polls fever
tuhin-shubhra-adhikary,52,https://www.thedailystar.net/frontpage/news/cold-killing-design-1673488,"MARTYRED INTELLECTUALS DAY TODAY: COLD, KILLING DESIGN"
tuhin-shubhra-adhikary,52,https://www.thedailystar.net/backpage/news/driving-licence-seekers-brta-struggles-handle-rush-1670779,Driving Licence-Seekers: BRTA struggles to handle rush
tuhin-shubhra-adhikary,52,https://www.thedailystar.net/frontpage/news/road-crash-killed-25k-16-who-1670782,Road crash killed 25k in '16: WHO
tuhin-shubhra-adhikary,52,https://www.thedailystar.net/backpage/news/child-suicide-the-rise-1669849,Child suicide on the rise
tuhin-shubhra-adhikary,52,https://www.thedailystar.net/bangladesh-national-election-2018/news/64pc-polling-centres-risky-1668904,64pc polling centres risky
tuhin-shubhra-adhikary,52,https://www.thedailystar.net/backpage/news/electricity-run-vehicles-govt-bring-them-under-regulation-1667641,Electricity-Run Vehicles: Govt to bring them under regulation
tuhin-shubhra-adhikary,52,https://www.thedailystar.net/city/news/bnp-banking-new-faces-al-experience-1666741,"BNP banking on new faces, AL on experience"
tuhin-shubhra-adhikary,52,https://www.thedailystar.net/backpage/children-death-on-road-accident-danger-not-much-acknowledged-1666222,Children's Death on Roads: A danger not even acknowledged
tuhin-shubhra-adhikary,52,https://www.thedailystar.net/frontpage/awami-league-final-nomination-2018-many-picked-some-dropped-1665322,"Many picked, some dropped"
tuhin-shubhra-adhikary,52,https://www.thedailystar.net/star-weekend/politics/news/the-minority-report-1663780,The Minority Report
tuhin-shubhra-adhikary,52,https://www.thedailystar.net/backpage/news/road-transport-act-2018-not-force-yet-1660744,Road Transport Act 2018: Not in force yet
tuhin-shubhra-adhikary,52,https://www.thedailystar.net/frontpage/news/ride-hailing-services-key-guidelines-gathering-dust-1658548,Ride-Hailing Services: Key guidelines gathering dust
tuhin-shubhra-adhikary,52,https://www.thedailystar.net/city/news/no-strike-work-abstention-election-1657228,"No strike, work abstention before election"
tuhin-shubhra-adhikary,52,https://www.thedailystar.net/backpage/news/tk-86687cr-projects-get-ecnec-nod-1656355,"Tk 86,687cr projects get Ecnec nod"
tuhin-shubhra-adhikary,52,https://www.thedailystar.net/backpage/news/roads-just-1650205,"Roads, just like before"
tuhin-shubhra-adhikary,52,https://www.thedailystar.net/august-21-carnage/news/bid-make-al-leaderless-1645489,A bid to make AL leaderless
tuhin-shubhra-adhikary,53,https://www.thedailystar.net/frontpage/news/ruckus-outage-courtroom-1645456,"Ruckus, outage in courtroom"
tuhin-shubhra-adhikary,53,https://www.thedailystar.net/backpage/news/were-not-vote-bank-any-party-1639786,'We're not vote bank of any party'
tuhin-shubhra-adhikary,53,https://www.thedailystar.net/country/news/21-august-grenade-attack-verdict-october-10-1635517,Aug 21 Grenade Attack Cases: Trial completes after 14 years
tuhin-shubhra-adhikary,53,https://www.thedailystar.net/backpage/news/js-committee-recommends-some-changes-1634521,JS committee  recommends some changes
tuhin-shubhra-adhikary,53,https://www.thedailystar.net/frontpage/news/swarming-bikes-riskier-roads-1631794,"Swarming Motorbikes: Violation of rules rises, risk as well"
tuhin-shubhra-adhikary,53,https://www.thedailystar.net/news/frontpage/stopping-slow-vehicles-highways-many-orders-given-very-little-gained-1625074,Slow Vehicles on Highways: The ban exists only on paper
tuhin-shubhra-adhikary,53,https://www.thedailystar.net/news/frontpage/ferry-disruption-major-concern-1621993,Cattle Transportation to Dhaka: Ferry disruption major concern
tuhin-shubhra-adhikary,53,https://www.thedailystar.net/news/frontpage/brta-armed-8-more-magistrates-1619965,BRTA armed with 8 more magistrates
tuhin-shubhra-adhikary,53,https://www.thedailystar.net/news/frontpage/owners-excused-drivers-alone-shoulder-blame-1617562,"Owners excused, drivers alone to shoulder blame"
tuhin-shubhra-adhikary,53,https://www.thedailystar.net/backpage/long-lines-brta-1616554,Long lines at BRTA
tuhin-shubhra-adhikary,53,https://www.thedailystar.net/frontpage/road-crash-then-what-1611835,"Road crash, then what?"
tuhin-shubhra-adhikary,53,https://www.thedailystar.net/backpage/bus-driver-owner-responsible-it-1599490,"Bus driver, owner responsible for it"
tuhin-shubhra-adhikary,53,https://www.thedailystar.net/backpage/unos-under-scanner-1598449,UNOs under scanner
tuhin-shubhra-adhikary,53,https://www.thedailystar.net/frontpage/road-crashes-tragedies-inaction-1594831,Road Crashes: Tragedies on for inaction
tuhin-shubhra-adhikary,53,https://www.thedailystar.net/backpage/cheating-the-name-seating-service-1581988,Anarchy rules transport sector
tuhin-shubhra-adhikary,53,https://www.thedailystar.net/city/7-app-based-transport-services-apply-brta-registration-1579798,7 app-based transport services apply for BRTA registration
tuhin-shubhra-adhikary,53,https://www.thedailystar.net/backpage/cant-care-less-1579026,Couldn't care less
tuhin-shubhra-adhikary,53,https://www.thedailystar.net/frontpage/3-wheelers-have-more-fuel-options-1567876,3-wheelers to have more fuel options
tuhin-shubhra-adhikary,53,https://www.thedailystar.net/frontpage/when-time-fails-heal-1567306,When time fails to heal
tuhin-shubhra-adhikary,54,https://www.thedailystar.net/backpage/runaway-train-tongi-station-master-fault-1565230,Runaway Train: Tongi station master at fault
tuhin-shubhra-adhikary,54,https://www.thedailystar.net/frontpage/55000-without-fitness-clearance-1559608,"55,000 without fitness clearance"
tuhin-shubhra-adhikary,54,https://www.thedailystar.net/frontpage/war-crimes-cases-23-appeals-await-disposal-sc-1552237,War Crimes Cases: 23 appeals await disposal at SC
tuhin-shubhra-adhikary,54,https://www.thedailystar.net/backpage/34-cases-against-khaleda-zia-bnp-chairperson-bangladesh-1531510,34 CASES AGAINST KHALEDA
tuhin-shubhra-adhikary,54,https://www.thedailystar.net/backpage/vip-lane-what-about-peoples-1530451,VIP LANE? What about people's?
tuhin-shubhra-adhikary,54,https://www.thedailystar.net/frontpage/bb-still-waits-66m-stolen-money-1529089,BB still waits to get back $66m in stolen money
tuhin-shubhra-adhikary,54,https://www.thedailystar.net/frontpage/draft-digital-security-act-approved-gag-freedom-expression-1527013,Draft of Digital Security Act Approved: Gag on freedom of expression
tuhin-shubhra-adhikary,54,https://www.thedailystar.net/frontpage/rohingya-influx-settlements-forests-hills-peril-un-1522462,"Rohingya Influx, Settlements: Forests, hills in peril: UN"
tuhin-shubhra-adhikary,54,https://www.thedailystar.net/frontpage/positive-nod-app-rides-1519921,Ride-apps to get govt nod
tuhin-shubhra-adhikary,54,https://www.thedailystar.net/backpage/war-crimes-trial-creates-scope-ending-culture-impunity-1518085,War crimes trial creates scope for ending culture of impunity
tuhin-shubhra-adhikary,54,https://www.thedailystar.net/top-news/dhakas-mass-transport-see-overhaul-1516459,Dhaka's mass transport to see overhaul
tuhin-shubhra-adhikary,54,https://www.thedailystar.net/frontpage/search-her-roots-1515649,In search of her roots
tuhin-shubhra-adhikary,54,https://www.thedailystar.net/frontpage/more-teachers-may-get-mpo-1515652,More teachers may get MPO
tuhin-shubhra-adhikary,54,https://www.thedailystar.net/frontpage/jdc-and-jsc-exam-result-2017-bangladesh-bd-english-math-exams-lack-quality-teachers-behind-poor-show-1513198,"English, Math Exams: Lack of quality teachers behind poor show"
tuhin-shubhra-adhikary,54,https://www.thedailystar.net/frontpage/jdc-and-jsc-exam-result-2017-bangladesh-bd-comilla-pulls-all-boards-down-1512700,Comilla pulls all boards down
tuhin-shubhra-adhikary,54,https://www.thedailystar.net/backpage/quest-green-building-1496140,Green technology for construction
tuhin-shubhra-adhikary,54,https://www.thedailystar.net/frontpage/green-brick-shows-hope-1492840,Green brick shows hope
tuhin-shubhra-adhikary,54,https://www.thedailystar.net/frontpage/section-57-over-300-cases-filed-year-1492531,Section 57: Over 300 cases filed this year
tuhin-shubhra-adhikary,54,https://www.thedailystar.net/backpage/new-window-1971-research-1489099,New window for 1971 research
tuhin-shubhra-adhikary,54,https://www.thedailystar.net/backpage/brta-get-slow-vehicles-highways-1475164,BRTA to get slow vehicles off highways
tuhin-shubhra-adhikary,55,https://www.thedailystar.net/backpage/railway-network-tk-416cr-deal-inked-hook-coxs-bazar-1462372,Railway Network: Deal signed at last to connect Cox's Bazar
tuhin-shubhra-adhikary,55,https://www.thedailystar.net/city/incorporate-climate-issue-health-policies-1458052,Incorporate climate issue in health policies
tuhin-shubhra-adhikary,55,https://www.thedailystar.net/business/eid-brings-no-cheer-long-haul-buses-1456903,Eid brings no cheer for long-haul buses
tuhin-shubhra-adhikary,55,https://www.thedailystar.net/backpage/war-crimes-trial-stalled-1457080,War crimes trial stalled
tuhin-shubhra-adhikary,55,https://www.thedailystar.net/backpage/launch-trips-passengers-made-pay-extra-fare-1455583,Launch Trips: Passengers made to pay extra fare
tuhin-shubhra-adhikary,55,https://www.thedailystar.net/frontpage/niko-deals-illegal-1453801,Niko deals illegal
tuhin-shubhra-adhikary,55,https://www.thedailystar.net/frontpage/narayanganj-7-murder-verdict-high-court-bangladesh-death-reference-appeal-death-15-life-term-11-1452607,"Death for 15, life term for 11"
tuhin-shubhra-adhikary,55,https://www.thedailystar.net/frontpage/moon-ride-the-cards-1451071,Moon Ride on the cards
tuhin-shubhra-adhikary,55,https://www.thedailystar.net/frontpage/42nd-death-anniversary-of-bangabandhu-sheikh-mujibur-rahman-pain-anger-1448716,"In pain, in anger"
tuhin-shubhra-adhikary,55,https://www.thedailystar.net/frontpage/all-eyes-court-1447780,All eyes on court
tuhin-shubhra-adhikary,55,https://www.thedailystar.net/frontpage/photo-she-hides-daughter-1447783,Photo she hides from daughter
tuhin-shubhra-adhikary,55,https://www.thedailystar.net/frontpage/parents-cry-the-very-mention-bishwajit-1444180,Parents cry at the very mention of Bishwajit
tuhin-shubhra-adhikary,55,https://www.thedailystar.net/city/allow-or-not-allow-1441858,To allow or not to allow
tuhin-shubhra-adhikary,55,https://www.thedailystar.net/frontpage/bangladesh-ict-act-the-trap-section-of-57-1429336,The trap of Section 57
tuhin-shubhra-adhikary,55,https://www.thedailystar.net/backpage/special-sidewalks-the-blind-1424167,Pavements with tactile track for the blind
tuhin-shubhra-adhikary,55,https://www.thedailystar.net/frontpage/holidaymakers-hit-highways-1423633,Holidaymakers hit highways
tuhin-shubhra-adhikary,55,https://www.thedailystar.net/backpage/when-money-beats-eid-rush-1423165,When money beats Eid rush
tuhin-shubhra-adhikary,55,https://www.thedailystar.net/frontpage/rough-ride-ahead-1421323,Rough ride ahead
tuhin-shubhra-adhikary,55,https://www.thedailystar.net/backpage/almost-sold-out-fares-hiked-tk-600-1420762,"Almost sold out, fares hiked by up to Tk 600"
tuhin-shubhra-adhikary,55,https://www.thedailystar.net/backpage/sleepless-night-train-ticket-1419811,Sleepless night for train ticket
tuhin-shubhra-adhikary,56,https://www.thedailystar.net/backpage/fear-and-frenzy-waterways-1419400,Fear and frenzy on waterways
tuhin-shubhra-adhikary,56,https://www.thedailystar.net/backpage/tragedy-struck-long-ago-plight-not-over-yet-1418875,"Tragedy struck long ago, plight not over yet"
tuhin-shubhra-adhikary,56,https://www.thedailystar.net/backpage/duty-solar-panels-hurt-green-initiatives-1416130,Duty on solar panels to hurt green initiatives
tuhin-shubhra-adhikary,56,https://www.thedailystar.net/environment/solar-smile-farmers-1415731,Solar smile for farmers
tuhin-shubhra-adhikary,56,https://www.thedailystar.net/frontpage/payroll-no-job-1409371,"On payroll, for no job"
tuhin-shubhra-adhikary,56,https://www.thedailystar.net/backpage/infectious-disease-hospital-treats-or-infects-1400278,Infectious Disease Hospital: Treats or infects?
tuhin-shubhra-adhikary,56,https://www.thedailystar.net/backpage/2-kishoreganj-men-sentenced-death-1393687,2 Kishoreganj men sentenced to death
tuhin-shubhra-adhikary,56,https://www.thedailystar.net/backpage/fugitive-transfers-his-properties-1392571,Fugitive transfers his properties!
tuhin-shubhra-adhikary,56,https://www.thedailystar.net/frontpage/niko-signed-bribery-deals-1387600,NIKO signed  bribery deals
tuhin-shubhra-adhikary,56,https://www.thedailystar.net/backpage/2010-blast-cjs-residence-fresh-probe-ordered-against-5-accused-1382854,2010 Blast At CJ's Residence: Court orders fresh probe into case
tuhin-shubhra-adhikary,56,https://www.thedailystar.net/frontpage/no-icu-postneonatal-children-1380019,Intensive care scanty for kids
tuhin-shubhra-adhikary,56,https://www.thedailystar.net/frontpage/4-criminals-killed-shootout-cops-1376158,4 'criminals' killed in 'shootout' with cops
tuhin-shubhra-adhikary,56,https://www.thedailystar.net/backpage/police-asked-report-assets-the-fugitives-1373644,Police asked to report on assets of the fugitives
tuhin-shubhra-adhikary,56,https://www.thedailystar.net/frontpage/breaking-the-barriers-1370617,Breaking the barriers
tuhin-shubhra-adhikary,56,https://www.thedailystar.net/backpage/war-crimes-fugitives-police-report-every-15-days-1370026,War Crimes Fugitives: Police to report every 15 days
tuhin-shubhra-adhikary,56,https://www.thedailystar.net/frontpage/daughters-fight-heros-due-1368457,Daughter's fight for a hero's due
tuhin-shubhra-adhikary,56,https://www.thedailystar.net/frontpage/fugitive-paper-jailed-reality-1366822,"Fugitive on paper, jailed in reality"
tuhin-shubhra-adhikary,56,https://www.thedailystar.net/frontpage/warning-reckless-drivers-1365661,A warning for reckless drivers
tuhin-shubhra-adhikary,56,https://www.thedailystar.net/frontpage/long-wait-end-trials-1357660,Long wait for end of trials
tuhin-shubhra-adhikary,56,https://www.thedailystar.net/frontpage/meet-the-first-female-election-commissioner-1357297,Meet the first female election commissioner
tuhin-shubhra-adhikary,57,https://www.thedailystar.net/backpage/rays-hope-meherpur-family-1356550,Rays of hope for Meherpur family
tuhin-shubhra-adhikary,57,https://www.thedailystar.net/backpage/1971-war-crimes-bnp-leader-osman-under-scanner-1346896,1971 War Crimes: BNP leader Osman faces investigation
tuhin-shubhra-adhikary,57,https://www.thedailystar.net/backpage/cop-failure-behind-indictment-dead-1345927,Cop failure behind indictment of dead
tuhin-shubhra-adhikary,57,https://www.thedailystar.net/backpage/cops-discouraged-war-crimes-witness-testifying-1341031,Cops 'discouraged war crimes witness from testifying'
tuhin-shubhra-adhikary,57,https://www.thedailystar.net/frontpage/one-death-day-shootout-nov-1327969,One 'shootout' death a day in November
tuhin-shubhra-adhikary,57,https://www.thedailystar.net/backpage/death-penalty-fugitive-war-criminal-edris-1325809,Fugitive war criminal sentenced to death
tuhin-shubhra-adhikary,57,https://www.thedailystar.net/frontpage/moneyman-he-was-1280203,Moneyman he was
tuhin-shubhra-adhikary,57,https://www.thedailystar.net/city/prosecution-moves-get-ff-miron-recognised-1278862,Prosecution moves to get FF Miron recognised
tuhin-shubhra-adhikary,57,https://www.thedailystar.net/backpage/freedom-fighter-living-handouts-1268005,A freedom fighter living on handouts
tuhin-shubhra-adhikary,57,https://www.thedailystar.net/city/ict-prosecution-writes-again-shift-its-office-1257568,ICT prosecution writes again to shift office
tuhin-shubhra-adhikary,57,https://www.thedailystar.net/backpage/proof-found-against-jp-mp-hannan-son-1251856,"Proof found against JP MP Hannan, son"
tuhin-shubhra-adhikary,57,https://www.thedailystar.net/business/tk-200-crore-upkeep-hindu-temples-1233766,Tk 200 crore for upkeep of Hindu temples
tuhin-shubhra-adhikary,57,https://www.thedailystar.net/special-events/rana-plaza-tragedy/news/time-yet-heal-rana-plaza-victims-families-1214311,Time yet to heal Rana Plaza victims' families
tuhin-shubhra-adhikary,57,https://www.thedailystar.net/frontpage/broadcasters-risk-jail-fine-if-they-violate-rules-1211977,"Draft Broadcast Act: Bangladesh broadcasters risk jail, fine if they violate rules"
tuhin-shubhra-adhikary,57,https://www.thedailystar.net/backpage/prosecutor-withdrawn-cases-214771,Prosecutor withdrawn from cases
tuhin-shubhra-adhikary,57,https://www.thedailystar.net/frontpage/great-effort-yet-some-concern-213805,"Great effort, yet some concern"
tuhin-shubhra-adhikary,57,https://www.thedailystar.net/frontpage/30-lakh-martyrs-settled-history-211537,30 lakh martyrs a settled history
tuhin-shubhra-adhikary,57,https://www.thedailystar.net/backpage/step-effort-catch-fugitives-196159,Step up effort to catch fugitives
tuhin-shubhra-adhikary,57,https://www.thedailystar.net/frontpage/news/fugitives-list-gets-longer-187027,Bangladesh’s war trial: List of fugitives gets longer
tuhin-shubhra-adhikary,57,https://www.thedailystar.net/frontpage/news/living-proof-pak-armys-atrocities-182659,A living proof of Pak army's atrocities
tuhin-shubhra-adhikary,58,https://www.thedailystar.net/frontpage/news/arrogance-their-middle-name-176242,"Arrogance, their middle name"
tuhin-shubhra-adhikary,58,https://www.thedailystar.net/backpage/tribunal-irked-failure-arrest-147259,Bangladesh tribunal irked by failure to arrest
tuhin-shubhra-adhikary,58,https://www.thedailystar.net/business/china-seeks-rebuild-silk-road-trade-links-145966,China seeks to rebuild Silk Road trade links
tuhin-shubhra-adhikary,58,https://www.thedailystar.net/backpage/govt-plan-not-welcome-128119,'Govt plan not welcome'
tuhin-shubhra-adhikary,58,https://www.thedailystar.net/frontpage/news/law-stumbles-mob-116794,Law stumbles on mob in Bangladesh
tuhin-shubhra-adhikary,58,https://www.thedailystar.net/backpage/rural-schools-still-lag-behind-90166,Rural schools still lag far behind
tuhin-shubhra-adhikary,58,https://www.thedailystar.net/backpage/victims-struggle-rebuild-life-79310,Victims' struggle  on to rebuild life
tuhin-shubhra-adhikary,58,https://www.thedailystar.net/frontpage/news/not-forgotten-not-forgiven-79151,"Victim families yet to forgive,  forget the pains two years after   Rana Plaza tragedy"
tuhin-shubhra-adhikary,58,https://www.thedailystar.net/frontpage/news/amendment-law-waits-months-73580,Amendment to law waits for months
tuhin-shubhra-adhikary,58,https://www.thedailystar.net/frontpage/news/common-people-tight-corner-5412,Common people in a tight corner
tuhin-shubhra-adhikary,58,https://www.thedailystar.net/frontpage/news/jail-until-death-3855,JAIL until death
tuhin-shubhra-adhikary,58,https://www.thedailystar.net/frontpage/news/death-subhan-2797,DEATH for Subhan
tuhin-shubhra-adhikary,58,https://www.thedailystar.net/justice-delayed-not-denied-34535,"JUSTICE DELAYED, NOT DENIED"
dipankar-roy,0,https://www.thedailystar.net/star-multimedia/news/preparations-send-10000-workers-malaysia-no-cost-who-can-apply-4291846,"Preparations to send 10,000 workers to Malaysia at no cost: Who can apply?"
dipankar-roy,0,https://www.thedailystar.net/star-multimedia/news/pakistans-weapons-us-intelligence-support-saudi-arabias-plan-against-houthis-4291841,"Pakistan’s weapons, US intelligence support: Saudi Arabia’s plan against Houthis"
dipankar-roy,0,https://www.thedailystar.net/star-multimedia/news/writing-feet-dukhu-mia-builds-school-after-failing-find-job-4291836,Writing with feet: Dukhu Mia builds a school after failing to find a job
dipankar-roy,0,https://www.thedailystar.net/news/crime-justice/news/khulna-sees-33-killings-nine-months-4291971,Khulna sees 33 killings in nine months
dipankar-roy,0,https://www.thedailystar.net/business/economy/news/khulnas-shrimp-factories-fall-silent-supply-shrinks-4284556,Khulna’s shrimp factories fall silent as supply shrinks
dipankar-roy,0,https://www.thedailystar.net/news/healthcare/news/kmch-struggles-nearly-4-times-its-capacity-4283916,KMCH struggles with nearly 4 times its capacity
dipankar-roy,0,https://www.thedailystar.net/health/news/khulna-medical-college-hospital-struggles-nearly-four-times-its-capacity-4283326,Khulna Medical College Hospital struggles with nearly four times its capacity
dipankar-roy,0,https://www.thedailystar.net/news/bangladesh/news/hospitals-khulna-overwhelmed-4280686,Hospitals in Khulna overwhelmed
dipankar-roy,0,https://www.thedailystar.net/news/healthcare/disease/news/dengue-surge-khulna-leaves-patients-struggling-beds-4279711,Dengue surge in Khulna leaves patients struggling for hospital beds
dipankar-roy,0,https://www.thedailystar.net/news/crime-justice/news/even-if-he-ate-handful-rice-why-would-they-beat-him-4278366,"'Even if he ate a handful of rice, why would they beat him?'"
dipankar-roy,0,https://www.thedailystar.net/weekend-read/news/sundarbans-the-forest-protects-feeds-and-sustains-4276466,"Sundarbans: The forest that protects, feeds and sustains"
dipankar-roy,0,https://www.thedailystar.net/business/economy/news/disease-outbreak-wipes-out-shrimp-250-batiaghata-farms-4262496,Disease outbreak wipes out shrimp at 250 Batiaghata farms
dipankar-roy,0,https://www.thedailystar.net/news/bangladesh/news/sundarbans-comes-alive-again-after-three-month-closure-4262061,Sundarbans comes alive again after three-month closure
dipankar-roy,0,https://www.thedailystar.net/news/crime-justice/news/gun-violence-grips-khulnas-labanchara-4253181,Gun violence grips Khulna’s Labanchara
dipankar-roy,0,https://www.thedailystar.net/news/bangladesh/news/plastic-waste-clogs-khulna-drains-4251961,Plastic waste clogs Khulna drains
dipankar-roy,0,https://www.thedailystar.net/news/healthcare/news/dengue-surge-overwhelms-khulna-hospitals-4248786,Dengue surge overwhelms Khulna hospitals
dipankar-roy,0,https://www.thedailystar.net/health/disease/news/dengue-surge-overwhelms-khulna-hospitals-deaths-admissions-climb-4248056,"Dengue surge overwhelms Khulna hospitals as deaths, admissions climb"
dipankar-roy,0,https://www.thedailystar.net/business/economy/news/frequent-power-cuts-put-small-businesses-under-pressure-4246381,Frequent power cuts put small businesses under pressure
dipankar-roy,0,https://www.thedailystar.net/business/news/the-fall-industrial-city-4242376,The fall of an industrial city
dipankar-roy,0,https://www.thedailystar.net/news/bangladesh/obituary/news/ranjit-baowali-no-more-struggle-bhobodoh-remains-4242161,Ranjit Baowali no more but struggle for Bhobodoh remains
dipankar-roy,0,https://www.thedailystar.net/business/economy/news/power-shortages-threaten-khulnas-shrimp-sector-4241781,Power shortages threaten Khulna’s shrimp sector
dipankar-roy,0,https://www.thedailystar.net/business/news/power-shortages-threaten-khulnas-shrimp-sector-4241686,Power shortages threaten Khulna’s shrimp sector
dipankar-roy,0,https://www.thedailystar.net/news/news/how-prafulla-chandra-rays-ancestral-home-became-symbol-neglect-4237956,How Prafulla Chandra Ray's ancestral home became a symbol of neglect
dipankar-roy,0,https://www.thedailystar.net/news/bangladesh/news/where-did-the-released-tigress-go-4235071,Where did the released tigress go?
dipankar-roy,0,https://www.thedailystar.net/news/bangladesh/news/why-did-the-beef-turn-green-khulna-officials-seek-answers-4230916,Why did the beef turn green? Khulna officials seek answers
dipankar-roy,0,https://www.thedailystar.net/news/bangladesh/news/13-years-khulna-shipyard-road-project-still-unfinished-4228036,"13 years on, Khulna Shipyard Road project still unfinished"
dipankar-roy,0,https://www.thedailystar.net/news/bangladesh/news/khulna-city-footpaths-reoccupied-after-renovation-4223981,Khulna city footpaths reoccupied after renovation
dipankar-roy,0,https://www.thedailystar.net/news/bangladesh/news/heavy-monsoon-rain-affects-5-lakh-farmers-4223376,Heavy monsoon rain affects 5 lakh farmers
dipankar-roy,0,https://www.thedailystar.net/news/environment/climate-crisis/natural-disaster/news/moderate-rainfall-leaves-khulna-under-water-again-4223021,Moderate rainfall leaves Khulna under water again
dipankar-roy,0,https://www.thedailystar.net/news/environment/natural-resources/wildlife/news/6-months-after-poachers-snare-nearly-took-her-leg-tigress-returns-sundarbans-4222006,"6 months after a poacher’s snare nearly took her leg, a tigress returns to Sundarbans"
dipankar-roy,0,https://www.thedailystar.net/news/environment/wild-life/news/after-six-months-treatment-rescued-tigress-return-sundarbans-tomorrow-4221171,"After six months of treatment, rescued tigress to return to Sundarbans tomorrow"
dipankar-roy,1,https://www.thedailystar.net/news/news/third-flood-10-days-exposes-khulnas-drainage-crisis-4220616,Third flood in 10 days exposes Khulna’s drainage crisis
dipankar-roy,1,https://www.thedailystar.net/news/bangladesh/news/second-flooding-eight-days-puts-kcc-drainage-project-under-scrutiny-4219856,Second flooding in eight days puts KCC drainage project under scrutiny
dipankar-roy,1,https://www.thedailystar.net/news/bangladesh/news/112km-khulna-city-roads-lie-unrepaired-nearly-3-years-4215316,112km Khulna city roads lie unrepaired for nearly 3 years
dipankar-roy,1,https://www.thedailystar.net/news/bangladesh/news/rain-leaves-khulna-roads-under-water-4213601,Rain leaves Khulna roads under water
dipankar-roy,1,https://www.thedailystar.net/news/news/khulna-waterlogged-after-overnight-rain-4213041,Khulna waterlogged after overnight rain
dipankar-roy,1,https://www.thedailystar.net/news/bangladesh/news/rural-areas-khulna-face-10-hours-load-shedding-residents-say-4211436,"Rural areas in Khulna face up to 10 hours of load-shedding, residents say"
dipankar-roy,1,https://www.thedailystar.net/news/news/soil-shifted-ashrayan-homes-repaired-after-star-report-dredging-threat-4204116,"Soil shifted, Ashrayan homes repaired after Star report on dredging threat"
dipankar-roy,1,https://www.thedailystar.net/news/bangladesh/news/khulna-solar-plant-lies-idle-14-years-4203126,Khulna solar plant lies idle for 14 years
dipankar-roy,1,https://www.thedailystar.net/news/bangladesh/news/soil-river-dredging-threatens-ashrayan-homes-4199936,Soil from river dredging threatens Ashrayan homes
dipankar-roy,1,https://www.thedailystar.net/news/bangladesh/news/childrens-hospital-sits-idle-2-years-4189201,Children’s hospital sits idle for 2 years
dipankar-roy,1,https://www.thedailystar.net/news/bangladesh/news/rawhide-traders-woes-continue-4186536,Rawhide traders’ woes continue
dipankar-roy,1,https://www.thedailystar.net/news/bangladesh/news/boats-no-longer-sail-where-ships-once-passed-4186331,Boats no longer sail where ships once passed
dipankar-roy,1,https://www.thedailystar.net/news/bangladesh/news/khulna-divisional-childrens-hospital-tk-115cr-govt-run-facility-lies-unused-amid-negligence-4184981,Khulna Divisional Children’s Hospital: Tk 115cr govt-run facility lies unused amid negligence
dipankar-roy,1,https://www.thedailystar.net/news/bangladesh/news/khulna-leather-trade-loses-sheen-amid-mounting-losses-4183361,Khulna leather trade loses sheen amid mounting losses
dipankar-roy,1,https://www.thedailystar.net/news/bangladesh/news/khulna-leather-trade-loses-sheen-amid-mounting-losses-4183336,Khulna leather trade loses sheen amid mounting losses
dipankar-roy,1,https://www.thedailystar.net/weekend-read/news/inside-the-perilous-world-sundarbans-honey-collectors-4170941,Inside the perilous world of Sundarbans honey collectors
dipankar-roy,1,https://www.thedailystar.net/news/bangladesh/transport/news/no-buses-18-lakh-residents-khulna-city-4171026,No buses for 18 lakh residents of Khulna city
dipankar-roy,1,https://www.thedailystar.net/news/bangladesh/news/waterlogging-wipes-out-boro-hopes-25000-farmers-4165151,"Waterlogging wipes out Boro hopes for 25,000 farmers"
dipankar-roy,1,https://www.thedailystar.net/slow-reads/focus/news/khulna-144-city-fading-glory-and-enduring-grace-4160301,Khulna at 144: A city of fading glory and enduring grace
dipankar-roy,1,https://www.thedailystar.net/news/environment/news/heatwave-grips-khulna-power-shortages-worsen-crisis-4159566,"Heatwave grips Khulna, power shortages worsen crisis"
dipankar-roy,2,https://www.thedailystar.net/news/bangladesh/news/jora-shivmandir-testament-khulnas-heritage-4154936,Jora Shivmandir: A testament to Khulna’s heritage
dipankar-roy,2,https://www.thedailystar.net/news/bangladesh/news/private-ambulances-dominate-kmch-4151346,Private ambulances dominate KMCH
dipankar-roy,2,https://www.thedailystar.net/news/bangladesh/transport/news/long-traffic-jams-plague-khulnas-gallamary-amid-bridge-delays-4149861,Long traffic jams plague Khulna’s Gallamary amid bridge delays
dipankar-roy,2,https://www.thedailystar.net/news/environment/pollution/news/smoke-soot-and-suffering-4148751,"Of smoke, soot,  and suffering"
dipankar-roy,2,https://www.thedailystar.net/news/crime-justice/news/21-shot-dead-50-injured-khulna-three-months-4148131,"21 shot dead, 50 injured in Khulna in three months"
dipankar-roy,2,https://www.thedailystar.net/news/bangladesh/news/climate-resilient-moringa-boosts-coastal-livelihoods-4145281,Climate-resilient moringa boosts coastal livelihoods
dipankar-roy,2,https://www.thedailystar.net/business/news/watermelon-farmers-south-suffer-despite-bumper-harvests-4144536,Watermelon farmers in south suffer despite bumper harvests
dipankar-roy,2,https://www.thedailystar.net/news/bangladesh/news/fuel-crisis-cripples-motorcycle-transport-southwest-riders-incomes-plunge-4139936,Fuel crisis cripples motorcycle transport in southwest; riders’ incomes plunge
dipankar-roy,2,https://www.thedailystar.net/business/economy/news/farmers-pay-more-fertilisers-despite-no-major-shortage-4139646,Farmers pay more for fertilisers despite no major shortage
dipankar-roy,2,https://www.thedailystar.net/news/bangladesh/news/khulna-reels-under-mosquito-surge-4137231,Khulna reels under mosquito surge
dipankar-roy,2,https://www.thedailystar.net/news/bangladesh/education/news/bl-college-khulna-students-suffer-dorms-stay-shut-18-months-4136446,BL College in Khulna: Students suffer as dorms stay shut for 18 months
dipankar-roy,2,https://www.thedailystar.net/news/bangladesh/agriculture/news/diesel-shortage-disrupts-boro-irrigation-4136396,Diesel shortage disrupts Boro irrigation
dipankar-roy,2,https://www.thedailystar.net/news/bangladesh/news/fuel-shortage-disrupts-boro-irrigation-khulna-farmers-fear-major-losses-4135261,"Fuel shortage disrupts Boro irrigation in Khulna, farmers fear major losses"
dipankar-roy,2,https://www.thedailystar.net/news/bangladesh/news/commuters-struggle-fuel-runs-short-khulna-4134401,Commuters struggle as fuel 'runs short' in Khulna
dipankar-roy,2,https://www.thedailystar.net/news/bangladesh/news/salinity-and-scarcity-leave-millions-struggling-safe-water-coastal-southwest-4133711,Salinity and scarcity leave millions struggling for safe water in coastal southwest
dipankar-roy,2,https://www.thedailystar.net/news/bangladesh/news/dust-pollution-worsens-air-quality-khulna-4129681,Dust pollution worsens air quality in Khulna
dipankar-roy,2,https://www.thedailystar.net/news/bangladesh/news/local-seeds-local-needs-4116126,Local seeds for local needs
dipankar-roy,2,https://www.thedailystar.net/business/news/the-new-gold-sundarbans-coast-4082616,The new gold of Sundarbans coast
dipankar-roy,2,https://www.thedailystar.net/news/bangladesh/news/lone-genocide-museum-closed-17-months-4054856,Lone genocide museum closed for 17 months
dipankar-roy,2,https://www.thedailystar.net/news/bangladesh/news/e-waste-mismanagement-puts-khulna-risk-4039941,E-waste mismanagement puts Khulna at risk
dipankar-roy,3,https://www.thedailystar.net/news/bangladesh/news/unchecked-snail-harvest-threatens-khulna-ecology-4025026,Unchecked snail harvest threatens Khulna ecology
dipankar-roy,3,https://www.thedailystar.net/business/news/sundarbans-faces-new-test-eco-tourism-surges-4023966,Sundarbans faces a new test as eco-tourism surges
dipankar-roy,3,https://www.thedailystar.net/news/bangladesh/crime-justice/news/khulna-edge-amid-rise-murders-4012736,Khulna on edge amid rise in murders
dipankar-roy,3,https://www.thedailystar.net/news/bangladesh/news/40hrs-no-repair-breached-dhaki-embankment-4006191,"40hrs on, no repair to breached Dhaki embankment"
dipankar-roy,3,https://www.thedailystar.net/business/news/sheikhpura-boat-market-sustaining-livelihoods-drying-delta-4003571,Sheikhpura boat market: Sustaining livelihoods in a drying delta
dipankar-roy,3,https://www.thedailystar.net/news/bangladesh/news/shipyard-road-left-ruins-over-decade-4000466,Shipyard Road left in ruins for over a decade
dipankar-roy,3,https://www.thedailystar.net/news/bangladesh/news/nightmare-khulna-satkhira-highway-3987676,Nightmare on Khulna-Satkhira highway
dipankar-roy,3,https://www.thedailystar.net/news/bangladesh/news/kda-avenue-turns-garbage-dumping-ground-3974831,KDA avenue turns into a garbage dumping ground
dipankar-roy,3,https://www.thedailystar.net/news/bangladesh/news/stray-dog-debate-heats-khulna-after-abrupt-catching-attempt-3973656,Stray dog debate heats up in Khulna after abrupt catching attempt
dipankar-roy,3,https://www.thedailystar.net/news/bangladesh/news/sweet-harvest-saline-shores-3971706,Sweet harvest on saline shores
dipankar-roy,3,https://www.thedailystar.net/news/bangladesh/news/khulnas-poor-mans-buffet-feeds-hundreds-3970786,Khulna’s ‘Poor Man’s Buffet’ feeds hundreds
dipankar-roy,3,https://www.thedailystar.net/news/bangladesh/news/fading-fibre-3963601,The fading fibre
dipankar-roy,3,https://www.thedailystar.net/business/economy/news/surge-shrimp-export-yet-breathe-life-sector-3957966,Surge in shrimp export yet to breathe life into sector
dipankar-roy,3,https://www.thedailystar.net/news/bangladesh/news/inadequate-faulty-sluice-gates-leave-farmlands-inundated-3957191,"Inadequate, faulty sluice gates leave farmlands inundated"
dipankar-roy,3,https://www.thedailystar.net/news/bangladesh/news/technical-staff-crisis-hampers-kcc-services-3955571,Technical staff crisis hampers KCC services
dipankar-roy,3,https://www.thedailystar.net/news/bangladesh/news/erosion-threatens-key-road-khulna-3953521,Erosion threatens key road in Khulna
dipankar-roy,3,https://www.thedailystar.net/news/bangladesh/news/shrinking-farmland-threatens-livelihoods-food-security-3951786,"Shrinking farmland threatens livelihoods, food security"
dipankar-roy,3,https://www.thedailystar.net/weekend-read/news/where-forest-feeds-and-fades-3947886,Where the forest feeds and fades
dipankar-roy,3,https://www.thedailystar.net/news/bangladesh/crime-justice/news/he-went-out-his-rickshaw-and-got-shot-3942761,‘He went out with his rickshaw and got shot’
dipankar-roy,4,https://www.thedailystar.net/news/bangladesh/crime-justice/news/gopalganj-violence-164-arrested-series-raids-3942601,Gopalganj violence: 164 arrested in series of raids
dipankar-roy,4,https://www.thedailystar.net/news/bangladesh/news/mud-potholes-cripple-jashore-khulna-highway-3940506,"Mud, potholes cripple Jashore-Khulna highway"
dipankar-roy,4,https://www.thedailystar.net/business/business-plus/news/lives-hold-workers-await-reopening-closed-jute-mills-3937546,Lives on hold: Workers await reopening of closed jute mills
dipankar-roy,4,https://www.thedailystar.net/news/bangladesh/news/shrimp-adulteration-threatens-health-exports-3935221,"Shrimp adulteration threatens health, exports"
dipankar-roy,4,https://www.thedailystar.net/news/bangladesh/news/kuet-shutdown-drags-133rd-day-3930291,Kuet shutdown drags on for 133rd day
dipankar-roy,4,https://www.thedailystar.net/news/bangladesh/news/khulna-bypass-road-unrepaired-over-15yrs-3928031,Khulna bypass road unrepaired for over 15yrs
dipankar-roy,4,https://www.thedailystar.net/news/bangladesh/education/news/kuet-crisis-drags-7500-students-limbo-3924681,"Kuet crisis drags on, 7,500 students in limbo"
dipankar-roy,4,https://www.thedailystar.net/environment/weather/news/first-monsoon-downpour-submerges-khulna-3919351,First monsoon downpour submerges Khulna
dipankar-roy,4,https://www.thedailystar.net/health/healthcare/hospitals/news/accommodation-crisis-grips-kmch-3916291,Accommodation crisis grips KMCH
dipankar-roy,4,https://www.thedailystar.net/news/bangladesh/news/demand-prices-chui-jhal-soar-ahead-eid-3912006,"Demand, prices of chui-jhal soar ahead of Eid"
dipankar-roy,4,https://www.thedailystar.net/campus/news/no-vc-no-pay-kuet-staff-struggle-ahead-eid-amid-prolonged-shutdown-3904666,"No VC, no pay: Kuet staff struggle ahead of Eid amid prolonged shutdown"
dipankar-roy,4,https://www.thedailystar.net/news/bangladesh/news/kuet-stalemate-deepens-interim-vc-steps-down-3901386,Kuet stalemate deepens as interim VC steps down
dipankar-roy,4,https://www.thedailystar.net/news/bangladesh/news/chuknagar-forgotten-massacre-3899636,Chuknagar: A forgotten massacre
dipankar-roy,4,https://www.thedailystar.net/news/bangladesh/news/kuet-shutdown-no-classes-almost-3-months-3895226,KUET shutdown: No classes in almost 3 months
dipankar-roy,4,https://www.thedailystar.net/news/bangladesh/news/water-crisis-deepens-khulna-3894046,Water crisis deepens in Khulna
dipankar-roy,4,https://www.thedailystar.net/news/bangladesh/news/excavations-fail-revive-mayur-river-3879691,Excavations fail to revive Mayur river
dipankar-roy,4,https://www.thedailystar.net/campus/news/kuet-returns-normalcy-after-65-days-unrest-3879166,Kuet returns to normalcy after 65 days of unrest
dipankar-roy,4,https://www.thedailystar.net/top-news/news/once-lifeline-shibsa-river-fades-stream-3874616,"Once a lifeline, Shibsa river fades into a stream"
dipankar-roy,4,https://www.thedailystar.net/news/bangladesh/news/coastal-areas-khulna-where-drinking-water-becomes-luxury-3854421,Coastal areas in Khulna: Where drinking water becomes a luxury
dipankar-roy,5,https://www.thedailystar.net/business/news/farmers-giving-black-tiger-shrimp-cultivation-amid-losses-3852691,Farmers giving up black tiger shrimp cultivation amid losses
dipankar-roy,5,https://www.thedailystar.net/news/bangladesh/news/batiaghatas-women-farmers-take-lead-preserving-indigenous-seeds-3848021,Batiaghata’s women farmers take lead in preserving indigenous seeds
dipankar-roy,5,https://www.thedailystar.net/news/bangladesh/news/wasa-pipeline-chokes-bhairab-3847616,Wasa pipeline chokes Bhairab
dipankar-roy,5,https://www.thedailystar.net/news/bangladesh/news/mosquito-menace-worsens-khulna-3841431,Mosquito menace worsens in Khulna
dipankar-roy,5,https://www.thedailystar.net/business/news/shrimp-processing-units-close-exports-halve-7-years-3839046,Most shrimp factories shut as exports from Bangladesh halve in 7 years
dipankar-roy,5,https://www.thedailystar.net/news/bangladesh/news/bnp-khulna-city-council-today-after-16-years-3831931,BNP Khulna city council today after 16 years
dipankar-roy,5,https://www.thedailystar.net/news/bangladesh/news/key-khulna-road-needs-urgent-renovation-3828716,Key Khulna road needs urgent renovation
dipankar-roy,5,https://www.thedailystar.net/news/bangladesh/news/illegal-parking-worsens-khulnas-traffic-woes-3825861,Illegal parking worsens Khulna’s traffic woes
dipankar-roy,5,https://www.thedailystar.net/environment/natural-resources/wildlife/news/sundarbans-day-deer-poaching-surges-the-sundarbans-3824161,Sundarbans Day: Deer poaching surges in the Sundarbans
dipankar-roy,5,https://www.thedailystar.net/news/bangladesh/news/gallamari-khulna-people-suffer-delay-bridge-work-3818791,Gallamari In Khulna: People suffer for delay in bridge work
dipankar-roy,5,https://www.thedailystar.net/news/bangladesh/news/ku-student-murder-family-looking-answers-cops-have-no-leads-3808201,"KU student murder: Family looking for answers, cops have no leads"
dipankar-roy,5,https://www.thedailystar.net/news/bangladesh/news/patients-pass-harsh-winter-nights-cold-floors-3792711,Patients pass harsh winter nights on cold floors
dipankar-roy,5,https://www.thedailystar.net/news/bangladesh/news/khulna-chokes-dust-3790561,Khulna chokes on dust
dipankar-roy,5,https://www.thedailystar.net/environment/news/tree-resin-unexpected-boon-locals-3790301,Tree resin: an 'unexpected' boon for locals
dipankar-roy,5,https://www.thedailystar.net/news/bangladesh/news/khulnas-urban-sprawl-decades-old-issue-3790281,Khulna’s urban sprawl: a decades-old issue
dipankar-roy,5,https://www.thedailystar.net/news/bangladesh/news/khulna-town-protection-dam-under-threat-3787181,Khulna town protection dam under threat
dipankar-roy,5,https://www.thedailystar.net/news/bangladesh/news/jatra-pala-tradition-rooted-rural-winters-3784751,"Jatra Pala, a tradition rooted in rural winters"
dipankar-roy,5,https://www.thedailystar.net/news/bangladesh/transport/news/rail-route-padma-bridge-opens-new-era-connectivity-3782946,Rail route via Padma Bridge opens new era of connectivity
dipankar-roy,5,https://www.thedailystar.net/news/bangladesh/news/dec-17-freedom-came-day-later-khulna-3778101,Dec 17: Freedom came a day later in Khulna
dipankar-roy,5,https://www.thedailystar.net/news/bangladesh/news/sundarbans-robbers-resurface-make-lives-difficult-locals-3774086,"Sundarbans robbers resurface, make lives difficult for locals"
dipankar-roy,6,https://www.thedailystar.net/news/bangladesh/news/mujgunni-highway-crumbles-within-year-3771576,Mujgunni Highway crumbles within a year
dipankar-roy,6,https://www.thedailystar.net/news/bangladesh/news/khulnas-papor-village-thriving-3769916,Khulna's papor village thriving
dipankar-roy,6,https://www.thedailystar.net/news/bangladesh/news/brokers-rampant-kmch-3768581,Brokers rampant at KMCH
dipankar-roy,6,https://www.thedailystar.net/news/bangladesh/news/winters-arrival-does-little-curb-mosquito-menace-3763356,Winter’s arrival does little to curb mosquito menace
dipankar-roy,6,https://www.thedailystar.net/news/bangladesh/news/tilted-building-poses-threat-travellers-3762431,Tilted building poses threat to travellers
dipankar-roy,6,https://www.thedailystar.net/news/bangladesh/transport/news/tilted-building-poses-threat-travellers-3762336,Tilted building poses threat to travellers
dipankar-roy,6,https://www.thedailystar.net/health/disease/news/kmch-struggles-cope-dengue-patients-3751216,KMCH struggles to cope with dengue patients
dipankar-roy,6,https://www.thedailystar.net/news/bangladesh/news/around-50000-farmers-risk-missing-boro-season-3750701,"Around 50,000 farmers at risk of missing Boro season"
dipankar-roy,6,https://www.thedailystar.net/news/bangladesh/news/important-yet-problematic-route-3745716,An important yet problematic route
dipankar-roy,6,https://www.thedailystar.net/news/bangladesh/transport/news/khulna-satkhira-highway-vital-yet-problematic-route-3745536,Khulna-Satkhira Highway: A vital yet problematic route
dipankar-roy,6,https://www.thedailystar.net/news/bangladesh/agriculture/news/khulna-region-integrated-farming-gaining-ground-3743181,Khulna Region: Integrated farming gaining ground
dipankar-roy,6,https://www.thedailystar.net/news/bangladesh/news/hamkura-khulna-river-once-flowed-here-3742526,Hamkura in Khulna: A river once flowed here
dipankar-roy,6,https://www.thedailystar.net/news/bangladesh/news/work-stalled-over-contractors-fraudulence-3737476,Work stalled over contractors’ fraudulence
dipankar-roy,6,https://www.thedailystar.net/news/bangladesh/news/abandoned-11-years-3736646,Abandoned for 11 years
dipankar-roy,6,https://www.thedailystar.net/news/bangladesh/news/shrinking-soilmari-threatens-livelihoods-3726931,Shrinking Soilmari threatens livelihoods
dipankar-roy,6,https://www.thedailystar.net/news/bangladesh/news/khulna-textile-mills-abandoned-31-years-3726351,Khulna Textile Mills: Abandoned for 31 years
dipankar-roy,6,https://www.thedailystar.net/news/bangladesh/news/under-water-over-month-3724991,Under water for over a month
dipankar-roy,6,https://www.thedailystar.net/news/bangladesh/news/e-waste-growing-concern-khulna-3723366,E-waste a growing concern in Khulna
dipankar-roy,6,https://www.thedailystar.net/news/bangladesh/agriculture/news/watermelon-fish-farms-3714836,Watermelon in fish farms
dipankar-roy,6,https://www.thedailystar.net/news/bangladesh/news/waste-disposal-plant-struggles-meet-deadline-3714081,Waste disposal plant struggles to meet deadline
dipankar-roy,7,https://www.thedailystar.net/news/bangladesh/news/rain-damages-60pc-khulnas-fish-enclosures-3713221,Rain damages 60pc of Khulna’s fish enclosures
dipankar-roy,7,https://www.thedailystar.net/news/bangladesh/news/unregulated-snail-collection-raises-concerns-khulna-3713226,Unregulated snail collection raises concerns in Khulna
dipankar-roy,7,https://www.thedailystar.net/news/bangladesh/news/ashrayan-project-dumuria-flooded-homes-push-families-uncertainty-3708951,Ashrayan Project in Dumuria: Flooded homes push families into uncertainty
dipankar-roy,7,https://www.thedailystar.net/news/bangladesh/news/farmers-fear-major-losses-327mm-rainfall-submerges-crops-3705331,Farmers fear major losses as 327mm rainfall submerges crops
dipankar-roy,7,https://www.thedailystar.net/news/bangladesh/news/tk-523cr-spent-yet-city-drowns-every-time-it-rains-3704056,"Tk 523cr spent, yet city  drowns every time it rains"
dipankar-roy,7,https://www.thedailystar.net/news/bangladesh/news/unrepaired-road-immense-sufferings-3702611,"Unrepaired road, immense sufferings"
dipankar-roy,7,https://www.thedailystar.net/news/bangladesh/news/41-doctors-declared-unwanted-medical-service-disrupted-3694846,"41 doctors declared ‘unwanted’, medical service disrupted"
dipankar-roy,7,https://www.thedailystar.net/news/bangladesh/news/we-want-sustainable-embankment-3689011,‘We want a sustainable embankment’
dipankar-roy,7,https://www.thedailystar.net/news/bangladesh/news/most-kcc-dev-projects-halted-3688156,Most KCC dev projects halted
dipankar-roy,7,https://www.thedailystar.net/news/bangladesh/news/khulna-schools-see-thin-presence-3687321,Khulna schools see thin presence
dipankar-roy,7,https://www.thedailystar.net/news/bangladesh/news/no-permanent-allotment-residents-52yrs-3687371,No permanent allotment for residents in 52yrs
dipankar-roy,7,https://www.thedailystar.net/news/bangladesh/news/first-cyclone-remal-now-floods-khulna-villages-submerged-again-3686571,"First cyclone Remal, now floods: Khulna villages submerged again"
dipankar-roy,7,https://www.thedailystar.net/news/bangladesh/news/its-radio-silence-khulna-3678396,It’s radio silence in Khulna
dipankar-roy,7,https://www.thedailystar.net/news/bangladesh/news/kcc-services-shambles-3676756,KCC services in a shambles
dipankar-roy,7,https://www.thedailystar.net/news/bangladesh/news/waste-piles-across-khulna-city-3673546,Waste piles up across Khulna city
dipankar-roy,7,https://www.thedailystar.net/news/bangladesh/news/new-khulna-district-jail-construction-works-drag-12-years-3666631,New khulna district jail: Construction works drag on for 12 years
dipankar-roy,7,https://www.thedailystar.net/news/bangladesh/news/waste-being-dumped-near-kus-main-entrance-3665801,Waste being dumped near KU’s main entrance
dipankar-roy,7,https://www.thedailystar.net/news/bangladesh/news/curfew-casts-long-shadow-low-income-people-3663656,Curfew casts long shadow on low-income people
dipankar-roy,7,https://www.thedailystar.net/business/economy/news/investment-the-south-underwhelming-even-after-padma-bridge-3662316,Investment in the south is underwhelming even after Padma Bridge
dipankar-roy,7,https://www.thedailystar.net/news/bangladesh/news/unpaved-50-years-3658761,Unpaved for 50 years
dipankar-roy,8,https://www.thedailystar.net/news/bangladesh/news/abandoned-hostels-unbound-sufferings-3655576,"Abandoned hostels, unbound sufferings"
dipankar-roy,8,https://www.thedailystar.net/environment/climate-crisis/natural-disaster/news/khulna-city-waterlogged-after-55mm-rain-3hrs-3655346,Khulna city waterlogged after 55mm rain in 3hrs
dipankar-roy,8,https://www.thedailystar.net/news/bangladesh/agriculture/news/aman-farmers-worry-over-lack-rain-3650051,Aman farmers worry over lack of rain
dipankar-roy,8,https://www.thedailystar.net/weekend-read/news/coastal-women-and-their-woeful-walk-water-3644441,Coastal women and their woeful walk for water
dipankar-roy,8,https://www.thedailystar.net/news/bangladesh/news/illegal-housing-mushrooms-3640816,Illegal housing mushrooms
dipankar-roy,8,https://www.thedailystar.net/news/bangladesh/news/275-year-old-temple-verge-ruin-3640031,275-year-old temple on verge of ruin
dipankar-roy,8,https://www.thedailystar.net/weekend-read/news/the-forgotten-female-footballers-khulna-3634891,The forgotten female footballers of Khulna
dipankar-roy,8,https://www.thedailystar.net/environment/pollution/air-pollution/news/dev-projects-dust-pollution-go-hand-hand-khulna-3634976,"Dev projects, dust pollution go hand in hand in Khulna"
dipankar-roy,8,https://www.thedailystar.net/news/bangladesh/news/damaged-dams-and-sleepless-nights-3630266,Of damaged dams and sleepless nights
dipankar-roy,8,https://www.thedailystar.net/news/bangladesh/news/plastic-pollution-invades-the-sundarbans-3627051,Plastic Pollution invades the Sundarbans
dipankar-roy,8,https://www.thedailystar.net/news/bangladesh/news/sundarbans-no-time-heal-between-cyclones-3625416,Sundarbans: no time to heal between cyclones
dipankar-roy,8,https://www.thedailystar.net/environment/climate-crisis/natural-disaster/news/sundarbans-saves-bangladesh-pays-heavy-price-3621531,Sundarbans saves Bangladesh but pays a heavy price
dipankar-roy,8,https://www.thedailystar.net/environment/climate-crisis/natural-disaster/news/15-years-cyclone-aila-it-lashed-once-changed-lives-forever-3618061,15 years of Cyclone Aila: It lashed once but changed lives forever
dipankar-roy,8,https://www.thedailystar.net/business/news/dada-match-factory-fading-away-amid-lack-initiatives-reopening-3617701,Dada Match factory fading away amid lack of initiatives for reopening
dipankar-roy,8,https://www.thedailystar.net/news/bangladesh/news/will-nirala-dighi-become-victim-development-3616476,Will Nirala Dighi become a victim of development?
dipankar-roy,8,https://www.thedailystar.net/news/bangladesh/news/chittaranjan-das-the-palm-tree-planter-jashore-3615826,Chittaranjan Das - the palm tree planter of Jashore
dipankar-roy,8,https://www.thedailystar.net/news/bangladesh/news/the-blood-river-3614036,The blood river
dipankar-roy,8,https://www.thedailystar.net/business/news/shrimp-farmers-fear-losses-scorching-heatwave-3598301,Shrimp farmers fear losses for scorching heatwave
dipankar-roy,8,https://www.thedailystar.net/news/bangladesh/news/ongoing-heatwave-water-crisis-grips-khulna-3597116,Ongoing heatwave: Water crisis grips Khulna
dipankar-roy,8,https://www.thedailystar.net/news/bangladesh/news/coastal-villagers-switch-lpg-sundarbans-firewood-3588731,Coastal villagers switch to LPG from Sundarbans’ firewood
dipankar-roy,9,https://www.thedailystar.net/news/bangladesh/news/load-shedding-cripples-life-khulna-city-3583736,Load shedding cripples life in Khulna city
dipankar-roy,9,https://www.thedailystar.net/news/bangladesh/news/the-enduring-allure-khulnas-nana-halim-3583871,The enduring allure of Khulna’s Nana Halim
dipankar-roy,9,https://www.thedailystar.net/sports/football/news/broken-leg-football-academy-and-dream-3582931,"A broken leg, a football academy and a dream"
dipankar-roy,9,https://www.thedailystar.net/news/bangladesh/news/new-hope-farmers-khulna-3580081,A new hope for farmers in Khulna
dipankar-roy,9,https://www.thedailystar.net/news/bangladesh/crime-justice/news/kcc-councillors-men-fill-waterbody-br-land-3578586,KCC councillor’s men fill up waterbody on BR land
dipankar-roy,9,https://www.thedailystar.net/news/bangladesh/news/preserving-painful-past-3575846,Preserving a painful past
dipankar-roy,9,https://www.thedailystar.net/news/bangladesh/news/search-pure-drinking-water-3573536,In search of pure drinking water
dipankar-roy,9,https://www.thedailystar.net/news/bangladesh/news/gallamari-mass-grave-still-bearing-marks-butchery-3573701,Gallamari Mass Grave: Still bearing marks  of butchery
dipankar-roy,9,https://www.thedailystar.net/news/bangladesh/agriculture/news/climate-resilient-agriculture-3567766,Climate resilient agriculture
dipankar-roy,9,https://www.thedailystar.net/news/bangladesh/news/once-mighty-now-narrow-canal-3567026,"Once mighty, now a narrow canal"
dipankar-roy,9,https://www.thedailystar.net/news/bangladesh/news/museum-journalistic-heritage-3562441,A museum of journalistic heritage
dipankar-roy,9,https://www.thedailystar.net/news/bangladesh/news/broken-promises-and-unmet-expectations-3559861,Of broken promises and unmet expectations
dipankar-roy,9,https://www.thedailystar.net/news/bangladesh/news/mosquito-menace-beyond-control-khulna-3557631,Mosquito menace beyond control in Khulna
dipankar-roy,9,https://www.thedailystar.net/environment/natural-resources/sundarbans-forest/news/sundarbans-crab-fishing-season-begins-3556761,Sundarbans: Crab fishing season begins
dipankar-roy,9,https://www.thedailystar.net/news/bangladesh/news/local-seed-local-need-3554161,Local seed for local need
dipankar-roy,9,https://www.thedailystar.net/news/bangladesh/agriculture/news/golden-cauliflowers-golden-prospects-3551191,"Golden cauliflowers, golden prospects"
dipankar-roy,9,https://www.thedailystar.net/news/bangladesh/news/relics-ruin-3551341,Relics of ruin
dipankar-roy,9,https://www.thedailystar.net/news/bangladesh/transport/news/sheikh-abu-naser-bypass-road-left-abandoned-13-years-3545756,Sheikh Abu Naser Bypass Road: Left abandoned for 13 years
dipankar-roy,9,https://www.thedailystar.net/news/bangladesh/news/countrys-first-village-super-market-lying-idle-3541716,Country’s first village super market lying idle
dipankar-roy,9,https://www.thedailystar.net/sports/football/news/referees-refusal-lose-hope-3539641,A referee’s refusal to lose hope
dipankar-roy,10,https://www.thedailystar.net/news/bangladesh/news/khulna-footpaths-finally-freed-3539781,Khulna footpaths finally freed
dipankar-roy,10,https://www.thedailystar.net/news/bangladesh/news/final-nail-taltala-canals-coffin-3538096,Final nail in Taltala canal’s coffin
dipankar-roy,10,https://www.thedailystar.net/news/bangladesh/news/dead-trees-safety-hazard-satkhira-roads-3535776,Dead trees a safety hazard on Satkhira roads
dipankar-roy,10,https://www.thedailystar.net/sports/cricket/news/once-promising-test-venue-now-complete-wreck-3534656,"Once a promising Test venue, now a complete wreck"
dipankar-roy,10,https://www.thedailystar.net/environment/news/our-rivers-lay-dying-3533516,As our rivers lay dying
dipankar-roy,10,https://www.thedailystar.net/news/bangladesh/news/time-running-out-gulatola-3530866,Time running out for Gulatola
dipankar-roy,10,https://www.thedailystar.net/news/bangladesh/news/choking-river-death-3528621,Choking a river to death
dipankar-roy,10,https://www.thedailystar.net/election-2024/news/news/bnp-khulna-228-jail-others-the-run-3512771,"BNP in Khulna: 228 in jail, others on the run"
dipankar-roy,10,https://www.thedailystar.net/weekend-read/news/bhairab-lifeline-under-threat-3512066,Bhairab a lifeline under threat
dipankar-roy,10,https://www.thedailystar.net/election-2024/news/news/poster-pollution-plagues-khulna-3512171,Poster pollution  plagues Khulna
dipankar-roy,10,https://www.thedailystar.net/news/bangladesh/national-election-2024/news/little-known-faces-generate-little-interest-3507921,Little-known faces generate little interest
dipankar-roy,10,https://www.thedailystar.net/news/bangladesh/national-election-2024/news/3-khulna-constituencies-independents-headache-al-3504891,3 Khulna Constituencies: Independents a headache for AL
dipankar-roy,10,https://www.thedailystar.net/news/bangladesh/national-election-2024/news/3-khulna-constituencies-independents-headache-al-3504571,3 Khulna constituencies: Independents a headache for AL
dipankar-roy,10,https://www.thedailystar.net/news/bangladesh/elections/news/minority-voters-big-factor-khulna-3496221,Minority voters a big factor in Khulna
dipankar-roy,10,https://www.thedailystar.net/business/economy/industries/tourism/news/blockade-hits-tourism-business-sundarbans-3491936,Blockade hits tourism business in Sundarbans
dipankar-roy,10,https://www.thedailystar.net/business/economy/news/retail-sales-drop-blockade-bites-3474446,Retail sales drop as blockade bites
dipankar-roy,10,https://www.thedailystar.net/business/economy/news/hatcheries-fall-hard-times-amid-rising-costs-3469671,Hatcheries fall on hard times amid rising costs
dipankar-roy,10,https://www.thedailystar.net/business/news/retail-sales-drop-blockade-bites-3468971,Retail sales drop as blockade bites
dipankar-roy,10,https://www.thedailystar.net/news/bangladesh/news/dumuria-booming-early-winter-beans-3469186,Dumuria booming with early winter beans
dipankar-roy,10,https://www.thedailystar.net/news/bangladesh/news/radiotherapy-machine-left-unboxed-11-yrs-3455491,Radiotherapy machine left unboxed for 11 yrs
dipankar-roy,11,https://www.thedailystar.net/news/bangladesh/news/ashrayan-homes-under-water-3-months-3451966,Ashrayan homes under water for 3 months
dipankar-roy,11,https://www.thedailystar.net/news/bangladesh/news/traders-suffer-work-drags-3451206,Traders suffer as work drags on
dipankar-roy,11,https://www.thedailystar.net/environment/news/poisonous-baits-threat-sundarbans-fish-3441841,Poisonous baits a threat to Sundarbans fish
dipankar-roy,11,https://www.thedailystar.net/news/bangladesh/news/sluice-gates-need-urgent-repairs-3436661,Sluice gates need urgent repairs
dipankar-roy,11,https://www.thedailystar.net/news/bangladesh/news/sorry-state-khulna-hospital-3428876,Sorry state of a Khulna hospital
dipankar-roy,11,https://www.thedailystar.net/news/bangladesh/news/defiance-their-reply-3420681,Defiance is their reply
dipankar-roy,11,https://www.thedailystar.net/news/bangladesh/news/mujgunni-highway-once-draped-greenery-now-deserted-3412941,"Mujgunni highway: Once draped in greenery, now deserted"
dipankar-roy,11,https://www.thedailystar.net/news/bangladesh/news/34mm-rain-floods-khulna-city-3408751,34mm rain floods Khulna city
dipankar-roy,11,https://www.thedailystar.net/news/bangladesh/news/clash-traders-patients-suffer-kmch-interns-continue-strike-3396126,Clash With Traders: Patients suffer as KMCH interns continue strike
dipankar-roy,11,https://www.thedailystar.net/environment/climate-crisis/natural-disaster/news/erosion-khulnas-dacope-upazila-displaced-people-and-lost-arable-land-3391501,Erosion in Khulna’s Dacope Upazila: Of displaced people and lost arable land
dipankar-roy,11,https://www.thedailystar.net/news/bangladesh/news/attacked-and-intimidated-all-playing-football-3385286,"Attacked and intimidated, all for playing football"
dipankar-roy,11,https://www.thedailystar.net/news/bangladesh/news/locals-suffer-delay-drainage-work-3384211,Locals suffer for delay in drainage work
dipankar-roy,11,https://www.thedailystar.net/news/bangladesh/news/u-17-khulna-division-girls-attacked-playing-football-wearing-shorts-3382511,"U-17 Khulna Division: Girls attacked for playing football, wearing shorts"
dipankar-roy,11,https://www.thedailystar.net/news/bangladesh/news/tiger-footage-spurs-hope-big-cat-population-3381166,Tiger footage spurs hope for big cat population
dipankar-roy,11,https://www.thedailystar.net/news/bangladesh/news/khulna-satkhira-regional-highway-renovated-2020-deteriorated-2023-3380491,"Khulna-Satkhira Regional Highway: Renovated in 2020, deteriorated by 2023"
dipankar-roy,11,https://www.thedailystar.net/news/bangladesh/news/foul-smelling-nuisance-3375231,A foul-smelling nuisance
dipankar-roy,11,https://www.thedailystar.net/health/healthcare/hospitals/news/500-beds-1500-patients-3372806,"500 beds, 1,500 patients"
dipankar-roy,11,https://www.thedailystar.net/news/bangladesh/news/plastic-waste-chokes-khulna-drains-3363541,Plastic waste chokes Khulna drains
dipankar-roy,11,https://www.thedailystar.net/news/bangladesh/news/polling-ends-load-shedding-begins-3346701,"Polling ends, load shedding begins"
dipankar-roy,11,https://www.thedailystar.net/news/bangladesh/politics/news/khulna-city-voting-thru-evm-proved-problematic-some-3344596,Khulna City: Voting thru EVM proved problematic for some
dipankar-roy,12,https://www.thedailystar.net/news/bangladesh/elections/news/khulna-its-al-versus-al-3342081,"In Khulna, it’s  AL versus AL"
dipankar-roy,12,https://www.thedailystar.net/news/bangladesh/elections/news/who-will-get-bnps-vote-3340686,Who will get BNP’s vote?
dipankar-roy,12,https://www.thedailystar.net/news/bangladesh/elections/news/new-manifesto-old-pledges-3339786,"New manifesto, old pledges"
dipankar-roy,12,https://www.thedailystar.net/news/bangladesh/elections/news/councillor-candidates-the-centre-attention-3338666,Councillor candidates the centre of attention
dipankar-roy,12,https://www.thedailystar.net/news/bangladesh/news/khulna-city-polls-3336136,KHULNA CITY POLLS
dipankar-roy,12,https://www.thedailystar.net/news/bangladesh/elections/news/poster-pollution-plagues-khulna-3334576,Poster pollution plagues Khulna
dipankar-roy,12,https://www.thedailystar.net/news/bangladesh/news/mayoral-candidates-get-symbols-begin-campaigning-3330311,"Mayoral candidates get symbols, begin campaigning"
dipankar-roy,12,https://www.thedailystar.net/news/bangladesh/news/erosion-fear-grips-dacope-residents-3325351,Erosion fear grips Dacope residents
dipankar-roy,12,https://www.thedailystar.net/news/bangladesh/news/commuters-suffer-delay-road-work-3297796,Commuters suffer for delay in road work
dipankar-roy,12,https://www.thedailystar.net/business/economy/news/hailstorms-wreak-havoc-watermelon-farms-3288031,Hailstorms wreak havoc on watermelon farms
dipankar-roy,12,https://www.thedailystar.net/news/bangladesh/news/health-hazard-khulna-residents-3283256,A health hazard for Khulna residents
dipankar-roy,12,https://www.thedailystar.net/news/bangladesh/news/coastal-areas-khulna-struggle-safe-drinking-water-getting-tougher-3277241,Coastal areas of Khulna: Struggle for safe drinking water getting tougher
dipankar-roy,12,https://www.thedailystar.net/news/bangladesh/news/mosquitoes-invade-khulna-3257411,Mosquitoes invade Khulna
dipankar-roy,12,https://www.thedailystar.net/business/economy/news/tomato-farmers-face-peak-season-plight-3252416,Tomato farmers face peak season plight
dipankar-roy,12,https://www.thedailystar.net/news/bangladesh/news/disrepair-decade-3247176,In disrepair for a decade
dipankar-roy,12,https://www.thedailystar.net/news/bangladesh/news/karikapara-canal-anything-waterbody-now-3244406,Karikapara canal: anything but a waterbody now
dipankar-roy,12,https://www.thedailystar.net/business/news/jujube-cultivation-gaining-ground-3243001,Jujube cultivation gaining ground
dipankar-roy,12,https://www.thedailystar.net/news/bangladesh/news/nightmare-the-khulna-streets-3218681,Nightmare on the Khulna streets
dipankar-roy,12,https://www.thedailystar.net/news/bangladesh/news/too-many-patients-too-few-beds-3216046,"Too many patients, too few beds"
dipankar-roy,12,https://www.thedailystar.net/news/bangladesh/news/grabbing-canals-fish-cultivation-3215191,Grabbing canals for fish cultivation
dipankar-roy,13,https://www.thedailystar.net/news/bangladesh/news/closed-4-years-name-renovation-3194701,Closed for 4 years in name of renovation
dipankar-roy,13,https://www.thedailystar.net/business/economy/news/farmers-suffer-losses-shrimp-prices-slump-3186581,Farmers suffer losses as shrimp prices slump
dipankar-roy,13,https://www.thedailystar.net/business/economy/news/chui-jhal-farming-spreads-3185246,Chui jhal farming spreads
dipankar-roy,13,https://www.thedailystar.net/business/economy/news/khulna-bscic-dire-straits-3182196,Khulna BSCIC in dire straits
dipankar-roy,13,https://www.thedailystar.net/news/bangladesh/news/river-dead-livelihoods-endangered-3182331,"Shoilmari: A river dead, livelihoods endangered"
dipankar-roy,13,https://www.thedailystar.net/business/economy/news/pioneer-pabda-farming-leads-the-way-locals-3172586,Aquaculture in Khulna: Pioneer of Pabda farming leads the way for locals
dipankar-roy,13,https://www.thedailystar.net/business/economy/news/beans-boons-3168546,Beans of boons
dipankar-roy,13,https://www.thedailystar.net/news/bangladesh/news/mayur-peril-pollution-3161441,Pollution puts Mayur in peril
dipankar-roy,13,https://www.thedailystar.net/news/bangladesh/news/submerged-five-days-3154626,Submerged for five days!
dipankar-roy,13,https://www.thedailystar.net/business/economy/news/crop-insurance-still-elusive-3153351,Agriculture insurance still elusive
dipankar-roy,13,https://www.thedailystar.net/business/economy/news/cyclone-sitrang-damages-aman-crops-fish-farms-3152306,"Cyclone Sitrang damages Aman crops, fish farms"
dipankar-roy,13,https://www.thedailystar.net/special-events/cyclone-sitrang/news/sunny-weather-khulna-no-major-damage-aman-paddy-fishes-3151591,"Sun shines in Khulna, ""no major damage"" to Aman paddy, fishes"
dipankar-roy,13,https://www.thedailystar.net/environment/climate-crisis/natural-disaster/news/cyclone-sitrang-locals-alarmed-khulna-dam-damaged-3150786,Cyclone Sitrang: Locals alarmed as Khulna dam damaged
dipankar-roy,13,https://www.thedailystar.net/news/bangladesh/politics/news/obstacles-defied-bnp-rally-peaceful-3149466,"Obstacles defied, BNP rally peaceful"
dipankar-roy,13,https://www.thedailystar.net/news/bangladesh/news/dont-sleep-through-climate-crisis-3149676,‘Don’t sleep through climate crisis’
dipankar-roy,13,https://www.thedailystar.net/news/bangladesh/politics/news/bnp-men-marching-towards-rally-venue-khulna-3149061,BNP rally: Khulna now “sea of people”
dipankar-roy,13,https://www.thedailystar.net/news/bangladesh/politics/news/bnps-khulna-rally-owners-take-buses-streets-3148081,BNP’s Khulna rally: Owners take buses off the streets
dipankar-roy,13,https://www.thedailystar.net/news/bangladesh/news/bhairab-struggles-survival-3142936,Bhairab struggles for survival
dipankar-roy,13,https://www.thedailystar.net/news/bangladesh/news/when-sluice-gates-dont-work-3137591,When sluice gates don’t work
dipankar-roy,13,https://www.thedailystar.net/news/bangladesh/news/battery-run-vehicles-add-khulnas-power-woes-3132111,Battery-run vehicles add to Khulna’s power woes
dipankar-roy,14,https://www.thedailystar.net/news/bangladesh/crime-justice/news/not-abducted-she-went-hiding-3131391,"Not abducted, she went into hiding"
dipankar-roy,14,https://www.thedailystar.net/news/bangladesh/news/nightmare-khulna-road-3131651,Nightmare on Khulna road
dipankar-roy,14,https://www.thedailystar.net/news/bangladesh/crime-justice/news/missing-rahima-went-hiding-willingly-pbi-3130956,“Missing” Rahima went into hiding willingly: PBI
dipankar-roy,14,https://www.thedailystar.net/news/bangladesh/news/sorry-state-chest-clinic-3121111,Sorry state of a chest clinic
dipankar-roy,14,https://www.thedailystar.net/news/bangladesh/news/incomplete-bridge-immeasurable-suffering-3110456,"Incomplete bridge, immeasurable suffering"
dipankar-roy,14,https://www.thedailystar.net/news/bangladesh/news/turning-ghost-town-3106411,Turning into a ghost town
dipankar-roy,14,https://www.thedailystar.net/news/bangladesh/news/dilapidated-11-years-3105401,Dilapidated for 11 years
dipankar-roy,14,https://www.thedailystar.net/news/bangladesh/news/we-want-our-land-not-compensation-3101056,"‘We want our land, not compensation’"
dipankar-roy,14,https://www.thedailystar.net/news/bangladesh/transport/news/khulna-jashore-over-half-level-crossings-unprotected-3095991,"Khulna, Jashore: Over half of level crossings unprotected"
dipankar-roy,14,https://www.thedailystar.net/business/economy/news/padma-bridge-opens-door-opportunities-3090341,Padma Bridge opens door to opportunities
dipankar-roy,14,https://www.thedailystar.net/news/bangladesh/news/khulna-footpaths-vendors-not-pedestrians-3085661,"Khulna footpaths for vendors, not pedestrians"
dipankar-roy,14,https://www.thedailystar.net/news/bangladesh/news/no-rides-childrens-park-3082911,No rides in a children’s park?
dipankar-roy,14,https://www.thedailystar.net/news/bangladesh/news/understatement-damages-3077016,An understatement of damages?
dipankar-roy,14,https://www.thedailystar.net/news/bangladesh/crime-justice/news/cops-dilly-dallying-arrests-3075651,Cops dilly-dallying with arrests
dipankar-roy,14,https://www.thedailystar.net/news/bangladesh/crime-justice/news/narail-mayhem-only-20-cops-took-mob-hundreds-3073541,Narail mayhem: Police backup came a little too late
dipankar-roy,14,https://www.thedailystar.net/news/bangladesh/news/story-scarcity-and-negligence-3073816,A story of scarcity and negligence
dipankar-roy,14,https://www.thedailystar.net/news/bangladesh/crime-justice/news/eerie-silence-sahapara-3072741,Narail mayhem: Sahapara still stalked by fear
dipankar-roy,14,https://www.thedailystar.net/news/bangladesh/crime-justice/news/narail-mayhem-they-attacked-us-because-were-hindus-3071986,‘They attacked us because we are Hindus’
dipankar-roy,14,https://www.thedailystar.net/news/bangladesh/news/fish-vegetable-prices-go-khulna-after-eid-3071286,"Fish, vegetable prices go up in Khulna after Eid"
dipankar-roy,14,https://www.thedailystar.net/news/bangladesh/news/dire-state-50-years-3067316,In a dire state for 50 years
dipankar-roy,15,https://www.thedailystar.net/environment/climate-crisis/natural-disaster/news/only-15hrs-rain-drowns-khulna-3061046,Only 1.5hrs rain drowns Khulna
dipankar-roy,15,https://www.thedailystar.net/environment/pollution/air-pollution/news/khulna-city-chokes-dust-3054311,Khulna city chokes on dust
dipankar-roy,15,https://www.thedailystar.net/news/bangladesh/news/money-spent-dredging-gone-waste-3044426,Money spent on dredging gone to waste
dipankar-roy,15,https://www.thedailystar.net/news/bangladesh/news/the-vulgar-disparity-life-3061576,The vulgar disparity of life
dipankar-roy,15,https://www.thedailystar.net/news/bangladesh/news/united-we-fix-3028186,"Neglected for 12yrs, bypass road being renovated by locals in Khulna"
dipankar-roy,15,https://www.thedailystar.net/news/news/chuknagar-sea-blood-3027756,Chuknagar: A sea of blood
dipankar-roy,15,https://www.thedailystar.net/news/bangladesh/news/pages-turning-dust-3010376,"Pages turning to dust: Khulna Public Library overlooked, ignored"
dipankar-roy,15,https://www.thedailystar.net/news/bangladesh/news/death-river-3006831,The death of a river
dipankar-roy,15,https://www.thedailystar.net/news/bangladesh/news/nana-halim-30-yr-old-khulna-delicacy-3005396,"Nana Halim, a 30-yr-old Khulna delicacy"
dipankar-roy,15,https://www.thedailystar.net/news/bangladesh/news/local-seeds-local-needs-2994566,Local seeds for local needs
dipankar-roy,15,https://www.thedailystar.net/news/bangladesh/news/never-forget-2991411,Never forget
dipankar-roy,15,https://www.thedailystar.net/environment/natural-resources/water-resources/news/water-crisis-the-southwest-paani-apa-the-rescue-2987931,Water Crisis in the Southwest: ‘Paani Apa’  to the rescue
dipankar-roy,15,https://www.thedailystar.net/environment/natural-resources/water-resources/news/water-crisis-the-southwest-paani-apa-the-rescue-2987926,Water Crisis in the Southwest: ‘Paani Apa’  to the rescue
dipankar-roy,15,https://www.thedailystar.net/news/bangladesh/news/illegal-housing-galore-khulna-2980901,Illegal housing galore in Khulna
dipankar-roy,15,https://www.thedailystar.net/supplements-old/news/the-worst-affected-always-2977731,Climate change harsher on women in coastal areas
dipankar-roy,15,https://www.thedailystar.net/supplements-old/news/karuna-pioneer-seed-preservation-2977761,"Karuna, a pioneer in seed preservation"
dipankar-roy,15,https://www.thedailystar.net/news/bangladesh/news/natl-jute-day-not-workers-2976611,Nat’l Jute Day: Not for workers
dipankar-roy,15,https://www.thedailystar.net/environment/natural-resources/wildlife/news/despite-ban-crab-hunting-goes-unabated-2974336,"Despite ban, crab hunting goes unabated"
dipankar-roy,15,https://www.thedailystar.net/news/bangladesh/news/17-lakh-people-19-public-toilets-2972966,19 public toilets for 17 lakh people of Khulna city
dipankar-roy,15,https://www.thedailystar.net/news/bangladesh/accidents-fires/news/hope-horror-matter-hours-2971476,"From hope to horror, in a matter of hours"
dipankar-roy,16,https://www.thedailystar.net/news/bangladesh/news/traffic-lights-never-light-2958671,Traffic lights that never light up
dipankar-roy,16,https://www.thedailystar.net/business/economy/news/calls-grow-louder-eco-friendly-tourism-2954056,The Sundarbans: Calls grow louder for eco-friendly tourism
dipankar-roy,16,https://www.thedailystar.net/news/bangladesh/news/bridge-too-low-2951031,A bridge too low
dipankar-roy,16,https://www.thedailystar.net/news/bangladesh/transport/news/17m-people-zero-public-bus-2947541,"1.7 million people, 0 public bus in Khulna city"
dipankar-roy,16,https://www.thedailystar.net/environment/news/almost-gone-2942996,Almost Gone
dipankar-roy,16,https://www.thedailystar.net/news/bangladesh/news/decade-nothing-2939401,A decade of nothing
dipankar-roy,16,https://www.thedailystar.net/news/bangladesh/news/where-putrid-stench-greets-patients-2937466,Where putrid stench greets patients
dipankar-roy,16,https://www.thedailystar.net/news/bangladesh/news/why-destroy-when-you-can-preserve-2934651,Country’s first art school building faces extinction
dipankar-roy,16,https://www.thedailystar.net/environment/news/mayur-river-deaths-door-2934216,Mayur river at death’s door
dipankar-roy,16,https://www.thedailystar.net/news/bangladesh/news/when-waste-piles-2932741,When waste piles up
dipankar-roy,16,https://www.thedailystar.net/business/economy/news/gadkhali-flower-hub-reemerging-pandemic-woes-2931841,Gadkhali: flower hub reemerging from pandemic woes
dipankar-roy,16,https://www.thedailystar.net/news/bangladesh/news/rising-onwards-and-upwards-2931176,Rising onwards and upwards
dipankar-roy,16,https://www.thedailystar.net/news/bangladesh/news/slow-not-even-steady-2926541,Slow but not even steady
dipankar-roy,16,https://www.thedailystar.net/business/economy/industries/news/shut-20-years-ago-yet-spent-tk-33cr-2906091,"Khulna Newsprint Mills: Shut 20 years ago, yet spent Tk 33cr"
dipankar-roy,16,https://www.thedailystar.net/news/bangladesh/news/khulnas-mosquito-problem-refuses-go-away-2231111,Khulna’s mosquito problem refuses to go away
dipankar-roy,16,https://www.thedailystar.net/news/bangladesh/news/bhairab-peril-2221791,Bhairab in peril
dipankar-roy,16,https://www.thedailystar.net/environment/climate-crisis/natural-disaster/news/coastal-people-not-merely-mercy-nature-2210071,Coastal People: Not merely at mercy of nature
dipankar-roy,16,https://www.thedailystar.net/news/bangladesh/news/action-borne-out-frustration-2200906,Action borne out  of frustration: Locals repair Khulna road
dipankar-roy,16,https://www.thedailystar.net/news/bangladesh/news/rain-disrupts-life-khulna-city-2187326,Rain disrupts life in Khulna city
dipankar-roy,16,https://www.thedailystar.net/news/bangladesh/news/waterlogged-70-days-2185716,Waterlogged for 70 days
dipankar-roy,17,https://www.thedailystar.net/business/economy/news/shrimp-processors-closing-down-2168756,Shrimp processors closing down
dipankar-roy,17,https://www.thedailystar.net/news/bangladesh/agriculture/news/climate-adaptable-aman-khulna-farmer-develops-6-varieties-2164111,Climate-adaptable Aman: Khulna farmer develops 6 varieties
dipankar-roy,17,https://www.thedailystar.net/business/economy/news/khulnas-vegetable-growers-frown-over-low-prices-2148776,Khulna’s vegetable growers frown over low prices
dipankar-roy,17,https://www.thedailystar.net/health/disease/coronavirus/news/khulna-grapples-spiraling-covid-cases-2147301,Khulna grapples with spiraling Covid cases
dipankar-roy,17,https://www.thedailystar.net/environment/natural-resources/water-resources/news/bastuhara-canal-deathbed-2136936,Bastuhara canal on deathbed
dipankar-roy,17,https://www.thedailystar.net/health/disease/coronavirus/events-who/deaths-infections/news/khulna-division-goes-thru-its-worst-covid-19-surge-2134466,Khulna division goes thru’ its worst Covid-19 surge
dipankar-roy,17,https://www.thedailystar.net/news/bangladesh/special-read/news/dilapidated-10-years-2132001,Dilapidated for 10 years
dipankar-roy,17,https://www.thedailystar.net/health/disease/coronavirus/events-who/guidelines/news/khulna-residents-pay-little-heed-health-guidelines-2131406,Khulna residents pay little heed to health guidelines
dipankar-roy,17,https://www.thedailystar.net/city/news/khulna-residents-unfazed-lockdown-2118281,Khulna residents unfazed by lockdown
dipankar-roy,17,https://www.thedailystar.net/frontpage/news/khulna-edge-health-disaster-2116889,Khulna on edge of health disaster
dipankar-roy,17,https://www.thedailystar.net/frontpage/news/khulna-seeing-the-worst-pandemic-2114789,Khulna seeing the worst of pandemic
dipankar-roy,17,https://www.thedailystar.net/city/news/surge-covid-19-cases-patients-struggle-kmch-capacity-2109909,Surge in Covid-19 Cases: Patients struggle as KMCH at capacity
dipankar-roy,17,https://www.thedailystar.net/city/news/khulnas-lone-dedicated-hospital-full-the-brim-2108137,Khulna’s lone dedicated hospital full to the brim
dipankar-roy,17,https://www.thedailystar.net/city/news/life-marked-displacement-2105629,A life marked by displacement
dipankar-roy,17,https://www.thedailystar.net/business/economy/news/enhance-support-shrimp-farmers-jute-mill-workers-2101981,"Enhance support for shrimp farmers, jute mill workers"
dipankar-roy,17,https://www.thedailystar.net/frontpage/news/big-blow-fish-farmers-2100701,Big blow to fish farmers
dipankar-roy,17,https://www.thedailystar.net/city/news/water-crisis-grips-khulna-city-2098281,Water crisis grips Khulna city
dipankar-roy,17,https://www.thedailystar.net/country/news/khulna-sees-poor-rainfall-two-decades-2098389,Khulna sees poor rainfall in two decades
dipankar-roy,17,https://www.thedailystar.net/business/news/khulna-barishal-traders-pleased-customer-turnout-2092253,"Khulna, Barishal traders pleased by customer turnout"
dipankar-roy,17,https://www.thedailystar.net/country/news/watermelon-turning-fallow-land-lively-khulna-2089041,Watermelon turning fallow land lively in Khulna
dipankar-roy,18,https://www.thedailystar.net/backpage/news/salinity-coastal-areas-alternative-crops-ignite-farmers-hope-2082213,Salinity in Coastal Areas: Alternative crops ignite farmers’ hope
dipankar-roy,18,https://www.thedailystar.net/business/news/watermelon-game-changer-khulnas-coastal-farmers-2080997,Watermelon -- a game changer for Khulna’s coastal farmers
dipankar-roy,18,https://www.thedailystar.net/city/news/tcb-trucks-fail-meet-demand-khulna-city-2076889,TCB trucks fail to meet demand in Khulna city
dipankar-roy,18,https://www.thedailystar.net/city/news/bearing-witness-atrocities-2075109,Bearing witness to atrocities
dipankar-roy,18,https://www.thedailystar.net/business/news/experimental-vannamei-shrimp-cultivation-underway-2072853,Experimental vannamei shrimp cultivation underway
dipankar-roy,18,https://www.thedailystar.net/backpage/news/amphan-aftermath-600-families-still-living-embankment-2067821,Amphan Aftermath: 600 families still living on embankment
dipankar-roy,18,https://www.thedailystar.net/frontpage/news/world-water-day-cry-water-the-south-2064533,World Water Day: Cry for water in the south
dipankar-roy,18,https://www.thedailystar.net/business/news/how-mothers-love-took-nursery-astounding-heights-2051309,How a mother’s love took a nursery to astounding heights
dipankar-roy,18,https://www.thedailystar.net/backpage/news/brick-kilns-khulnas-dumuria-united-they-kill-rivers-2043361,Brick Kilns in Khulna’s Dumuria: United they  kill rivers
dipankar-roy,18,https://www.thedailystar.net/city/news/list-ready-who-will-administer-2036773,"List ready, but who will administer?"
dipankar-roy,18,https://www.thedailystar.net/backpage/news/ray-anirban-2028029,Ray of Anirban
dipankar-roy,18,https://www.thedailystar.net/city/news/khulna-city-corporation-keeps-dumping-garbage-busy-road-2021973,Khulna City Corporation keeps dumping garbage on busy road
dipankar-roy,18,https://www.thedailystar.net/backpage/news/amphan-still-taking-its-toll-2002725,Amphan still taking a toll
dipankar-roy,18,https://www.thedailystar.net/city/news/13-detainees-shown-arrested-named-accused-case-1981685,13 detainees shown arrested as named accused in case
dipankar-roy,18,https://www.thedailystar.net/frontpage/news/jute-workers-cops-clash-25-hurt-1981009,"Jute workers, cops clash; 25 hurt"
dipankar-roy,18,https://www.thedailystar.net/business/news/energypac-raise-tk-150cr-capital-market-1971037,Energypac to raise Tk 150cr from capital market
dipankar-roy,18,https://www.thedailystar.net/city/news/bullet-removed-lamias-leg-after-60hrs-1954001,Bullet removed from Lamia’s leg after 60hrs
dipankar-roy,18,https://www.thedailystar.net/city/news/lamia-lies-agony-1953109,Lamia lies in agony
dipankar-roy,18,https://www.thedailystar.net/city/news/most-city-drains-clogged-1950993,Most city drains clogged
dipankar-roy,18,https://www.thedailystar.net/city/news/just-39mm-rain-inundates-khulna-city-1937893,Just 39mm of rain inundates Khulna city
dipankar-roy,19,https://www.thedailystar.net/backpage/news/tidal-surges-hamper-life-6-villages-1934677,Tidal surges hamper life in 6 villages
dipankar-roy,19,https://www.thedailystar.net/backpage/news/nowhere-go-1932457,Nowhere to go
dipankar-roy,19,https://www.thedailystar.net/city/news/no-case-filed-over-khulna-murders-yet-1932509,No case filed over Khulna murders yet
dipankar-roy,19,https://www.thedailystar.net/frontpage/news/three-shot-dead-clash-over-supremacy-1932037,Three shot dead in clash over supremacy
dipankar-roy,19,https://www.thedailystar.net/backpage/news/covid-test-khulna-long-wait-and-backlog-1927913,Covid Test In Khulna: Of long wait and backlog
dipankar-roy,19,https://www.thedailystar.net/backpage/news/where-will-we-go-1927357,‘Where will we go?’
dipankar-roy,19,https://www.thedailystar.net/backpage/news/jute-mills-closure-two-labour-leaders-detained-1926233,Jute Mills Closure: Two labour leaders detained
dipankar-roy,19,https://www.thedailystar.net/city/news/left-ignored-11-years-1924857,Left ignored for 11 years
dipankar-roy,19,https://www.thedailystar.net/frontpage/news/curtain-falls-9-khulna-jute-mills-1924869,Curtain falls on 9 Khulna jute mills
dipankar-roy,19,https://www.thedailystar.net/city/news/state-owned-mills-shutdown-jute-workers-khulna-prepare-movement-1922129,State-Owned Mills’ Shutdown: Jute workers in Khulna prepare for movement
dipankar-roy,19,https://www.thedailystar.net/frontpage/news/khulna-division-covid-19-two-dedicated-icu-facilities-deathbed-1921673,Khulna Division Covid-19: Two dedicated ICU facilities on deathbed
dipankar-roy,19,https://www.thedailystar.net/city/news/4-held-over-killing-khulna-doctor-1916853,4 held over killing of Khulna doctor
dipankar-roy,19,https://www.thedailystar.net/city/news/death-wrong-treatment-doctor-beaten-death-patients-relatives-khulna-1916209,‘Death by Wrong Treatment’: Doctor beaten to death by patient’s relatives in Khulna
dipankar-roy,19,https://www.thedailystar.net/backpage/news/amphan-hit-sundarbans-damage-3-times-worse-bulbuls-1911837,Amphan-Hit Sundarbans: Damage 3 times worse than Bulbul’s
dipankar-roy,19,https://www.thedailystar.net/backpage/news/amphan-aftermath-water-crisis-water-all-around-1910205,Amphan Aftermath: Water crisis with water all around
dipankar-roy,19,https://www.thedailystar.net/frontpage/news/docs-denied-hotel-stay-1908153,Docs denied hotel stay
dipankar-roy,19,https://www.thedailystar.net/backpage/news/take-care-embankments-1906825,Take care of embankments
dipankar-roy,19,https://www.thedailystar.net/frontpage/news/cyclone-took-everything-they-had-1906174,Cyclone took everything they had
dipankar-roy,19,https://www.thedailystar.net/cyclone-amphan-aftermath-trail-devastation-in-khulna-koyra-upazila-1905517,Amphan aftermath: A trail of devastation in Khulna’s Koyra upazila
dipankar-roy,19,https://www.thedailystar.net/city/news/healthcare-halt-1886509,Healthcare at a halt
dipankar-roy,20,https://www.thedailystar.net/backpage/news/search-drinking-water-1883971,In search of drinking water
dipankar-roy,20,https://www.thedailystar.net/backpage/news/people-have-walk-2km-water-1884247,People have to walk 2km for water
dipankar-roy,20,https://www.thedailystar.net/country/news/the-landless-afraid-being-homeless-again-1880143,The landless afraid of being homeless again
dipankar-roy,20,https://www.thedailystar.net/country/news/everyones-out-destroy-it-1876087,Everyone’s out to destroy it
dipankar-roy,20,https://www.thedailystar.net/city/news/city-entrance-sorry-state-authorities-evade-responsibility-1874437,City entrance in sorry state as authorities evade responsibility
dipankar-roy,20,https://www.thedailystar.net/city/news/it-was-accident-waiting-happen-1872148,It was an accident waiting to happen
dipankar-roy,20,https://www.thedailystar.net/business/coronavirus-outbreak-khulna-crab-eel-trade-losing-tk-4-crore-every-day-1865188,"Coronavirus outbreak: Khulna’s crab, eel trade losing Tk 4cr every day"
dipankar-roy,20,https://www.thedailystar.net/city/news/dilapidated-city-streets-spell-misery-khulna-commuters-1862434,Dilapidated city streets spell misery for Khulna commuters
dipankar-roy,20,https://www.thedailystar.net/city/news/govt-did-not-take-it-seriously-1847140,‘Govt did not take it seriously’
dipankar-roy,20,https://www.thedailystar.net/backpage/news/cyclone-bulbul-4500-trees-sundarbans-damaged-1828036,"Cyclone Bulbul: 4,500 trees in Sundarbans damaged"
dipankar-roy,20,https://www.thedailystar.net/country/news/khulna-farmers-happy-getting-agri-service-local-market-1827505,Khulna farmers happy getting agri-service in local market
dipankar-roy,20,https://www.thedailystar.net/country/news/growing-popularity-taro-1822453,Growing popularity of taro
dipankar-roy,20,https://www.thedailystar.net/city/news/khulna-hotel-accommodates-765-candidates-free-1815664,Khulna hotel accommodates 765 candidates for free
dipankar-roy,20,https://www.thedailystar.net/backpage/news/criticising-indian-deal-facebook-post-causes-al-leaders-suspension-1812055,Criticising Indian Deal: Facebook post causes AL leader’s suspension
dipankar-roy,20,https://www.thedailystar.net/city/news/hotel-construction-puts-trade-school-buildings-risk-1808098,Hotel construction puts trade school buildings at risk
dipankar-roy,20,https://www.thedailystar.net/country/news/scanty-rain-worries-khulna-farmers-1789249,Scanty rain worries Khulna farmers
dipankar-roy,20,https://www.thedailystar.net/city/news/whose-road-it-anyway-1788751,Whose road is it anyway?
dipankar-roy,20,https://www.thedailystar.net/city/news/khulna-bastuhara-colony-waterlogged-five-days-1788763,Khulna Bastuhara colony  waterlogged for five days
dipankar-roy,20,https://www.thedailystar.net/city/news/heavy-rain-spells-misery-khulna-residents-1786798,Heavy rain spells misery  for Khulna residents
dipankar-roy,20,https://www.thedailystar.net/frontpage/news/rape-oc-others-victims-family-being-followed-threatened-1782706,"Rape by ‘OC, Others’: Victim’s family being followed, threatened"
dipankar-roy,21,https://www.thedailystar.net/arts-entertainment/music/news/the-malhar-festival-enthralls-khulna-1779238,The Malhar Festival enthralls Khulna
dipankar-roy,21,https://www.thedailystar.net/city/news/5-die-double-murder-gang-rape-1772398,"5 to die for double murder, gang rape"
dipankar-roy,21,https://www.thedailystar.net/city/news/dnc-accused-framing-journo-1769092,DNC accused of framing journo
dipankar-roy,21,https://www.thedailystar.net/city/news/woman-dies-after-surgery-unlicensed-khulna-clinic-1762309,Woman dies after surgery at unlicensed Khulna clinic
dipankar-roy,21,https://www.thedailystar.net/city/news/cut-above-the-rest-1756204,A cut above the rest
dipankar-roy,21,https://www.thedailystar.net/city/news/toxic-medical-waste-poses-health-risks-khulna-1755646,Toxic medical waste poses health risks in Khulna
dipankar-roy,21,https://www.thedailystar.net/city/news/khulna-footpaths-abuzz-eid-shoppers-1753117,Khulna footpaths abuzz with Eid shoppers
dipankar-roy,21,https://www.thedailystar.net/city/news/eid-rush-special-dhaka-khulna-train-today-1752826,Eid Rush: Special Dhaka-Khulna train today
dipankar-roy,21,https://www.thedailystar.net/business/news/jute-mills-plagued-dearth-raw-materials-1746688,Jute mills plagued by a dearth of raw materials
dipankar-roy,21,https://www.thedailystar.net/frontpage/stormfoni/anxious-wait-cyclone-shelters-1738399,Anxious wait at cyclone shelters
dipankar-roy,21,https://www.thedailystar.net/country/news/fish-enclosures-now-grabbers-favourite-tool-1736707,Fish enclosures now grabbers’ favourite tool
dipankar-roy,21,https://www.thedailystar.net/city/news/voter-list-updating-begins-1733857,Voter list updating begins
dipankar-roy,21,https://www.thedailystar.net/city/news/reunited-after-10-years-1732786,Reunited after 10 years
dipankar-roy,21,https://www.thedailystar.net/city/news/jute-mills-workers-withdraw-96hr-strike-1730752,Jute mills workers withdraw 96hr strike
dipankar-roy,21,https://www.thedailystar.net/star-weekend/news/the-tightening-noose-golden-fiber-1728499,The tightening noose of golden fibre
dipankar-roy,21,https://www.thedailystar.net/city/news/testament-atrocities-1720504,Testament to atrocities
dipankar-roy,21,https://www.thedailystar.net/city/news/trapped-their-own-home-1706887,Trapped in their own home
dipankar-roy,21,https://www.thedailystar.net/city/news/kcc-mayor-vows-free-canals-1697563,KCC mayor vows to free up canals
dipankar-roy,21,https://www.thedailystar.net/city/news/khulna-medical-college-acute-teacher-shortage-hampers-education-1696672,Khulna Medical College: Acute teacher shortage hampers education
dipankar-roy,21,https://www.thedailystar.net/city/news/sound-pollution-falls-deaf-ears-1694788,Sound pollution falls on deaf ears
dipankar-roy,22,https://www.thedailystar.net/city/news/khulna-canals-peril-1692667,Khulna canals in peril
dipankar-roy,22,https://www.thedailystar.net/city/news/police-recover-two-dead-bodies-khulna-1690198,Police recover two dead bodies in Khulna
dipankar-roy,22,https://www.thedailystar.net/city/news/drains-khulna-city-choked-1689304,Drains of Khulna city choked
dipankar-roy,22,https://www.thedailystar.net/city/news/evm-seat-sees-significantly-lower-turnout-others-1681429,EVM seat sees significantly lower turnout than others
dipankar-roy,22,https://www.thedailystar.net/bangladesh-national-election-2018/news/minority-voters-hold-key-khulna-1680271,Minority voters hold key in Khulna
dipankar-roy,22,https://www.thedailystar.net/bangladesh-national-election-2018/news/khulna-3-jute-workers-vote-deciding-factor-1679335,Khulna-3: Jute workers' vote a deciding factor
dipankar-roy,22,https://www.thedailystar.net/bangladesh-national-election-2018/news/voters-skeptic-about-evm-use-1677214,Voters skeptic about EVM use
dipankar-roy,22,https://www.thedailystar.net/bangladesh-national-election-2018/news/candidates-al-bnp-pledge-big-1675279,"Candidates of AL, BNP pledge big"
dipankar-roy,22,https://www.thedailystar.net/backpage/news/the-tigress-sundarbans-1674703,The tigress of Sundarbans
dipankar-roy,22,https://www.thedailystar.net/bangladesh-national-election-2018/jatiya-oikyafront-election-campaign-in-khulna-women-the-key-force-1674724,Oikyafront Campaign: Women the key force
dipankar-roy,22,https://www.thedailystar.net/bangladesh-national-election-2018/news/al-runs-full-throttle-bnp-missing-1674319,"AL runs on full throttle, BNP missing"
dipankar-roy,22,https://www.thedailystar.net/city/news/bnp-nominated-jamaat-men-confident-win-khulna-1673827,BNP-nominated Jamaat men confident of win in Khulna
dipankar-roy,22,https://www.thedailystar.net/city/news/evm-demo-begins-khulna-1671544,EVM demo begins in Khulna
dipankar-roy,22,https://www.thedailystar.net/city/news/new-voters-major-factor-khulna-1670296,New voters to be a major factor in Khulna
dipankar-roy,22,https://www.thedailystar.net/city/news/khulna-child-hospital-overrun-after-flu-attack-1665679,Khulna child hospital overrun after flu attack
dipankar-roy,22,https://www.thedailystar.net/city/news/khulna-gets-brand-new-train-station-1665241,Khulna gets a brand new train station
dipankar-roy,22,https://www.thedailystar.net/city/news/the-nostalgic-past-khulnas-movie-theatres-1662100,A waning nostalgia
dipankar-roy,22,https://www.thedailystar.net/city/news/bnp-aspirants-the-run-amid-fear-arrest-khulna-1659199,BNP aspirants on the run amid fear of arrest in Khulna
dipankar-roy,22,https://www.thedailystar.net/city/news/khulna-city-marred-uncollected-waste-1655896,Khulna city marred by uncollected waste
dipankar-roy,22,https://www.thedailystar.net/star-weekend/special-feature/news/exactly-how-do-you-rehabilitate-pirates-1654855,Exactly how do you rehabilitate pirates?
dipankar-roy,23,https://www.thedailystar.net/city/news/hiv-cases-the-rise-southern-districts-1642882,HIV cases on the rise in southern districts
dipankar-roy,23,https://www.thedailystar.net/literature/news/bibhutibhushan-bandyopadhyays-aranyak-1939-the-modern-the-non-modern-and-the-nation-state-1640017,"Bibhutibhushan Bandyopadhyay's Aranyak (1939):  the “Modern,” the  “Non-modern” and the Nation-state"
dipankar-roy,23,https://www.thedailystar.net/news/backpage/labour-safety-ignored-rampal-plant-1628794,Labour safety ignored at Rampal plant
dipankar-roy,23,https://www.thedailystar.net/country/over-3000-people-still-homeless-1582057,"Over 3,000 people still homeless"
dipankar-roy,23,https://www.thedailystar.net/frontpage/drugs-dealing-khulna-fingers-pointed-politicians-policemen-1580770,"Drug Dealing in Khulna: Fingers pointed at some cops, politicians"
dipankar-roy,23,https://www.thedailystar.net/frontpage/turnout-raises-eyebrows-1577590,A turnout that raises eyebrows
dipankar-roy,23,https://www.thedailystar.net/politics/khulna-city-corporation-election-2018-no-bnp-agents-4-centres-1576684,KCC polls: No BNP agents at 4 centres
dipankar-roy,23,https://www.thedailystar.net/city/passion-home-grown-science-1497010,A passion for home-grown science
dipankar-roy,23,https://www.thedailystar.net/city/university-student-builds-his-own-drone-1494775,A university student builds his own drone
dipankar-roy,23,https://www.thedailystar.net/city/college-girl-found-dead-dorm-room-1489582,BCL man's terror pushes girl to breaking point
dipankar-roy,23,https://www.thedailystar.net/backpage/the-music-maker-khulna-1471768,The music maker of Khulna
dipankar-roy,23,https://www.thedailystar.net/backpage/saiful-came-dhaka-week-ago-looking-job-1449226,Saiful came to Dhaka a week ago ‘looking for job’
dipankar-roy,23,https://www.thedailystar.net/frontpage/bhabadaha-tale-sorrow-1443832,Bhabadaha: A tale of sorrow
dipankar-roy,23,https://www.thedailystar.net/frontpage/big-cats-big-trouble-1440244,Big cats in big trouble
dipankar-roy,23,https://www.thedailystar.net/city/rain-brings-miseries-again-1436371,"Rain brings miseries, again"
dipankar-roy,23,https://www.thedailystar.net/city/waterlogging-never-ending-crisis-khulna-city-1433821,Waterlogging a never-ending crisis in Khulna city
dipankar-roy,23,https://www.thedailystar.net/frontpage/change-maker-library-wheels-1424614,Change Maker: Library on wheels
dipankar-roy,23,https://www.thedailystar.net/city/vessel-cement-clinkers-capsizes-1416106,Vessel with cement clinkers capsizes
dipankar-roy,23,https://www.thedailystar.net/backpage/back-back-tragedy-family-1411492,Back to back tragedy for a family
dipankar-roy,23,https://www.thedailystar.net/frontpage/day-labourer-turns-successful-retailer-1410970,Day labourer turns successful retailer
dipankar-roy,24,https://www.thedailystar.net/city/igniting-the-flame-1406374,Igniting the flame
dipankar-roy,24,https://www.thedailystar.net/business/khulna-tax-zone-registers-1-lakh-tin-holders-1402123,Khulna tax zone registers 1 lakh TIN-holders
dipankar-roy,24,https://www.thedailystar.net/country/crab-catching-unabated-near-sundarbans-1384033,Crab catching unabated near Sundarbans
dipankar-roy,24,https://www.thedailystar.net/backpage/use-banned-net-killing-fish-resources-1382863,Use of banned net killing fish resources
dipankar-roy,24,https://www.thedailystar.net/backpage/welcome-the-genocide-museum-1380547,Welcome to the genocide museum
dipankar-roy,24,https://www.thedailystar.net/frontpage/precious-water-people-need-1379449,Precious water for people in need
dipankar-roy,24,https://www.thedailystar.net/city/khulna-water-crisis-will-be-over-yr-1372129,Khulna water crisis will be over in a yr
dipankar-roy,24,https://www.thedailystar.net/backpage/plants-healing-1361959,Of plants & healing
dipankar-roy,24,https://www.thedailystar.net/backpage/no-efforts-yet-salvage-sunken-ship-1349887,No efforts yet to salvage sunken ship
dipankar-roy,24,https://www.thedailystar.net/city/footpath-road-grabbing-woes-khulna-pedestrians-1322695,"Footpath, road grabbing woes for Khulna pedestrians"
dipankar-roy,24,https://www.thedailystar.net/city/easy-bikes-plaguing-khulna-city-1284304,Easy bikes plaguing Khulna city
dipankar-roy,24,https://www.thedailystar.net/country/news/rain-worsens-water-logging-bhabodaha-1277536,Rain worsens water-logging in Bhabodaha
