node_id,url,title,site_byline,author,status,evidence
1005,https://www.thedailystar.net/1971-and-the-songs-we-sang-1005,1971 and the songs we sang,The Daily Star,Syed Badrul Ahsan,named,"Bio line at the end: ""Syed Badrul Ahsan is Executive Editor, The Daily Star."""
16076,https://www.thedailystar.net/yahya-okays-operation-searchlight-16076,Yahya okays Operation Searchlight,The Daily Star,,not named,No writer named on the page.
17489,https://www.thedailystar.net/march-1971-in-quetta-17489,March 1971 . . . in Quetta,The Daily Star,,not named,"Footer says only ""The writer is Executive Editor, The Daily Star."" (no name or e-mail). Probably Syed Badrul Ahsan, who signs 2013-14 pieces with that footer (""1971 and the songs we sang"", ""Tajuddin Ahmed: Our history maker""), but this page does not name him."
34436,https://www.thedailystar.net/tajuddin-ahmed-our-history-maker-34436,Tajuddin Ahmed: Our history maker,The Daily Star,Syed Badrul Ahsan,named,"Name from the writer's e-mail address in the footer (ahsan.syedbadrul@...); footer: ""The writer is Executive Editor, The Daily Star."""
50468,https://www.thedailystar.net/in-their-words-bhutto-and-mujib-december-1971-50468,"In their words: Bhutto and Mujib, December, 1971",The Daily Star,Kuldip Nayar,named,"Intro: ""an exclusive extract from his new book, Kuldip Nayar...""; bio line: ""Kuldip Nayar is an eminent Indian columnist."""
50941,https://www.thedailystar.net/bangladesh-1971-a-forgotten-genocide-50941,Bangladesh 1971: A Forgotten Genocide,The Daily Star,Mofidul Hoque,named,"Standfirst: ""MOFIDUL HOQUE retraces the nation's long quest for justice.""; bio line at the end."
52001,https://www.thedailystar.net/swadhin-bangla-betar-kendro-and-bangladeshs-declaration-of-independence-52001,Swadhin Bangla Betar Kendro and Bangladesh's Declaration of Independence,The Daily Star,Mashuqur Rahman and Mahbubur Rahman Jalal,named,"Standfirst: ""Mashuqur Rahman and Mahbubur Rahman Jalal present new research""; bio lines at the end."
52351,https://www.thedailystar.net/freedom-in-the-air-documents-52351,Freedom in the air documents,The Daily Star,,not named,Compilation of declassified US documents; no writer named (the only e-mail is a newsroom address).
53393,https://www.thedailystar.net/flying-blind-waiting-for-a-real-reckoning-on-1971-53393,Flying Blind: Waiting for a Real Reckoning on 1971,The daily star,Naeem Mohaiemen,named,Byline at the top of the text; the writer's e-mail address in the article matches.
53365,https://www.thedailystar.net/skewing-the-history-of-rape-in-1971-a-prescription-for-reconciliation-53365,Skewing the history of rape in 1971 A prescription for reconciliation?,The daily star,Nayanika Mookherjee,named,"Standfirst: ""Nayanika Mookherjee runs a critical eye over Sarmila Bose's controversial analysis...""; bio line: ""Dr Nayanika Mookherjee is a Lecturer..."""
53364,https://www.thedailystar.net/victorys-silence-53364,Victory's Silence,The daily star,Bina D'Costa,named,"Standfirst: ""BINA D'COSTA tells the tale of 'war babies'...""; bio line at the end."
53546,https://www.thedailystar.net/a-conversation-with-dr-nuran-nabi-53546,A Conversation with Dr. Nuran Nabi,The daily star,Arun Chowdhury (interviewer),named,"Interview with Dr Nuran Nabi; the questions are signed ""Arun Chowdhury""."
53555,https://www.thedailystar.net/bangladesh-holocaust-of-71-53555,Bangladesh Holocaust of '71,The Daily Star,Shahriar Kabir,named,"Standfirst: ""SHAHRIAR KABIR gives an account of the genocide...""; bio line at the end."
53558,https://www.thedailystar.net/healing-the-hidden-wounds-of-war-53558,Healing the Hidden Wounds of War,The daily star,Kajalie Shehreen Islam,named,"Standfirst: ""Rape is a war crime and those committed in 1971 should be tried as such, argues Kajalie Shehreen Islam""."
53552,https://www.thedailystar.net/saving-war-babies-53552,Saving war babies,The daily star,,not named,"Byline in the text is ""Staff Correspondent""; no name given."
53745,https://www.thedailystar.net/a-reticent-freedom-fighter-53745,A Reticent Freedom Fighter,The daily star,Tamanna Khan,named,Byline at the top of the text.
53746,https://www.thedailystar.net/the-battle-for-bangladesh-53746,The battle for Bangladesh,The daily star,Shahriar Feroze,named,"Byline at the top of the text; footer: ""The writer is Current Affairs Analyst, The Daily Star."""
54154,https://www.thedailystar.net/liberating-the-women-of-1971-54154,Liberating the Women of 1971,The daily star,Marianne Scholte,named,"Standfirst: ""MARIANNE SCHOLTE describes the programmes...""; bio line at the end."
54155,https://www.thedailystar.net/notes-to-my-successor-the-forgotten-women-of-the-1971-war-54155,Notes to My Successor: The Forgotten Women of the 1971 War,The daily star,Ziauddin Choudhury,named,"Standfirst: ""ZIAUDDIN CHOUDHURY recalls the contribution of brave women...""; bio line at the end."
54159,https://www.thedailystar.net/woman-on-a-mission-54159,Woman on a Mission,The daily star,Marianne Scholte (interviewer),named,"Standfirst: ""Marianne Scholte talks to Shafina Lohani about the impact of the Liberation War on the country's women""."
55134,https://www.thedailystar.net/stories-on-bangladesh-liberation-war-55134,Stories on Bangladesh Liberation war,The Daily Star,"Zaid Kalam, Shamim Ashraf and Imrul Kayes Chowdhury (curators)",named,"Last line: ""Curation: Zaid Kalam, Shamim Ashraf, Imrul Kayes Chowdhury""."
55388,https://www.thedailystar.net/1971-a-global-history-of-the-creation-of-bangladesh-55388,1971 — A Global History of the Creation of Bangladesh,The Daily Star,Shahriar Feroze,named,"Standfirst: ""Shahriar Feroze reviews a book...""; footer: ""The writer is Current Affairs Analyst, The Daily Star."""
55636,https://www.thedailystar.net/prof-muzaffar-ahmed-an-interview-55636,Prof. Muzaffar Ahmed: An Interview,The Daily Star,Feroz Ahmed (interviewer); Salimullah Khan (introduction),named,"Introduction signed ""-- Salimullah Khan""; text: ""interviewed by Pakistan Forum's editor Feroz Ahmed"" (October 1971)."
73739,https://www.thedailystar.net/supplements/independence-day-special-2015/naval-commandos-operation-jackpot-73739,Naval Commandos in Operation Jackpot,The Daily Star,Amitava Kar (interviewer),named,"Text: ""Commodore Chowdhury talks to Amitava Kar of The Daily Star""."
137680,https://www.thedailystar.net/wide-angle/vermeer-thefts-1971-the-love-letter-137680,Vermeer Thefts: 1971-The Love Letter,The Daily Star,,not named,No writer named on the page.
185875,https://www.thedailystar.net/literature/news/songs-freedom-185875,Songs of Freedom,The Daily Star,Shahzaman Mazumder (book excerpt),named,"Standfirst: ""The following is excerpted from Shahzaman Mazumder Bir Pratik's memoir 'The Guerrilla'""."
186721,https://www.thedailystar.net/editorial/martyred-intellectuals-186721,Martyred intellectuals,The Daily Star,,editorial,Unsigned editorial (written by The Daily Star itself).
189340,https://www.thedailystar.net/slow-reads/focus/news/thinkers-will-lead-the-way-189340,Thinkers Will Lead The Way,The Daily Star,Mahfuz Anam and Sushmita S Preetha (interviewers),named,"Text: ""In an exclusive interview with Mahfuz Anam, Editor and Publisher of The Daily Star and Sushmita S Preetha, Prof Abdullah Abu Sayeed..."""
205555,https://www.thedailystar.net/wide-angle/how-india-won-the-1971-war-against-pakistan-205555,How India won the 1971 war against Pakistan,The Daily Star,,not named,"No writer named. First-person account by an Indian Army officer whom Manekshaw calls ""Jake"" (possibly Lt Gen JFR Jacob), but the page does not say who wrote it."
1199224,https://www.thedailystar.net/star-weekend/mad-genius/tajuddin-ahmed-july-23-1925-%E2%80%93-november-3-1975-1199224,"Tajuddin Ahmed (July 23, 1925 – November 3, 1975)",The Daily Star,,not named,Profile quoting Tajuddin Ahmed's 1971 speeches; no writer named.
1487017,https://www.thedailystar.net/in-focus/loving-memory-crack-platoon-warrior-1487017,In loving memory of a Crack Platoon warrior,The Daily Star,Habibul Alam,named,"Bio line at the end: ""Habibul Alam is a freedom fighter who fought in the Crack Platoon."""
1504534,https://www.thedailystar.net/editorial/martyred-intellectuals-day-1504534,Martyred intellectuals' day,The Daily Star,,editorial,Unsigned editorial (written by The Daily Star itself).
1673230,https://www.thedailystar.net/editorial/news/martyred-intellectuals-being-sorely-missed-1673230,Martyred intellectuals being sorely missed,The Daily Star,,editorial,Unsigned editorial (written by The Daily Star itself).
1794181,https://www.thedailystar.net/in-focus/news/i-am-only-making-modest-contribution-the-struggle-my-people-1794181,"""I am only making a modest contribution to the struggle of my people""",The Daily Star,Feroz Ahmed (interviewer),named,"Reprint of a 1971 interview: ""The interview was taken by Pakistan Forum's editor Feroz Ahmed in New York."""
1840315,https://www.thedailystar.net/editorial/news/martyred-intellectuals-day-1840315,Martyred Intellectuals Day,The Daily Star,,editorial,Unsigned editorial (written by The Daily Star itself).
1877395,https://www.thedailystar.net/editorial/news/historic-7th-march-1877395,Historic 7th March,The Daily Star,,editorial,Unsigned editorial (written by The Daily Star itself).
1885354,https://www.thedailystar.net/opinion/news/prelude-order-genocide-1885354,Prelude to an order for genocide,The Daily Star,Rehman Sobhan,named,"Standfirst: ""In this article published in the Guardian, Manchester on June 5, 1971 Prof Rehman Sobhan... describes the background to the Yahya-Mujib talks""."
1886185,https://www.thedailystar.net/shout/news/stories-71-1886185,Stories of 71,The Daily Star,"Faisal Bin Iqbal, Jishad Bin Shiraj Al Hamid, Rabita Saleh, Sarah Wasifa, Fatima Jahan Ena and Adhora Ahmed",named,"Six short stories, each signed by its writer."
2078869,https://www.thedailystar.net/supplements/historic-mujibnagar-day/news/nation-rises-2078869,A Nation Rises,The Daily Star,Hindusthan Standard (editorial),named,"First line: ""Editorial, Hindusthan Standard April 19, 1971"" (a 1971 editorial, reprinted)."
2078881,https://www.thedailystar.net/supplements/historic-mujibnagar-day/news/the-people-the-world-2078881,To the people of the world,The Daily Star,Tajuddin Ahmad,named,"First line: ""This statement was issued by the Prime Minister of Bangladesh, Tajuddin Ahmad, on April 17, 1971""."
2916771,https://www.thedailystar.net/supplements/martyred-intellectuals-day-2021/news/opu-and-topu-2916771,To Opu and Topu ...,The Daily Star,Subhash Mukhopadhyay (translated by Mayabee Arannya),named,"Last line: ""The article was originally published in Subhash Mukhopadhyay's book titled Khoma Nei (1972). It is translated by Mayabee Arannya."""
3306236,https://www.thedailystar.net/law-our-rights/news/the-proclamation-independence-1971-3306236,The Proclamation of Independence 1971,The Daily Star,,not named,Interview with Dr Muhammad Ekramul Haque by The Daily Star's Law Desk; no individual interviewer named.
3856476,https://www.thedailystar.net/opinion/views/news/march-25-through-the-eyes-ordinary-people-3856476,March 25 through the eyes of ordinary people,The Daily Star,"Nazma Majid, Sabera Haq and Abdul Hannan Thakur",named,"Three signed accounts, abridged from Smrity: 1971 (ed. Rashid Haider), as stated at the end."
4058291,https://www.thedailystar.net/opinion/editorial/news/martyred-intellectuals-are-our-guiding-lights-4058291,Martyred intellectuals are our guiding lights,The Daily Star,,editorial,Unsigned editorial (written by The Daily Star itself).
https://www.thedailystar.net/news/no-memorial-monument-at-largest-massacre-ground-in-faridpur,https://www.thedailystar.net/news/no-memorial-monument-at-largest-massacre-ground-in-faridpur,No memorial monument at largest massacre ground in Faridpur,The Daily Star,,not named,District report datelined Faridpur; no writer named.
https://www.thedailystar.net/news/blood-of-41-freedom-fighters-covered-the-grassy-plain-of-jhenidah-village,https://www.thedailystar.net/news/blood-of-41-freedom-fighters-covered-the-grassy-plain-of-jhenidah-village,Blood of 41 freedom fighters covered the grassy plain of Jhenidah village,The Daily Star,,not named,District report datelined Jhenidah; no writer named.
https://www.thedailystar.net/news/61-embraced-martyrdom-in-madaripur-during-liberation-war,https://www.thedailystar.net/news/61-embraced-martyrdom-in-madaripur-during-liberation-war,61 embraced martyrdom in Madaripur during Liberation War,The Daily Star,,not named,District report datelined Madaripur; no writer named.
15468,https://www.thedailystar.net/news-detail-15468,1971 :,The Daily Star,Ishrat Ferdousi (oral history),named,"Intro: ""In his book The Year That Was... Ishrat Ferdousi published the oral interviews he had taken... Here is one previously unpublished narrative, story of Mushtaque Ahmed Khan, then aged 17, a student in Bogra."""
15470,https://www.thedailystar.net/news-detail-15470,The Battle of Kamalpur-31 July 1971,The Daily Star,K M Safiullah (book excerpt),named,"Intro: ""we publish a brief account of the battle, excerpted from the book 'Bangladesh at War' by Maj Gen K M Safiullah BU, psc (Retd)""."
66822,https://www.thedailystar.net/news-detail-66822,Dacca December Days 1971: “Sartre would dig this place.” *,The Daily Star,Peter R. Kaan,named,"Intro: ""Excerpted from 'Dacca Diary,' by Peter R. Kaan, The Wall Street Journal, 14 December 1971"" (spelt so on the page; the Wall Street Journal correspondent is usually spelt Peter R. Kann)."
242917,https://www.thedailystar.net/news-detail-242917,What we need to remember,The Daily Star,Probir Kumar Sarker,named,"Standfirst: ""Probir Kumar Sarker reads of old treachery""; bio line: ""Probir Kumar Sarker is sub-editor, The Daily Star."""
247865,https://www.thedailystar.net/news-detail-247865,The defeated men of 1971,The Daily Star,Syed Badrul Ahsan,named,"Standfirst: ""Syed Badrul Ahsan reads a shallow narrative""."
248530,https://www.thedailystar.net/news-detail-248530,Remembering Shahid Altaf Mahmud,The Daily Star,,not named,"Last line: ""Compiled by Correspondent""; no name given."
https://www.thedailystar.net/news/judicial-notice-shahbaghh-movement-and-criticism-freshness-and-positivity-for-international-crimes-tribunal,https://www.thedailystar.net/news/judicial-notice-shahbaghh-movement-and-criticism-freshness-and-positivity-for-international-crimes-tribunal,"Judicial Notice, Shahbaghh Movement and Criticism: Freshness and positivity for International Crimes Tribunal",The Daily Star,Prito Reza,named,Byline at the top of the text.
https://www.thedailystar.net/news/tajuddin-a-biopic-and-our-history,https://www.thedailystar.net/news/tajuddin-a-biopic-and-our-history,"Tajuddin, a Biopic and our History",The Daily Star,Syed Badrul Ahsan,named,"Standfirst: ""SYED BADRUL AHSAN pays tribute to the unsung hero.""; bio line at the end."
https://www.thedailystar.net/news/war-crimes-justice-and-the-politics-of-memory,https://www.thedailystar.net/news/war-crimes-justice-and-the-politics-of-memory,"War Crimes, Justice and the Politics of Memory",The Daily Star,Bina D'Costa,named,"Standfirst: ""In this article, BINA D'COSTA weaves through divergent layers...""; the writer's e-mail address in the article matches."
2255,https://www.thedailystar.net/justice-triumphs-freedom-wins-2255,"Justice triumphs, freedom wins",The Daily Star,,not named,Unsigned front-page commentary; no writer named.
2580,https://www.thedailystar.net/genocide-2580,GENOCIDE,The Daily Star,Anthony Mascarenhas,named,"Second part of the reprint of his Sunday Times report ""Genocide"" (13 June 1971); part 1 (14 December 2013) carries his byline. This page itself does not name him."
https://www.thedailystar.net/news/genocide-3,https://www.thedailystar.net/news/genocide-3,GENOCIDE,The Daily Star,Anthony Mascarenhas,named,"Concluding part of the reprint of his Sunday Times report ""Genocide"" (""Continued from December 15""); part 1 carries his byline. This page itself does not name him."
2856,https://www.thedailystar.net/the-jamaat-and-the-pakistan-army-2856,The Jamaat and the Pakistan army,The Daily Star,Syed Badrul Ahsan,named,"Name from the writer's e-mail address in the footer (ahsan.syedbadrul@...); footer: ""The writer is Executive Editor, The Daily Star."""
10046,https://www.thedailystar.net/remembering-a-martyr-10046,Remembering a Martyr,The Daily Star,,not named,Fact-sheet profile; no writer named.
10668,https://www.thedailystar.net/jinnah-at-curzon-hall-10668,Jinnah at Curzon Hall,The Daily Star,,not named,Short piece; no writer named.
11040,https://www.thedailystar.net/remembering-our-hero-11040,Remembering our Hero,The Daily Star,,not named,Fact-sheet profile; no writer named.
13123,https://www.thedailystar.net/tribute-to-a-lost-martyr-13123,Tribute to a Lost Martyr,The Daily Star,,not named,Fact-sheet profile; no writer named.
14310,https://www.thedailystar.net/tikka-khan-arrives-in-dhaka-14310,Tikka Khan arrives in Dhaka,The Daily Star,,not named,Day-by-day chronicle entry compiled by The Daily Star; no writer named.
14218,https://www.thedailystar.net/an-architect-of-the-language-movement-14218,An Architect of the Language Movement,The Daily Star,,not named,Fact-sheet profile; no writer named.
14728,https://www.thedailystar.net/bhashani-calls-for-freedom-14728,Bhashani calls for freedom,The Daily Star,,not named,Day-by-day chronicle entry compiled by The Daily Star; no writer named.
14881,https://www.thedailystar.net/yahya-will-be-our-guest-14881,'Yahya will be our guest',The Daily Star,,not named,Day-by-day chronicle entry compiled by The Daily Star; no writer named.
15634,https://www.thedailystar.net/yahya-arrives-in-dhaka-15634,Yahya arrives in Dhaka,The Daily Star,,not named,Day-by-day chronicle entry compiled by The Daily Star; no writer named.
15745,https://www.thedailystar.net/mujib-yahya-meet-behind-closed-doors-15745,"Mujib, Yahya meet behind closed doors",The Daily Star,,not named,Day-by-day chronicle entry compiled by The Daily Star; no writer named.
16392,https://www.thedailystar.net/an-angry-yahya-16392,An angry Yahya,The Daily Star,,not named,Day-by-day chronicle entry compiled by The Daily Star; no writer named.
16549,https://www.thedailystar.net/bhutto-flies-in-16549,Bhutto flies in,The Daily Star,,not named,Day-by-day chronicle entry compiled by The Daily Star; no writer named.
16682,https://www.thedailystar.net/mujib-cautions-bhutto-16682,Mujib cautions Bhutto,The Daily Star,,not named,Day-by-day chronicle entry compiled by The Daily Star; no writer named.
16996,https://www.thedailystar.net/bangabandhu-proposes-confederation-16996,Bangabandhu proposes confederation,The Daily Star,,not named,Day-by-day chronicle entry compiled by The Daily Star; no writer named.
17127,https://www.thedailystar.net/pakistan-army-turns-killer-17127,Pakistan army turns killer,The Daily Star,,not named,Day-by-day chronicle entry compiled by The Daily Star; no writer named.
17264,https://www.thedailystar.net/a-nation-goes-to-war-for-freedom-17264,A nation goes to war for freedom,The Daily Star,,not named,Day-by-day chronicle entry compiled by The Daily Star; no writer named.
19001,https://www.thedailystar.net/zias-declaration-19001,Zia's declaration,The Daily Star,Mirza Aboo Mansur (letter); Syed Badrul Ahsan (reply),named,"Letters page: letter signed ""Mirza Aboo Mansur, Former MPA... Chittagong Zonal Commander, Sector-1"", followed by ""SBA's response: Syed Badrul Ahsan thanks the writer..."""
19291,https://www.thedailystar.net/mujib-bhutto-and-lost-times-19291,"Mujib, Bhutto . . . and lost times",The Daily Star,Syed Badrul Ahsan,named,"Name from the writer's e-mail address in the footer (ahsan.syedbadrul@...); footer: ""The writer is Executive Editor, The Daily Star."""
22755,https://www.thedailystar.net/restoring-tajuddin-in-history-22755,Restoring Tajuddin in history,The Daily Star,Syed Badrul Ahsan,named,"Standfirst: ""Syed Badrul Ahsan agrees the Mujibnagar leader has been sidelined""; bio line at the end."
27334,https://www.thedailystar.net/six-points-and-a-long-ago-june-27334,Six Points and a long-ago June,The Daily Star,Syed Badrul Ahsan,named,"Name from the writer's e-mail address in the footer (ahsan.syedbadrul@...); footer: ""The writer is Executive Editor, The Daily Star."""
38650,https://www.thedailystar.net/why-are-fake-ffs-still-in-job-38650,Why are fake FFs still in job?,The Daily Star,,not named,"Letters page; signed with the pen name ""Morally misfit""."
39528,https://www.thedailystar.net/the-world-of-m-a-g-osmany-39528,The world of M.A.G. Osmany,The Daily Star,Syed Badrul Ahsan,named,"Name from the writer's e-mail address in the footer (ahsan.syedbadrul@...); footer: ""The writer is Executive Editor, The Daily Star."""
40922,https://www.thedailystar.net/rewriting-liberation-war-history-40922,Rewriting Liberation War history?,The Daily Star,Ziauddin Ahmed (letter),named,"Letters page; signed ""Ziauddin Ahmed, On e-mail""."
45353,https://www.thedailystar.net/1971-bhitore-bahire-45353,1971 Bhitore Bahire,The Daily Star,Shahriar Feroze,named,"Standfirst: ""Shahriar Feroze reviews the most talked about book of the town...""; footer: ""The writer is Editor, Book Reviews, The Daily Star""."
48285,https://www.thedailystar.net/faking-freedom-fighter-identity-48285,Faking freedom fighter identity,The Daily Star,,editorial,Unsigned editorial (written by The Daily Star itself).
49149,https://www.thedailystar.net/propaganda-and-the-war-crimes-trial-49149,Propaganda and the war crimes trial,The Daily Star,,not named,"Footer says only ""The writer is Editor and Publisher, The Daily Star."" That post was held by Mahfuz Anam, but the page does not name him."
53676,https://www.thedailystar.net/december-31-1971-53676,"December 31, 1971",The Daily Star,,not named,Day-by-day chronicle entry compiled by The Daily Star; no writer named.
53677,https://www.thedailystar.net/december-30-1971-53677,"December 30, 1971",The Daily Star,,not named,Day-by-day chronicle entry compiled by The Daily Star; no writer named.
53712,https://www.thedailystar.net/january-31-1971-53712,"January 31, 1971",The Daily Star,,not named,Day-by-day chronicle entry compiled by The Daily Star; no writer named.
53681,https://www.thedailystar.net/december-29-1971-53681,"December 29, 1971",The Daily Star,,not named,Day-by-day chronicle entry compiled by The Daily Star; no writer named.
53713,https://www.thedailystar.net/january-30-1971-53713,"January 30, 1971",The Daily Star,,not named,Day-by-day chronicle entry compiled by The Daily Star; no writer named.
53682,https://www.thedailystar.net/december-28-1971-53682,"December 28, 1971",The Daily Star,,not named,Day-by-day chronicle entry compiled by The Daily Star; no writer named.
53714,https://www.thedailystar.net/january-29-1971-53714,"January 29, 1971",The Daily Star,,not named,Day-by-day chronicle entry compiled by The Daily Star; no writer named.
53683,https://www.thedailystar.net/december-27-1971-53683,"December 27, 1971",The Daily Star,,not named,Day-by-day chronicle entry compiled by The Daily Star; no writer named.
53715,https://www.thedailystar.net/january-28-1971-53715,"January 28, 1971",The Daily Star,,not named,Day-by-day chronicle entry compiled by The Daily Star; no writer named.
53684,https://www.thedailystar.net/december-26-1971-53684,"December 26, 1971",The Daily Star,,not named,Day-by-day chronicle entry compiled by The Daily Star; no writer named.
53716,https://www.thedailystar.net/january-27-1971-53716,"January 27, 1971",The Daily Star,,not named,Day-by-day chronicle entry compiled by The Daily Star; no writer named.
53685,https://www.thedailystar.net/december-25-1971-53685,"December 25, 1971",The Daily Star,,not named,Day-by-day chronicle entry compiled by The Daily Star; no writer named.
53717,https://www.thedailystar.net/january-26-1971-53717,"January 26, 1971",The Daily Star,,not named,Day-by-day chronicle entry compiled by The Daily Star; no writer named.
50957,https://www.thedailystar.net/bangabondhu-and-tajuddin-ahmed-50957,Bangabondhu and Tajuddin Ahmed,The Daily Star,Abdul Matin,named,"Standfirst: ""ABDUL MATIN retraces the special relationship between two of our greatest leaders.""; bio line at the end."
53686,https://www.thedailystar.net/december-24-1971-53686,"December 24, 1971",The Daily Star,,not named,Day-by-day chronicle entry compiled by The Daily Star; no writer named.
53718,https://www.thedailystar.net/january-25-1971-53718,"January 25, 1971",The Daily Star,,not named,Day-by-day chronicle entry compiled by The Daily Star; no writer named.
50939,https://www.thedailystar.net/the-curious-case-of-the-195-war-criminals-50939,The Curious Case of the 195 War Criminals,The Daily Star,Syeed Ahamed,named,"Standfirst: ""Syeed Ahamed looks back at how justice eluded our grasp""; the bio line at the end spells it ""Sayeed Ahamed""."
53687,https://www.thedailystar.net/december-23-1971-53687,"December 23, 1971",The Daily Star,,not named,Day-by-day chronicle entry compiled by The Daily Star; no writer named.
53719,https://www.thedailystar.net/january-24-1971-53719,"January 24, 1971",The Daily Star,,not named,Day-by-day chronicle entry compiled by The Daily Star; no writer named.
53688,https://www.thedailystar.net/december-22-1971-53688,"December 22, 1971",The Daily Star,,not named,Day-by-day chronicle entry compiled by The Daily Star; no writer named.
53720,https://www.thedailystar.net/january-23-1971-53720,"January 23, 1971",The Daily Star,,not named,Day-by-day chronicle entry compiled by The Daily Star; no writer named.
53689,https://www.thedailystar.net/december-21-1971-53689,"December 21, 1971",The Daily Star,,not named,Day-by-day chronicle entry compiled by The Daily Star; no writer named.
53721,https://www.thedailystar.net/january-22-1971-53721,"January 22, 1971",The Daily Star,,not named,Day-by-day chronicle entry compiled by The Daily Star; no writer named.
53691,https://www.thedailystar.net/december-20-1971-53691,"December 20, 1971",The Daily Star,,not named,Day-by-day chronicle entry compiled by The Daily Star; no writer named.
53724,https://www.thedailystar.net/january-21-1971-53724,"January 21, 1971",The Daily Star,,not named,Day-by-day chronicle entry compiled by The Daily Star; no writer named.
53692,https://www.thedailystar.net/december-19-1971-53692,"December 19, 1971",The Daily Star,,not named,Day-by-day chronicle entry compiled by The Daily Star; no writer named.
53725,https://www.thedailystar.net/january-20-1971-53725,"January 20, 1971",The Daily Star,,not named,Day-by-day chronicle entry compiled by The Daily Star; no writer named.
53693,https://www.thedailystar.net/december-18-1971-53693,"December 18, 1971",The Daily Star,,not named,Day-by-day chronicle entry compiled by The Daily Star; no writer named.
53726,https://www.thedailystar.net/january-19-1971-53726,"January 19, 1971",The Daily Star,,not named,Day-by-day chronicle entry compiled by The Daily Star; no writer named.
53694,https://www.thedailystar.net/december-17-1971-53694,"December 17, 1971",The Daily Star,,not named,Day-by-day chronicle entry compiled by The Daily Star; no writer named.
53727,https://www.thedailystar.net/january-18-1971-53727,"January 18, 1971",The Daily Star,,not named,Day-by-day chronicle entry compiled by The Daily Star; no writer named.
53696,https://www.thedailystar.net/december-16-1971-53696,"December 16, 1971",The Daily Star,,not named,Day-by-day chronicle entry compiled by The Daily Star; no writer named.
53728,https://www.thedailystar.net/january-17-1971-53728,"January 17, 1971",The Daily Star,,not named,Day-by-day chronicle entry compiled by The Daily Star; no writer named.
53697,https://www.thedailystar.net/december-15-1971-53697,"December 15, 1971",The Daily Star,,not named,Day-by-day chronicle entry compiled by The Daily Star; no writer named.
53729,https://www.thedailystar.net/january-16-1971-53729,"January 16, 1971",The Daily Star,,not named,Day-by-day chronicle entry compiled by The Daily Star; no writer named.
53698,https://www.thedailystar.net/december-14-1971-53698,"December 14, 1971",The Daily Star,,not named,Day-by-day chronicle entry compiled by The Daily Star; no writer named.
53730,https://www.thedailystar.net/january-15-1971-53730,"January 15, 1971",The Daily Star,,not named,Day-by-day chronicle entry compiled by The Daily Star; no writer named.
53699,https://www.thedailystar.net/december-13-1971-53699,"December 13, 1971",The Daily Star,,not named,Day-by-day chronicle entry compiled by The Daily Star; no writer named.
53731,https://www.thedailystar.net/january-14-1971-53731,"January 14, 1971",The Daily Star,,not named,Day-by-day chronicle entry compiled by The Daily Star; no writer named.
53700,https://www.thedailystar.net/december-12-1971-53700,"December 12, 1971",The Daily Star,,not named,Day-by-day chronicle entry compiled by The Daily Star; no writer named.
53732,https://www.thedailystar.net/january-12-1971-53732,"January 12, 1971",The Daily Star,,not named,Day-by-day chronicle entry compiled by The Daily Star; no writer named.
53701,https://www.thedailystar.net/december-11-1971-53701,"December 11, 1971",The Daily Star,,not named,Day-by-day chronicle entry compiled by The Daily Star; no writer named.
53733,https://www.thedailystar.net/january-11-1971-53733,"January 11, 1971",The Daily Star,,not named,Day-by-day chronicle entry compiled by The Daily Star; no writer named.
53702,https://www.thedailystar.net/december-10-1971-53702,"December 10, 1971",The Daily Star,,not named,Day-by-day chronicle entry compiled by The Daily Star; no writer named.
53734,https://www.thedailystar.net/january-10-1971-53734,"January 10, 1971",The Daily Star,,not named,Day-by-day chronicle entry compiled by The Daily Star; no writer named.
53703,https://www.thedailystar.net/december-9-1971-53703,"December 9, 1971",The Daily Star,,not named,Day-by-day chronicle entry compiled by The Daily Star; no writer named.
53735,https://www.thedailystar.net/january-9-1971-53735,"January 9, 1971",The Daily Star,,not named,Day-by-day chronicle entry compiled by The Daily Star; no writer named.
53704,https://www.thedailystar.net/december-8-1971-53704,"December 8, 1971",The Daily Star,,not named,Day-by-day chronicle entry compiled by The Daily Star; no writer named.
53736,https://www.thedailystar.net/january-8-1971-53736,"January 8, 1971",The Daily Star,,not named,Day-by-day chronicle entry compiled by The Daily Star; no writer named.
53380,https://www.thedailystar.net/the-story-of-people-power-53380,The Story of People Power,The daily star,Syed Badrul Ahsan,named,"Standfirst: ""Syed Badrul Ahsan traces the history of popular uprisings...""; bio line: ""Syed Badrul Ahsan is Executive Editor, Dhaka Courier."""
53550,https://www.thedailystar.net/bangladesh-genocide-memory-and-justice-53550,Bangladesh Genocide: Memory and Justice,The daily star,Paulo Casaca,named,"Text: ""Here is the full text of the paper presented by Paulo Casaca, founder and executive director of the SADF."""
53549,https://www.thedailystar.net/commemorating-teliapara-with-a-muktijuddha-smriti-complex-53549,Commemorating Teliapara with a 'Muktijuddha Smriti' Complex,The daily star,Iqbal Siddiquee,named,Byline at the top of the text.
53705,https://www.thedailystar.net/december-7-1971-53705,"December 7, 1971",The Daily Star,,not named,Day-by-day chronicle entry compiled by The Daily Star; no writer named.
53737,https://www.thedailystar.net/january-7-1971-53737,"January 7, 1971",The Daily Star,,not named,Day-by-day chronicle entry compiled by The Daily Star; no writer named.
53557,https://www.thedailystar.net/my-right-to-justice-53557,My Right to Justice,The daily star,Nuzhat Choudhury,named,"Standfirst: ""DR. NUZHAT CHOUDHURY demands justice for the death of her father, a martyred intellectual..."""
53556,https://www.thedailystar.net/on-trial-war-crimes-1971-53556,On Trial: War Crimes 1971,The daily star,Kajalie Shehreen Islam (interviewer),named,"Standfirst: ""Dr. MA Hasan... talks to Kajalie Shehreen Islam about breaking the culture of silence and impunity..."""
53738,https://www.thedailystar.net/january-6-1971-53738,"January 6, 1971",The Daily Star,,not named,Day-by-day chronicle entry compiled by The Daily Star; no writer named.
53823,https://www.thedailystar.net/july-1-1971-53823,"July 1, 1971",The Daily Star,,not named,Day-by-day chronicle entry compiled by The Daily Star; no writer named.
53833,https://www.thedailystar.net/july-10-1971-53833,"July 10, 1971",The Daily Star,,not named,Day-by-day chronicle entry compiled by The Daily Star; no writer named.
53834,https://www.thedailystar.net/july-11-1971-53834,"July 11, 1971",The Daily Star,,not named,Day-by-day chronicle entry compiled by The Daily Star; no writer named.
53835,https://www.thedailystar.net/july-12-1971-53835,"July 12, 1971",The Daily Star,,not named,Day-by-day chronicle entry compiled by The Daily Star; no writer named.
53836,https://www.thedailystar.net/july-13-1971-53836,"July 13, 1971",The Daily Star,,not named,Day-by-day chronicle entry compiled by The Daily Star; no writer named.
53837,https://www.thedailystar.net/july-14-1971-53837,"July 14, 1971",The Daily Star,,not named,Day-by-day chronicle entry compiled by The Daily Star; no writer named.
53838,https://www.thedailystar.net/july-15-1971-53838,"July 15, 1971",The Daily Star,,not named,Day-by-day chronicle entry compiled by The Daily Star; no writer named.
53839,https://www.thedailystar.net/july-16-1971-53839,"July 16, 1971",The Daily Star,,not named,Day-by-day chronicle entry compiled by The Daily Star; no writer named.
53840,https://www.thedailystar.net/july-17-1971-53840,"July 17, 1971",The Daily Star,,not named,Day-by-day chronicle entry compiled by The Daily Star; no writer named.
53841,https://www.thedailystar.net/july-18-1971-53841,"July 18, 1971",The Daily Star,,not named,Day-by-day chronicle entry compiled by The Daily Star; no writer named.
53842,https://www.thedailystar.net/july-19-1971-53842,"July 19, 1971",The Daily Star,,not named,Day-by-day chronicle entry compiled by The Daily Star; no writer named.
53824,https://www.thedailystar.net/july-2-1971-53824,"July 2, 1971",The Daily Star,,not named,Day-by-day chronicle entry compiled by The Daily Star; no writer named.
53843,https://www.thedailystar.net/july-20-1971-53843,"July 20, 1971",The Daily Star,,not named,Day-by-day chronicle entry compiled by The Daily Star; no writer named.
53844,https://www.thedailystar.net/july-21-1971-53844,"July 21, 1971",The Daily Star,,not named,Day-by-day chronicle entry compiled by The Daily Star; no writer named.
53845,https://www.thedailystar.net/july-22-1971-53845,"July 22, 1971",The Daily Star,,not named,Day-by-day chronicle entry compiled by The Daily Star; no writer named.
53846,https://www.thedailystar.net/july-23-1971-53846,"July 23, 1971",The Daily Star,,not named,Day-by-day chronicle entry compiled by The Daily Star; no writer named.
53847,https://www.thedailystar.net/july-24-1971-53847,"July 24, 1971",The Daily Star,,not named,Day-by-day chronicle entry compiled by The Daily Star; no writer named.
53848,https://www.thedailystar.net/july-25-1971-53848,"July 25, 1971",The Daily Star,,not named,Day-by-day chronicle entry compiled by The Daily Star; no writer named.
53849,https://www.thedailystar.net/july-26-1971-53849,"July 26, 1971",The Daily Star,,not named,Day-by-day chronicle entry compiled by The Daily Star; no writer named.
53850,https://www.thedailystar.net/july-27-1971-53850,"July 27, 1971",The Daily Star,,not named,Day-by-day chronicle entry compiled by The Daily Star; no writer named.
53851,https://www.thedailystar.net/july-28-1971-53851,"July 28, 1971",The Daily Star,,not named,Day-by-day chronicle entry compiled by The Daily Star; no writer named.
53852,https://www.thedailystar.net/july-29-1971-53852,"July 29, 1971",The Daily Star,,not named,Day-by-day chronicle entry compiled by The Daily Star; no writer named.
53825,https://www.thedailystar.net/july-3-1971-53825,"July 3, 1971",The Daily Star,,not named,Day-by-day chronicle entry compiled by The Daily Star; no writer named.
53853,https://www.thedailystar.net/july-30-1971-53853,"July 30, 1971",The Daily Star,,not named,Day-by-day chronicle entry compiled by The Daily Star; no writer named.
53854,https://www.thedailystar.net/july-31-1971-53854,"July 31, 1971",The Daily Star,,not named,Day-by-day chronicle entry compiled by The Daily Star; no writer named.
53826,https://www.thedailystar.net/july-4-1971-53826,"July 4, 1971",The Daily Star,,not named,Day-by-day chronicle entry compiled by The Daily Star; no writer named.
53827,https://www.thedailystar.net/july-5-1971-53827,"July 5, 1971",The Daily Star,,not named,Day-by-day chronicle entry compiled by The Daily Star; no writer named.
53828,https://www.thedailystar.net/july-6-1971-53828,"July 6, 1971",The Daily Star,,not named,Day-by-day chronicle entry compiled by The Daily Star; no writer named.
53829,https://www.thedailystar.net/july-7-1971-53829,"July 7, 1971",The Daily Star,,not named,Day-by-day chronicle entry compiled by The Daily Star; no writer named.
53830,https://www.thedailystar.net/july-8-1971-53830,"July 8, 1971",The Daily Star,,not named,Day-by-day chronicle entry compiled by The Daily Star; no writer named.
53831,https://www.thedailystar.net/july-9-1971-53831,"July 9, 1971",The Daily Star,,not named,Day-by-day chronicle entry compiled by The Daily Star; no writer named.
53795,https://www.thedailystar.net/june-1-1971-53795,"June 1, 1971",The Daily Star,,not named,Day-by-day chronicle entry compiled by The Daily Star; no writer named.
53802,https://www.thedailystar.net/june-10-1971-53802,"June 10, 1971",The Daily Star,,not named,Day-by-day chronicle entry compiled by The Daily Star; no writer named.
53803,https://www.thedailystar.net/june-11-1971-53803,"June 11, 1971",The Daily Star,,not named,Day-by-day chronicle entry compiled by The Daily Star; no writer named.
53804,https://www.thedailystar.net/june-12-1971-53804,"June 12, 1971",The Daily Star,,not named,Day-by-day chronicle entry compiled by The Daily Star; no writer named.
53805,https://www.thedailystar.net/june-13-1971-53805,"June 13, 1971",The Daily Star,,not named,Day-by-day chronicle entry compiled by The Daily Star; no writer named.
53806,https://www.thedailystar.net/june-14-1971-53806,"June 14, 1971",The Daily Star,,not named,Day-by-day chronicle entry compiled by The Daily Star; no writer named.
53807,https://www.thedailystar.net/june-15-1971-53807,"June 15, 1971",The Daily Star,,not named,Day-by-day chronicle entry compiled by The Daily Star; no writer named.
53808,https://www.thedailystar.net/16-june-1971-53808,"June 16, 1971",The Daily Star,,not named,Day-by-day chronicle entry compiled by The Daily Star; no writer named.
53809,https://www.thedailystar.net/june-17-1971-53809,"June 17, 1971",The Daily Star,,not named,Day-by-day chronicle entry compiled by The Daily Star; no writer named.
53810,https://www.thedailystar.net/june-18-1971-53810,"June 18, 1971",The Daily Star,,not named,Day-by-day chronicle entry compiled by The Daily Star; no writer named.
53811,https://www.thedailystar.net/june-19-1971-53811,"June 19, 1971",The Daily Star,,not named,Day-by-day chronicle entry compiled by The Daily Star; no writer named.
53812,https://www.thedailystar.net/june-20-1971-53812,"June 20, 1971",The Daily Star,,not named,Day-by-day chronicle entry compiled by The Daily Star; no writer named.
53813,https://www.thedailystar.net/june-21-1971-53813,"June 21, 1971",The Daily Star,,not named,Day-by-day chronicle entry compiled by The Daily Star; no writer named.
53814,https://www.thedailystar.net/june-22-1971-53814,"June 22, 1971",The Daily Star,,not named,Day-by-day chronicle entry compiled by The Daily Star; no writer named.
53815,https://www.thedailystar.net/june-23-1971-53815,"June 23, 1971",The Daily Star,,not named,Day-by-day chronicle entry compiled by The Daily Star; no writer named.
53816,https://www.thedailystar.net/june-24-1971-53816,"June 24, 1971",The Daily Star,,not named,Day-by-day chronicle entry compiled by The Daily Star; no writer named.
53817,https://www.thedailystar.net/june-25-1971-53817,"June 25, 1971",The Daily Star,,not named,Day-by-day chronicle entry compiled by The Daily Star; no writer named.
53818,https://www.thedailystar.net/june-26-1971-53818,"June 26, 1971",The Daily Star,,not named,Day-by-day chronicle entry compiled by The Daily Star; no writer named.
53819,https://www.thedailystar.net/june-27-1971-53819,"June 27, 1971",The Daily Star,,not named,Day-by-day chronicle entry compiled by The Daily Star; no writer named.
53820,https://www.thedailystar.net/june-28-1971-53820,"June 28, 1971",The Daily Star,,not named,Day-by-day chronicle entry compiled by The Daily Star; no writer named.
53821,https://www.thedailystar.net/june-29-1971-53821,"June 29, 1971",The Daily Star,,not named,Day-by-day chronicle entry compiled by The Daily Star; no writer named.
53796,https://www.thedailystar.net/june-3-1971-53796,"June 3, 1971",The Daily Star,,not named,Day-by-day chronicle entry compiled by The Daily Star; no writer named.
53822,https://www.thedailystar.net/june-30-1971-53822,"June 30, 1971",The Daily Star,,not named,Day-by-day chronicle entry compiled by The Daily Star; no writer named.
53798,https://www.thedailystar.net/june-5-1971-53798,"June 5, 1971",The Daily Star,,not named,Day-by-day chronicle entry compiled by The Daily Star; no writer named.
53799,https://www.thedailystar.net/june-7-1971-53799,"June 7, 1971",The Daily Star,,not named,Day-by-day chronicle entry compiled by The Daily Star; no writer named.
53800,https://www.thedailystar.net/june-8-1971-53800,"June 8, 1971",The Daily Star,,not named,Day-by-day chronicle entry compiled by The Daily Star; no writer named.
53801,https://www.thedailystar.net/june-9-1971-53801,"June 9, 1971",The Daily Star,,not named,Day-by-day chronicle entry compiled by The Daily Star; no writer named.
53762,https://www.thedailystar.net/may-1-1971-53762,"May 1, 1971",The Daily Star,,not named,Day-by-day chronicle entry compiled by The Daily Star; no writer named.
53771,https://www.thedailystar.net/may-10-1971-53771,"May 10, 1971",The Daily Star,,not named,Day-by-day chronicle entry compiled by The Daily Star; no writer named.
53772,https://www.thedailystar.net/may-11-1971-53772,"May 11, 1971",The Daily Star,,not named,Day-by-day chronicle entry compiled by The Daily Star; no writer named.
53774,https://www.thedailystar.net/may-12-1971-53774,"May 12, 1971",The Daily Star,,not named,Day-by-day chronicle entry compiled by The Daily Star; no writer named.
53775,https://www.thedailystar.net/may-13-1971-53775,"May 13, 1971",The Daily Star,,not named,Day-by-day chronicle entry compiled by The Daily Star; no writer named.
53776,https://www.thedailystar.net/may-14-1971-53776,"May 14, 1971",The Daily Star,,not named,Day-by-day chronicle entry compiled by The Daily Star; no writer named.
53777,https://www.thedailystar.net/may-15-1971-53777,"May 15, 1971",The Daily Star,,not named,Day-by-day chronicle entry compiled by The Daily Star; no writer named.
53778,https://www.thedailystar.net/may-16-1971-53778,"May 16, 1971",The Daily Star,,not named,Day-by-day chronicle entry compiled by The Daily Star; no writer named.
53779,https://www.thedailystar.net/may-17-1971-53779,"May 17, 1971",The Daily Star,,not named,Day-by-day chronicle entry compiled by The Daily Star; no writer named.
53781,https://www.thedailystar.net/may-18-1971-53781,"May 18, 1971",The Daily Star,,not named,Day-by-day chronicle entry compiled by The Daily Star; no writer named.
53782,https://www.thedailystar.net/may-19-1971-53782,"May 19, 1971",The Daily Star,,not named,Day-by-day chronicle entry compiled by The Daily Star; no writer named.
53763,https://www.thedailystar.net/may-2-1971-53763,"May 2, 1971",The Daily Star,,not named,Day-by-day chronicle entry compiled by The Daily Star; no writer named.
53783,https://www.thedailystar.net/may-20-1971-53783,"May 20, 1971",The Daily Star,,not named,Day-by-day chronicle entry compiled by The Daily Star; no writer named.
53784,https://www.thedailystar.net/may-21-1971-53784,"May 21, 1971",The Daily Star,,not named,Day-by-day chronicle entry compiled by The Daily Star; no writer named.
53785,https://www.thedailystar.net/may-22-1971-53785,"May 22, 1971",The Daily Star,,not named,Day-by-day chronicle entry compiled by The Daily Star; no writer named.
53786,https://www.thedailystar.net/may-23-1971-53786,"May 23, 1971",The Daily Star,,not named,Day-by-day chronicle entry compiled by The Daily Star; no writer named.
53787,https://www.thedailystar.net/may-24-1971-53787,"May 24, 1971",The Daily Star,,not named,Day-by-day chronicle entry compiled by The Daily Star; no writer named.
53788,https://www.thedailystar.net/may-25-1971-53788,"May 25, 1971",The Daily Star,,not named,Day-by-day chronicle entry compiled by The Daily Star; no writer named.
53789,https://www.thedailystar.net/may-26-1971-53789,"May 26, 1971",The Daily Star,,not named,Day-by-day chronicle entry compiled by The Daily Star; no writer named.
53790,https://www.thedailystar.net/may-27-1971-53790,"May 27, 1971",The Daily Star,,not named,Day-by-day chronicle entry compiled by The Daily Star; no writer named.
53791,https://www.thedailystar.net/may-28-1971-53791,"May 28, 1971",The Daily Star,,not named,Day-by-day chronicle entry compiled by The Daily Star; no writer named.
53792,https://www.thedailystar.net/may-29-1971-53792,"May 29, 1971",The Daily Star,,not named,Day-by-day chronicle entry compiled by The Daily Star; no writer named.
53764,https://www.thedailystar.net/may-3-1971-53764,"May 3, 1971",The Daily Star,,not named,Day-by-day chronicle entry compiled by The Daily Star; no writer named.
53793,https://www.thedailystar.net/may-30-1971-53793,"May 30, 1971",The Daily Star,,not named,Day-by-day chronicle entry compiled by The Daily Star; no writer named.
53794,https://www.thedailystar.net/may-31-1971-53794,"May 31, 1971",The Daily Star,,not named,Day-by-day chronicle entry compiled by The Daily Star; no writer named.
53765,https://www.thedailystar.net/may-4-1971-53765,"May 4, 1971",The Daily Star,,not named,Day-by-day chronicle entry compiled by The Daily Star; no writer named.
53766,https://www.thedailystar.net/may-5-1971-53766,"May 5, 1971",The Daily Star,,not named,Day-by-day chronicle entry compiled by The Daily Star; no writer named.
53767,https://www.thedailystar.net/may-6-1971-53767,"May 6, 1971",The Daily Star,,not named,Day-by-day chronicle entry compiled by The Daily Star; no writer named.
53768,https://www.thedailystar.net/may-7-1971-53768,"May 7, 1971",The Daily Star,,not named,Day-by-day chronicle entry compiled by The Daily Star; no writer named.
53769,https://www.thedailystar.net/may-8-1971-53769,"May 8, 1971",The Daily Star,,not named,Day-by-day chronicle entry compiled by The Daily Star; no writer named.
53770,https://www.thedailystar.net/may-9-1971-53770,"May 9, 1971",The Daily Star,,not named,Day-by-day chronicle entry compiled by The Daily Star; no writer named.
53673,https://www.thedailystar.net/the-politics-of-1971-53673,The politics of 1971,The daily star,Afsan Choudhury,named,"Standfirst: ""Afsan Choudhury makes the case...""; bio line at the end."
53706,https://www.thedailystar.net/december-6-1971-53706,"December 6, 1971",The Daily Star,,not named,Day-by-day chronicle entry compiled by The Daily Star; no writer named.
53739,https://www.thedailystar.net/january-5-1971-53739,"January 5, 1971",The Daily Star,,not named,Day-by-day chronicle entry compiled by The Daily Star; no writer named.
53707,https://www.thedailystar.net/december-5-1971-53707,"December 5, 1971",The Daily Star,,not named,Day-by-day chronicle entry compiled by The Daily Star; no writer named.
54420,https://www.thedailystar.net/april-1-1971-54420,"April 1, 1971",The Daily Star,,not named,Day-by-day chronicle entry compiled by The Daily Star; no writer named.
54429,https://www.thedailystar.net/april-10-1971-54429,"April 10, 1971",The Daily Star,,not named,Day-by-day chronicle entry compiled by The Daily Star; no writer named.
54430,https://www.thedailystar.net/april-11-1971-54430,"April 11, 1971",The Daily Star,,not named,Day-by-day chronicle entry compiled by The Daily Star; no writer named.
54431,https://www.thedailystar.net/april-12-1971-54431,"April 12, 1971",The Daily Star,,not named,Day-by-day chronicle entry compiled by The Daily Star; no writer named.
54432,https://www.thedailystar.net/april-13-1971-54432,"April 13, 1971",The Daily Star,,not named,Day-by-day chronicle entry compiled by The Daily Star; no writer named.
54433,https://www.thedailystar.net/april-14-1971-54433,"April 14, 1971",The Daily Star,,not named,Day-by-day chronicle entry compiled by The Daily Star; no writer named.
54434,https://www.thedailystar.net/april-15-1971-54434,"April 15, 1971",The Daily Star,,not named,Day-by-day chronicle entry compiled by The Daily Star; no writer named.
54435,https://www.thedailystar.net/april-16-1971-54435,"April 16, 1971",The Daily Star,,not named,Day-by-day chronicle entry compiled by The Daily Star; no writer named.
54436,https://www.thedailystar.net/april-17-1971-54436,"April 17, 1971",The Daily Star,,not named,Day-by-day chronicle entry compiled by The Daily Star; no writer named.
54437,https://www.thedailystar.net/april-18-1971-54437,"April 18, 1971",The Daily Star,,not named,Day-by-day chronicle entry compiled by The Daily Star; no writer named.
54439,https://www.thedailystar.net/april-19-1971-54439,"April 19, 1971",The Daily Star,,not named,Day-by-day chronicle entry compiled by The Daily Star; no writer named.
54421,https://www.thedailystar.net/april-2-1971-54421,"April 2, 1971",The Daily Star,,not named,Day-by-day chronicle entry compiled by The Daily Star; no writer named.
54440,https://www.thedailystar.net/april-20-1971-54440,"April 20, 1971",The Daily Star,,not named,Day-by-day chronicle entry compiled by The Daily Star; no writer named.
54442,https://www.thedailystar.net/april-21-1971-54442,"April 21, 1971",The Daily Star,,not named,Day-by-day chronicle entry compiled by The Daily Star; no writer named.
54443,https://www.thedailystar.net/april-22-1971-54443,"April 22, 1971",The Daily Star,,not named,Day-by-day chronicle entry compiled by The Daily Star; no writer named.
54444,https://www.thedailystar.net/april-23-1971-54444,"April 23, 1971",The Daily Star,,not named,Day-by-day chronicle entry compiled by The Daily Star; no writer named.
54445,https://www.thedailystar.net/april-24-1971-54445,"April 24, 1971",The Daily Star,,not named,Day-by-day chronicle entry compiled by The Daily Star; no writer named.
54446,https://www.thedailystar.net/april-25-1971-54446,"April 25, 1971",The Daily Star,,not named,Day-by-day chronicle entry compiled by The Daily Star; no writer named.
54447,https://www.thedailystar.net/april-26-1971-54447,"April 26, 1971",The Daily Star,,not named,Day-by-day chronicle entry compiled by The Daily Star; no writer named.
54448,https://www.thedailystar.net/april-28-1971-54448,"April 28, 1971",The Daily Star,,not named,Day-by-day chronicle entry compiled by The Daily Star; no writer named.
54422,https://www.thedailystar.net/april-3-1971-54422,"April 3, 1971",The Daily Star,,not named,Day-by-day chronicle entry compiled by The Daily Star; no writer named.
54423,https://www.thedailystar.net/april-4-1971-54423,"April 4, 1971",The Daily Star,,not named,Day-by-day chronicle entry compiled by The Daily Star; no writer named.
54425,https://www.thedailystar.net/april-6-1971-54425,"April 6, 1971",The Daily Star,,not named,Day-by-day chronicle entry compiled by The Daily Star; no writer named.
54426,https://www.thedailystar.net/april-7-1971-54426,"April 7, 1971",The Daily Star,,not named,Day-by-day chronicle entry compiled by The Daily Star; no writer named.
54427,https://www.thedailystar.net/april-8-1971-54427,"April 8, 1971",The Daily Star,,not named,Day-by-day chronicle entry compiled by The Daily Star; no writer named.
54428,https://www.thedailystar.net/april-9-1971-54428,"April 9, 1971",The Daily Star,,not named,Day-by-day chronicle entry compiled by The Daily Star; no writer named.
53708,https://www.thedailystar.net/december-4-1971-53708,"December 4, 1971",The Daily Star,,not named,Day-by-day chronicle entry compiled by The Daily Star; no writer named.
53741,https://www.thedailystar.net/january-4-1971-53741,"January 4, 1971",The Daily Star,,not named,Day-by-day chronicle entry compiled by The Daily Star; no writer named.
54387,https://www.thedailystar.net/march-1-1971-54387,"March 1, 1971",The Daily Star,,not named,Day-by-day chronicle entry compiled by The Daily Star; no writer named.
54396,https://www.thedailystar.net/march-10-1971-54396,"March 10, 1971",The Daily Star,,not named,Day-by-day chronicle entry compiled by The Daily Star; no writer named.
54397,https://www.thedailystar.net/march-11-1971-54397,"March 11, 1971",The Daily Star,,not named,Day-by-day chronicle entry compiled by The Daily Star; no writer named.
54398,https://www.thedailystar.net/march-12-1971-54398,"March 12, 1971",The Daily Star,,not named,Day-by-day chronicle entry compiled by The Daily Star; no writer named.
54399,https://www.thedailystar.net/march-13-1971-54399,"March 13, 1971",The Daily Star,,not named,Day-by-day chronicle entry compiled by The Daily Star; no writer named.
54400,https://www.thedailystar.net/march-14-1971-54400,"March 14, 1971",The Daily Star,,not named,Day-by-day chronicle entry compiled by The Daily Star; no writer named.
54401,https://www.thedailystar.net/march-15-1971-54401,"March 15, 1971",The Daily Star,,not named,Day-by-day chronicle entry compiled by The Daily Star; no writer named.
54402,https://www.thedailystar.net/march-16-1971-54402,"March 16, 1971",The Daily Star,,not named,Day-by-day chronicle entry compiled by The Daily Star; no writer named.
54403,https://www.thedailystar.net/march-17-1971-54403,"March 17, 1971",The Daily Star,,not named,Day-by-day chronicle entry compiled by The Daily Star; no writer named.
54404,https://www.thedailystar.net/march-19-1971-54404,"March 19, 1971",The Daily Star,,not named,Day-by-day chronicle entry compiled by The Daily Star; no writer named.
54388,https://www.thedailystar.net/march-2-1971-54388,"March 2, 1971",The Daily Star,,not named,Day-by-day chronicle entry compiled by The Daily Star; no writer named.
54406,https://www.thedailystar.net/march-20-1971-54406,"March 20, 1971",The Daily Star,,not named,Day-by-day chronicle entry compiled by The Daily Star; no writer named.
54407,https://www.thedailystar.net/march-21-1971-54407,"March 21, 1971",The Daily Star,,not named,Day-by-day chronicle entry compiled by The Daily Star; no writer named.
54408,https://www.thedailystar.net/march-23-1971-54408,"March 23, 1971",The Daily Star,,not named,Day-by-day chronicle entry compiled by The Daily Star; no writer named.
54409,https://www.thedailystar.net/march-24-1971-54409,"March 24, 1971",The Daily Star,,not named,Day-by-day chronicle entry compiled by The Daily Star; no writer named.
54410,https://www.thedailystar.net/march-25-1971-54410,"March 25, 1971",The Daily Star,,not named,Day-by-day chronicle entry compiled by The Daily Star; no writer named.
54411,https://www.thedailystar.net/march-26-1971-54411,"March 26, 1971",The Daily Star,,not named,Day-by-day chronicle entry compiled by The Daily Star; no writer named.
54413,https://www.thedailystar.net/march-27-1971-54413,"March 27, 1971",The Daily Star,,not named,Day-by-day chronicle entry compiled by The Daily Star; no writer named.
54414,https://www.thedailystar.net/march-28-1971-54414,"March 28, 1971",The Daily Star,,not named,Day-by-day chronicle entry compiled by The Daily Star; no writer named.
54415,https://www.thedailystar.net/march-29-1971-54415,"March 29, 1971",The Daily Star,,not named,Day-by-day chronicle entry compiled by The Daily Star; no writer named.
54389,https://www.thedailystar.net/march-3-1971-54389,"March 3, 1971.",The Daily Star,,not named,Day-by-day chronicle entry compiled by The Daily Star; no writer named.
54416,https://www.thedailystar.net/march-30-1971-54416,"March 30, 1971",The Daily Star,,not named,Day-by-day chronicle entry compiled by The Daily Star; no writer named.
54417,https://www.thedailystar.net/march-31-1971-54417,"March 31, 1971",The Daily Star,,not named,Day-by-day chronicle entry compiled by The Daily Star; no writer named.
54390,https://www.thedailystar.net/march-4-1971-54390,"March 4, 1971",The Daily Star,,not named,Day-by-day chronicle entry compiled by The Daily Star; no writer named.
54391,https://www.thedailystar.net/march-5-1971-54391,"March 5, 1971",The Daily Star,,not named,Day-by-day chronicle entry compiled by The Daily Star; no writer named.
54392,https://www.thedailystar.net/march-6-1971-54392,"March 6, 1971",The Daily Star,,not named,Day-by-day chronicle entry compiled by The Daily Star; no writer named.
54394,https://www.thedailystar.net/march-7-1971-54394,"March 7, 1971",The Daily Star,,not named,Day-by-day chronicle entry compiled by The Daily Star; no writer named.
54395,https://www.thedailystar.net/march-8-1971-54395,"March 8, 1971",The Daily Star,,not named,Day-by-day chronicle entry compiled by The Daily Star; no writer named.
54196,https://www.thedailystar.net/november-11-1971-54196,"November 11, 1971",The Daily Star,,not named,Day-by-day chronicle entry compiled by The Daily Star; no writer named.
54197,https://www.thedailystar.net/november-12-1971-54197,"November 12, 1971",The Daily Star,,not named,Day-by-day chronicle entry compiled by The Daily Star; no writer named.
54198,https://www.thedailystar.net/november-13-1971-54198,"November 13, 1971",The Daily Star,,not named,Day-by-day chronicle entry compiled by The Daily Star; no writer named.
54199,https://www.thedailystar.net/november-14-1971-54199,"November 14, 1971",The Daily Star,,not named,Day-by-day chronicle entry compiled by The Daily Star; no writer named.
54200,https://www.thedailystar.net/november-15-1971-54200,"November 15, 1971",The Daily Star,,not named,Day-by-day chronicle entry compiled by The Daily Star; no writer named.
54201,https://www.thedailystar.net/november-16-1971-54201,"November 16, 1971",The Daily Star,,not named,Day-by-day chronicle entry compiled by The Daily Star; no writer named.
54202,https://www.thedailystar.net/november-17-1971-54202,"November 17, 1971",The Daily Star,,not named,Day-by-day chronicle entry compiled by The Daily Star; no writer named.
54203,https://www.thedailystar.net/november-18-1971-54203,"November 18, 1971",The Daily Star,,not named,Day-by-day chronicle entry compiled by The Daily Star; no writer named.
54204,https://www.thedailystar.net/november-19-1971-54204,"November 19, 1971",The Daily Star,,not named,Day-by-day chronicle entry compiled by The Daily Star; no writer named.
54205,https://www.thedailystar.net/november-20-1971-54205,"November 20, 1971",The Daily Star,,not named,Day-by-day chronicle entry compiled by The Daily Star; no writer named.
54206,https://www.thedailystar.net/november-21-1971-54206,"November 21, 1971",The Daily Star,,not named,Day-by-day chronicle entry compiled by The Daily Star; no writer named.
54207,https://www.thedailystar.net/november-22-1971-54207,"November 22, 1971",The Daily Star,,not named,Day-by-day chronicle entry compiled by The Daily Star; no writer named.
54209,https://www.thedailystar.net/november-23-1971-54209,"November 23, 1971",The Daily Star,,not named,Day-by-day chronicle entry compiled by The Daily Star; no writer named.
54210,https://www.thedailystar.net/november-24-1971-54210,"November 24, 1971",The Daily Star,,not named,Day-by-day chronicle entry compiled by The Daily Star; no writer named.
54211,https://www.thedailystar.net/november-25-1971-54211,"November 25, 1971",The Daily Star,,not named,Day-by-day chronicle entry compiled by The Daily Star; no writer named.
54212,https://www.thedailystar.net/november-26-1971-54212,"November 26, 1971",The Daily Star,,not named,Day-by-day chronicle entry compiled by The Daily Star; no writer named.
54213,https://www.thedailystar.net/november-27-1971-54213,"November 27, 1971",The Daily Star,,not named,Day-by-day chronicle entry compiled by The Daily Star; no writer named.
54214,https://www.thedailystar.net/november-28-1971-54214,"November 28, 1971",The Daily Star,,not named,Day-by-day chronicle entry compiled by The Daily Star; no writer named.
54215,https://www.thedailystar.net/november-29-1971-54215,"November 29, 1971",The Daily Star,,not named,Day-by-day chronicle entry compiled by The Daily Star; no writer named.
54216,https://www.thedailystar.net/november-30-1971-54216,"November 30, 1971",The Daily Star,,not named,Day-by-day chronicle entry compiled by The Daily Star; no writer named.
54017,https://www.thedailystar.net/october-1-1971-54017,"October 1, 1971",The Daily Star,,not named,Day-by-day chronicle entry compiled by The Daily Star; no writer named.
54170,https://www.thedailystar.net/october-10-1971-54170,"October 10, 1971",The Daily Star,,not named,Day-by-day chronicle entry compiled by The Daily Star; no writer named.
54171,https://www.thedailystar.net/october-11-1971-54171,"October 11, 1971",The Daily Star,,not named,Day-by-day chronicle entry compiled by The Daily Star; no writer named.
54172,https://www.thedailystar.net/october-12-1971-54172,"October 12, 1971",The Daily Star,,not named,Day-by-day chronicle entry compiled by The Daily Star; no writer named.
54173,https://www.thedailystar.net/october-13-1971-54173,"October 13, 1971",The Daily Star,,not named,Day-by-day chronicle entry compiled by The Daily Star; no writer named.
54174,https://www.thedailystar.net/october-14-1971-54174,"October 14, 1971",The Daily Star,,not named,Day-by-day chronicle entry compiled by The Daily Star; no writer named.
54175,https://www.thedailystar.net/october-15-1971-54175,"October 15, 1971",The Daily Star,,not named,Day-by-day chronicle entry compiled by The Daily Star; no writer named.
54176,https://www.thedailystar.net/october-16-1971-54176,"October 16, 1971",The Daily Star,,not named,Day-by-day chronicle entry compiled by The Daily Star; no writer named.
54178,https://www.thedailystar.net/october-17-1971-54178,"October 17, 1971",The Daily Star,,not named,Day-by-day chronicle entry compiled by The Daily Star; no writer named.
54179,https://www.thedailystar.net/october-18-1971-54179,"October 18, 1971",The Daily Star,,not named,Day-by-day chronicle entry compiled by The Daily Star; no writer named.
54180,https://www.thedailystar.net/october-19-1971-54180,"October 19, 1971",The Daily Star,,not named,Day-by-day chronicle entry compiled by The Daily Star; no writer named.
54019,https://www.thedailystar.net/october-2-1971-54019,"October 2, 1971",The Daily Star,,not named,Day-by-day chronicle entry compiled by The Daily Star; no writer named.
54181,https://www.thedailystar.net/october-20-1971-54181,"October 20, 1971",The Daily Star,,not named,Day-by-day chronicle entry compiled by The Daily Star; no writer named.
54182,https://www.thedailystar.net/october-21-1971-54182,"October 21, 1971",The Daily Star,,not named,Day-by-day chronicle entry compiled by The Daily Star; no writer named.
54183,https://www.thedailystar.net/october-22-1971-54183,"October 22, 1971",The Daily Star,,not named,Day-by-day chronicle entry compiled by The Daily Star; no writer named.
54184,https://www.thedailystar.net/october-23-1971-54184,"October 23, 1971",The Daily Star,,not named,Day-by-day chronicle entry compiled by The Daily Star; no writer named.
54185,https://www.thedailystar.net/october-24-1971-54185,"October 24, 1971",The Daily Star,,not named,Day-by-day chronicle entry compiled by The Daily Star; no writer named.
54186,https://www.thedailystar.net/october-25-1971-54186,"October 25, 1971",The Daily Star,,not named,Day-by-day chronicle entry compiled by The Daily Star; no writer named.
54187,https://www.thedailystar.net/october-26-1971-54187,"October 26, 1971",The Daily Star,,not named,Day-by-day chronicle entry compiled by The Daily Star; no writer named.
54189,https://www.thedailystar.net/october-27-1971-54189,"October 27, 1971",The Daily Star,,not named,Day-by-day chronicle entry compiled by The Daily Star; no writer named.
54190,https://www.thedailystar.net/october-28-1971-54190,"October 28, 1971",The Daily Star,,not named,Day-by-day chronicle entry compiled by The Daily Star; no writer named.
54191,https://www.thedailystar.net/october-29-1971-54191,"October 29, 1971",The Daily Star,,not named,Day-by-day chronicle entry compiled by The Daily Star; no writer named.
54163,https://www.thedailystar.net/october-3-1971-54163,"October 3, 1971",The Daily Star,,not named,Day-by-day chronicle entry compiled by The Daily Star; no writer named.
54193,https://www.thedailystar.net/october-30-1971-54193,"October 30, 1971",The Daily Star,,not named,Day-by-day chronicle entry compiled by The Daily Star; no writer named.
54194,https://www.thedailystar.net/october-31-1971-54194,"October 31, 1971",The Daily Star,,not named,Day-by-day chronicle entry compiled by The Daily Star; no writer named.
54164,https://www.thedailystar.net/october-4-1971-54164,"October 4, 1971",The Daily Star,,not named,Day-by-day chronicle entry compiled by The Daily Star; no writer named.
54165,https://www.thedailystar.net/october-5-1971-54165,"October 5, 1971",The Daily Star,,not named,Day-by-day chronicle entry compiled by The Daily Star; no writer named.
54166,https://www.thedailystar.net/october-6-1971-54166,"October 6, 1971",The Daily Star,,not named,Day-by-day chronicle entry compiled by The Daily Star; no writer named.
54167,https://www.thedailystar.net/october-7-1971-54167,"October 7, 1971",The Daily Star,,not named,Day-by-day chronicle entry compiled by The Daily Star; no writer named.
54168,https://www.thedailystar.net/october-8-1971-54168,"October 8, 1971",The Daily Star,,not named,Day-by-day chronicle entry compiled by The Daily Star; no writer named.
54169,https://www.thedailystar.net/october-9-1971-54169,"October 9, 1971",The Daily Star,,not named,Day-by-day chronicle entry compiled by The Daily Star; no writer named.
53709,https://www.thedailystar.net/december-3-1971-53709,"December 3, 1971",The Daily Star,,not named,Day-by-day chronicle entry compiled by The Daily Star; no writer named.
53742,https://www.thedailystar.net/january-3-1971-53742,"January 3, 1971",The Daily Star,,not named,Day-by-day chronicle entry compiled by The Daily Star; no writer named.
53710,https://www.thedailystar.net/december-2-1971-53710,"December 2, 1971",The Daily Star,,not named,Day-by-day chronicle entry compiled by The Daily Star; no writer named.
53743,https://www.thedailystar.net/january-2-1971-53743,"January 2, 1971",The Daily Star,,not named,Day-by-day chronicle entry compiled by The Daily Star; no writer named.
54673,https://www.thedailystar.net/september-1-1971-54673,"September 1, 1971",The Daily Star,,not named,Day-by-day chronicle entry compiled by The Daily Star; no writer named.
54683,https://www.thedailystar.net/september-10-1971-54683,"September 10, 1971",The Daily Star,,not named,Day-by-day chronicle entry compiled by The Daily Star; no writer named.
54684,https://www.thedailystar.net/september-11-1971-54684,"September 11, 1971",The Daily Star,,not named,Day-by-day chronicle entry compiled by The Daily Star; no writer named.
54685,https://www.thedailystar.net/september-12-1971-54685,"September 12, 1971",The Daily Star,,not named,Day-by-day chronicle entry compiled by The Daily Star; no writer named.
54686,https://www.thedailystar.net/september-13-1971-54686,"September 13, 1971",The Daily Star,,not named,Day-by-day chronicle entry compiled by The Daily Star; no writer named.
54687,https://www.thedailystar.net/september-14-1971-54687,"September 14, 1971",The Daily Star,,not named,Day-by-day chronicle entry compiled by The Daily Star; no writer named.
54688,https://www.thedailystar.net/september-15-1971-54688,"September 15, 1971",The Daily Star,,not named,Day-by-day chronicle entry compiled by The Daily Star; no writer named.
54689,https://www.thedailystar.net/september-16-1971-54689,"September 16, 1971",The Daily Star,,not named,Day-by-day chronicle entry compiled by The Daily Star; no writer named.
54690,https://www.thedailystar.net/september-17-1971-54690,"September 17, 1971",The Daily Star,,not named,Day-by-day chronicle entry compiled by The Daily Star; no writer named.
54691,https://www.thedailystar.net/september-18-1971-54691,"September 18, 1971",The Daily Star,,not named,Day-by-day chronicle entry compiled by The Daily Star; no writer named.
54692,https://www.thedailystar.net/september-19-1971-54692,"September 19, 1971",The Daily Star,,not named,Day-by-day chronicle entry compiled by The Daily Star; no writer named.
54675,https://www.thedailystar.net/september-2-1971-54675,"September 2, 1971",The Daily Star,,not named,Day-by-day chronicle entry compiled by The Daily Star; no writer named.
54693,https://www.thedailystar.net/september-20-1971-54693,"September 20, 1971",The Daily Star,,not named,Day-by-day chronicle entry compiled by The Daily Star; no writer named.
54694,https://www.thedailystar.net/september-21-1971-54694,"September 21, 1971",The Daily Star,,not named,Day-by-day chronicle entry compiled by The Daily Star; no writer named.
54695,https://www.thedailystar.net/september-22-1971-54695,"September 22, 1971",The Daily Star,,not named,Day-by-day chronicle entry compiled by The Daily Star; no writer named.
54696,https://www.thedailystar.net/september-23-1971-54696,"September 23, 1971",The Daily Star,,not named,Day-by-day chronicle entry compiled by The Daily Star; no writer named.
54697,https://www.thedailystar.net/september-24-1971-54697,"September 24, 1971",The Daily Star,,not named,Day-by-day chronicle entry compiled by The Daily Star; no writer named.
54698,https://www.thedailystar.net/september-25-1971-54698,"September 25, 1971",The Daily Star,,not named,Day-by-day chronicle entry compiled by The Daily Star; no writer named.
54699,https://www.thedailystar.net/september-26-1971-54699,"September 26, 1971",The Daily Star,,not named,Day-by-day chronicle entry compiled by The Daily Star; no writer named.
54700,https://www.thedailystar.net/september-27-1971-54700,"September 27, 1971",The Daily Star,,not named,Day-by-day chronicle entry compiled by The Daily Star; no writer named.
54701,https://www.thedailystar.net/september-28-1971-54701,"September 28, 1971",The Daily Star,,not named,Day-by-day chronicle entry compiled by The Daily Star; no writer named.
54702,https://www.thedailystar.net/september-29-1971-54702,"September 29, 1971",The Daily Star,,not named,Day-by-day chronicle entry compiled by The Daily Star; no writer named.
54676,https://www.thedailystar.net/september-3-1971-54676,"September 3, 1971",The Daily Star,,not named,Day-by-day chronicle entry compiled by The Daily Star; no writer named.
54703,https://www.thedailystar.net/september-30-1971-54703,"September 30, 1971",The Daily Star,,not named,Day-by-day chronicle entry compiled by The Daily Star; no writer named.
54677,https://www.thedailystar.net/september-4-1971-54677,"September 4, 1971",The Daily Star,,not named,Day-by-day chronicle entry compiled by The Daily Star; no writer named.
54678,https://www.thedailystar.net/september-5-1971-54678,"September 5, 1971",The Daily Star,,not named,Day-by-day chronicle entry compiled by The Daily Star; no writer named.
54679,https://www.thedailystar.net/september-6-1971-54679,"September 6, 1971",The Daily Star,,not named,Day-by-day chronicle entry compiled by The Daily Star; no writer named.
54680,https://www.thedailystar.net/september-7-1971-54680,"September 7, 1971",The Daily Star,,not named,Day-by-day chronicle entry compiled by The Daily Star; no writer named.
54681,https://www.thedailystar.net/september-8-1971-54681,"September 8, 1971",The Daily Star,,not named,Day-by-day chronicle entry compiled by The Daily Star; no writer named.
54682,https://www.thedailystar.net/september-9-1971-54682,"September 9, 1971",The Daily Star,,not named,Day-by-day chronicle entry compiled by The Daily Star; no writer named.
53711,https://www.thedailystar.net/december-1-1971-53711,"December 1, 1971",The Daily Star,,not named,Day-by-day chronicle entry compiled by The Daily Star; no writer named.
53744,https://www.thedailystar.net/january-1-1971-53744,"January 1, 1971",The Daily Star,,not named,Day-by-day chronicle entry compiled by The Daily Star; no writer named.
55310,https://www.thedailystar.net/april-27-1971-55310,"April 27, 1971",The Daily Star,,not named,Day-by-day chronicle entry compiled by The Daily Star; no writer named.
55311,https://www.thedailystar.net/april-29-1971-55311,"April 29, 1971",The Daily Star,,not named,Day-by-day chronicle entry compiled by The Daily Star; no writer named.
55312,https://www.thedailystar.net/april-30-1971-55312,"April 30, 1971",The Daily Star,,not named,Day-by-day chronicle entry compiled by The Daily Star; no writer named.
55274,https://www.thedailystar.net/august-1-1971-55274,"August 1, 1971",The Daily Star,,not named,Day-by-day chronicle entry compiled by The Daily Star; no writer named.
55283,https://www.thedailystar.net/august-10-1971-55283,"August 10, 1971",The Daily Star,,not named,Day-by-day chronicle entry compiled by The Daily Star; no writer named.
55284,https://www.thedailystar.net/august-11-1971-55284,"August 11, 1971",The Daily Star,,not named,Day-by-day chronicle entry compiled by The Daily Star; no writer named.
55285,https://www.thedailystar.net/august-12-1971-55285,"August 12, 1971",The Daily Star,,not named,Day-by-day chronicle entry compiled by The Daily Star; no writer named.
55286,https://www.thedailystar.net/august-13-1971-55286,"August 13, 1971",The Daily Star,,not named,Day-by-day chronicle entry compiled by The Daily Star; no writer named.
55288,https://www.thedailystar.net/august-14-1971-55288,"August 14, 1971",The Daily Star,,not named,Day-by-day chronicle entry compiled by The Daily Star; no writer named.
55289,https://www.thedailystar.net/august-15-1971-55289,"August 15, 1971",The Daily Star,,not named,Day-by-day chronicle entry compiled by The Daily Star; no writer named.
55290,https://www.thedailystar.net/july-16-1971-55290,"August 16, 1971",The Daily Star,,not named,Day-by-day chronicle entry compiled by The Daily Star; no writer named.
55291,https://www.thedailystar.net/august-17-1971-55291,"August 17, 1971",The Daily Star,,not named,Day-by-day chronicle entry compiled by The Daily Star; no writer named.
55292,https://www.thedailystar.net/august-18-1971-55292,"August 18, 1971",The Daily Star,,not named,Day-by-day chronicle entry compiled by The Daily Star; no writer named.
55293,https://www.thedailystar.net/august-19-1971-55293,"August 19, 1971",The Daily Star,,not named,Day-by-day chronicle entry compiled by The Daily Star; no writer named.
55275,https://www.thedailystar.net/august-2-1971-55275,"August 2, 1971",The Daily Star,,not named,Day-by-day chronicle entry compiled by The Daily Star; no writer named.
55294,https://www.thedailystar.net/august-20-1971-55294,"August 20, 1971",The Daily Star,,not named,Day-by-day chronicle entry compiled by The Daily Star; no writer named.
55295,https://www.thedailystar.net/august-21-1971-55295,"August 21, 1971",The Daily Star,,not named,Day-by-day chronicle entry compiled by The Daily Star; no writer named.
55296,https://www.thedailystar.net/august-22-1971-55296,"August 22, 1971",The Daily Star,,not named,Day-by-day chronicle entry compiled by The Daily Star; no writer named.
55297,https://www.thedailystar.net/august-23-1971-55297,"August 23, 1971",The Daily Star,,not named,Day-by-day chronicle entry compiled by The Daily Star; no writer named.
55298,https://www.thedailystar.net/august-24-1971-55298,"August 24, 1971",The Daily Star,,not named,Day-by-day chronicle entry compiled by The Daily Star; no writer named.
55299,https://www.thedailystar.net/august-25-1971-55299,"August 25, 1971",The Daily Star,,not named,Day-by-day chronicle entry compiled by The Daily Star; no writer named.
55300,https://www.thedailystar.net/august-26-1971-55300,"August 26, 1971",The Daily Star,,not named,Day-by-day chronicle entry compiled by The Daily Star; no writer named.
55301,https://www.thedailystar.net/august-27-1971-55301,"August 27, 1971",The Daily Star,,not named,Day-by-day chronicle entry compiled by The Daily Star; no writer named.
55302,https://www.thedailystar.net/august-28-1971-55302,"August 28, 1971",The Daily Star,,not named,Day-by-day chronicle entry compiled by The Daily Star; no writer named.
55303,https://www.thedailystar.net/august-29-1971-55303,"August 29, 1971",The Daily Star,,not named,Day-by-day chronicle entry compiled by The Daily Star; no writer named.
55276,https://www.thedailystar.net/august-3-1971-55276,"August 3, 1971",The Daily Star,,not named,Day-by-day chronicle entry compiled by The Daily Star; no writer named.
55304,https://www.thedailystar.net/august-30-1971-55304,"August 30, 1971",The Daily Star,,not named,Day-by-day chronicle entry compiled by The Daily Star; no writer named.
55305,https://www.thedailystar.net/august-31-1971-55305,"August 31, 1971",The Daily Star,,not named,Day-by-day chronicle entry compiled by The Daily Star; no writer named.
55277,https://www.thedailystar.net/august-4-1971-55277,"August 4, 1971",The Daily Star,,not named,Day-by-day chronicle entry compiled by The Daily Star; no writer named.
55278,https://www.thedailystar.net/august-5-1971-55278,"August 5, 1971",The Daily Star,,not named,Day-by-day chronicle entry compiled by The Daily Star; no writer named.
55279,https://www.thedailystar.net/august-6-1971-55279,"August 6, 1971",The Daily Star,,not named,Day-by-day chronicle entry compiled by The Daily Star; no writer named.
55280,https://www.thedailystar.net/august-7-1971-55280,"August 7, 1971",The Daily Star,,not named,Day-by-day chronicle entry compiled by The Daily Star; no writer named.
55281,https://www.thedailystar.net/august-8-1971-55281,"August 8, 1971",The Daily Star,,not named,Day-by-day chronicle entry compiled by The Daily Star; no writer named.
55282,https://www.thedailystar.net/august-9-1971-55282,"August 9, 1971",The Daily Star,,not named,Day-by-day chronicle entry compiled by The Daily Star; no writer named.
55330,https://www.thedailystar.net/february-1-1971-55330,"February 1, 1971",The Daily Star,,not named,Day-by-day chronicle entry compiled by The Daily Star; no writer named.
55342,https://www.thedailystar.net/february-10-1971-55342,"February 10, 1971",The Daily Star,,not named,Day-by-day chronicle entry compiled by The Daily Star; no writer named.
55343,https://www.thedailystar.net/february-11-1971-55343,"February 11, 1971",The Daily Star,,not named,Day-by-day chronicle entry compiled by The Daily Star; no writer named.
55345,https://www.thedailystar.net/february-12-1971-55345,"February 12, 1971",The Daily Star,,not named,Day-by-day chronicle entry compiled by The Daily Star; no writer named.
55346,https://www.thedailystar.net/february-13-1971-55346,"February 13, 1971",The Daily Star,,not named,Day-by-day chronicle entry compiled by The Daily Star; no writer named.
55347,https://www.thedailystar.net/february-14-1971-55347,"February 14, 1971",The Daily Star,,not named,Day-by-day chronicle entry compiled by The Daily Star; no writer named.
55348,https://www.thedailystar.net/february-15-1971-55348,"February 15, 1971",The Daily Star,,not named,Day-by-day chronicle entry compiled by The Daily Star; no writer named.
55349,https://www.thedailystar.net/february-16-1971-55349,"February 16, 1971",The Daily Star,,not named,Day-by-day chronicle entry compiled by The Daily Star; no writer named.
55350,https://www.thedailystar.net/february-17-1971-55350,"February 17, 1971",The Daily Star,,not named,Day-by-day chronicle entry compiled by The Daily Star; no writer named.
55352,https://www.thedailystar.net/february-18-1971-55352,"February 18, 1971",The Daily Star,,not named,Day-by-day chronicle entry compiled by The Daily Star; no writer named.
55353,https://www.thedailystar.net/february-19-1971-55353,"February 19, 1971",The Daily Star,,not named,Day-by-day chronicle entry compiled by The Daily Star; no writer named.
55331,https://www.thedailystar.net/february-2-1971-55331,"February 2, 1971",The Daily Star,,not named,Day-by-day chronicle entry compiled by The Daily Star; no writer named.
55354,https://www.thedailystar.net/february-20-1971-55354,"February 20, 1971",The Daily Star,,not named,Day-by-day chronicle entry compiled by The Daily Star; no writer named.
55355,https://www.thedailystar.net/february-21-1971-55355,"February 21, 1971",The Daily Star,,not named,Day-by-day chronicle entry compiled by The Daily Star; no writer named.
55356,https://www.thedailystar.net/february-22-1971-55356,"February 22, 1971",The Daily Star,,not named,Day-by-day chronicle entry compiled by The Daily Star; no writer named.
55357,https://www.thedailystar.net/february-23-1971-55357,"February 23, 1971",The Daily Star,,not named,Day-by-day chronicle entry compiled by The Daily Star; no writer named.
55358,https://www.thedailystar.net/february-24-1971-55358,"February 24, 1971",The Daily Star,,not named,Day-by-day chronicle entry compiled by The Daily Star; no writer named.
55359,https://www.thedailystar.net/february-26-1971-55359,"February 26, 1971",The Daily Star,,not named,Day-by-day chronicle entry compiled by The Daily Star; no writer named.
55360,https://www.thedailystar.net/february-27-1971-55360,"February 27, 1971",The Daily Star,,not named,Day-by-day chronicle entry compiled by The Daily Star; no writer named.
55361,https://www.thedailystar.net/february-28-1971-55361,"February 28, 1971",The Daily Star,,not named,Day-by-day chronicle entry compiled by The Daily Star; no writer named.
55334,https://www.thedailystar.net/february-3-1971-55334,"February 3, 1971",The Daily Star,,not named,Day-by-day chronicle entry compiled by The Daily Star; no writer named.
55336,https://www.thedailystar.net/february-4-1971-55336,"February 4, 1971",The Daily Star,,not named,Day-by-day chronicle entry compiled by The Daily Star; no writer named.
55337,https://www.thedailystar.net/february-5-1971-55337,"February 5, 1971",The Daily Star,,not named,Day-by-day chronicle entry compiled by The Daily Star; no writer named.
55338,https://www.thedailystar.net/february-6-1971-55338,"February 6, 1971",The Daily Star,,not named,Day-by-day chronicle entry compiled by The Daily Star; no writer named.
55340,https://www.thedailystar.net/february-7-1971-55340,"February 7, 1971",The Daily Star,,not named,Day-by-day chronicle entry compiled by The Daily Star; no writer named.
55341,https://www.thedailystar.net/february-9-1971-55341,"February 9, 1971",The Daily Star,,not named,Day-by-day chronicle entry compiled by The Daily Star; no writer named.
55315,https://www.thedailystar.net/november-1-1971-55315,"November 1, 1971",The Daily Star,,not named,Day-by-day chronicle entry compiled by The Daily Star; no writer named.
55324,https://www.thedailystar.net/november-10-1971-55324,"November 10, 1971",The Daily Star,,not named,Day-by-day chronicle entry compiled by The Daily Star; no writer named.
55316,https://www.thedailystar.net/november-2-1971-55316,"November 2, 1971",The Daily Star,,not named,Day-by-day chronicle entry compiled by The Daily Star; no writer named.
55317,https://www.thedailystar.net/november-3-1971-55317,"November 3, 1971",The Daily Star,,not named,Day-by-day chronicle entry compiled by The Daily Star; no writer named.
55318,https://www.thedailystar.net/november-4-1971-55318,"November 4, 1971",The Daily Star,,not named,Day-by-day chronicle entry compiled by The Daily Star; no writer named.
55319,https://www.thedailystar.net/november-5-1971-55319,"November 5, 1971",The Daily Star,,not named,Day-by-day chronicle entry compiled by The Daily Star; no writer named.
55320,https://www.thedailystar.net/november-6-1971-55320,"November 6, 1971",The Daily Star,,not named,Day-by-day chronicle entry compiled by The Daily Star; no writer named.
55321,https://www.thedailystar.net/november-7-1971-55321,"November 7, 1971",The Daily Star,,not named,Day-by-day chronicle entry compiled by The Daily Star; no writer named.
55322,https://www.thedailystar.net/november-8-1971-55322,"November 8, 1971",The Daily Star,,not named,Day-by-day chronicle entry compiled by The Daily Star; no writer named.
55323,https://www.thedailystar.net/november-9-1971-55323,"November 9, 1971",The Daily Star,,not named,Day-by-day chronicle entry compiled by The Daily Star; no writer named.
54462,https://www.thedailystar.net/victory-pakistan-army-surrenders-to-allied-forces-54462,Victory: Pakistan army surrenders to allied forces,The Daily Star,,not named,Day-by-day chronicle entry compiled by The Daily Star; no writer named.
55541,https://www.thedailystar.net/saddest-part-of-1971s-surrender-ceremony-55541,Saddest part of 1971's surrender ceremony,The Daily Star,S. A. Reza Hussain (letter),named,"Letters page; signed ""S. A. Reza Hussain, Baridhara, Dhaka""."
55326,https://www.thedailystar.net/the-cost-of-freedom-55326,The cost of freedom,The Daily Star,,not named,Star Lifestyle package introduction; no writer named (photo credits only).
3042,https://www.thedailystar.net/editorial/ekushey-the-eternal-beacon-3042,"Ekushey, the eternal beacon",The Daily Star,,editorial,Unsigned editorial (written by The Daily Star itself).
73337,https://www.thedailystar.net/op-ed/enemy-morale-deteriorating-very-fast-73337,'Enemy morale is deteriorating very fast',The Daily Star,Khaled Musharrof,named,"Standfirst: ""Here we publish Major Khaled Musharrof's confidential letter dispatched to Colonel Osmani in August 1971"" (spelt so on the page; usually Khaled Mosharraf)."
https://www.thedailystar.net/supplements/independence-day-special-2015/genocide-very-often-response-extreme-political-threat,https://www.thedailystar.net/supplements/independence-day-special-2015/genocide-very-often-response-extreme-political-threat,"""Genocide is very often a response to an extreme political threat.""",The Daily Star,Mahbubur Rahman (interviewer),named,"Standfirst: ""Dr. Andrea Bartoli... talks to Mahbubur Rahman of The Daily Star on genocide and its consequences."""
https://www.thedailystar.net/supplements/independence-day-special-2015/there-should-not-be-any-doubt-about-the-trial-process,https://www.thedailystar.net/supplements/independence-day-special-2015/there-should-not-be-any-doubt-about-the-trial-process,"""There should not be any doubt about the trial process in Bangladesh""",The Daily Star,Shamsuddoza Sajen (interviewer),named,"Standfirst: ""Eminent Indian political psychologist and social theorist Ashis Nandy talks to Shamsuddoza Sajen of The Daily Star..."""
https://www.thedailystar.net/supplements/independence-day-special-2015/when-the-war-was-over-our-struggle-ended-the-struggle-the,https://www.thedailystar.net/supplements/independence-day-special-2015/when-the-war-was-over-our-struggle-ended-the-struggle-the,"""When the war was over, our struggle ended but the struggle of the Biranganas had just begun.""",The Daily Star,Naznin Tithi (interviewer),named,"Standfirst: ""Freedom fighter Shirin Banu Mitil shares memories... with The Daily Star's Naznin Tithi."""
141622,https://www.thedailystar.net/in-focus/purists-struggle-141622,A Purist's Struggle,The Daily Star,Naznin Tithi (translator),named,"Interview with Ahmad Rafique; last line: ""Translated from Bangla by Naznin Tithi of The Daily Star"". The interviewer is not named."
156541,https://www.thedailystar.net/editorial/freedom-fighter-status-biranganas-156541,Freedom fighter status for Biranganas,The Daily Star,,editorial,Unsigned editorial (written by The Daily Star itself).
176977,https://www.thedailystar.net/editorial/pakistans-statement-hanging-war-criminals-176977,Pakistan's statement on hanging of war criminals,The Daily Star,,editorial,Unsigned editorial (written by The Daily Star itself).
180955,https://www.thedailystar.net/frontpage/news/genocide-they-wrote-180955,Genocide they wrote,The Daily Star,,not named,Unsigned front-page piece; no writer named.
187204,https://www.thedailystar.net/editorial/fugitive-war-crimes-accused-187204,Fugitive war crimes accused,The Daily Star,,editorial,Unsigned editorial (written by The Daily Star itself).
205570,https://www.thedailystar.net/wide-angle/remembering-jake-205570,REMEMBERING JAKE,The Daily Star,India Today (source),named,"Last line: ""Source: India Today""; no individual writer named."
511834,https://www.thedailystar.net/lifestyle/perspective/bangladesh-birth-nation-1952-1971-511834,Bangladesh Birth of a nation 1952 to 1971,The Daily Star,Shahed Latif,named,"Last line: ""By Shahed Latif Photo: LS Archive/Sazzad/Reetu/Andes""."
574846,https://www.thedailystar.net/in-focus/the-origins-the-language-movement-574846,The Origins of the Language Movement,The Daily Star,,not named,"Translated excerpts of an interview with Principal Abul Kashem (from ""Bhasha Andolon Shatchallish Thake Baana"", compiled by Mostafa Kamal); interviewer and translator not named."
790705,https://www.thedailystar.net/editorial/recognised-freedom-fighters-long-last-790705,Recognised as freedom fighters at long last,The Daily Star,,editorial,Unsigned editorial (written by The Daily Star itself).
885202,https://www.thedailystar.net/star-weekend/mad-genius/altaf-mahmud-885202,Altaf Mahmud,The Daily Star,,not named,Short profile; no writer named.
1199989,https://www.thedailystar.net/editorial/71-genocide-1199989,'71 Genocide,The Daily Star,,editorial,Unsigned editorial (written by The Daily Star itself).
1339684,https://www.thedailystar.net/law-our-rights/genocide-trials-duty-rebuild-truth-and-history-1339684,Genocide trial's duty to rebuild truth and history,The Daily Star,,not named,Interview with Irene Victoria Massimino by the Law Desk; no individual interviewer named.
1364368,https://www.thedailystar.net/editorial/remembering-ekushey-1364368,Remembering Ekushey,The Daily Star,,editorial,Unsigned editorial (written by The Daily Star itself).
https://www.thedailystar.net/op-ed/politics/bangabandhu-told-journalists-the-record-7th-march-speech-would-be-equivalent,https://www.thedailystar.net/op-ed/politics/bangabandhu-told-journalists-the-record-7th-march-speech-would-be-equivalent,"Bangabandhu told journalists, off the record, that 7th March speech would be equivalent to announcement of independence",The Daily Star,,not named,Day-by-day chronicle entry compiled by The Daily Star; no writer named.
1374367,https://www.thedailystar.net/op-ed/yahya-does-not-believe-pakistan-can-be-held-together-force-1374367,“Yahya does not believe Pakistan can be held together by force”,The Daily Star,,not named,Day-by-day chronicle entry compiled by The Daily Star; no writer named.
1374835,https://www.thedailystar.net/op-ed/politics/yahya-and-mujib-have-already-agreed-the-broad-outlines-solution-1374835,“Yahya and Mujib have already agreed to the broad outlines of a solution”,The Daily Star,,not named,Day-by-day chronicle entry compiled by The Daily Star; no writer named.
1375906,https://www.thedailystar.net/editorial/march-25-genocide-day-1375906,March 25 as Genocide Day,The Daily Star,,editorial,Unsigned editorial (written by The Daily Star itself).
1378843,https://www.thedailystar.net/lifestyle/special-feature/independence-liberation-1378843,From Independence to Liberation,The Daily Star,Mormee Mahtab,named,"Last line: ""By Mormee Mahtab Photo: LS Archive/Sazzad""."
1381120,https://www.thedailystar.net/supplements/7-years-war-crimes-trial-1381120,7 years of war crimes trial,The Daily Star,Tuhin Shubhra Adhikary and Robin Gazi (compilers),named,"Last line: ""Compiled and edited by Tuhin Shubhra Adhikary and Robin Gazi""."
1380928,https://www.thedailystar.net/editorial/genocide-day-1380928,Genocide Day,The Daily Star,,editorial,Unsigned editorial (written by The Daily Star itself).
1382332,https://www.thedailystar.net/editorial/neglected-liberation-war-sites-1382332,Neglected Liberation War sites,The Daily Star,,editorial,Unsigned editorial (written by The Daily Star itself).
1439605,https://www.thedailystar.net/editorial/trial-1971-genocide-1439605,Trial for 1971 genocide,The Daily Star,,editorial,Unsigned editorial (written by The Daily Star itself).
1485145,https://www.thedailystar.net/editorial/unesco-recognition-bangabandhus-7th-march-speech-1485145,Unesco recognition for Bangabandhu's 7th March speech,The Daily Star,,editorial,Unsigned editorial (written by The Daily Star itself).
1504066,https://www.thedailystar.net/editorial/utter-disrespect-our-martyrs-1504066,Utter disrespect to our martyrs,The Daily Star,,editorial,Unsigned editorial (written by The Daily Star itself).
1505260,https://www.thedailystar.net/supplements/thank-you-being-our-friend-need-1505260,Thank you for being our friend in need,The Daily Star,,not named,Supplement tribute listing Indian veterans; no writer named.
1537672,https://www.thedailystar.net/editorial/the-eternal-ekushey-1537672,The eternal Ekushey,The Daily Star,,editorial,Unsigned editorial (written by The Daily Star itself).
1552567,https://www.thedailystar.net/frontpage/march-24-1971-face-and-firing-1552567,"MARCH 24, 1971: Face-off and firing",The Daily Star,,not named,Day-by-day chronicle entry compiled by The Daily Star; no writer named.
1552849,https://www.thedailystar.net/editorial/genocide-day-must-be-recognised-1552849,Genocide Day must be recognised,The Daily Star,,editorial,Unsigned editorial (written by The Daily Star itself).
1673725,https://www.thedailystar.net/literature/news/ekattorer-chithi-1673725,From Ekattorer Chithi,The Daily Star,Sohana Manzoor (translator),named,"Standfirst: ""These letters are from Ekattorer Chithi published by Prothoma Prokashan, and translated by Sohana Manzoor""; the 1971 letters are by several writers."
1673698,https://www.thedailystar.net/editorial/news/recognise-the-families-the-martyrs-1673698,Recognise the families of the martyrs,The Daily Star,,editorial,Unsigned editorial (written by The Daily Star itself).
1704946,https://www.thedailystar.net/editorial/news/the-eternal-flame-ekushey-1704946,The eternal flame of Ekushey,The Daily Star,,editorial,Unsigned editorial (written by The Daily Star itself).
1705651,https://www.thedailystar.net/star-weekend/history/news/central-shaheed-minar-1705651,Central Shaheed Minar,The Daily Star,Hamidur Rahman,named,"A 1974 account by the Shaheed Minar's chief architect, signed ""Hamidur Rahman, Canada, May 10, 1974""."
1834984,https://www.thedailystar.net/frontpage/news/day-1971-1834984,On this day in 1971,The Daily Star,,not named,Day-by-day chronicle entry compiled by The Daily Star; no writer named.
1835920,https://www.thedailystar.net/backpage/news/day-1971-1835920,On this day in 1971,The Daily Star,,not named,Day-by-day chronicle entry compiled by The Daily Star; no writer named.
1836871,https://www.thedailystar.net/frontpage/news/day-1971-1836871,On this day in 1971,The Daily Star,,not named,Day-by-day chronicle entry compiled by The Daily Star; no writer named.
1837702,https://www.thedailystar.net/lifestyle/spotlight/news/the-agony-war-1837702,The agony of war,The Daily Star,Mannan Mashhur Zarif,named,"Last line: ""By Mannan Mashhur Zarif""."
1837705,https://www.thedailystar.net/lifestyle/cover-story/news/witness-victory-1837705,Witness to victory,The Daily Star,Sania Aiman (interviewer),named,"Last line: ""Interviewed by Sania Aiman""."
1841272,https://www.thedailystar.net/backpage/news/day-1971-1841272,On this day in 1971,The Daily Star,,not named,Day-by-day chronicle entry compiled by The Daily Star; no writer named.
1847383,https://www.thedailystar.net/backpage/news/day-1971-1847383,On this day in 1971,The Daily Star,,not named,Day-by-day chronicle entry compiled by The Daily Star; no writer named.
1877401,https://www.thedailystar.net/supplements/news/bangabandhus-march-7-press-statement-1877401,Bangabandhu’s March 7 Press Statement,The Daily Star,Sheikh Mujibur Rahman,named,"Standfirst: ""The following press statement was issued by Bangabandhu on March 7, 1971..."""
1877434,https://www.thedailystar.net/supplements/news/how-the-us-saw-march-7-speech-1877434,How the US saw March 7 speech,The Daily Star,Henry Kissinger,named,"Standfirst: ""This memorandum... was sent by Henry Kissinger, the US President's Assistant for National Security Affairs, to President Nixon""."
2013157,https://www.thedailystar.net/editorial/news/preserving-our-liberation-war-sites-2013157,Preserving our Liberation War sites,The Daily Star,,editorial,Unsigned editorial (written by The Daily Star itself).
2048021,https://www.thedailystar.net/literature/news/the-spirit-1971-the-beginning-2048021,The Spirit of 1971 – The Beginning,The Daily Star,Nusrat Rabbee,named,"Bio line at the end: ""Nusrat Rabbee is the daughter of Shaheed Dr. Mohammed Fazle Rabbee..."""
2066413,https://www.thedailystar.net/shout/news/the-eve-independence-2066413,ON THE EVE OF INDEPENDENCE,The Daily Star,,not named,SHOUT cover story built on interviews; no writer named.
2917621,https://www.thedailystar.net/shout/news/walk-victory-2917621,A Walk to Victory,The Daily Star,,not named,Written by the SHOUT team; no individual writer named.
2948011,https://www.thedailystar.net/views/editorial/news/war-heroine-cant-beg-survival-2948011,A war heroine can’t beg for survival,The Daily Star,,editorial,Unsigned editorial (written by The Daily Star itself).
2953131,https://www.thedailystar.net/news/bangladesh/news/spontaneous-movement-2953131,A spontaneous movement,The Daily Star,Kazi Golam Mahbub (translated by Shamsuddoza Sajen),named,"Standfirst: ""Kazi Golam Mahbub""; last line: ""Translated by: Shamsuddoza Sajen, The Daily Star."""
2966781,https://www.thedailystar.net/views/editorial/news/indomitable-ekushey-2966781,Indomitable Ekushey,The Daily Star,,editorial,Unsigned editorial (written by The Daily Star itself).
3049656,https://www.thedailystar.net/views/editorial/news/how-much-longer-must-the-birangonas-suffer-3049656,How much longer must the Birangonas suffer?,The Daily Star,,editorial,Unsigned editorial (written by The Daily Star itself).
3151346,https://www.thedailystar.net/opinion/editorial/news/give-guerrilla-hafiz-his-due-recognition-3151346,Give Guerrilla Hafiz his due recognition,The Daily Star,,editorial,Unsigned editorial (written by The Daily Star itself).
3262526,https://www.thedailystar.net/weekend-read/news/the-manifesto-independence-3262526,The manifesto for independence,The Daily Star,,not named,Text of a March 1971 independence manifesto with its sources; no writer or issuer named on the page.
3280396,https://www.thedailystar.net/opinion/editorial/news/why-wont-the-un-recognise-1971-genocide-3280396,Why won’t the UN recognise 1971 genocide?,The Daily Star,,editorial,Unsigned editorial (written by The Daily Star itself).
3495576,https://www.thedailystar.net/supplements/victory-day-special-2023/news/echoes-the-archives-3495576,Echoes from the Archives,The Daily Star,,not named,"First-person piece by a historian, but no writer is named on the page."
3829381,https://www.thedailystar.net/opinion/editorial/news/upholding-the-legacy-ekushey-3829381,Upholding the legacy of Ekushey,The Daily Star,,editorial,Unsigned editorial (written by The Daily Star itself).
3857781,https://www.thedailystar.net/opinion/editorial/news/let-1971-continue-guide-our-path-nation-3857781,Let 1971 continue to guide our path as a nation,The Daily Star,,editorial,Unsigned editorial (written by The Daily Star itself).
3858771,https://www.thedailystar.net/opinion/editorial/news/take-action-against-fake-freedom-fighters-3858771,Take action against fake freedom fighters,The Daily Star,,editorial,Unsigned editorial (written by The Daily Star itself).
3970561,https://www.thedailystar.net/opinion/editorial/news/no-1971-issues-havent-been-resolved-3970561,"No, the 1971 issues haven't been resolved",The Daily Star,,editorial,Unsigned editorial (written by The Daily Star itself).
https://www.thedailystar.net/news/genocide-2,https://www.thedailystar.net/news/genocide-2,GENOCIDE,The Daily Star,Anthony Mascarenhas,named,"Second part of the reprint of his Sunday Times report ""Genocide"" (13 June 1971), duplicate of genocide-2580; part 1 (14 December 2013) carries his byline. This page itself does not name him."
https://www.thedailystar.net/supplements/independence-day-special-2015/submariners-heroism-and-the-first-military-response-france,https://www.thedailystar.net/supplements/independence-day-special-2015/submariners-heroism-and-the-first-military-response-france,Naval Commandos in Operation Jackpot,The Daily Star,Amitava Kar (interviewer),named,"Text: ""In an exclusive interview, Commodore Chowdhury talks to Amitava Kar of The Daily Star..."""
789235,https://www.thedailystar.net/star-weekend/mad-genius/general-muahammad-ataul-gani-osmani-789235,General Muahammad Ataul Gani Osmani,The Daily Star,,not named,Fact-sheet profile; no writer named.
660601,https://www.thedailystar.net/star-weekend/mad-genius/shahidullah-kaiser-660601,SHAHIDULLAH KAISER,The Daily Star,,not named,Fact-sheet profile; no writer named.
1847032,https://www.thedailystar.net/backpage/news/day-1971-1847032,On this day in 1971,The Daily Star,,not named,Day-by-day chronicle entry compiled by The Daily Star; no writer named.
1846756,https://www.thedailystar.net/backpage/news/day-1971-1846756,On this day in 1971,The Daily Star,,not named,Day-by-day chronicle entry compiled by The Daily Star; no writer named.
1846141,https://www.thedailystar.net/backpage/news/day-1971-1846141,On this day in 1971,The Daily Star,,not named,Day-by-day chronicle entry compiled by The Daily Star; no writer named.
1845622,https://www.thedailystar.net/backpage/news/day-1971-1845622,On this day in 1971,The Daily Star,,not named,Day-by-day chronicle entry compiled by The Daily Star; no writer named.
1845265,https://www.thedailystar.net/frontpage/news/day-1971-1845265,On this day in 1971,The Daily Star,,not named,Day-by-day chronicle entry compiled by The Daily Star; no writer named.
1844836,https://www.thedailystar.net/backpage/news/day-1971-1844836,On this day in 1971,The Daily Star,,not named,Day-by-day chronicle entry compiled by The Daily Star; no writer named.
1844326,https://www.thedailystar.net/backpage/news/day-1971-1844326,On this day in 1971,The Daily Star,,not named,Day-by-day chronicle entry compiled by The Daily Star; no writer named.
1843864,https://www.thedailystar.net/backpage/news/day-1971-1843864,On this day in 1971,The Daily Star,,not named,Day-by-day chronicle entry compiled by The Daily Star; no writer named.
1843123,https://www.thedailystar.net/frontpage/news/day-1971-1843123,On this day in 1971,The Daily Star,,not named,Day-by-day chronicle entry compiled by The Daily Star; no writer named.
1842628,https://www.thedailystar.net/backpage/news/day-1971-1842628,On this day in 1971,The Daily Star,,not named,Day-by-day chronicle entry compiled by The Daily Star; no writer named.
1842187,https://www.thedailystar.net/backpage/news/day-1971-1842187,On this day in 1971,The Daily Star,,not named,Day-by-day chronicle entry compiled by The Daily Star; no writer named.
1841626,https://www.thedailystar.net/backpage/news/day-1971-1841626,On this day in 1971,The Daily Star,,not named,Day-by-day chronicle entry compiled by The Daily Star; no writer named.
1840846,https://www.thedailystar.net/frontpage/news/day-1971-1840846,On this day in 1971,The Daily Star,,not named,Day-by-day chronicle entry compiled by The Daily Star; no writer named.
1840465,https://www.thedailystar.net/frontpage/news/day-1971-1840465,On this day in 1971,The Daily Star,,not named,Day-by-day chronicle entry compiled by The Daily Star; no writer named.
1839985,https://www.thedailystar.net/backpage/news/day-1971-1839985,On this day in 1971,The Daily Star,,not named,Day-by-day chronicle entry compiled by The Daily Star; no writer named.
1839553,https://www.thedailystar.net/backpage/news/day-1971-1839553,On this day in 1971,The Daily Star,,not named,Day-by-day chronicle entry compiled by The Daily Star; no writer named.
1839046,https://www.thedailystar.net/frontpage/news/day-1971-1839046,On this day in 1971,The Daily Star,,not named,Day-by-day chronicle entry compiled by The Daily Star; no writer named.
1838581,https://www.thedailystar.net/backpage/news/day-1971-1838581,On this day in 1971,The Daily Star,,not named,Day-by-day chronicle entry compiled by The Daily Star; no writer named.
1838104,https://www.thedailystar.net/frontpage/news/day-1971-1838104,On this day in 1971,The Daily Star,,not named,Day-by-day chronicle entry compiled by The Daily Star; no writer named.
1837690,https://www.thedailystar.net/frontpage/news/day-1971-1837690,On this day in 1971,The Daily Star,,not named,Day-by-day chronicle entry compiled by The Daily Star; no writer named.
1837258,https://www.thedailystar.net/frontpage/news/day-1971-1837258,On this day in 1971,The Daily Star,,not named,Day-by-day chronicle entry compiled by The Daily Star; no writer named.
1836391,https://www.thedailystar.net/backpage/news/day-1971-1836391,On this day in 1971,The Daily Star,,not named,Day-by-day chronicle entry compiled by The Daily Star; no writer named.
1835425,https://www.thedailystar.net/frontpage/news/day-1971-1835425,On this day in 1971,The Daily Star,,not named,Day-by-day chronicle entry compiled by The Daily Star; no writer named.
1834492,https://www.thedailystar.net/frontpage/news/day-1971-1834492,On this day in 1971,The Daily Star,,not named,Day-by-day chronicle entry compiled by The Daily Star; no writer named.
