url,source
https://www.thedailystar.net/bangabandhu-march-7-speech-the-real-declaration-of-bangladesh-independence-2056401,push:sitemap-review
https://www.thedailystar.net/the-songsmith-who-inspired-freedom-fighters-60424,push:sitemap-review
https://www.thedailystar.net/freedom-61021,push:sitemap-review
https://www.thedailystar.net/moment-of-surrender-64293,push:sitemap-review
https://www.thedailystar.net/ekushey-february-64940,push:sitemap-review
https://www.thedailystar.net/international-war-crimes-tribunal-a-performance-review-4679,push:sitemap-review
https://www.thedailystar.net/freedom-never-came-for-him-5097,push:sitemap-review
https://www.thedailystar.net/a-vote-for-war-crimes-trial-5664,push:sitemap-review
https://www.thedailystar.net/the-freedom-fighter-7028,push:sitemap-review
https://www.thedailystar.net/war-heroine-rahela-still-at-war-with-life-7914,push:sitemap-review
https://www.thedailystar.net/ekushey-in-our-collective-soul-9364,push:sitemap-review
https://www.thedailystar.net/shaheed-minar-9603,push:sitemap-review
https://www.thedailystar.net/remembering-a-martyr-10046,push:sitemap-review
https://www.thedailystar.net/a-fitting-tribute-to-the-martyrs-11896,push:sitemap-review
https://www.thedailystar.net/spirit-of-ekushey-12250,push:sitemap-review
https://www.thedailystar.net/the-song-that-epitomises-ekushey-12256,push:sitemap-review
https://www.thedailystar.net/shaheed-dhirendranath-dutta-12254,push:sitemap-review
https://www.thedailystar.net/the-first-ekushey-poem-12253,push:sitemap-review
https://www.thedailystar.net/the-eternal-ekushey-12262,push:sitemap-review
https://www.thedailystar.net/the-relevance-of-ekushey-12249,push:sitemap-review
https://www.thedailystar.net/opinions-of-a-handful-of-martyrs-12264,push:sitemap-review
https://www.thedailystar.net/ekushey-february-the-seed-of-bengali-nationhood-12959,push:sitemap-review
https://www.thedailystar.net/tribute-to-a-lost-martyr-13123,push:sitemap-review
https://www.thedailystar.net/tikka-khan-arrives-in-dhaka-14310,push:sitemap-review
https://www.thedailystar.net/bhashani-calls-for-freedom-14728,push:sitemap-review
https://www.thedailystar.net/uk-us-ignored-genocide-threat-14876,push:sitemap-review
https://www.thedailystar.net/yahya-will-be-our-guest-14881,push:sitemap-review
https://www.thedailystar.net/freedom-15085,push:sitemap-review
https://www.thedailystar.net/yahya-arrives-in-dhaka-15634,push:sitemap-review
https://www.thedailystar.net/mujib-yahya-meet-behind-closed-doors-15745,push:sitemap-review
https://www.thedailystar.net/an-angry-yahya-16392,push:sitemap-review
https://www.thedailystar.net/bhutto-flies-in-16549,push:sitemap-review
https://www.thedailystar.net/mujib-cautions-bhutto-16682,push:sitemap-review
https://www.thedailystar.net/bangabandhu-proposes-confederation-16996,push:sitemap-review
https://www.thedailystar.net/pakistan-army-turns-killer-17127,push:sitemap-review
https://www.thedailystar.net/a-nation-goes-to-war-for-freedom-17264,push:sitemap-review
https://www.thedailystar.net/the-colours-and-conscience-of-independence-17371,push:sitemap-review
https://www.thedailystar.net/victory-17194,push:sitemap-review
https://www.thedailystar.net/he-saved-freedom-fighters-in-pabna-17599,push:sitemap-review
https://www.thedailystar.net/why-this-surrender-17687,push:sitemap-review
https://www.thedailystar.net/a-memorable-independence-day-18259,push:sitemap-review
https://www.thedailystar.net/war-crimes-tribunals-aim-to-end-culture-of-impunity-18359,push:sitemap-review
https://www.thedailystar.net/the-taste-of-freedom-18403,push:sitemap-review
https://www.thedailystar.net/unilateral-declaration-of-independence-18848,push:sitemap-review
https://www.thedailystar.net/zias-declaration-19001,push:sitemap-review
https://www.thedailystar.net/mujib-bhutto-and-lost-times-19291,push:sitemap-review
https://www.thedailystar.net/redefining-the-spirit-of-proclamation-of-independence-20291,push:sitemap-review
https://www.thedailystar.net/restoring-tajuddin-in-history-22755,push:sitemap-review
https://www.thedailystar.net/surrender-26606,push:sitemap-review
https://www.thedailystar.net/six-points-and-a-long-ago-june-27334,push:sitemap-review
https://www.thedailystar.net/doctor-martyred-for-his-faith-28131,push:sitemap-review
https://www.thedailystar.net/the-two-economies-thesis-road-to-the-six-points-programme-29679,push:sitemap-review
https://www.thedailystar.net/a-walk-through-a-killing-ground-34145,push:sitemap-review
https://www.thedailystar.net/some-suggestions-on-ffs-criteria-38365,push:sitemap-review
https://www.thedailystar.net/why-are-fake-ffs-still-in-job-38650,push:sitemap-review
https://www.thedailystar.net/surviving-a-genocide-38931,push:sitemap-review
https://www.thedailystar.net/weed-out-fake-ffs-cancel-their-certificates-40102,push:sitemap-review
https://www.thedailystar.net/the-children-of-tajuddin-ahmad-40915,push:sitemap-review
https://www.thedailystar.net/listing-of-freedom-fighters-42435,push:sitemap-review
https://www.thedailystar.net/war-crimes-trial-and-transparency-of-justice-42574,push:sitemap-review
https://www.thedailystar.net/back-trial-of-war-crimes-43640,push:sitemap-review
https://www.thedailystar.net/is-presidential-clemency-possible-for-war-criminals-46622,push:sitemap-review
https://www.thedailystar.net/death-of-war-crimes-mastermind-47652,push:sitemap-review
https://www.thedailystar.net/war-heroines-still-not-recognised-47697,push:sitemap-review
https://www.thedailystar.net/faking-freedom-fighter-identity-48285,push:sitemap-review
https://www.thedailystar.net/the-inimitable-martyrdom-48740,push:sitemap-review
https://www.thedailystar.net/strip-war-criminals-of-right-to-presidential-clemency-48970,push:sitemap-review
https://www.thedailystar.net/propaganda-and-the-war-crimes-trial-49149,push:sitemap-review
https://www.thedailystar.net/two-icons-of-independence-movement-49227,push:sitemap-review
https://www.thedailystar.net/fake-war-heroes-must-face-justice-49507,push:sitemap-review
https://www.thedailystar.net/propaganda-and-the-war-crimes-trial-published-on-november-7-2014-49509,push:sitemap-review
https://www.thedailystar.net/chittagong-freedom-fighter-haris-54471,push:sitemap-review
https://www.thedailystar.net/urban-guerrilla-asad-part-2-54452,push:sitemap-review
https://www.thedailystar.net/the-curious-case-of-the-195-war-criminals-50939,push:sitemap-review
https://www.thedailystar.net/bangabondhu-and-tajuddin-ahmed-50957,push:sitemap-review
https://www.thedailystar.net/urban-guerrilla-asad-part-1-56698,push:sitemap-review
https://www.thedailystar.net/remembering-the-martyr-51285,push:sitemap-review
https://www.thedailystar.net/71-warship-reduced-to-heap-of-scrap-51656,push:sitemap-review
https://www.thedailystar.net/guerrilla-fighter-shahzaman-part-1-54481,push:sitemap-review
https://www.thedailystar.net/the-collaborator-51736,push:sitemap-review
https://www.thedailystar.net/war-crimes-researcher-shahriar-part-3-54833,push:sitemap-review
https://www.thedailystar.net/celebration-of-victory-51989,push:sitemap-review
https://www.thedailystar.net/will-east-pakistan-break-away-51713,push:sitemap-review
https://www.thedailystar.net/war-crimes-researcher-shahriar-part-2-54832,push:sitemap-review
https://www.thedailystar.net/the-collaborator-52171,push:sitemap-review
https://www.thedailystar.net/war-crimes-researcher-shahriar-part-1-55383,push:sitemap-review
https://www.thedailystar.net/guerrilla-commander-bachchu-part-2-54483,push:sitemap-review
https://www.thedailystar.net/71-warship-reduced-to-heap-of-scrap-nov-23-2014-52627,push:sitemap-review
https://www.thedailystar.net/guerrilla-commander-bachchu-part-1-54609,push:sitemap-review
https://www.thedailystar.net/sector-commander-shafiullah-part-3-55379,push:sitemap-review
https://www.thedailystar.net/apathy-towards-a-freedom-fighters-memory-52927,push:sitemap-review
https://www.thedailystar.net/sector-commander-shafiullah-part-2-54668,push:sitemap-review
https://www.thedailystar.net/mass-grave-of-martyrs-in-grave-condition-52924,push:sitemap-review
https://www.thedailystar.net/9-months-to-freedom-53028,push:sitemap-review
https://www.thedailystar.net/songs-of-liberation-53036,push:sitemap-review
https://www.thedailystar.net/saving-war-babies-53124,push:sitemap-review
https://www.thedailystar.net/sector-commander-shafiullah-part-1-54667,push:sitemap-review
https://www.thedailystar.net/east-pakistans-independence-pressed-as-price-of-peace-53355,push:sitemap-review
https://www.thedailystar.net/west-pakistan-armys-surrender-at-chittagong-53377,push:sitemap-review
https://www.thedailystar.net/gen-agha-mohammad-yahya-khan-3-53757,push:sitemap-review
https://www.thedailystar.net/gen-agha-mohammad-yahya-khan-4-53756,push:sitemap-review
https://www.thedailystar.net/za-bhutto-had-changed-35-pages-of-hamood-commission-report-53758,push:sitemap-review
https://www.thedailystar.net/a-reticent-freedom-fighter-53745,push:sitemap-review
https://www.thedailystar.net/when-the-tiger-of-pakistan-was-humbled-by-surrender-53752,push:sitemap-review
https://www.thedailystar.net/more-areas-to-celebrate-day-of-freedom-today-53921,push:sitemap-review
https://www.thedailystar.net/celebration-of-victory-54463,push:sitemap-review
https://www.thedailystar.net/patuakhali-pirojpur-ffs-hoist-flags-on-this-day-54051,push:sitemap-review
https://www.thedailystar.net/will-east-pakistan-break-away-54454,push:sitemap-review
https://www.thedailystar.net/editorial-pakistan-genocide-54142,push:sitemap-review
https://www.thedailystar.net/pakistan-army-lay-waste-to-bengal-54147,push:sitemap-review
https://www.thedailystar.net/pakistan-guilty-of-genocide-54148,push:sitemap-review
https://www.thedailystar.net/guerrillas-rekindle-hopes-means-of-revolution-54150,push:sitemap-review
https://www.thedailystar.net/editorial-genocide-54153,push:sitemap-review
https://www.thedailystar.net/bengalis-reported-still-fighting-in-east-pakistan-54162,push:sitemap-review
https://www.thedailystar.net/analysis-nixon-and-pakistan-an-unpopular-alliance-54177,push:sitemap-review
https://www.thedailystar.net/bangladesh-refugees-return-from-india-54555,push:sitemap-review
https://www.thedailystar.net/rare-footage-on-bangabandhu-by-abc-news-54605,push:sitemap-review
https://www.thedailystar.net/bangladesh-refugees-airlifted-out-of-pakistan-54550,push:sitemap-review
https://www.thedailystar.net/stop-genocide-a-film-by-zahir-raihan-54510,push:sitemap-review
https://www.thedailystar.net/9-months-to-freedom-1975-by-indian-filmmaker-s-sukhdev-54487,push:sitemap-review
https://www.thedailystar.net/yahya-khans-address-to-nation-on-fall-of-dhaka-54502,push:sitemap-review
https://www.thedailystar.net/bangladesh-s-struggle-for-independence-1947-71-part-1-54533,push:sitemap-review
https://www.thedailystar.net/bangabandhu-briefs-media-in-london-jan-8-1972-54466,push:sitemap-review
https://www.thedailystar.net/bangladesh-s-struggle-for-independence-71-and-after-part-2-54535,push:sitemap-review
https://www.thedailystar.net/civil-war-flares-in-east-pakistan-54363,push:sitemap-review
https://www.thedailystar.net/civil-war-flares-in-east-pakistan-54367,push:sitemap-review
https://www.thedailystar.net/east-pakistan-battles-erupt-54374,push:sitemap-review
https://www.thedailystar.net/east-pakistan-governor-resigns-54375,push:sitemap-review
https://www.thedailystar.net/east-pakistan-league-tied-to-massacre-54376,push:sitemap-review
https://www.thedailystar.net/east-pakistan-rebels-battle-of-independence-54378,push:sitemap-review
https://www.thedailystar.net/east-pakistan-sets-guerrilla-campaign-54381,push:sitemap-review
https://www.thedailystar.net/editorial-east-pakistans-unheeded-agony-54382,push:sitemap-review
https://www.thedailystar.net/east-pakistan-rebels-say-war-is-for-independence-54384,push:sitemap-review
https://www.thedailystar.net/east-pakistan-rebels-told-to-go-underground-54385,push:sitemap-review
https://www.thedailystar.net/east-pakistan-rebels-unafraid-of-being-caught-or-identified-54386,push:sitemap-review
https://www.thedailystar.net/east-pakistan-regulars-told-to-report-to-units-54393,push:sitemap-review
https://www.thedailystar.net/surrender-bid-thwarted-54424,push:sitemap-review
https://www.thedailystar.net/heroic-jamalpur-ffs-hoist-flag-of-freedom-on-this-day-54537,push:sitemap-review
https://www.thedailystar.net/day-to-remember-a-bir-shreshtha-54538,push:sitemap-review
https://www.thedailystar.net/bangladesh-shows-war-crimes-trial-standards-54578,push:sitemap-review
https://www.thedailystar.net/freedom-fighters-in-action-55376,push:sitemap-review
https://www.thedailystar.net/several-more-areas-were-liberated-on-this-day-54978,push:sitemap-review
https://www.thedailystar.net/utter-disrespect-to-two-martyrs-of-bogra-54980,push:sitemap-review
https://www.thedailystar.net/in-videos-war-heroes-talk-to-the-daily-star-55313,push:sitemap-review
https://www.thedailystar.net/east-pakistan-secedes-civil-war-breaks-out-55133,push:sitemap-review
https://www.thedailystar.net/march-26-massacre-at-du-54593,push:sitemap-review
https://www.thedailystar.net/bahola-people-recall-brutal-killing-of-32-by-pak-army-55189,push:sitemap-review
https://www.thedailystar.net/where-grows-the-spirit-of-liberation-55180,push:sitemap-review
https://www.thedailystar.net/the-sacrifice-of-intellectuals-55175,push:sitemap-review
https://www.thedailystar.net/day-of-his-martyrdom-passes-off-silently-55396,push:sitemap-review
https://www.thedailystar.net/more-areas-were-freed-on-this-day-55399,push:sitemap-review
https://www.thedailystar.net/anisuzzamans-autobiography-kaal-nirobodhi-and-amar-ekattor-55386,push:sitemap-review
https://www.thedailystar.net/most-freedom-fighters-left-unrecognised-55453,push:sitemap-review
https://www.thedailystar.net/ginsberg-and-september-71-55325,push:sitemap-review
https://www.thedailystar.net/the-cost-of-freedom-55326,push:sitemap-review
https://www.thedailystar.net/our-victory-day-55534,push:sitemap-review
https://www.thedailystar.net/saddest-part-of-1971s-surrender-ceremony-55541,push:sitemap-review
https://www.thedailystar.net/mass-graves-about-to-be-obliterated-for-neglect-55549,push:sitemap-review
https://www.thedailystar.net/ctg-neglects-mass-graves-of-martyrs-55609,push:sitemap-review
https://www.thedailystar.net/genocide-they-wrote-55587,push:sitemap-review
https://www.thedailystar.net/memories-of-martyred-azizul-preserved-finally-55627,push:sitemap-review
https://www.thedailystar.net/pabna-was-freed-2-days-after-countrys-victory-55864,push:sitemap-review
https://www.thedailystar.net/road-pillar-with-martyrs-name-disappears-nobody-concerned-55862,push:sitemap-review
https://www.thedailystar.net/the-songs-of-freedom-55800,push:sitemap-review
https://www.thedailystar.net/chimes-of-freedom-55810,push:sitemap-review
https://www.thedailystar.net/road-to-freedom-55813,push:sitemap-review
https://www.thedailystar.net/ff-kashem-fakir-now-fights-for-a-morsel-of-bread-56032,push:sitemap-review
https://www.thedailystar.net/71-campaign-that-never-really-worked-56055,push:sitemap-review
https://www.thedailystar.net/photograph-a-mother-and-her-children-at-west-bengal-refugee-camp-56146,push:sitemap-review
https://www.thedailystar.net/freedom-in-the-air-56209,push:sitemap-review
https://www.thedailystar.net/killing-grounds-left-uncared-for-dec-15-2014-56289,push:sitemap-review
https://www.thedailystar.net/their-sacrifice-for-freedom-must-be-requited-56425,push:sitemap-review
https://www.thedailystar.net/freedom-in-the-air-56494,push:sitemap-review
https://www.thedailystar.net/urban-guerrilla-asad-part-1-54451,push:sitemap-review
https://www.thedailystar.net/man-who-formed-own-force-to-stop-freedom-fighters-56852,push:sitemap-review
https://www.thedailystar.net/freedom-in-the-air-57225,push:sitemap-review
https://www.thedailystar.net/prof-abdur-razzaq-on-indias-partition-and-independence-57586,push:sitemap-review
https://www.thedailystar.net/songs-of-freedom-57663,push:sitemap-review
https://www.thedailystar.net/war-crimes-trial-57719,push:sitemap-review
https://www.thedailystar.net/tajuddin-ahmed-capturing-moments-in-time-1883,push:sitemap-review
https://www.thedailystar.net/anti-liberation-forces-in-war-against-state-2144,push:sitemap-review
https://www.thedailystar.net/the-walk-of-victory-2219,push:sitemap-review
https://www.thedailystar.net/freedom-on-air-2231,push:sitemap-review
https://www.thedailystar.net/justice-triumphs-freedom-wins-2255,push:sitemap-review
https://www.thedailystar.net/93-yr-old-freedom-fighter-struggles-for-existence-2300,push:sitemap-review
https://www.thedailystar.net/rafiqul-alam-a-valiant-soldier-of-the-71-music-squad-2456,push:sitemap-review
https://www.thedailystar.net/genocide-2580,push:sitemap-review
https://www.thedailystar.net/war-crimes-kerry-history-2587,push:sitemap-review
https://www.thedailystar.net/kishoreganj-people-tasted-freedom-a-day-after-victory-2660,push:sitemap-review
https://www.thedailystar.net/the-essence-of-victory-2708,push:sitemap-review
https://www.thedailystar.net/bangladesh-first-and-the-glory-of-war-of-independence-2734,push:sitemap-review
https://www.thedailystar.net/the-jamaat-and-the-pakistan-army-2856,push:sitemap-review
https://www.thedailystar.net/pabna-rajshahi-were-freed-two-days-after-final-victory-2952,push:sitemap-review
https://www.thedailystar.net/remembering-victory-3102,push:sitemap-review
https://www.thedailystar.net/pakistans-concern-over-war-crimes-trial-3264,push:sitemap-review
https://www.thedailystar.net/victory-of-a-concept-called-bangladesh-3389,push:sitemap-review
https://www.thedailystar.net/our-debt-to-the-muktis-3392,push:sitemap-review
https://www.thedailystar.net/revisiting-71-thru-genocide-3972,push:sitemap-review
https://www.thedailystar.net/star-multimedia/news/let-71-stand-above-everything-else-us-mahfuz-anam-4123621,push:sitemap-review
https://www.thedailystar.net/opinion/views/news/how-east-pakistan-became-bangladesh-global-media-4136291,push:sitemap-review
https://www.thedailystar.net/books-literature/news/bhasha-andoloner-itihash-bashir-al-helal-3830256,push:sitemap-review
https://www.thedailystar.net/ds/wisdom/news/red-green-flag-and-comfort-forgetting-independence-4065226,push:sitemap-review
https://www.thedailystar.net/star-multimedia/news-multimedia/news/massive-resistance-the-people-briefly-liberated-pabna-3260706,push:sitemap-review
https://www.thedailystar.net/star-multimedia/news/how-the-1970-bhola-cyclone-changed-pakistans-history-3319716,push:sitemap-review
https://www.thedailystar.net/opinion/views/news/peace-freedom-and-memorialisation-3475871,push:sitemap-review
https://www.thedailystar.net/star-multimedia/news-multimedia/news/the-village-mass-graves-3495301,push:sitemap-review
https://www.thedailystar.net/star-multimedia/news-multimedia/news/operation-nut-crack-liberated-eastern-region-including-sylhet-3497606,push:sitemap-review
https://www.thedailystar.net/star-multimedia/news-multimedia/news/rajarbagh-police-lines-where-liberation-wars-first-armed-resistance-took-place-2990501,push:sitemap-review
https://www.thedailystar.net/views/editorial/news/51-years-freedom-2990951,push:sitemap-review
https://www.thedailystar.net/opinion/news/my-father-laid-down-his-life-our-freedom-i-couldnt-be-prouder-him-2067305,push:sitemap-review
https://www.thedailystar.net/lifestyle/news/slogans-freedom-2072757,push:sitemap-review
https://www.thedailystar.net/star-multimedia/news/state-fails-recognise-woman-who-sold-land-feed-freedom-fighters-2157851,push:sitemap-review
https://www.thedailystar.net/star-multimedia/news-multimedia/news/freedom-fighters-reminisce-about-the-house-ijjat-ali-2167646,push:sitemap-review
https://www.thedailystar.net/star-multimedia/news-multimedia/news/terosree-genocide-50-years-hope-state-recognition-continues-2910366,push:sitemap-review
https://www.thedailystar.net/star-multimedia/news-multimedia/news/ahmed-alis-war-liberation-2913931,push:sitemap-review
https://www.thedailystar.net/star-multimedia/news-multimedia/news/bir-shreshtha-captain-mohiuddin-jahangir-the-eyes-his-comrades-2917626,push:sitemap-review
https://www.thedailystar.net/star-multimedia/news-multimedia/news/train-massacre-2918931,push:sitemap-review
https://www.thedailystar.net/star-multimedia/news-multimedia/news/door-left-open-50-years-freedom-fighter-son-2919116,push:sitemap-review
https://www.thedailystar.net/star-multimedia/news-multimedia/news/massacre-began-two-killings-2920471,push:sitemap-review
https://www.thedailystar.net/lifestyle/news/shahid-sergeant-zahurul-haque-intimate-profile-1884949,push:sitemap-review
https://www.thedailystar.net/lifestyle/news/quest-freedom-1980805,push:sitemap-review
https://www.thedailystar.net/star-weekend/mailbox/news/role-mother-language-1705510,push:sitemap-review
https://www.thedailystar.net/opinion/tribute/news/the-man-who-fearlessly-fought-freedom-1745398,push:sitemap-review
https://www.thedailystar.net/opinion/shifting-images/news/passage-freedom-1841047,push:sitemap-review
https://www.thedailystar.net/opinion/cross-talk/moving-martyrdom-trail-track-1355050,push:sitemap-review
https://www.thedailystar.net/literature/news/our-muktijuddho-and-the-americans-1384561,push:sitemap-review
https://www.thedailystar.net/star-weekend/remembrance/bangabandhu-and-the-birth-our-nation-1450024,push:sitemap-review
https://www.thedailystar.net/op-ed/politics/how-bangabandhu-flew-london-199858,push:sitemap-review
https://www.thedailystar.net/star-weekend/spotlight/the-taste-freedom-212554,push:sitemap-review
https://www.thedailystar.net/op-ed/the-first-shahid-minar-575251,push:sitemap-review
https://www.thedailystar.net/op-ed/politics/the-call-freedom-787186,push:sitemap-review
https://www.thedailystar.net/op-ed/opinion-nizami-mojaheed-were-war-heroes-1229713,push:sitemap-review
https://www.thedailystar.net/op-ed/recent-events-east-pakistan-71638,push:sitemap-review
https://www.thedailystar.net/op-ed/politics/fear-and-freedom-71990,push:sitemap-review
https://www.thedailystar.net/month-victory/watch-tale-the-tea-garden-workers-188602,push:sitemap-review
https://www.thedailystar.net/backpage/news/yahya-suspends-national-assemblys-inaugural-session-2052657,push:sitemap-review
https://www.thedailystar.net/backpage/news/bangabandhu-rejects-yahyas-roundtable-invitation-2053913,push:sitemap-review
https://www.thedailystar.net/backpage/news/yahya-opts-tougher-line-2055685,push:sitemap-review
https://www.thedailystar.net/frontpage/news/thus-spoke-mujib-2056057,push:sitemap-review
https://www.thedailystar.net/frontpage/news/it-was-declaration-independence-2056549,push:sitemap-review
https://www.thedailystar.net/backpage/news/tikka-khan-refused-oath-2056593,push:sitemap-review
https://www.thedailystar.net/backpage/news/bhuttos-telegram-bangabandhu-2058465,push:sitemap-review
https://www.thedailystar.net/backpage/news/will-bangabandhu-call-yahya-2059053,push:sitemap-review
https://www.thedailystar.net/backpage/news/bhutto-cornered-2059589,push:sitemap-review
https://www.thedailystar.net/backpage/news/president-yahya-arrives-2060569,push:sitemap-review
https://www.thedailystar.net/backpage/news/bhutto-faces-mass-opposition-dhaka-2063997,push:sitemap-review
https://www.thedailystar.net/backpage/news/march-7-speech-defends-universal-values-2065929,push:sitemap-review
https://www.thedailystar.net/backpage/news/selective-genocide-continues-2067825,push:sitemap-review
https://www.thedailystar.net/backpage/news/bangabandhu-taken-karachi-2068433,push:sitemap-review
https://www.thedailystar.net/backpage/news/ussr-urges-yahya-stop-bloodshed-2070669,push:sitemap-review
https://www.thedailystar.net/backpage/news/tajuddin-calls-indira-2071549,push:sitemap-review
https://www.thedailystar.net/backpage/news/tikka-khan-sworn-governor-2074489,push:sitemap-review
https://www.thedailystar.net/backpage/news/independence-proclaimed-2075085,push:sitemap-review
https://www.thedailystar.net/backpage/news/tajuddin-seeks-arms-support-2075497,push:sitemap-review
https://www.thedailystar.net/backpage/news/dont-squeeze-yahya-2084317,push:sitemap-review
https://www.thedailystar.net/backpage/news/genocide-issue-will-be-referred-un-body-2087717,push:sitemap-review
https://www.thedailystar.net/backpage/news/indira-writes-nixon-2093445,push:sitemap-review
https://www.thedailystar.net/backpage/news/bangladesh-liberation-council-formed-2094629,push:sitemap-review
https://www.thedailystar.net/backpage/news/indira-urges-sadat-persuade-yahya-2097053,push:sitemap-review
https://www.thedailystar.net/backpage/news/the-indians-need-mass-famine-nixon-2098869,push:sitemap-review
https://www.thedailystar.net/backpage/news/nixon-asks-india-pakistan-show-maximum-restraint-2100185,push:sitemap-review
https://www.thedailystar.net/backpage/news/transcript-dhaka-massacre-2101285,push:sitemap-review
https://www.thedailystar.net/backpage/news/no-room-compromise-pakistan-tajuddin-2103161,push:sitemap-review
https://www.thedailystar.net/backpage/news/east-pakistan-will-eventually-become-independent-kissinger-2103789,push:sitemap-review
https://www.thedailystar.net/backpage/news/conversation-yahya-khan-2105057,push:sitemap-review
https://www.thedailystar.net/backpage/news/tikka-khan-offers-general-amnesty-2107989,push:sitemap-review
https://www.thedailystar.net/backpage/news/bangladesh-issue-will-linger-indira-gandhi-2109261,push:sitemap-review
https://www.thedailystar.net/backpage/news/our-victory-assured-tajuddin-2109741,push:sitemap-review
https://www.thedailystar.net/backpage/news/yahya-delays-plan-power-transfer-2110397,push:sitemap-review
https://www.thedailystar.net/backpage/news/indian-foreign-minister-meets-nixon-2111805,push:sitemap-review
https://www.thedailystar.net/backpage/news/yahya-requests-nixon-persuade-india-2113125,push:sitemap-review
https://www.thedailystar.net/backpage/news/senator-urges-nixon-halt-pakistani-ship-2115473,push:sitemap-review
https://www.thedailystar.net/frontpage/news/defining-moment-our-freedom-1877380,push:sitemap-review
https://www.thedailystar.net/frontpage/news/train-massacre-2011965,push:sitemap-review
https://www.thedailystar.net/frontpage/news/anti-liberation-role-jamaat-torn-over-apology-question-1702417,push:sitemap-review
https://www.thedailystar.net/backpage/news/march-7-speech-youths-have-so-much-learn-1712446,push:sitemap-review
https://www.thedailystar.net/frontpage/news/bangabandhu-urges-people-carry-agitation-1714840,push:sitemap-review
https://www.thedailystar.net/frontpage/news/yahya-town-1715410,push:sitemap-review
https://www.thedailystar.net/frontpage/news/bangabandhu-holds-meeting-yahya-1717693,push:sitemap-review
https://www.thedailystar.net/backpage/news/massacre-lost-pages-history-1720921,push:sitemap-review
https://www.thedailystar.net/frontpage/news/mapping-genocide-khulna-1720933,push:sitemap-review
https://www.thedailystar.net/backpage/news/pakistan-army-kills-many-rangpur-1722265,push:sitemap-review
https://www.thedailystar.net/backpage/news/indira-vows-support-bangalees-1722679,push:sitemap-review
https://www.thedailystar.net/backpage/news/perfect-cover-freedom-fighters-1840432,push:sitemap-review
https://www.thedailystar.net/frontpage/victory-day-2019-of-bravery-of-betiara-1840852,push:sitemap-review
https://www.thedailystar.net/frontpage/victory-day-2019-blood-sweat-tears-1840861,push:sitemap-review
https://www.thedailystar.net/frontpage/bangabandhu-command-1543540,push:sitemap-review
https://www.thedailystar.net/frontpage/zia-makes-radio-announcement-independence-1554046,push:sitemap-review
https://www.thedailystar.net/frontpage/news/the-taste-freedom-1664125,push:sitemap-review
https://www.thedailystar.net/frontpage/news/victory-day-written-hand-driven-heart-1674328,push:sitemap-review
https://www.thedailystar.net/backpage/welcome-the-genocide-museum-1380547,push:sitemap-review
https://www.thedailystar.net/frontpage/independence-day-today-valour-and-bravery-1381492,push:sitemap-review
https://www.thedailystar.net/backpage/march-25-intl-genocide-day-take-formal-steps-win-recognition-1496527,push:sitemap-review
https://www.thedailystar.net/backpage/memories-massacre-1501819,push:sitemap-review
https://www.thedailystar.net/backpage/war-criminal-leads-free-life-london-1511827,push:sitemap-review
https://www.thedailystar.net/frontpage/30-lakh-martyrs-settled-history-211537,push:sitemap-review
https://www.thedailystar.net/frontpage/his-peace-initiative-was-massacre-plot-1221946,push:sitemap-review
https://www.thedailystar.net/backpage/freedom-fighter-living-handouts-1268005,push:sitemap-review
https://www.thedailystar.net/backpage/his-fall-wrought-teen-freedom-fighters-blood-1280188,push:sitemap-review
https://www.thedailystar.net/frontpage/palm-trees-and-11-war-heroes-1330051,push:sitemap-review
https://www.thedailystar.net/frontpage/ocampo-stood-bangalees-71-1331158,push:sitemap-review
https://www.thedailystar.net/backpage/the-road-freedom-77714,push:sitemap-review
https://www.thedailystar.net/frontpage/news/mockery-martyrdom-80522,push:sitemap-review
https://www.thedailystar.net/frontpage/news/sick-brain-behind-intellectuals-killing-176233,push:sitemap-review
https://www.thedailystar.net/frontpage/news/genocide-they-wrote-180955,push:sitemap-review
https://www.thedailystar.net/frontpage/news/genocide-coolly-planned-carried-out-181597,push:sitemap-review
https://www.thedailystar.net/frontpage/news/genocide-plot-conceived-duck-shooting-trip-182089,push:sitemap-review
https://www.thedailystar.net/frontpage/news/the-blueprint-massacre-183016,push:sitemap-review
https://www.thedailystar.net/frontpage/news/right-thinking-pakistanis-acknowledge-71-brutalities-183598,push:sitemap-review
https://www.thedailystar.net/frontpage/news/freedom-debt-being-repaid-188464,push:sitemap-review
https://www.thedailystar.net/backpage/indian-war-veterans-relive-71-glory-days-189028,push:sitemap-review
https://www.thedailystar.net/frontpage/the-black-night-still-haunts-the-nation-1199260,search:Operation Searchlight 25 March 1971 Dhaka
https://www.thedailystar.net/news/simon-dring-recounts-operation-searchlight,search:Operation Searchlight 25 March 1971 Dhaka
https://www.thedailystar.net/news/bangladesh/news/loved-ones-lost-demons-2989831,search:Jagannath Hall massacre 1971
https://www.thedailystar.net/news/bangladesh/news/ramna-temple-massacre-dawn-shadowed-dark-forces-2989806,search:Jagannath Hall massacre 1971
https://www.thedailystar.net/what-i-saw-and-heard-in-dhaka-17325,search:Jagannath Hall massacre 1971
https://www.thedailystar.net/star-weekend/spotlight/campus-forever-linked-liberation-1551910,search:Dhaka University teachers killed March 1971
https://www.thedailystar.net/views/opinion/news/march-25-glimpse-the-darkest-all-nights-2989816,search:Dhaka University teachers killed March 1971
https://www.thedailystar.net/opinion/views/tribute/news/remembering-my-teacher-dr-jyotirmoy-guhathakurta-3279586,search:Dhaka University teachers killed March 1971
https://www.thedailystar.net/backpage/the-night-horror-186064,search:Dhaka University teachers killed March 1971
https://www.thedailystar.net/news-detail-131715,search:Rajarbagh police lines resistance 1971
https://www.thedailystar.net/news/bangladesh/news/indomitable-march-the-gates-hell-cast-open-3574216,search:EPR Pilkhana 25 March 1971
https://www.thedailystar.net/news-detail-179069,search:EPR Pilkhana 25 March 1971
https://www.thedailystar.net/frontpage/lethal-last-bite-losers-1221952,search:Rayer Bazar killing field 1971
https://www.thedailystar.net/news-detail-156134,search:Rayer Bazar killing field 1971
https://www.thedailystar.net/country/mirpur-jalladkhana-memorial-photos-1329775,search:Mirpur killing field Jallad Khana 1971
https://www.thedailystar.net/news/bangladesh/news/jalladkhana-killing-field-haunting-reminder-the-tragic-past-3285046,search:Mirpur killing field Jallad Khana 1971
https://www.thedailystar.net/news-detail-14724,search:Mirpur killing field Jallad Khana 1971
https://www.thedailystar.net/news/bangladesh/news/the-blood-river-3614036,search:Chuknagar massacre 1971
https://www.thedailystar.net/news/bangladesh/news/chuknagar-forgotten-massacre-3899636,search:Chuknagar massacre 1971
https://www.thedailystar.net/news/bangladesh/news/chuknagar-shocking-savagery-3324551,search:Chuknagar massacre 1971
https://www.thedailystar.net/news/news/chuknagar-sea-blood-3027756,search:Chuknagar massacre 1971
https://www.thedailystar.net/supplements/history-written-blood-187984,search:Chuknagar massacre 1971
https://www.thedailystar.net/news-detail-164602,search:Jathibhanga massacre 1971
https://www.thedailystar.net/news/thakurgaon-was-freed-on-this-day-in-71,search:Jathibhanga massacre 1971
https://www.thedailystar.net/frontpage/news/cold-killing-design-1673488,search:Jathibhanga massacre 1971
https://www.thedailystar.net/news-detail-261277,search:Jathibhanga massacre 1971
https://www.thedailystar.net/news/bangladesh/crime-justice/news/shankhari-bazar-carnage-71-death-knocked-their-doors-sundown-3279761,search:Shankhari Bazar massacre 1971
https://www.thedailystar.net/backpage/news/the-gates-hell-cast-open-2066281,search:Shankhari Bazar massacre 1971
https://www.thedailystar.net/news/bangladesh/news/preserving-painful-past-3575846,search:Bhairab massacre 1971
https://www.thedailystar.net/bangladesh/news/demra-massacre-pabna-victim-families-want-recognition-martyrs-2092901,search:village massacre 1971 Pakistani army killed villagers
https://www.thedailystar.net/news/news/satiyachara-goran-massacre-never-be-forgotten-2997936,search:village massacre 1971 Pakistani army killed villagers
https://www.thedailystar.net/top-news/village-widows-76303,search:village massacre 1971 Pakistani army killed villagers
https://www.thedailystar.net/news-detail-233755,search:village massacre 1971 Pakistani army killed villagers
https://www.thedailystar.net/news-detail-15470,search:Battle of Kamalpur 1971
https://www.thedailystar.net/hero-of-jamalpur-war-also-had-son-fighting-57109,search:Battle of Kamalpur 1971
https://www.thedailystar.net/news-detail-213581,search:Battle of Kamalpur 1971
https://www.thedailystar.net/news/bangladesh/news/regional-resistance-pathaan-bahini-chandpur-3771691,search:Battle of Kamalpur 1971
https://www.thedailystar.net/news/bangladesh/news/joint-command-formed-2234741,search:Battle of Kamalpur 1971
https://www.thedailystar.net/long-read/news/the-archives-the-last-battlefield-2036585,search:Battle of Kamalpur 1971
https://www.thedailystar.net/supplements/thank-you-being-our-friend-need-1505260,search:Battle of Garibpur 1971
https://www.thedailystar.net/news/bangladesh/news/one-little-town-showed-how-fight-back-3281306,search:Battle of Hilli 1971
https://www.thedailystar.net/news-detail-117921,search:Battle of Akhaura 1971
https://www.thedailystar.net/city/news/half-century-shrapnel-her-skull-2085065,search:Battle of Akhaura 1971
https://www.thedailystar.net/news/bangladesh/news/russia-vetoes-troop-pullback-proposal-2909746,search:Battle of Akhaura 1971
https://www.thedailystar.net/news/bangladesh/news/mong-prue-sain-monarch-who-fought-freedom-4053936,search:Battle of Akhaura 1971
https://www.thedailystar.net/opinion/news/remembering-dr-shamsuddin-man-immense-courage-2010885,search:Sylhet battle 1971 freedom fighters
https://www.thedailystar.net/book-reviews/news/ds-books-publications-bangladesh-and-its-liberation-2012981,search:Sylhet battle 1971 freedom fighters
https://www.thedailystar.net/news/bangladesh/news/indomitable-march-the-battle-kushtia-3577731,search:Kushtia battle April 1971
https://www.thedailystar.net/weekend-read/news/kushtias-tale-unimaginable-brutality-3279941,search:Kushtia battle April 1971
https://www.thedailystar.net/history-would-have-been-different-37186,search:Kalurghat radio 1971 declaration
https://www.thedailystar.net/op-ed/let-me-tell-it-once-again-73963,search:Swadhin Bangla Betar Kendra 1971
https://www.thedailystar.net/opinion/tribute/news/odyssey-self-determination-and-equality-1730440,search:Mujibnagar government oath 17 April 1971
https://www.thedailystar.net/views/opinion/news/defining-moment-history-2910441,search:Instrument of Surrender 16 December 1971
https://www.thedailystar.net/news-detail-117851,search:Niazi surrender Dhaka December 1971
https://www.thedailystar.net/news-detail-29736,search:Niazi surrender Dhaka December 1971
https://www.thedailystar.net/frontpage/news/sun-rose-ruins-187612,search:Niazi surrender Dhaka December 1971
https://www.thedailystar.net/supplements/looking-back-the-mirror-188035,search:Niazi surrender Dhaka December 1971
https://www.thedailystar.net/news/bangladesh/news/operation-jackpot-mission-rattled-pakistan-2908626,search:Operation Jackpot naval commandos 1971
https://www.thedailystar.net/news-detail-166986,search:Operation Jackpot naval commandos 1971
https://www.thedailystar.net/lifestyle/special-feature/call-war-how-the-crack-platoon-was-formed-1550497,search:Crack Platoon Dhaka guerrillas 1971
https://www.thedailystar.net/weekend-read/news/the-vanguard-dhakas-independence-3425661,search:Crack Platoon Dhaka guerrillas 1971
https://www.thedailystar.net/star-multimedia/news-multimedia/news/memory-the-resilience-crack-platoon-guerrillas-after-operation-hotel-intercontinental-2165946,search:Crack Platoon Dhaka guerrillas 1971
https://www.thedailystar.net/news/bangladesh/news/half-century-gone-chasing-recognition-3150411,search:Crack Platoon Dhaka guerrillas 1971
https://www.thedailystar.net/opinion/they-gave-their-today-our-tomorrow-1455394,search:Crack Platoon Dhaka guerrillas 1971
https://www.thedailystar.net/opinion/news/destroyed-not-defeated-1952517,search:Crack Platoon Dhaka guerrillas 1971
https://www.thedailystar.net/star-weekend/chronicles/brave-hearts-73724,search:Crack Platoon Dhaka guerrillas 1971
https://www.thedailystar.net/news-detail-260692,search:Kaderia Bahini Tangail 1971
https://www.thedailystar.net/country/news/tangail-tastes-freedom-day-1671859,search:Kaderia Bahini Tangail 1971
https://www.thedailystar.net/country/news/tangail-was-liberated-day-71-185530,search:Kaderia Bahini Tangail 1971
https://www.thedailystar.net/the-man-behind-the-nation-15867,search:Mujib Bahini 1971
https://www.thedailystar.net/country/remembrance-shaheed-rumi-1201294,search:sector commander 1971 war memoir
https://www.thedailystar.net/book-reviews/news/war-attrition-2062645,search:sector commander 1971 war memoir
https://www.thedailystar.net/op-ed/enemy-morale-deteriorating-very-fast-73337,search:sector commander 1971 war memoir
https://www.thedailystar.net/wide-angle/remembering-jake-205570,search:sector commander 1971 war memoir
https://www.thedailystar.net/news/bangladesh/news/operation-kilo-flight-story-valour-2158326,search:Kilo Flight 1971 Bangladesh air force
https://www.thedailystar.net/news-detail-227960,search:Kilo Flight 1971 Bangladesh air force
https://www.thedailystar.net/city/news/ctg-killing-fields-sliding-oblivion-1199746,search:Chittagong 1971 liberation war
https://www.thedailystar.net/news-detail-261482,search:Khulna 1971 liberation war
https://www.thedailystar.net/bangladesh/news/victory-arrived-day-later-khulna-3198166,search:Khulna 1971 liberation war
https://www.thedailystar.net/city/news/bearing-witness-atrocities-2075109,search:Khulna 1971 liberation war
https://www.thedailystar.net/news/bangladesh/news/timeless-image-3577946,search:Mymensingh 1971 liberation war
https://www.thedailystar.net/country/mymensingh-tasted-freedom-day-71-184843,search:Mymensingh 1971 liberation war
https://www.thedailystar.net/news-detail-15468,search:Bogura 1971 liberation war
https://www.thedailystar.net/news/bangladesh/news/baten-bahini-tangail-3769486,search:Bogura 1971 liberation war
https://www.thedailystar.net/country/barisal-patuakhali-were-freed-day-71-183916,search:Barishal 1971 liberation war
https://www.thedailystar.net/city/news/charbaria-massacre-never-be-forgotten-2088441,search:Barishal 1971 liberation war
https://www.thedailystar.net/news/bangladesh/news/bangladesh-struggle-liberation-movement-2225201,search:Cumilla 1971 liberation war
https://www.thedailystar.net/country/news/noakhali-sadar-begumganj-upazilas-killing-fields-mass-graves-71-lie-unprotected-2017937,search:Noakhali 1971 liberation war
https://www.thedailystar.net/news-detail-260565,search:Noakhali 1971 liberation war
https://www.thedailystar.net/news/1971-and-the-songs-we-sang,search:Noakhali 1971 liberation war
https://www.thedailystar.net/news-detail-131899,search:Rangpur 1971 liberation war
https://www.thedailystar.net/news/on-this-days-in-71-600-people-were-killed-at-nishbetganj,search:Rangpur 1971 liberation war
https://www.thedailystar.net/news-detail-179759,search:Dinajpur 1971 liberation war
https://www.thedailystar.net/news/no-memorial-monument-at-largest-massacre-ground-in-faridpur,search:Faridpur 1971 liberation war
https://www.thedailystar.net/news/bangladesh/news/massacre-hariharpara-4051461,search:Narayanganj 1971 liberation war
https://www.thedailystar.net/news/bangladesh/news/victory-day-today-the-day-nation-cried-tears-joy-3777471,search:Narayanganj 1971 liberation war
https://www.thedailystar.net/opinion/tribute/the-legacy-rp-saha-1401583,search:Narayanganj 1971 liberation war
https://www.thedailystar.net/news/bangladesh/news/regional-resistance-palashdanga-jubo-shibir-sirajganj-3775011,search:Sirajganj 1971 freedom fighters battle
https://www.thedailystar.net/news-detail-118038,search:Sirajganj 1971 freedom fighters battle
https://www.thedailystar.net/news/bangladesh/news/memorial-plaque-historical-jahajmara-battle-remains-sorry-state-2151446,search:Sirajganj 1971 freedom fighters battle
https://www.thedailystar.net/country/news/tangail-freed-day-2009525,search:Tangail 1971 freedom fighters battle
https://www.thedailystar.net/country/news/jamalpur-tangail-taste-freedom-today-1328383,search:Tangail 1971 freedom fighters battle
https://www.thedailystar.net/news/bangladesh/news/guerrillas-blow-85-targets-chattogram-4055656,search:Chattogram Pahartali killing field 1971
https://www.thedailystar.net/news-detail-42816,search:Chattogram Pahartali killing field 1971
https://www.thedailystar.net/opinion/views/winkers-aweigh/news/mischievous-manipulation-established-historical-facts-4060076,search:Chattogram Pahartali killing field 1971
https://www.thedailystar.net/news/bangladesh/news/gallamari-mass-grave-still-bearing-marks-butchery-3573701,search:Khulna Gallamari killing field 1971
https://www.thedailystar.net/news/news/gallamari-mass-grave-forgotten-testament-atrocities-2999736,search:Khulna Gallamari killing field 1971
https://www.thedailystar.net/news-detail-179760,search:Rajshahi University Zoha Hall 1971 torture
https://www.thedailystar.net/the-ever-bleeding-campus-51571,search:Rajshahi University Zoha Hall 1971 torture
https://www.thedailystar.net/frontpage/my-name-could-have-been-list-dead-1381123,search:Rajshahi University Zoha Hall 1971 torture
https://www.thedailystar.net/supplements/tale-torture-rape-and-dehumanisation-188029,search:torture cell 1971 Pakistani army camp
https://www.thedailystar.net/news/bangladesh/news/below-institute-lies-torture-cell-3259866,search:torture cell 1971 Pakistani army camp
https://www.thedailystar.net/news/bangladesh/news/wapda-massacre-memories-still-haunt-survivors-53-years-later-3575011,search:torture cell 1971 Pakistani army camp
https://www.thedailystar.net/news/neglect-obliterates-memory,search:torture cell 1971 Pakistani army camp
https://www.thedailystar.net/detained-tortured-for-16-days-12744,search:torture cell 1971 Pakistani army camp
https://www.thedailystar.net/backpage/irony-fate-176248,search:1971 war diary Dhaka
https://www.thedailystar.net/in-focus/the-life-work-and-death-political-intellectual-1496767,search:Munier Chowdhury 1971
https://www.thedailystar.net/news/shahidullah-kaiser-writing-behind-bars,search:Shahidullah Kaiser 1971
https://www.thedailystar.net/star-weekend/mad-genius/shahidullah-kaiser-660601,search:Shahidullah Kaiser 1971
https://www.thedailystar.net/arts-entertainment/daughters-quest-discover-her-father-1384840,search:Shahidullah Kaiser 1971
https://www.thedailystar.net/star-weekend/mad-genius/zahir-raihan-188662,search:Zahir Raihan disappearance Mirpur
https://www.thedailystar.net/news-detail-172137,search:Zahir Raihan disappearance Mirpur
https://www.thedailystar.net/opinion/views/blowin-the-wind/news/martyrs-and-memory-3775456,search:Dr Fazle Rabbee 1971
https://www.thedailystar.net/city/remembered-rarely-1504786,search:Dr Fazle Rabbee 1971
https://www.thedailystar.net/my-right-to-justice-53557,search:Dr Alim Chowdhury martyred 1971
https://www.thedailystar.net/opinion/news/how-long-will-the-uk-harbour-mass-murderer-1936069,search:Selina Parvin journalist 1971
https://www.thedailystar.net/city/serajuddin-hossain-1327846,search:Serajuddin Hossain journalist 1971
https://www.thedailystar.net/justice-is-it-only-to-close-wounds-or-more-55181,search:Serajuddin Hossain journalist 1971
https://www.thedailystar.net/news-detail-29116,search:Govinda Chandra Dev 1971
https://www.thedailystar.net/news-detail-44041,search:Govinda Chandra Dev 1971
https://www.thedailystar.net/news-detail-195292,search:Govinda Chandra Dev 1971
https://www.thedailystar.net/news/news/rifle-roti-aurat-dream-the-dawn-187012,search:Anwar Pasha Rashidul Hasan 1971
https://www.thedailystar.net/news-detail-248530,search:Altaf Mahmud 1971
https://www.thedailystar.net/star-weekend/mad-genius/altaf-mahmud-885202,search:Altaf Mahmud 1971
https://www.thedailystar.net/news-detail-132408,search:Dhirendranath Datta 1971
https://www.thedailystar.net/news-detail-127448,search:Dhirendranath Datta 1971
https://www.thedailystar.net/op-ed/dhirendranath-dutta-73968,search:Dhirendranath Datta 1971
https://www.thedailystar.net/news/dhirendranath-dutta-our-hero-our-seer,search:Dhirendranath Datta 1971
https://www.thedailystar.net/opinion/views/news/philanthropic-visionary-and-secular-icon-3471766,search:Ranada Prasad Saha 1971
https://www.thedailystar.net/news-detail-205005,search:Nutan Chandra Sinha 1971
https://www.thedailystar.net/news-detail-228386,search:Shahid Saber 1971
https://www.thedailystar.net/the-heroes-of-a-forgetful-nation-55177,search:Shahid Saber 1971
https://www.thedailystar.net/supplements/intellectual-martyrs-day-2015/news/remembrance-shahid-ghyasuddin-ahmed-186670,search:Shahid Saber 1971
https://www.thedailystar.net/a-heros-tale-32545,search:Bir Sreshtho Mostafa Kamal
https://www.thedailystar.net/news-detail-248380,search:Bir Sreshtho Mostafa Kamal
https://www.thedailystar.net/news-detail-173848,search:Bir Sreshtho Mostafa Kamal
https://www.thedailystar.net/news/bangladesh/news/captain-jahangir-through-my-eyes-2917121,search:Bir Sreshtho Mohiuddin Jahangir
https://www.thedailystar.net/news-detail-15348,search:Bir Sreshtho Munshi Abdur Rouf
https://www.thedailystar.net/news/bangladesh/news/never-break-the-chain-command-2921236,search:Bir Sreshtho Nur Mohammad Sheikh
https://www.thedailystar.net/opinion/tribute/her-spirit-resistance-will-live-1399498,search:Jahanara Imam Ekattorer Dingulee
https://www.thedailystar.net/revisiting-the-revolution-1852,search:Jahanara Imam Ekattorer Dingulee
https://www.thedailystar.net/literature/news/women-writing-the-war-1630129,search:Jahanara Imam Ekattorer Dingulee
https://www.thedailystar.net/life-living/news/remembering-shaheed-rumi-3283741,search:Shafi Imam Rumi
https://www.thedailystar.net/news-detail-243265,search:Tajuddin Ahmad 1971 Mujibnagar
https://www.thedailystar.net/news/tajuddin-a-biopic-and-our-history,search:Tajuddin Ahmad 1971 Mujibnagar
https://www.thedailystar.net/news-detail-70580,search:Mansur Ali Qamaruzzaman 1971
https://www.thedailystar.net/op-ed/politics/o-general-my-general-1278466,search:General Osmani 1971
https://www.thedailystar.net/remembering-our-hero-11040,search:General Osmani 1971
https://www.thedailystar.net/the-world-of-m-a-g-osmany-39528,search:General Osmani 1971
https://www.thedailystar.net/news-detail-52677,search:General Osmani 1971
https://www.thedailystar.net/testimony-of-a-solider-49610,search:Khaled Mosharraf 1971
https://www.thedailystar.net/backpage/news/zia-makes-radio-announcement-2067389,search:Ziaur Rahman 1971 Kalurghat
https://www.thedailystar.net/news/bangladesh/news/we-almost-always-try-distort-history-kader-siddique-3777761,search:Kader Siddiqui 1971
https://www.thedailystar.net/news/the-spirit-of-resistance,search:Captain Sitara Begum 1971
https://www.thedailystar.net/opinion/tribute/news/fearless-woman-warrior-1668184,search:Taramon Bibi Bir Protik
https://www.thedailystar.net/op-ed/the-girl-who-became-soldier-8071,search:Taramon Bibi Bir Protik
https://www.thedailystar.net/news-detail-117625,search:Taramon Bibi Bir Protik
https://www.thedailystar.net/opinion/tribute/lessons-consent-and-critique-ferdousi-priyabhashini-1548142,search:Ferdousi Priyabhashini 1971
https://www.thedailystar.net/opinion/news/ferdousi-priyabhashini-artist-and-social-activist-2059953,search:Ferdousi Priyabhashini 1971
https://www.thedailystar.net/literature/news/ferdousi-priyabhashini-lifelong-impression-eternal-struggle-1552465,search:Ferdousi Priyabhashini 1971
https://www.thedailystar.net/city/news/women-freedom-fighters-stories-usually-forgotten-74935,search:women freedom fighters 1971
https://www.thedailystar.net/country/valour-three-teenage-freedom-fighters-1553341,search:teenage freedom fighter 1971
https://www.thedailystar.net/country/news/the-gallantry-teenage-warrior-2070153,search:teenage freedom fighter 1971
https://www.thedailystar.net/news/bangladesh/news/dec-17-freedom-came-day-later-khulna-3778101,search:Major Jalil sector 9 1971
https://www.thedailystar.net/news-detail-15472,search:Major Jalil sector 9 1971
https://www.thedailystar.net/frontpage/news/pakistanis-tried-keep-foreign-journos-away-184396,search:Simon Dring 1971
https://www.thedailystar.net/opinion/news/despite-threats-i-stayed-the-truth-what-happened-had-be-told-2066161,search:Simon Dring 1971
https://www.thedailystar.net/book-reviews/news/the-view-the-west-2066473,search:Anthony Mascarenhas genocide 1971
https://www.thedailystar.net/views/opinion/news/apology-long-overdue-2918496,search:Anthony Mascarenhas genocide 1971
https://www.thedailystar.net/country/news/tribute-schanberg-who-first-broke-pak-atrocities-the-world-1251553,search:Sydney Schanberg 1971
https://www.thedailystar.net/op-ed/remembering-sydney-schanberg-1260304,search:Sydney Schanberg 1971
https://www.thedailystar.net/op-ed/politics/pakistan-divided-71448,search:Sydney Schanberg 1971
https://www.thedailystar.net/news-detail-213788,search:Sydney Schanberg 1971
https://www.thedailystar.net/news-detail-29342,search:Sydney Schanberg 1971
https://www.thedailystar.net/star-weekend/heritage/the-telegrams-archer-kent-blood-73727,search:Archer Blood telegram 1971
https://www.thedailystar.net/revisiting-archer-k-blood-20002,search:Archer Blood telegram 1971
https://www.thedailystar.net/news-detail-242917,search:Archer Blood telegram 1971
https://www.thedailystar.net/news-detail-104645,search:Edward Kennedy refugees 1971
https://www.thedailystar.net/news-detail-109135,search:Edward Kennedy refugees 1971
https://www.thedailystar.net/news-detail-52249,search:Edward Kennedy refugees 1971
https://www.thedailystar.net/news-detail-104659,search:Edward Kennedy refugees 1971
https://www.thedailystar.net/lifestyle/special-feature/the-everlasting-appeal-the-concert-bangladesh-1566688,search:Concert for Bangladesh George Harrison
https://www.thedailystar.net/entertainment/music/news/revisiting-the-legacy-concert-bangladesh-2142126,search:Concert for Bangladesh George Harrison
https://www.thedailystar.net/opinion/views/news/the-unsung-heroes-who-introduced-bangladesh-the-world-3382786,search:Concert for Bangladesh George Harrison
https://www.thedailystar.net/arts-entertainment/george-harrison-we-are-grateful-1322890,search:Concert for Bangladesh George Harrison
https://www.thedailystar.net/arts-entertainment/music/ravi-shankars-unending-bangladesh-connection-1292230,search:Ravi Shankar 1971 Bangladesh
https://www.thedailystar.net/entertainment/news/concert-bangladesh-george-harrison-ravi-shankar-50-years-2142056,search:Allen Ginsberg Jessore Road 1971
https://www.thedailystar.net/news-detail-145665,search:Allen Ginsberg Jessore Road 1971
https://www.thedailystar.net/star-literature/news/war-and-peace-and-poetry-and-poets-3279906,search:Allen Ginsberg Jessore Road 1971
https://www.thedailystar.net/news/foreign-friends-of-bangladesh,search:foreign friends of Bangladesh 1971
https://www.thedailystar.net/news/pakistan-must-offer-unconditional-apology,search:foreign friends of Bangladesh 1971
https://www.thedailystar.net/city/news/connetts-journey-friends-bangladesh-1707916,search:foreign friends of Bangladesh 1971
https://www.thedailystar.net/opinion/geopolitical-insights/news/historical-parallels-bangladeshs-genocide-1971-gaza-3574986,search:1971 genocide Bangladesh recognition
https://www.thedailystar.net/news-detail-179184,search:Pakistan apology 1971
https://www.thedailystar.net/frontpage/news/improving-bangladesh-pakistan-ties-apology-must-heal-wounds-1935777,search:Pakistan apology 1971
https://www.thedailystar.net/frontpage/shame-they-hid-28-years-186478,search:Hamoodur Rahman Commission 1971
https://www.thedailystar.net/frontpage/pak-amnesia-intentional-1222999,search:Hamoodur Rahman Commission 1971
https://www.thedailystar.net/frontpage/news/195-pak-soldiers-can-still-be-tried-187015,search:195 Pakistani war criminals
https://www.thedailystar.net/news/us-fleet-in-bay-of-bengal-a-game-of-deception,search:USS Enterprise Bay of Bengal 1971
https://www.thedailystar.net/news-detail-4889,search:USS Enterprise Bay of Bengal 1971
https://www.thedailystar.net/frontpage/the-making-blockade-1328776,search:USS Enterprise Bay of Bengal 1971
https://www.thedailystar.net/our-un-experience-41962,search:UN Security Council December 1971 Bangladesh
https://www.thedailystar.net/frontpage/nixon-was-advised-recognise-bangladesh-1198774,search:UN Security Council December 1971 Bangladesh
https://www.thedailystar.net/news-detail-261642,search:UN Security Council December 1971 Bangladesh
https://www.thedailystar.net/news/bangladesh/news/indomitable-march-indira-pledges-support-bangladesh-3578396,search:Indira Gandhi 1971 Bangladesh
https://www.thedailystar.net/news/bangladesh/news/india-recognises-bangladesh-2910421,search:Indira Gandhi 1971 Bangladesh
https://www.thedailystar.net/news-detail-195773,search:Indira Gandhi 1971 Bangladesh
https://www.thedailystar.net/backpage/war-babys-quest-know-motherland-1509868,search:war babies 1971
https://www.thedailystar.net/backpage/memories-war-scar-175642,search:war babies 1971
https://www.thedailystar.net/book-reviews/news/testimony-the-cruel-birth-bangladesh-2035281,search:declassified US documents 1971 Bangladesh
https://www.thedailystar.net/news/bangladesh/news/revisiting-memories-struggle-and-sacrifice-3282476,search:Liberation War Museum 1971
https://www.thedailystar.net/news-detail-228723,search:Rashid Talukder 1971 photographs
https://www.thedailystar.net/my-dhaka/news/rise-nation-3605406,search:Rashid Talukder 1971 photographs
https://www.thedailystar.net/arts-entertainment/bangladesh-brutal-birth-169861,search:Kishor Parekh 1971 photographs
https://www.thedailystar.net/opinion/views/news/remembering-raghu-rai-and-the-light-he-left-behind-4162421,search:Raghu Rai 1971 refugees
https://www.thedailystar.net/news/the-testimony-of-sixty,search:1971 oral history testimony
https://www.thedailystar.net/daily-star-books/news/memoirs-our-unsung-heroes-3447291,search:1971 memoir book review
https://www.thedailystar.net/opinion/views/the-third-view/news/the-war-we-need-know-so-much-more-about-3577021,search:liberation war history book review
https://www.thedailystar.net/daily-star-books/news/the-records-resilience-3421876,search:liberation war history book review
https://www.thedailystar.net/news-detail-247865,search:Pakistan army officer 1971 East Pakistan memoir
https://www.thedailystar.net/news/bangladesh/news/indomitable-march-meeting-yahya-or-not-3564776,search:Pakistan army officer 1971 East Pakistan memoir
https://www.thedailystar.net/shout/news/how-the-youth-gave-us-independence-2066321,search:West Pakistan dissent 1971
https://www.thedailystar.net/literature/they-also-were-involved-1535878,search:Pakistani writers 1971 Bangladesh
https://www.thedailystar.net/backpage/news/dangerous-dissent-2072709,search:Bengali diplomats defected 1971
https://www.thedailystar.net/shout/news/the-history-shadhin-bangla-football-team-3283816,search:Swadhin Bangla football team 1971
https://www.thedailystar.net/opinion/news/sports-and-the-struggle-identity-1950825,search:Swadhin Bangla football team 1971
https://www.thedailystar.net/news/a-clarion-call,search:Hindu minorities 1971 persecution
https://www.thedailystar.net/city/news/untold-tales-unsung-heroes-1674235,search:adivasi freedom fighters 1971
https://www.thedailystar.net/news/bangladesh/news/remembering-crack-platoon-hero-2200311,search:Garo 1971 liberation war
https://www.thedailystar.net/lifestyle/spotlight/news/walk-down-jessore-road-1720249,search:refugees Kolkata 1971
https://www.thedailystar.net/news/bangladesh/news/images-carnage-hope-and-victory-2914216,search:refugees Kolkata 1971
https://www.thedailystar.net/opinion/views/winkers-aweigh/news/jamaat-leaders-apology-and-the-bigger-question-3907961,search:Ghulam Azam 1971 role
https://www.thedailystar.net/news-detail-9116,search:Jamaat 1971 role
https://www.thedailystar.net/country/news/dozen-mass-graves-lalmonirhat-lie-neglected-2072301,search:mass graves 1971 preservation
https://www.thedailystar.net/city/news/withstanding-the-test-time-2049005,search:remembering 1971 2009
https://www.thedailystar.net/news-detail-25516,search:liberation war 2010 article
https://www.thedailystar.net/news-detail-40021,search:Six Point movement 1966
https://www.thedailystar.net/news-detail-237295,search:Six Point movement 1966
https://www.thedailystar.net/news/bangladesh/news/chronicling-bangladeshs-birth-tumultuous-1960s-3575041,search:7 June 1966 Six Points
https://www.thedailystar.net/news-detail-238011,search:Agartala Conspiracy Case
https://www.thedailystar.net/news-detail-41580,search:Agartala Conspiracy Case
https://www.thedailystar.net/news/bangladesh/news/how-our-red-and-green-came-be-3777466,search:Agartala Conspiracy Case
https://www.thedailystar.net/news-detail-169644,search:Agartala Conspiracy Case
https://www.thedailystar.net/sergeant-zahurul-haque-64870,search:Sergeant Zahurul Haque 1969
https://www.thedailystar.net/lifestyle/accused-17-73091,search:Sergeant Zahurul Haque 1969
https://www.thedailystar.net/lifestyle/special-feature/flags-through-the-ages-187219,search:Sergeant Zahurul Haque 1969
https://www.thedailystar.net/news-detail-223317,search:Sergeant Zahurul Haque 1969
https://www.thedailystar.net/news-detail-246576,search:Sergeant Zahurul Haque 1969
https://www.thedailystar.net/news/bangladesh/special-read/news/shaheed-asad-the-spark-lit-fuse-1969-3523991,search:Asad 1969 mass uprising
https://www.thedailystar.net/star-weekend/news/story-untold-1737682,search:Asad 1969 mass uprising
https://www.thedailystar.net/opinion/interviews/news/mass-uprising-was-dress-rehearsal-our-brightest-achievements-2032693,search:1969 mass upsurge eleven point
https://www.thedailystar.net/lifestyle/spotlight/news/the-agony-war-1837702,search:1970 election Awami League
https://www.thedailystar.net/opinion/views/book-review/news/two-storms-and-nations-birth-3363411,search:1970 Bhola cyclone East Pakistan
https://www.thedailystar.net/environment/climate-crisis/natural-disaster/news/november-12-bhola-cyclone-day-horror-3167201,search:1970 Bhola cyclone East Pakistan
https://www.thedailystar.net/ayubs-diaries-43166,search:Ayub Khan East Pakistan disparity
https://www.thedailystar.net/book-reviews/news/prelude-national-disintegration-2050893,search:Ayub Khan East Pakistan disparity
https://www.thedailystar.net/news-detail-106083,search:1962 education movement East Pakistan
https://www.thedailystar.net/news-detail-55573,search:1962 education movement East Pakistan
https://www.thedailystar.net/news/bangladesh/news/inner-group-the-first-push-liberation-3574341,search:1962 education movement East Pakistan
https://www.thedailystar.net/news/bangladesh/news/the-word-bangladesh-journey-literature-politics-3280571,search:1962 education movement East Pakistan
https://www.thedailystar.net/our-first-eternal-flame-12248,search:1962 education movement East Pakistan
https://www.thedailystar.net/news/bangladesh/news/the-seed-independence-3829676,search:Language Movement 1952 history
https://www.thedailystar.net/news/bangladesh/news/the-first-shaheed-minar-3813186,search:Language Movement 1952 history
https://www.thedailystar.net/city/news/the-unrecognisable-epicentre-ekushey-1870591,search:Salam Barkat Rafiq Jabbar
https://www.thedailystar.net/news-detail-76812,search:Salam Barkat Rafiq Jabbar
https://www.thedailystar.net/news-detail-23132,search:Shafiur Rahman language martyr
https://www.thedailystar.net/news-detail-174831,search:Shafiur Rahman language martyr
https://www.thedailystar.net/city/news/abul-barkat-memorial-museum-pride-and-inspiration-1871482,search:Abul Barkat language martyr
https://www.thedailystar.net/star-weekend/heritage/monument-souls-574186,search:Abul Barkat language martyr
https://www.thedailystar.net/news-detail-61695,search:Rafiquddin Ahmed language martyr
https://www.thedailystar.net/news-detail-127064,search:Rafiquddin Ahmed language martyr
https://www.thedailystar.net/jinnah-at-curzon-hall-10668,search:Jinnah 1948 Urdu Dhaka
https://www.thedailystar.net/news/ekushey-a-turning-point-in-our-history,search:Jinnah 1948 Urdu Dhaka
https://www.thedailystar.net/news/bangladesh/news/hundreds-women-march-barishal-3830321,search:Rashtrabhasha Sangram Parishad
https://www.thedailystar.net/news/bangladesh/news/gone-are-the-days-thunder-2962351,search:Rashtrabhasha Sangram Parishad
https://www.thedailystar.net/news/bangladesh/news/kushtia-erupts-protest-3818111,search:Tamaddun Majlish
https://www.thedailystar.net/news/bangladesh/news/tumultuous-history-2955891,search:Gaziul Haque language movement
https://www.thedailystar.net/news/bangladesh/news/the-first-shaheed-minar-2960406,search:Gaziul Haque language movement
https://www.thedailystar.net/news-detail-174850,search:Bhasha Matin Abdul Matin
https://www.thedailystar.net/news/bangladesh/news/amar-ekushey-pearu-sardar-and-dhakas-first-shaheed-minar-4110471,search:Bhasha Matin Abdul Matin
https://www.thedailystar.net/news/bangladesh/news/feb-21-gets-its-first-poem-port-city-3828881,search:Language Movement Chattogram 1952
https://www.thedailystar.net/news/bangladesh/news/language-debate-pak-era-went-beyond-religion-4108751,search:Language Movement Chattogram 1952
https://www.thedailystar.net/news/bangladesh/news/sylhet-dailies-lead-call-bangla-3826981,search:Language Movement Sylhet 1952
https://www.thedailystar.net/country/news/language-pioneers-museum-sylhets-cultural-wealth-173965,search:Language Movement Sylhet 1952
https://www.thedailystar.net/news-detail-75281,search:Language Movement Sylhet 1952
https://www.thedailystar.net/news/bangladesh/news/the-forgotten-heroes-3549851,search:first Shaheed Minar 1952
https://www.thedailystar.net/news-detail-23133,search:Language Movement veterans
https://www.thedailystar.net/city/news/somela-rahman-unsung-language-hero-2048429,search:Language Movement veterans
https://www.thedailystar.net/backpage/news/21-forever-1705738,search:Amar Ekushey song history 1952
https://www.thedailystar.net/news-detail-223193,search:11 March 1948 language strike
https://www.thedailystar.net/news/bangladesh/news/10th-grader-takes-down-pakistan-flag-3828001,search:Language Movement district
https://www.thedailystar.net/news/bangladesh/news/creative-resistance-kurigram-3824296,search:Language Movement district
https://www.thedailystar.net/news-detail-174301,search:Language Movement district
https://www.thedailystar.net/news-detail-124126,search:Independence Day special 2008
https://www.thedailystar.net/news/bangladesh/news/amar-bhai-er-rokte-rangano-ekushey-february-4111821,push:sitemap-review
https://www.thedailystar.net/news/bangladesh/news/indomitable-march-tikka-khans-oath-hiccup-3561611,push:sitemap-review
https://www.thedailystar.net/news/bangladesh/news/indomitable-march-cold-welcome-yahya-3567066,push:sitemap-review
https://www.thedailystar.net/news/bangladesh/news/indomitable-march-mujib-yahya-talk-continues-3568281,push:sitemap-review
https://www.thedailystar.net/news/bangladesh/news/indomitable-march-bhutto-faces-mass-protest-dhaka-3571456,push:sitemap-review
https://www.thedailystar.net/news/bangladesh/news/indomitable-march-the-tripartite-meeting-mujib-yahya-and-bhutto-3572241,push:sitemap-review
https://www.thedailystar.net/news/bangladesh/news/recognise-pakistan-armys-brutality-genocide-3280456,push:sitemap-review
https://www.thedailystar.net/news/bangladesh/diplomacy/news/genocide-day-has-intl-relevance-3280821,push:sitemap-review
https://www.thedailystar.net/news/bangladesh/news/take-steps-get-intl-recognition-genocide-2990646,push:sitemap-review
https://www.thedailystar.net/news/bangladesh/news/intl-recognition-genocide-must-2990746,push:sitemap-review
https://www.thedailystar.net/bangladesh/news/yahya-banned-awami-league-2119433,push:sitemap-review
https://www.thedailystar.net/news/bangladesh/news/arms-shipment-condoning-genocide-2127816,push:sitemap-review
https://www.thedailystar.net/news/bangladesh/news/bangabandhu-will-be-put-trial-very-soon-yahya-2133466,push:sitemap-review
https://www.thedailystar.net/news/bangladesh/news/yahya-trying-hide-his-shame-shehabuddin-2134146,push:sitemap-review
https://www.thedailystar.net/news/bangladesh/news/un-send-team-east-pakistan-2141036,push:sitemap-review
https://www.thedailystar.net/news/bangladesh/news/freedom-fighters-strength-growing-admits-yahya-2142521,push:sitemap-review
https://www.thedailystar.net/news/bangladesh/news/indira-gandhi-writes-nixon-2146546,push:sitemap-review
https://www.thedailystar.net/news/bangladesh/news/yahya-speaks-mediation-2147266,push:sitemap-review
https://www.thedailystar.net/news/bangladesh/news/yahya-power-maniac-2151106,push:sitemap-review
https://www.thedailystar.net/news/bangladesh/news/kennedy-terms-pakistani-drive-genocide-2153126,push:sitemap-review
https://www.thedailystar.net/news/bangladesh/news/serious-insurgency-movement-east-pakistan-kissinger-2154706,push:sitemap-review
https://www.thedailystar.net/news/bangladesh/news/yahya-discusses-trial-bangabandhu-2156466,push:sitemap-review
https://www.thedailystar.net/news/bangladesh/news/indira-writes-chou-bangladesh-2159361,push:sitemap-review
https://www.thedailystar.net/news/bangladesh/news/when-my-soldiers-kill-they-do-it-cleanly-yahya-2165591,push:sitemap-review
https://www.thedailystar.net/news/bangladesh/news/bangladeshs-reply-yahya-2167931,push:sitemap-review
https://www.thedailystar.net/news/bangladesh/news/yahya-accepts-us-proposal-mutual-withdrawal-2195611,push:sitemap-review
https://www.thedailystar.net/news/bangladesh/news/yahya-call-assembly-session-dec-27-2196261,push:sitemap-review
https://www.thedailystar.net/news/bangladesh/news/yahya-podgorny-meeting-iran-2199181,push:sitemap-review
https://www.thedailystar.net/news/bangladesh/news/indira-rules-out-talks-yahya-2201651,push:sitemap-review
https://www.thedailystar.net/news/bangladesh/news/indira-mission-the-west-2204071,push:sitemap-review
https://www.thedailystar.net/news/bangladesh/news/indira-bars-provocation-2205706,push:sitemap-review
https://www.thedailystar.net/news/bangladesh/news/i-am-sitting-the-top-volcano-indira-2210146,push:sitemap-review
https://www.thedailystar.net/news/bangladesh/news/war-imminent-yahya-2211031,push:sitemap-review
https://www.thedailystar.net/news/bangladesh/news/indira-nixon-confer-2221611,push:sitemap-review
https://www.thedailystar.net/news/bangladesh/news/east-bengal-cant-remain-united-pakistan-indira-2224406,push:sitemap-review
https://www.thedailystar.net/news/bangladesh/news/indira-rules-out-tashkent-type-talks-2227831,push:sitemap-review
https://www.thedailystar.net/news/bangladesh/news/bangladesh-issue-may-be-solved-month-or-two-indira-2230836,push:sitemap-review
https://www.thedailystar.net/news/bangladesh/news/indira-rejects-thants-proposal-2232621,push:sitemap-review
https://www.thedailystar.net/news/bangladesh/news/yahya-offers-friendship-2233471,push:sitemap-review
https://www.thedailystar.net/news/bangladesh/news/yahya-declined-discuss-mujib-2234076,push:sitemap-review
https://www.thedailystar.net/news/bangladesh/news/point-no-return-yahya-2902221,push:sitemap-review
https://www.thedailystar.net/news/bangladesh/news/i-would-the-indians-be-embarrassed-nixon-2903011,push:sitemap-review
https://www.thedailystar.net/news/bangladesh/news/no-justice-expected-security-council-indira-2904336,push:sitemap-review
https://www.thedailystar.net/news/bangladesh/news/indira-wants-pak-troop-withdrawn-bangladesh-2905961,push:sitemap-review
https://www.thedailystar.net/entertainment/news/portraying-genocide-across-64-districts-2907181,push:sitemap-review
https://www.thedailystar.net/news/bangladesh/news/pressure-india-wont-work-indira-2907841,push:sitemap-review
https://www.thedailystar.net/news/bangladesh/news/today-the-war-bangladesh-has-become-war-india-indira-2908451,push:sitemap-review
https://www.thedailystar.net/news/bangladesh/news/my-aim-make-pakistan-armed-forces-surrender-lt-gen-aurora-2909081,push:sitemap-review
https://www.thedailystar.net/news/bangladesh/news/bhutto-walks-out-tears-2917766,push:sitemap-review
https://www.thedailystar.net/city/news/ekushey-forever-breaking-the-barrier-language-1871449,push:sitemap-review
https://www.thedailystar.net/city/news/govt-must-work-official-un-recognition-genocide-1838293,push:sitemap-review
https://www.thedailystar.net/city/news/gen-jacobs-wit-made-pak-army-surrender-210016,push:sitemap-review
https://www.thedailystar.net/city/news/prof-zohas-sacrifice-accelerated-1969-mass-upsurge-574585,push:sitemap-review
https://www.thedailystar.net/country/news/war-heroine-biva-struggles-survival-challenged-son-1326790,push:sitemap-review
https://www.thedailystar.net/country/news/people-pabna-remember-1971s-first-resistance-fight-78555,push:sitemap-review
https://www.thedailystar.net/city/news/find-out-all-war-heroines-184066,push:sitemap-review
https://www.thedailystar.net/news/ekushey-had-to-happen,push:sitemap-review
https://www.thedailystar.net/news/ekushey-a-tale-of-the-soul,push:sitemap-review
https://www.thedailystar.net/news/yahya-flies-into-bangalee-militancy,push:sitemap-review
https://www.thedailystar.net/news/march-1971-march-2013,push:sitemap-review
https://www.thedailystar.net/news/six-points-and-june-7-1966,push:sitemap-review
https://www.thedailystar.net/news/when-bhutto-forgot-his-people,push:sitemap-review
https://www.thedailystar.net/news/the-agonies-of-war-heroines,push:sitemap-review
https://www.thedailystar.net/news/he-rallied-for-mujib-against-yahya,push:sitemap-review
https://www.thedailystar.net/news/those-bengalis-in-west-pakistan,push:sitemap-review
https://www.thedailystar.net/news/nixon-branded-envoy-to-india-as-a-traitor,push:sitemap-review
https://www.thedailystar.net/news/phulbari-tasted-freedom-on-this-day-in-1971,push:sitemap-review
https://www.thedailystar.net/news/bochaganj-jhenidah-were-freed-on-this-day-in-1971,push:sitemap-review
https://www.thedailystar.net/news/patuakhali-was-freed-on-this-day-in-1971,push:sitemap-review
https://www.thedailystar.net/news/chapainawabganj-was-freed-on-this-day-in-1971,push:sitemap-review
https://www.thedailystar.net/news/war-heroine-momtaj-suffers-from-neglect,push:sitemap-review
https://www.thedailystar.net/news/bangladesh/news/morar-bhita-massacre-site-still-frozen-fear-4135086,push:sitemap-review
https://www.thedailystar.net/news/bangladesh/news/the-second-shaheed-minar-3814716,push:sitemap-review
https://www.thedailystar.net/news/bangladesh/news/freedom-fighter-sakhina-now-battling-old-age-and-illness-3858051,push:sitemap-review
https://www.thedailystar.net/news/bangladesh/transport/news/barla-massacre-memory-still-painful-yet-be-recognised-3858166,push:sitemap-review
https://www.thedailystar.net/news/bangladesh/news/martyr-without-country-3875351,push:sitemap-review
https://www.thedailystar.net/news/bangladesh/news/who-freedom-fighter-3911231,push:sitemap-review
https://www.thedailystar.net/news/bangladesh/news/freedom-fighters-definition-confusion-debate-over-ordinance-3911121,push:sitemap-review
https://www.thedailystar.net/news/bangladesh/news/aburkhil-sanctuary-freedom-fighters-4047676,push:sitemap-review
https://www.thedailystar.net/news/bangladesh/news/basu-bahini-fierce-guerrilla-force-haor-4049281,push:sitemap-review
https://www.thedailystar.net/news/bangladesh/news/how-music-galvanised-the-struggle-freedom-3286391,push:sitemap-review
https://www.thedailystar.net/news/bangladesh/news/mass-grave-7-martyrs-lies-neglected-3409671,push:sitemap-review
https://www.thedailystar.net/news/bangladesh/news/photo-martyr-2961231,push:sitemap-review
https://www.thedailystar.net/news/bangladesh/news/remembering-teroshree-massacre-2987121,push:sitemap-review
https://www.thedailystar.net/news/news/when-bullets-couldnt-pierce-bravery-no-recognition-yet-martyrs-survivors-pabnas-dab-bagan-fight-3009436,push:sitemap-review
https://www.thedailystar.net/news/news/hadol-massacre-pabna-lost-pages-history-3029116,push:sitemap-review
https://www.thedailystar.net/city/news/the-guerrillas-destiny-2054701,push:sitemap-review
https://www.thedailystar.net/country/news/sahebpara-mass-grave-epitome-communal-harmony-2057469,push:sitemap-review
https://www.thedailystar.net/country/news/forgotten-graveyard-unforgettable-war-heroes-2059073,push:sitemap-review
https://www.thedailystar.net/country/news/freedom-fighter-toils-away-without-recognition-2064593,push:sitemap-review
https://www.thedailystar.net/country/news/freedom-fighter-fights-recognition-survival-2075653,push:sitemap-review
https://www.thedailystar.net/country/news/demra-massacre-how-far-the-state-recognition-the-martyrs-2093449,push:sitemap-review
https://www.thedailystar.net/news/bangladesh/news/pakistan-preparing-long-guerrilla-war-2139366,push:sitemap-review
https://www.thedailystar.net/news/bangladesh/news/recalling-the-mothers-housewives-who-stood-freedom-fighters-2164931,push:sitemap-review
https://www.thedailystar.net/news/bangladesh/news/recognition-ever-elusive-martyred-harijans-2235771,push:sitemap-review
https://www.thedailystar.net/news/bangladesh/news/the-man-who-smuggled-freedom-fighters-2911561,push:sitemap-review
https://www.thedailystar.net/city/news/historic-march-7-one-speech-thousands-voices-1877872,push:sitemap-review
https://www.thedailystar.net/city/news/recognise-them-freedom-fighters-1965977,push:sitemap-review
https://www.thedailystar.net/country/news/martyrs-who-still-remain-unrecognised-2012185,push:sitemap-review
https://www.thedailystar.net/city/news/what-does-liberation-mean-bangladeshis-2018833,push:sitemap-review
https://www.thedailystar.net/world/news/bits-history-march-26-1720873,push:sitemap-review
https://www.thedailystar.net/country/news/septuagenarian-freedom-fighters-different-fight-1731721,push:sitemap-review
https://www.thedailystar.net/country/news/mass-grave-250-ffs-lies-utter-neglect-1840390,push:sitemap-review
https://www.thedailystar.net/city/news/the-guerrilla-garo-hills-1840987,push:sitemap-review
https://www.thedailystar.net/city/too-little-done-freedom-fighter-1514746,push:sitemap-review
https://www.thedailystar.net/world/news/bits-history-december-14-1673740,push:sitemap-review
https://www.thedailystar.net/world/news/bits-history-december-15-1674346,push:sitemap-review
https://www.thedailystar.net/world/news/bits-history-december-16-1674769,push:sitemap-review
https://www.thedailystar.net/arts-entertainment/memories-their-martyred-father-1380382,push:sitemap-review
https://www.thedailystar.net/country/mother-waits-martyred-sons-recognition-1380583,push:sitemap-review
https://www.thedailystar.net/city/babla-bon-mass-grave-slips-oblivion-1381513,push:sitemap-review
https://www.thedailystar.net/country/killing-grounds-mass-graves-grabbed-1381756,push:sitemap-review
https://www.thedailystar.net/country/tale-unsung-war-heroes-1382386,push:sitemap-review
https://www.thedailystar.net/country/martyrs-graves-verge-disappearance-1508221,push:sitemap-review
https://www.thedailystar.net/arts-entertainment/interview/stories-independence-1330507,push:sitemap-review
https://www.thedailystar.net/video-stories/freedom-fighter-ahamed-ali-1332313,push:sitemap-review
https://www.thedailystar.net/city/news/save-historic-barisal-killing-field-143869,push:sitemap-review
https://www.thedailystar.net/news/the-guerrilla-speaks,push:sitemap-review
https://www.thedailystar.net/news/bangalee-nationalism-and-liberation-struggle-in-world-history,push:sitemap-review
https://www.thedailystar.net/news/ghosts-of-a-terrible-massacre,push:sitemap-review
https://www.thedailystar.net/news/our-four-brave-martyrs,push:sitemap-review
https://www.thedailystar.net/culture/news/farooki-calls-rethink-pro-liberation-vs-anti-liberation-narrative-4088001,push:sitemap-review
https://www.thedailystar.net/opinion/views/news/1969-2024-echoes-resistance-through-the-ages-3803291,push:sitemap-review
https://www.thedailystar.net/opinion/views/news/the-significance-march-7-3841106,push:sitemap-review
https://www.thedailystar.net/opinion/views/winkers-aweigh/news/political-expediency-and-the-narratives-our-liberation-3864886,push:sitemap-review
https://www.thedailystar.net/life-living/news/synonyms-bravery-martyrs-who-became-symbols-3955871,push:sitemap-review
https://www.thedailystar.net/opinion/views/news/unfinished-story-our-liberation-4058471,push:sitemap-review
https://www.thedailystar.net/opinion/views/news/preserving-8-theatre-road-our-liberation-wars-nerve-centre-4059401,push:sitemap-review
https://www.thedailystar.net/opinion/editorial/news/lets-transform-our-victory-progress-4059406,push:sitemap-review
https://www.thedailystar.net/my-dhaka/news/remembering-shaheed-shafi-imam-rumi-memories-brother-3516696,push:sitemap-review
https://www.thedailystar.net/opinion/views/news/bangabandhus-march-7-speech-linguistic-marvel-3560596,push:sitemap-review
https://www.thedailystar.net/star-literature/news/byting-wisely-the-varying-narratives-nationalism-and-independence-3575526,push:sitemap-review
https://www.thedailystar.net/opinion/views/news/victory-and-vandalism-why-do-we-never-learn-3670761,push:sitemap-review
https://www.thedailystar.net/opinion/views/news/the-cadences-peoples-victory-3670866,push:sitemap-review
https://www.thedailystar.net/opinion/views/news/we-must-not-allow-sacrifices-the-martyrs-go-vain-3695391,push:sitemap-review
https://www.thedailystar.net/star-literature/news/shadhin-3700616,push:sitemap-review
https://www.thedailystar.net/books-literature/news/intellectual-debt-worth-remembering-3757846,push:sitemap-review
https://www.thedailystar.net/opinion/views/news/december-16-proudly-celebrated-not-seriously-studied-3776951,push:sitemap-review
https://www.thedailystar.net/opinion/views/news/bond-developed-over-our-love-independence-3244151,push:sitemap-review
https://www.thedailystar.net/weekend-read/news/the-manifesto-independence-3262526,push:sitemap-review
https://www.thedailystar.net/daily-star-books/news/refugees-tale-calcutta-3278596,push:sitemap-review
https://www.thedailystar.net/weekend-read/news/haunting-memories-jinjira-massacre-3291731,push:sitemap-review
https://www.thedailystar.net/daily-star-books/news/when-the-message-bangladeshs-liberation-travelled-two-wheels-3323246,push:sitemap-review
https://www.thedailystar.net/opinion/news/december-16-who-will-be-the-next-niazi-3507211,push:sitemap-review
https://www.thedailystar.net/views/opinion/news/intellectual-instinct-revolutionary-choice-2930901,push:sitemap-review
https://www.thedailystar.net/views/opinion/news/mass-uprising-day-dhaka-1969-2945741,push:sitemap-review
https://www.thedailystar.net/views/editorial/news/war-heroine-cant-beg-survival-2948011,push:sitemap-review
https://www.thedailystar.net/opinion/blowin-the-wind/news/historic-march-7-setting-nation-the-march-2977166,push:sitemap-review
https://www.thedailystar.net/life-living/fashion-beauty/news/colours-independence-2987281,push:sitemap-review
https://www.thedailystar.net/supplements/celebrating-51-years-independence/news/editors-note-2990426,push:sitemap-review
https://www.thedailystar.net/supplements/celebrating-51-years-independence/news/remembering-shaheed-lt-col-syed-abdul-hai-2990441,push:sitemap-review
https://www.thedailystar.net/daily-star-books/news/intellectual-biography-sheikh-mujibur-rahman-3042981,push:sitemap-review
https://www.thedailystar.net/daily-star-books/news/academics-discuss-afsan-chowdhurys-narider-ekattor-3150136,push:sitemap-review
https://www.thedailystar.net/opinion/editorial/news/give-guerrilla-hafiz-his-due-recognition-3151346,push:sitemap-review
https://www.thedailystar.net/opinion/views/news/little-known-initiative-help-the-war-babies-3197011,push:sitemap-review
https://www.thedailystar.net/opinion/news/the-biggest-way-show-respect-the-martyrs-know-their-history-well-2030677,push:sitemap-review
https://www.thedailystar.net/shout/fable-factory/news/what-liberation-means-me-2046493,push:sitemap-review
https://www.thedailystar.net/opinion/news/agartala-case-provided-spark-our-dream-independence-2048817,push:sitemap-review
https://www.thedailystar.net/opinion/news/the-native-refugees-2050689,push:sitemap-review
https://www.thedailystar.net/lifestyle/cover-story/news/celebrating-50-years-independence-2065181,push:sitemap-review
https://www.thedailystar.net/shout/news/the-eve-independence-2066413,push:sitemap-review
https://www.thedailystar.net/editorial/news/50-years-bangladeshs-independence-2066937,push:sitemap-review
https://www.thedailystar.net/lifestyle/news/slogans-freedom-the-daily-star-celebrates-50-years-independence-2067193,push:sitemap-review
https://www.thedailystar.net/opinion/news/what-liberation-means-millennials-me-2067297,push:sitemap-review
https://www.thedailystar.net/lifestyle/news/slogans-freedom-the-daily-star-celebrates-50-years-independence-2068305,push:sitemap-review
https://www.thedailystar.net/opinion/news/did-our-independence-decolonise-our-consciousness-2071021,push:sitemap-review
https://www.thedailystar.net/culture/art-design/painting-illustration/news/recognise-artists-who-campaigned-independence-2173811,push:sitemap-review
https://www.thedailystar.net/views/opinion/news/bijoyphool-symbol-our-struggle-and-victory-2906791,push:sitemap-review
https://www.thedailystar.net/shout/news/walk-victory-2917621,push:sitemap-review
https://www.thedailystar.net/daily-star-books/news/untold-stories-war-heroines-revisiting-rizia-rahmans-rokter-okshor-2920326,push:sitemap-review
https://www.thedailystar.net/supplements/news/beyond-liberation-1851841,push:sitemap-review
https://www.thedailystar.net/opinion/straight-line/news/bangabandhus-galvanising-speech-march-7-1877350,push:sitemap-review
https://www.thedailystar.net/supplements/news/bangabandhus-march-7-press-statement-1877401,push:sitemap-review
https://www.thedailystar.net/supplements/news/how-the-us-saw-march-7-speech-1877434,push:sitemap-review
https://www.thedailystar.net/supplements/news/bangabandhus-vision-independence-1886149,push:sitemap-review
https://www.thedailystar.net/book-reviews/news/intellectual-his-finest-1919893,push:sitemap-review
https://www.thedailystar.net/opinion/news/abu-osman-chowdhury-unsung-hero-the-war-liberation-1970297,push:sitemap-review
https://www.thedailystar.net/lifestyle/news/shahzaman-mozumder-bir-protik-the-king-dhaka-no-more-2004693,push:sitemap-review
https://www.thedailystar.net/opinion/news/kazi-salauddin-warrior-and-martyr-2008137,push:sitemap-review
https://www.thedailystar.net/literature/news/victory-i-have-seen-1715653,push:sitemap-review
https://www.thedailystar.net/literature/news/independence-how-word-became-ours-1719163,push:sitemap-review
https://www.thedailystar.net/star-weekend/mailbox/news/remembering-march-26-1721590,push:sitemap-review
https://www.thedailystar.net/star-weekend/news/workers-role-the-1969-gherao-movement-1737676,push:sitemap-review
https://www.thedailystar.net/lifestyle/cover-story/news/witness-victory-1837705,push:sitemap-review
https://www.thedailystar.net/editorial/news/have-we-fulfilled-the-dreams-our-martyrs-1841032,push:sitemap-review
https://www.thedailystar.net/opinion/news/how-could-we-forget-our-women-martyrs-1841143,push:sitemap-review
https://www.thedailystar.net/lifestyle/perspective/ode-loss-and-victory-1549999,push:sitemap-review
https://www.thedailystar.net/star-weekend/travelogue/ambling-through-the-city-victory-1551919,push:sitemap-review
https://www.thedailystar.net/editorial/observing-47-years-independence-1553293,push:sitemap-review
https://www.thedailystar.net/lifestyle/news-flash/celebrating-independence-1556569,push:sitemap-review
https://www.thedailystar.net/supplements/declaration-independence-1599409,push:sitemap-review
https://www.thedailystar.net/lifestyle/perspective/news/witness-victory-1671775,push:sitemap-review
https://www.thedailystar.net/editorial/news/recognise-the-families-the-martyrs-1673698,push:sitemap-review
https://www.thedailystar.net/literature/news/ekattorer-chithi-1673725,push:sitemap-review
https://www.thedailystar.net/opinion/news/have-we-been-faithful-the-martyrs-1674142,push:sitemap-review
https://www.thedailystar.net/opinion/politics/news/bangladesh-47th-anniversary-victory-1674151,push:sitemap-review
https://www.thedailystar.net/editorial/news/make-victory-meaningful-1674169,push:sitemap-review
https://www.thedailystar.net/opinion/news/our-constitution-and-the-goals-independence-1674445,push:sitemap-review
https://www.thedailystar.net/opinion/politics/news/our-constitution-and-the-goals-independence-1675189,push:sitemap-review
https://www.thedailystar.net/lifestyle/news-flash/news/war-heroines-dolonchapa-1677781,push:sitemap-review
https://www.thedailystar.net/literature/news/courageous-martyr-1341364,push:sitemap-review
https://www.thedailystar.net/op-ed/yahya-does-not-believe-pakistan-can-be-held-together-force-1374367,push:sitemap-review
https://www.thedailystar.net/op-ed/politics/yahya-and-mujib-have-already-agreed-the-broad-outlines-solution-1374835,push:sitemap-review
https://www.thedailystar.net/star-weekend/animal-wellfare/new-victory-the-horizon-1377076,push:sitemap-review
https://www.thedailystar.net/lifestyle/special-feature/independence-liberation-1378843,push:sitemap-review
https://www.thedailystar.net/editorial/46-years-our-independence-1381267,push:sitemap-review
https://www.thedailystar.net/law-our-rights/towards-independence-1382536,push:sitemap-review
https://www.thedailystar.net/opinion/researchmesearch/independence-tokenism-1398913,push:sitemap-review
https://www.thedailystar.net/lifestyle/eating-out/sector-7-1441564,push:sitemap-review
https://www.thedailystar.net/book-reviews/the-war-heroines-i-will-speak-1469722,push:sitemap-review
https://www.thedailystar.net/star-weekend/the-shadow-violence/born-refugee-1474945,push:sitemap-review
https://www.thedailystar.net/editorial/utter-disrespect-our-martyrs-1504066,push:sitemap-review
https://www.thedailystar.net/op-ed/who-was-liar-yahya-or-bhutto-200383,push:sitemap-review
https://www.thedailystar.net/star-weekend/mad-genius/general-muahammad-ataul-gani-osmani-789235,push:sitemap-review
https://www.thedailystar.net/op-ed/politics/confusing-war-liberation-1204732,push:sitemap-review
https://www.thedailystar.net/op-ed/politics/my-friend-shaheed-sheikh-kamal-1269712,push:sitemap-review
https://www.thedailystar.net/book-reviews/tribute-indira-gandhi-1284430,push:sitemap-review
https://www.thedailystar.net/op-ed/consolidate-the-gains-liberation-1330411,push:sitemap-review
https://www.thedailystar.net/op-ed/the-joy-victory-and-many-defeats-1330426,push:sitemap-review
https://www.thedailystar.net/star-weekend/cover-story/songs-victory-1330780,push:sitemap-review
https://www.thedailystar.net/lifestyle/special-feature/moment-surrender-2128,push:sitemap-review
https://www.thedailystar.net/op-ed/politics/march-7-eye-witness-account-70430,push:sitemap-review
https://www.thedailystar.net/shout/single-review/amrai-anbo-bijoy-the-war-begins-70727,push:sitemap-review
https://www.thedailystar.net/op-ed/politics/victory-mother-victory-71326,push:sitemap-review
https://www.thedailystar.net/op-ed/politics/searchlight-spotlight-73159,push:sitemap-review
https://www.thedailystar.net/op-ed/politics/the-independence-movement-bangladesh-73172,push:sitemap-review
https://www.thedailystar.net/star-weekend/cover-story/the-meaning-independence-73694,push:sitemap-review
https://www.thedailystar.net/op-ed/how-many-more-mass-graves-need-be-unearthed-81697,push:sitemap-review
https://www.thedailystar.net/lifestyle/event/liberation-the-spirit-96946,push:sitemap-review
https://www.thedailystar.net/book-reviews/ekattorer-ekattor-nari-124588,push:sitemap-review
https://www.thedailystar.net/op-ed/politics/bangabandhu-the-statesman-hero-and-the-martyr-127045,push:sitemap-review
https://www.thedailystar.net/lifestyle/colours-victory-187213,push:sitemap-review
https://www.thedailystar.net/editorial/the-true-taste-victory-187645,push:sitemap-review
https://www.thedailystar.net/op-ed/between-liberation-and-freedom-reflections-the-constituent-assembly-debate-187660,push:sitemap-review
https://www.thedailystar.net/supplements/indira-gandhi-mujib-must-be-freed-187990,push:sitemap-review
https://www.thedailystar.net/supplements/remembering-shaheed-captain-aftab-qader-bir-uttam-188017,push:sitemap-review
https://www.thedailystar.net/supplements/victory-the-diplomatic-front-188023,push:sitemap-review
https://www.thedailystar.net/star-weekend/victory-the-streets-188680,push:sitemap-review
https://www.thedailystar.net/supplements/victory-day-special-2017/1971-and-after-participant-observers-frayed-recollections,push:sitemap-review
https://www.thedailystar.net/footages-1971-liberation-war/killing-grounds/most-mass-graves-still-unmarked-3-southern-districts,push:sitemap-review
https://www.thedailystar.net/supplements/independence-day-special-2015/submariners-heroism-and-the-first-military-response-france,push:sitemap-review
https://www.thedailystar.net/supplements/independence-day-special-2015/when-the-war-was-over-our-struggle-ended-the-struggle-the,push:sitemap-review
https://www.thedailystar.net/supplements/independence-day-special-2015/there-should-not-be-any-doubt-about-the-trial-process,push:sitemap-review
https://www.thedailystar.net/supplements/independence-day-special-2015/genocide-very-often-response-extreme-political-threat,push:sitemap-review
https://www.thedailystar.net/news/judicial-notice-shahbaghh-movement-and-criticism-freshness-and-positivity-for-international-crimes-tribunal,push:sitemap-review
https://www.thedailystar.net/news/bangladesh-1971-a-forgotten-genocide,push:sitemap-review
https://www.thedailystar.net/news/prosecuting-1971-rapes-and-other-sexual-violence-crimes,push:sitemap-review
https://www.thedailystar.net/news/make-country-razakar-free,push:sitemap-review
https://www.thedailystar.net/news/depicting-the-spirit-of-women-during-liberation-war,push:sitemap-review
https://www.thedailystar.net/news/ignoring-genocide,push:sitemap-review
https://www.thedailystar.net/news/understanding-genocide,push:sitemap-review
https://www.thedailystar.net/news/mass-killing-rape-can-be-termed-genocide,push:sitemap-review
https://www.thedailystar.net/news/abdul-jabbar-inspiring-the-nation-in-71-through-songs,push:sitemap-review
https://www.thedailystar.net/news/1971-expectations-yet-to-be-fulfilled,push:sitemap-review
https://www.thedailystar.net/news/1971-legacy-revisited,push:sitemap-review
https://www.thedailystar.net/news/bangladesh-joining-the-global-initiatives-to-address-genocide,push:sitemap-review
https://www.thedailystar.net/news/liberation-war,push:sitemap-review
https://www.thedailystar.net/news/genocide-what-does-it-really-mean,push:sitemap-review
https://www.thedailystar.net/news/a-marked-man-in-1971-2,push:sitemap-review
https://www.thedailystar.net/news/countrywide-genocide-on,push:sitemap-review
https://www.thedailystar.net/news/not-enough-works-on-psychological-conflict-during-liberation-war-ataur-rahman,push:sitemap-review
https://www.thedailystar.net/news/pak-army-razakars-killed-600-on-this-day-in-lalmonirhat,push:sitemap-review
https://www.thedailystar.net/news/finish-war-crimes-trial-soon,push:sitemap-review
https://www.thedailystar.net/news/war-crimes-trial-a-big-challenge,push:sitemap-review
https://www.thedailystar.net/news/bringing-back-71,push:sitemap-review
https://www.thedailystar.net/news/the-mujibnagar-ethos,push:sitemap-review
https://www.thedailystar.net/news/once-valiant-ff-now-hounded-by-razakars,push:sitemap-review
https://www.thedailystar.net/news/woes-of-a-non-bengali-freedom-fighter,push:sitemap-review
https://www.thedailystar.net/news/shun-war-criminals,push:sitemap-review
https://www.thedailystar.net/news/oblivious-chapter-of-the-liberation-war,push:sitemap-review
https://www.thedailystar.net/news/war-crimes-trial-progress-report,push:sitemap-review
https://www.thedailystar.net/news/it-was-one-of-top-five-genocide,push:sitemap-review
https://www.thedailystar.net/news/war-crimes-trial-we-should-be-united-behind-it,push:sitemap-review
https://www.thedailystar.net/news/war-crimes-trial-progress-report-2,push:sitemap-review
https://www.thedailystar.net/news/tajuddin-ahmed-our-lost-leader,push:sitemap-review
https://www.thedailystar.net/news/war-crimes-trial-we-should-be-united-behind-it-2,push:sitemap-review
https://www.thedailystar.net/news/its-true-71,push:sitemap-review
https://www.thedailystar.net/news/tribute-to-a-liberation-war-hero,push:sitemap-review
https://www.thedailystar.net/news/a-safe-haven-for-war-criminals,push:sitemap-review
https://www.thedailystar.net/news/pakistan-and-our-buzurg-war-criminal,push:sitemap-review
https://www.thedailystar.net/news/1971-ideals-must-be-defended,push:sitemap-review
https://www.thedailystar.net/news/bringing-forth-unsung-tales-of-birangonas,push:sitemap-review
https://www.thedailystar.net/news/rein-in-pro-war-criminal-hooligans,push:sitemap-review
https://www.thedailystar.net/news/why-is-bnp-so-ambivalent-about-the-war-crimes-trial,push:sitemap-review
https://www.thedailystar.net/news/war-crimes-trial-and-failure-of-our-politics,push:sitemap-review
https://www.thedailystar.net/news/indira-counted-on-his-advice-in-71,push:sitemap-review
https://www.thedailystar.net/news/legitimate-demands-for-war-crimes-trials-do-not-justify-turning-a-blind-eye-on-standards,push:sitemap-review
https://www.thedailystar.net/news/war-crimes-1971-memories-and-justice,push:sitemap-review
https://www.thedailystar.net/news/nixon-kissinger-and-bangladesh-genocide,push:sitemap-review
https://www.thedailystar.net/news/it-can-be-classed-as-war-crimes,push:sitemap-review
https://www.thedailystar.net/news/pabna-killings-in-71-by-naxals-not-pak-army,push:sitemap-review
https://www.thedailystar.net/news/liberation-war-from-the-heart-of-our-mothers,push:sitemap-review
https://www.thedailystar.net/news/panchagarh-freed-this-day-in-71,push:sitemap-review
https://www.thedailystar.net/news/bogra-manikganj-were-freed-on-this-day-in-71,push:sitemap-review
https://www.thedailystar.net/news/the-commitment-of-the-martyred-intellectuals,push:sitemap-review
https://www.thedailystar.net/news/a-tribute-to-our-martyred-intellectuals,push:sitemap-review
https://www.thedailystar.net/news/prof-moazzem-hossain-sacrifices-of-a-martyred-freedom-fighter,push:sitemap-review
https://www.thedailystar.net/news/ravished-women-of-1971-for-whom-the-bell-tolls,push:sitemap-review
https://www.thedailystar.net/news/two-tales-of-victory-day,push:sitemap-review
https://www.thedailystar.net/news/genocide-2,push:sitemap-review
https://www.thedailystar.net/news/the-spirit-of-the-liberation-war-will-burn-bright-mahmuder-rahman-benu,push:sitemap-review
https://www.thedailystar.net/news/42-years-of-independence-reflections-of-a-freedom-fighter,push:sitemap-review
https://www.thedailystar.net/news/genocide-3,push:sitemap-review
https://www.thedailystar.net/news/blood-of-41-freedom-fighters-covered-the-grassy-plain-of-jhenidah-village,push:sitemap-review
https://www.thedailystar.net/news/61-embraced-martyrdom-in-madaripur-during-liberation-war,push:sitemap-review
https://www.thedailystar.net/news/kissinger-secretly-offered-help-to-china-against-soviets,push:sitemap-review
https://www.thedailystar.net/news/pabna-remembers-police-heroes-of-liberation-war,push:sitemap-review
https://www.thedailystar.net/news/many-aspects-of-71-tragedy-still-haunts-conscience-of-pakistanis,push:sitemap-review
https://www.thedailystar.net/entertainment/music/news/the-anthem-defiance-how-amar-bhaiyer-rokte-rangano-came-be-3829346,snowball:relevant
https://www.thedailystar.net/book-reviews/news/the-books-went-war-2089157,snowball:relevant
https://www.thedailystar.net/opinion/views/news/would-i-be-the-kind-person-forget-history-3857446,snowball:relevant
https://www.thedailystar.net/book-reviews/professor-nurul-islams-odyssey-1578118,snowball:relevant
https://www.thedailystar.net/opinion/views/news/bangladesh-pakistan-relations-reassessing-past-reimagining-future-3969346,snowball:relevant
https://www.thedailystar.net/wide-angle/memory-and-justice-3100,snowball:relevant
https://www.thedailystar.net/opinion/views/news/war-i-never-saw-inherited-4059391,snowball:relevant
https://www.thedailystar.net/opinion/views/blowin-the-wind/news/bangladeshs-journey-beyond-cold-war-realpolitik-3495701,snowball:relevant
https://www.thedailystar.net/opinion/views/blowin-the-wind/news/the-shadow-lines-bangladeshs-birth-3574676,snowball:relevant
https://www.thedailystar.net/opinion/views/news/stories-we-tell-ourselves-3280446,snowball:relevant
https://www.thedailystar.net/news/bangladesh/news/joy-bangla-the-making-peoples-slogan-3575016,snowball:relevant
https://www.thedailystar.net/frontpage/news/incidents-71-cannot-be-forgotten-forgiven-2005397,snowball:relevant
https://www.thedailystar.net/shift/steeped-history-1573654,snowball:relevant
https://www.thedailystar.net/opinion/editorial/news/let-day-remind-us-our-ambitions-3197601,snowball:relevant
https://www.thedailystar.net/editorial/news/the-power-the-mother-tongue-1870765,snowball:relevant
https://www.thedailystar.net/opinion/views/the-third-view/news/the-speech-emboldened-us-all-4122381,snowball:relevant
https://www.thedailystar.net/news/7-march-1971bangabandhus-finest-hour,push:sitemap-review
https://www.thedailystar.net/news/this-day-in-history-30,push:sitemap-review
https://www.thedailystar.net/news/backpage/tribute-ekattorer-janani-1628776,push:sitemap-review
https://www.thedailystar.net/news/this-day-in-history,push:sitemap-review
https://www.thedailystar.net/supplements/50-years-our-constitution-original-ideals-vs-reality/news/bangladesh-began-badly-remembering-the-roots-the-impasse-3160271,push:sitemap-review
https://www.thedailystar.net/supplements/celebrating-50-years-bangladesh/news/bangladesh-50-some-reflections-2066649,push:sitemap-review
https://www.thedailystar.net/supplements/celebrating-50-years-bangladesh/news/the-journey-50-looking-back-looking-ahead-2067117,push:sitemap-review
https://www.thedailystar.net/supplements/bangabandhus-birth-centenary-special/news/letter-manik-miah-1881841,push:sitemap-review
https://www.thedailystar.net/supplements/bangabandhus-birth-centenary-special/news/dedicate-the-cause-the-nation-1881847,push:sitemap-review
https://www.thedailystar.net/supplements/independence-day-special-2015/the-gaza-little-object-bangladesh-the-united-nations-1971,push:sitemap-review
https://www.thedailystar.net/news/a-marked-man-in-1971,push:sitemap-review
https://www.thedailystar.net/news/remembering-1971,push:sitemap-review
https://www.thedailystar.net/news/honouring-foreign-friends-of-1971,push:sitemap-review
https://www.thedailystar.net/news/diplomats-should-learn-from-1971,push:sitemap-review
https://www.thedailystar.net/news/memories-of-december-1971,push:sitemap-review
https://www.thedailystar.net/news/celebrations-of-triumph-1971,push:sitemap-review
https://www.thedailystar.net/news/back-to-1971,push:sitemap-review
https://www.thedailystar.net/opinion/views/the-third-view/news/birth-centenary-tajuddin-ahmad-unsung-leader-our-liberation-war,push:sitemap-review
https://www.thedailystar.net/op-ed/politics/bangabandhu-told-journalists-the-record-7th-march-speech-would-be-equivalent,push:sitemap-review
https://www.thedailystar.net/news/defend-spirit-of-liberation-war,push:sitemap-review
https://www.thedailystar.net/news/victory-through-my-lens,push:sitemap-review
https://www.thedailystar.net/news/cultural-activist-recalls-the-liberation-war,push:sitemap-review
https://www.thedailystar.net/news/politicians-lost-the-spirit-of-liberation-war,push:sitemap-review
https://www.thedailystar.net/news/liberation-war-through-images,push:sitemap-review
